{"dim": 3, "delta": 0.75, "mu": 5.906055070328385, "dmu": 0.075, "g": -0.34545454776739287, "k_c": 50, "data": [[0.29111895838141344, null, 0.0001], [0.2911147882169627, null, 0.007674747474747475], [0.2911024874735906, null, 0.015249494949494949], [0.2910820528661242, null, 0.022824242424242424], [0.29105347730814934, null, 0.030398989898989898], [0.2910167508396337, null, 0.037973737373737375], [0.29097186042986195, null, 0.04554848484848485], [0.290918790290452, null, 0.05312323232323232], [0.2908575216681913, null, 0.0606979797979798], [0.2907880328306362, null, 0.06827272727272728], [0.2907102990830804, null, 0.07584747474747475], [0.29062429143111485, null, 0.08342222222222222], [0.29052998285551235, null, 0.0909969696969697], [0.29042733553334715, null, 0.09857171717171717], [0.2903163136067162, null, 0.10614646464646464], [0.2901968766686849, null, 0.11372121212121213], [0.29006898092654315, null, 0.1212959595959596], [0.2899325794471202, null, 0.12887070707070705], [0.289787621528994, null, 0.13644545454545454], [0.2896340527749573, null, 0.144020202020202], [0.28947181563788765, null, 0.15159494949494948], [0.2893008482106319, null, 0.15916969696969696], [0.28912108562056216, null, 0.16674444444444442], [0.2889324577656042, null, 0.1743191919191919], [0.28873489122807205, null, 0.18189393939393939], [0.28852830810816266, null, 0.18946868686868684], [0.28831262609084296, null, 0.19704343434343433], [0.28808775826338895, null, 0.2046181818181818], [0.28785361289782935, null, 0.21219292929292927], [0.2876100935551896, null, 0.21976767676767675], [0.28735709821449096, null, 0.22734242424242423], [0.28709451990557733, null, 0.2349171717171717], [0.28682224591942623, null, 0.24249191919191918], [0.28654015751778245, null, 0.25006666666666666], [0.2862481300178581, null, 0.2576414141414141], [0.2859460323369808, null, 0.26521616161616157], [0.28563372661757747, null, 0.2727909090909091], [0.28531106787250227, null, 0.28036565656565654], [0.2849779039052913, null, 0.287940404040404], [0.2846340744231454, null, 0.2955151515151515], [0.2842794110734055, null, 0.30308989898989896], [0.2839137373523297, null, 0.3106646464646464], [0.2835368652031275, null, 0.31823939393939393], [0.2831485979317931, null, 0.3258141414141414], [0.28274873593739297, null, 0.33338888888888885], [0.2823370546643343, null, 0.34096363636363636], [0.2819133276213715, null, 0.3485383838383838], [0.2814773134547282, null, 0.35611313131313127], [0.28102875769672914, null, 0.3636878787878788], [0.2805673917600307, null, 0.37126262626262624], [0.2800929319379228, null, 0.3788373737373737], [0.2796050784064623, null, 0.3864121212121212], [0.2791035139993288, null, 0.39398686868686866], [0.2785879029183393, null, 0.4015616161616161], [0.27805788913773694, null, 0.40913636363636363], [0.27751309551236586, null, 0.4167111111111111], [0.27695312102181796, null, 0.42428585858585854], [0.27637753918641894, null, 0.43186060606060606], [0.2757858963534577, null, 0.4394353535353535], [0.27517770875871694, null, 0.44701010101010097], [0.2745524601508467, null, 0.4545848484848485], [0.2739095983380287, null, 0.46215959595959594], [0.2732485320365906, null, 0.4697343434343434], [0.27256862744250093, null, 0.4773090909090909], [0.2718692026590108, null, 0.48488383838383836], [0.27114952378446755, null, 0.4924585858585858], [0.27040879871275925, null, 0.5000333333333333], [0.26964617072087943, null, 0.5076080808080807], [0.26886071086621205, null, 0.5151828282828282], [0.2680514091602419, null, 0.5227575757575758], [0.26721716446153976, null, 0.5303323232323232], [0.26635677227178844, null, 0.5379070707070707], [0.26546891148535584, null, 0.5454818181818182], [0.26455212667179295, null, 0.5530565656565656], [0.26360480814755904, null, 0.5606313131313131], [0.26262516888310844, null, 0.5682060606060606], [0.261611214896209, null, 0.575780808080808], [0.2605607093635391, null, 0.5833555555555555], [0.259471128537391, null, 0.590930303030303], [0.2583396067358378, null, 0.5985050505050504], [0.25716286566667207, null, 0.6060797979797979], [0.2559371252236906, null, 0.6136545454545455], [0.25465798461116823, null, 0.6212292929292929], [0.2533202664819649, null, 0.6288040404040404], [0.251917803535382, null, 0.6363787878787879], [0.2504431418067876, null, 0.6439535353535353], [0.24888711508953082, null, 0.6515282828282828], [0.24723821267084958, null, 0.6591030303030303], [0.2454815988643784, null, 0.6666777777777777], [0.24359750899565538, null, 0.6742525252525252], [0.24155842822361398, null, 0.6818272727272727], [0.23932363663542686, null, 0.6894020202020201], [0.2368270263219846, null, 0.6969767676767676], [0.23394255022607677, null, 0.7045515151515152], [0.23031004038379735, null, 0.7121262626262626], [0.22466997245096135, null, 0.7197010101010101], [0.21835569256611953, null, 0.7272757575757576], [0.21112333839836447, null, 0.734850505050505], [0.20158031551286468, null, 0.7424252525252525], [4.440892098500626e-16, null, 0.75]]}