{"dim": 3, "delta": 3.25, "mu": 5.906055070328385, "dmu": 1.990625, "g": -0.3781904243401935, "k_c": 50, "data": [[0.575590536250984, 0.9224472298906558, 0.0001], [0.5747731792190566, 0.922387532835872, 0.03292727272727273], [0.5720873379682134, 0.9222089124291086, 0.06575454545454545], [0.5693649967555197, 0.9219106084662301, 0.09858181818181817], [0.5668063074216482, 0.9214913395087477, 0.1314090909090909], [0.5642998980066944, 0.9209492731233442, 0.16423636363636362], [0.5617873967032988, 0.9202819903104145, 0.19706363636363633], [0.5592311953242892, 0.9194864308484987, 0.22989090909090906], [0.5566031084205267, 0.9185588230876175, 0.2627181818181818], [0.5538793742041551, 0.9174945925934613, 0.2955454545454545], [0.5510380621623193, 0.9162882437147803, 0.32837272727272726], [0.5480575181284107, 0.9149332052890414, 0.36119999999999997], [0.5449152948835035, 0.9134216376290345, 0.39402727272727267], [0.5415873134847109, 0.9117441595729819, 0.42685454545454543], [0.5380471249269965, 0.9098895136679146, 0.45968181818181814], [0.5342652030957157, 0.9078440923496616, 0.4925090909090909], [0.5302082309849636, 0.9055912933890065, 0.5253363636363636], [0.5258383639693487, 0.9031106140863181, 0.5581636363636363], [0.5211124815053535, 0.9003763292795418, 0.590990909090909], [0.5159814412740427, 0.8973555116566639, 0.6238181818181818], [0.5103894259259102, 0.8940049221459434, 0.6566454545454545], [0.5042734700862317, 0.8902658684232267, 0.6894727272727272], [0.4975633616309176, 0.8860550599487295, 0.7222999999999999], [0.49018216219885674, 0.8812468040485308, 0.7551272727272726], [0.48204768176167473, 0.8756332572797245, 0.7879545454545454], [0.47307528295036105, 0.8688145670838928, 0.8207818181818182], [0.46318235391808876, 0.8597336100488344, 0.8536090909090909], [0.4522945925073813, 0.8397100446288286, 0.8864363636363636], [0.4403538337108665, 0.8137487679723372, 0.9192636363636363], [0.427326560168787, 0.7898463266993097, 0.952090909090909], [0.4132116228669967, 0.7679912570619707, 0.9849181818181818], [0.3980453718200598, 0.7481377793987954, 1.0177454545454545], [0.38190274710259614, 0.7302043338339209, 1.0505727272727272], [0.36489370502397184, 0.7140767772410355, 1.0834], [0.34715574154459095, 0.6996155468042625, 1.1162272727272726], [0.3288441372423638, 0.6866651186867467, 1.1490545454545453], [0.3101219121497856, 0.675063779757458, 1.181881818181818], [0.29115109080391716, 0.6646521088869018, 1.2147090909090907], [0.2720861612017318, 0.6552792839905143, 1.2475363636363637], [0.25306989364550614, 0.6468070436109908, 1.2803636363636364], [0.23423122148628142, 0.639111604685412, 1.313190909090909], [0.21568466630691724, 0.6320840510212278, 1.3460181818181818], [0.19753078758054907, 0.625629720288594, 1.3788454545454545], [0.1798572224247148, 0.6196670080061784, 1.4116727272727272], [0.1627400023444669, 0.6141259317293254, 1.4445], [0.1450687248417801, 0.6089466321791637, 1.4773272727272726], [0.12290477349165486, 0.6040779489060282, 1.5101545454545453], [0.09436815525456323, 0.599476126162818, 1.542981818181818], [0.05027138654870486, 0.5951036732407644, 1.5758090909090907], [null, 0.5909283811793917, 1.6086363636363636], [null, 0.5869224853982214, 1.6414636363636363], [null, 0.5830619586966685, 1.674290909090909], [null, 0.579325917333623, 1.7071181818181818], [null, 0.5756961234598151, 1.7399454545454545], [null, 0.5721565686280164, 1.7727727272727272], [null, 0.5686931245882146, 1.8055999999999999], [null, 0.5652932524411494, 1.8384272727272726], [null, 0.5619457523944983, 1.8712545454545453], [null, 0.558640561498076, 1.904081818181818], [null, 0.5553685715047795, 1.936909090909091], [null, 0.5521214829962133, 1.9697363636363636], [null, 0.548891674483676, 2.0025636363636363], [null, 0.545672091339569, 2.0353909090909093], [null, 0.542456148029667, 2.0682181818181817], [null, 0.5392376458791206, 2.1010454545454547], [null, 0.5360106897218486, 2.1338727272727276], [null, 0.5327696282081335, 2.1667], [null, 0.5295089797614787, 2.199527272727273], [null, 0.5262233904846808, 2.2323545454545455], [null, 0.5229075525547419, 2.2651818181818184], [null, 0.5195561719473759, 2.298009090909091], [null, 0.5161639019635975, 2.330836363636364], [null, 0.5127252887369628, 2.3636636363636363], [null, 0.5092347116905928, 2.3964909090909092], [null, 0.5056863192977917, 2.4293181818181817], [null, 0.5020739582892477, 2.4621454545454546], [null, 0.49839109394447495, 2.4949727272727276], [null, 0.49463071841312867, 2.5278], [null, 0.49078524339314555, 2.560627272727273], [null, 0.4868463722187993, 2.5934545454545455], [null, 0.48280494472469515, 2.6262818181818184], [null, 0.4786507470625668, 2.659109090909091], [null, 0.4743722714516968, 2.691936363636364], [null, 0.4699564135452119, 2.7247636363636363], [null, 0.46538807792191944, 2.757590909090909], [null, 0.4606496599985692, 2.7904181818181817], [null, 0.45572034414695595, 2.8232454545454546], [null, 0.4505751413041279, 2.8560727272727275], [null, 0.44518352190456006, 2.8889], [null, 0.43950741962125023, 2.921727272727273], [null, 0.4334982057477394, 2.9545545454545454], [null, 0.4270918887401359, 2.9873818181818184], [null, 0.4202010606630223, 3.020209090909091], [null, 0.41270036780489827, 3.0530363636363638], [null, 0.4043976169580544, 3.0858636363636363], [null, 0.394967702160961, 3.118690909090909], [null, 0.38376398988421806, 3.1515181818181817], [null, 0.368982240493702, 3.1843454545454546], [null, 0.303425287402848, 3.2171727272727275], [null, -4.168887457467463e-14, 3.25]]}