{"dim": 3, "delta": 0.5, "mu": 5.906055070328385, "dmu": 0.05, "g": -0.3372612527736217, "k_c": 50, "data": [[0.19562238875307894, null, 0.0001], [0.19561954457688677, null, 0.00514949494949495], [0.19561122777411213, null, 0.010198989898989898], [0.1955974354706234, null, 0.015248484848484848], [0.195578162892516, null, 0.020297979797979798], [0.1955534033600133, null, 0.025347474747474747], [0.1955231482769216, null, 0.030396969696969697], [0.19548738710198926, null, 0.03544646464646465], [0.19544610739747467, null, 0.0404959595959596], [0.19539929468789352, null, 0.04554545454545455], [0.1953469325542951, null, 0.0505949494949495], [0.1952890026557363, null, 0.05564444444444445], [0.1952254841640194, null, 0.0606939393939394], [0.19515635486407687, null, 0.06574343434343434], [0.19508158984856988, null, 0.0707929292929293], [0.19500116245237745, null, 0.07584242424242425], [0.1949150434842192, null, 0.0808919191919192], [0.19482320163626612, null, 0.08594141414141414], [0.19472560327777091, null, 0.0909909090909091], [0.1946222125081974, null, 0.09604040404040405], [0.1945129908224793, null, 0.101089898989899], [0.19439789733397775, null, 0.10613939393939394], [0.19427688848468153, null, 0.11118888888888889], [0.194149918324726, null, 0.11623838383838385], [0.19401693778549362, null, 0.12128787878787879], [0.19387789521414847, null, 0.12633737373737372], [0.19373273591834989, null, 0.13138686868686866], [0.19358140236199223, null, 0.13643636363636363], [0.1934238335356424, null, 0.14148585858585858], [0.19325996548251845, null, 0.14653535353535352], [0.19308973058953305, null, 0.1515848484848485], [0.19291305780510742, null, 0.15663434343434343], [0.1927298723861274, null, 0.16168383838383837], [0.19254009566676114, null, 0.16673333333333332], [0.19234364498686918, null, 0.17178282828282826], [0.19214043341739803, null, 0.17683232323232323], [0.19193036934278057, null, 0.18188181818181817], [0.19171335752226154, null, 0.18693131313131311], [0.19148929636025694, null, 0.19198080808080809], [0.19125807981832713, null, 0.19703030303030303], [0.19101959657732837, null, 0.20207979797979797], [0.19077372942484314, null, 0.2071292929292929], [0.19052035499806214, null, 0.21217878787878786], [0.19025934363135336, null, 0.21722828282828283], [0.1899905588372664, null, 0.22227777777777777], [0.1897138570256906, null, 0.2273272727272727], [0.1894290867676846, null, 0.23237676767676768], [0.18913608869616605, null, 0.23742626262626262], [0.1888346947217639, null, 0.24247575757575757], [0.1885247272194268, null, 0.2475252525252525], [0.18820599920269718, null, 0.25257474747474745], [0.1878783127094105, null, 0.2576242424242424], [0.18754145859610427, null, 0.26267373737373734], [0.18719521541099915, null, 0.2677232323232323], [0.18683934865485916, null, 0.2727727272727273], [0.1864736096620715, null, 0.2778222222222222], [0.1860977344837113, null, 0.28287171717171716], [0.18571144263307365, null, 0.28792121212121213], [0.18531443567556688, null, 0.29297070707070705], [0.18490639567520298, null, 0.298020202020202], [0.18448698343965764, null, 0.303069696969697], [0.1840558365810011, null, 0.3081191919191919], [0.18361256734455775, null, 0.3131686868686869], [0.18315675991936248, null, 0.3182181818181818], [0.18268796794733339, null, 0.32326767676767676], [0.18220571110776296, null, 0.32831717171717173], [0.18170947151879618, null, 0.33336666666666664], [0.18119868955918447, null, 0.3384161616161616], [0.18067275904276855, null, 0.34346565656565653], [0.18013102171738452, null, 0.3485151515151515], [0.17957276067128297, null, 0.35356464646464647], [0.17899719294015123, null, 0.3586141414141414], [0.17840346050559353, null, 0.36366363636363636], [0.17779061978440733, null, 0.3687131313131313], [0.17715762944072658, null, 0.37376262626262624], [0.17650333478457242, null, 0.3788121212121212], [0.17582645016428222, null, 0.3838616161616162], [0.17512553700234873, null, 0.3889111111111111], [0.17439897539600568, null, 0.39396060606060607], [0.17364493175417411, null, 0.399010101010101], [0.1728613146247621, null, 0.40405959595959595], [0.17204572051800843, null, 0.4091090909090909], [0.1711953654497282, null, 0.41415858585858584], [0.1703069841721362, null, 0.4192080808080808], [0.16937671056172576, null, 0.4242575757575757], [0.16839990320709702, null, 0.4293070707070707], [0.16737089701508764, null, 0.43435656565656566], [0.16628264474584153, null, 0.4394060606060606], [0.16512617080351694, null, 0.44445555555555555], [0.16388969879775084, null, 0.4495050505050505], [0.16255717100560493, null, 0.45455454545454543], [0.16110551546790597, null, 0.4596040404040404], [0.159498968169494, null, 0.4646535353535354], [0.15767489310538055, null, 0.4697030303030303], [0.1554934075577112, null, 0.47475252525252526], [0.15224515799650282, null, 0.4798020202020202], [0.14806005832641556, null, 0.48485151515151514], [0.14336341304486447, null, 0.4899010101010101], [0.13757687519274353, null, 0.49495050505050503], [-1.1102230246251565e-16, null, 0.5]]}