{"dim": 3, "delta": 4.25, "mu": 5.906055070328385, "dmu": 2.96171875, "g": -0.3846719574471317, "k_c": 50, "data": []}