{"dim": 3, "delta": 3.75, "mu": 5.906055070328385, "dmu": 2.5580357142857144, "g": -0.38162974782282366, "k_c": 50, "data": []}