{"dim": 3, "delta": 2, "mu": 5.906055070328385, "dmu": 0.6000000000000001, "g": -0.36682995891667614, "k_c": 50, "data": [[0.7138083633012055, null, 0.0001], [0.7137964675225742, null, 0.0203010101010101], [0.7137610053366389, null, 0.040502020202020206], [0.7137019594817138, null, 0.06070303030303031], [0.7136193002133079, null, 0.08090404040404041], [0.7135129856167803, null, 0.10110505050505052], [0.7133829616839942, null, 0.12130606060606061], [0.7132291623335715, null, 0.1415070707070707], [0.7130515087594181, null, 0.1617080808080808], [0.7128499099085428, null, 0.1819090909090909], [0.7126242604352384, null, 0.20211010101010102], [0.7123744471136804, null, 0.2223111111111111], [0.7121003356353875, null, 0.2425121212121212], [0.711801783283909, null, 0.2627131313131313], [0.7114786318252025, null, 0.2829141414141414], [0.7111307086816457, null, 0.3031151515151515], [0.7107578264130902, null, 0.3233161616161616], [0.7103597820997266, null, 0.3435171717171717], [0.7099363569712748, null, 0.36371818181818183], [0.7094873156948135, null, 0.38391919191919194], [0.7090124057660773, null, 0.40412020202020205], [0.7085113567733615, null, 0.4243212121212121], [0.707983879641977, null, 0.4445222222222222], [0.7074296659095171, null, 0.4647232323232323], [0.7068483863428879, null, 0.4849242424242424], [0.7062396904597373, null, 0.5051252525252525], [0.7056032051607455, null, 0.5253262626262626], [0.7049385334807248, null, 0.5455272727272727], [0.704245253312012, null, 0.5657282828282828], [0.7035229160201923, null, 0.585929292929293], [0.702771044755853, null, 0.606130303030303], [0.7019891326212907, null, 0.6263313131313132], [0.7011766409268303, null, 0.6465323232323232], [0.7003329969709651, null, 0.6667333333333333], [0.6994575917316046, null, 0.6869343434343435], [0.6985497772648103, null, 0.7071353535353535], [0.6976088638887575, null, 0.7273363636363637], [0.6966341170056928, null, 0.7475373737373737], [0.6956247536025291, null, 0.7677383838383839], [0.6945799382755321, null, 0.7879393939393939], [0.693498779152248, null, 0.8081404040404041], [0.6923803228206751, null, 0.8283414141414142], [0.6912235489933122, null, 0.8485424242424242], [0.6900273625716042, null, 0.8687434343434344], [0.6887905913762501, null, 0.8889444444444444], [0.6875119731245071, null, 0.9091454545454546], [0.6861901489701778, null, 0.9293464646464646], [0.6848236539999417, null, 0.9495474747474748], [0.6834109028722756, null, 0.9697484848484849], [0.6819501790539603, null, 0.9899494949494949], [0.6804396177535278, null, 1.010150505050505], [0.678877188185561, null, 1.0303515151515152], [0.6772606721360931, null, 1.0505525252525252], [0.6755876390021852, null, 1.0707535353535353], [0.6738554160625191, null, 1.0909545454545455], [0.6720610525579807, null, 1.1111555555555557], [0.6702012790672458, null, 1.1313565656565656], [0.6682724514328541, null, 1.1515575757575758], [0.6662704910312962, null, 1.171758585858586], [0.6641908038844817, null, 1.1919595959595959], [0.6620281816762205, null, 1.212160606060606], [0.6597766754286564, null, 1.2323616161616162], [0.657429432172428, null, 1.2525626262626264], [0.654978480149662, null, 1.2727636363636363], [0.6524144400569206, null, 1.2929646464646465], [0.6497261282848698, null, 1.3131656565656566], [0.6468999955631672, null, 1.3333666666666666], [0.6439193056238225, null, 1.3535676767676768], [0.6407628818677713, null, 1.373768686868687], [0.6374030965726742, null, 1.393969696969697], [0.6338024007477165, null, 1.414170707070707], [0.6299067771530888, null, 1.4343717171717172], [0.6256315350054787, null, 1.4545727272727274], [0.6208225313985293, null, 1.4747737373737373], [0.6150750880320084, null, 1.4949747474747475], [0.6072165461530883, null, 1.5151757575757576], [0.5991969756257356, null, 1.5353767676767678], [0.5912233381258726, null, 1.5555777777777777], [0.5832852091797764, null, 1.575778787878788], [0.5753715162197528, null, 1.595979797979798], [0.567470398272104, null, 1.6161808080808082], [0.5595689973299405, null, 1.6363818181818182], [0.551653210259714, null, 1.6565828282828283], [0.5437073608131545, null, 1.6767838383838385], [0.5357137763001084, null, 1.6969848484848484], [0.5276522171798131, null, 1.7171858585858586], [0.5194990996472859, null, 1.7373868686868688], [0.5112264036177576, null, 1.757587878787879], [0.502800097248018, null, 1.7777888888888889], [0.49417778131325263, null, 1.797989898989899], [0.48530501692924194, null, 1.8181909090909092], [0.4761092964846549, null, 1.8383919191919191], [0.466489471317021, null, 1.8585929292929293], [0.456295526644515, null, 1.8787939393939395], [0.4452848847626945, null, 1.8989949494949496], [0.4330088100951604, null, 1.9191959595959596], [0.41840134259535716, null, 1.9393969696969697], [0.39494233976772153, null, 1.95959797979798], [0.27922646442578375, null, 1.9797989898989898], [4.996003610813204e-16, null, 2.0]]}