{"dim": 3, "delta": 0.5, "mu": 5.906055070328385, "dmu": 0.2725, "g": -0.3372612527736217, "k_c": 50, "data": [[0.053221209093719336, 0.1769602945240098, 0.0001], [0.053180002478366205, 0.17695532105083647, 0.00514949494949495], [0.05305953538510971, 0.17694077455591112, 0.010198989898989898], [0.05285984363363358, 0.1769166402795168, 0.015248484848484848], [0.05258097954166557, 0.17688289365070364, 0.020297979797979798], [0.05222300117578198, 0.17683950017752026, 0.025347474747474747], [0.05178595683580622, 0.17678641526693306, 0.030396969696969697], [0.051269864236808974, 0.17672358401297433, 0.03544646464646465], [0.05067468365507342, 0.17665094089347338, 0.0404959595959596], [0.05000028405095756, 0.17656840944834346, 0.04554545454545455], [0.04924640087666702, 0.1764759018536783, 0.0505949494949495], [0.0484125838110493, 0.17637331851270444, 0.05564444444444445], [0.0474981318952001, 0.17626054737863736, 0.0606939393939394], [0.04650201469937317, 0.17613746348445877, 0.06574343434343434], [0.04542277014926806, 0.1760039280829667, 0.0707929292929293], [0.044258381294714176, 0.17585978789977863, 0.07584242424242425], [0.04300611495699192, 0.17570487424612266, 0.0808919191919192], [0.0416623149149623, 0.17553900177690931, 0.08594141414141414], [0.04022212699615682, 0.17536196747172977, 0.0909909090909091], [0.03867912611905477, 0.17517354914429897, 0.09604040404040405], [0.037024796119770456, 0.17497350394896743, 0.101089898989899], [0.0352477739954593, 0.17476156650826796, 0.10613939393939394], [0.033332709576804585, 0.17453744692466136, 0.11118888888888889], [0.03125846498437069, 0.174300828450241, 0.11623838383838385], [0.0289950821560005, 0.1740513647459316, 0.12128787878787879], [0.026498312446792325, 0.1737886766086173, 0.12633737373737372], [0.023698722824462337, 0.1735123493541843, 0.13138686868686866], [0.02047685823780729, 0.17322192676141168, 0.13643636363636363], [0.01659332044624757, 0.17291690784162697, 0.14148585858585858], [0.011396589045851536, 0.17259674071090558, 0.14653535353535352], [null, 0.17226081528379933, 0.1515848484848485], [null, 0.1719084557464285, 0.15663434343434343], [null, 0.1715389107389996, 0.16168383838383837], [null, 0.17115134169205523, 0.16673333333333332], [null, 0.1707448087134824, 0.17178282828282826], [null, 0.17031825311477444, 0.17683232323232323], [null, 0.16987047588741672, 0.18188181818181817], [null, 0.16940011055271373, 0.18693131313131311], [null, 0.16890558864546765, 0.19198080808080809], [null, 0.16838509535374255, 0.19703030303030303], [null, 0.16783651080391593, 0.20207979797979797], [null, 0.16725733202422258, 0.2071292929292929], [null, 0.16664456673591385, 0.21217878787878786], [null, 0.1659945851224466, 0.21722828282828283], [null, 0.1653028975114516, 0.22227777777777777], [null, 0.16456383946586506, 0.2273272727272727], [null, 0.16377005852212045, 0.23237676767676768], [null, 0.16291167844283203, 0.23742626262626262], [null, 0.16197479783908308, 0.24247575757575757], [null, 0.16093854312336758, 0.2475252525252525], [null, 0.15976832534266583, 0.25257474747474745], [null, 0.15839611084426564, 0.2576242424242424], [null, 0.15661657305920954, 0.26267373737373734], [null, 0.153622472571791, 0.2677232323232323], [null, 0.15063479901861027, 0.2727727272727273], [null, 0.1477908306473635, 0.2778222222222222], [null, 0.14507962047831413, 0.28287171717171716], [null, 0.14249105851477356, 0.28792121212121213], [null, 0.1400158028749282, 0.29297070707070705], [null, 0.13764521676296462, 0.298020202020202], [null, 0.13537130936228808, 0.303069696969697], [null, 0.13318668138746165, 0.3081191919191919], [null, 0.1310844730749236, 0.3131686868686869], [null, 0.12905831768103326, 0.3182181818181818], [null, 0.1271022972104438, 0.32326767676767676], [null, 0.12521090134897572, 0.32831717171717173], [null, 0.12337898976493457, 0.33336666666666664], [null, 0.12160175657675425, 0.3384161616161616], [null, 0.11987469740269666, 0.34346565656565653], [null, 0.11819357842613423, 0.3485151515151515], [null, 0.11655440725474474, 0.35356464646464647], [null, 0.1149534043761274, 0.3586141414141414], [null, 0.11338698153334016, 0.36366363636363636], [null, 0.11185170677402272, 0.3687131313131313], [null, 0.11034428903547484, 0.37376262626262624], [null, 0.10886154874949834, 0.3788121212121212], [null, 0.10740039390395714, 0.3838616161616162], [null, 0.10595780167125542, 0.3889111111111111], [null, 0.10453075465789344, 0.39396060606060607], [null, 0.10311628547768298, 0.399010101010101], [null, 0.10171137081792608, 0.40405959595959595], [null, 0.10031293189534539, 0.4091090909090909], [null, 0.09891778499036005, 0.41415858585858584], [null, 0.09752259005034535, 0.4192080808080808], [null, 0.09612378769315015, 0.4242575757575757], [null, 0.09471752446536848, 0.4293070707070707], [null, 0.09329954899024132, 0.43435656565656566], [null, 0.09186508061502194, 0.4394060606060606], [null, 0.09040862477882101, 0.44445555555555555], [null, 0.08892373808939119, 0.4495050505050505], [null, 0.08740262820329496, 0.45455454545454543], [null, 0.08583564018786408, 0.4596040404040404], [null, 0.08421037822413295, 0.4646535353535354], [null, 0.08251028139736236, 0.4697030303030303], [null, 0.08071208628863073, 0.47475252525252526], [null, 0.07878088271695734, 0.4798020202020202], [null, 0.07665915614415203, 0.48485151515151514], [null, 0.07423714909706464, 0.4899010101010101], [null, 0.07123726646112555, 0.49495050505050503], [null, 1.5160095401256513e-13, 0.5]]}