{"dim": 3, "delta": 3.5, "mu": 5.906055070328385, "dmu": 2.355769230769231, "g": -0.37996643765185917, "k_c": 50, "data": [[0.7825234615816429, 0.8309896121359301, 0.0001], [0.7837934050206893, 0.8300539043430621, 0.035452525252525256], [0.7879197234808383, 0.8269190124037388, 0.07080505050505051], [0.7969676597692975, 0.8194966433354762, 0.10615757575757577]]}