{"dim": 3, "delta": 2.75, "mu": 5.906055070328385, "dmu": 1.74625, "g": -0.37422717504461167, "k_c": 50, "data": [[0.5110845807556668, 0.7928724057322957, 0.0001], [0.5099478591117935, 0.792816680538453, 0.027876767676767673], [0.508966966872726, 0.7926500406193939, 0.05565353535353535], [0.5081394843725543, 0.7923717130401786, 0.08343030303030302], [0.5073748456022077, 0.7919803796217174, 0.1112070707070707], [0.5066411923301525, 0.7914741585379256, 0.13898383838383835], [0.5059233797303171, 0.7908505576057164, 0.16676060606060603], [0.5052130342130711, 0.7901064143091674, 0.1945373737373737], [0.5045051025354471, 0.7892378150790035, 0.22231414141414138], [0.5037963806184174, 0.7882399904608233, 0.2500909090909091], [0.503084799789161, 0.7871071769881044, 0.2778676767676767], [0.5023690508572441, 0.7858324371282239, 0.3056444444444444], [0.5016483775787527, 0.784407421690111, 0.33342121212121206], [0.5009224640256774, 0.7828220529324148, 0.36119797979797974], [0.5001913813259682, 0.7810640957954014, 0.3889747474747474], [0.49945557577585986, 0.7791185655968053, 0.4167515151515151], [0.49871589382952713, 0.7769668926107326, 0.4445282828282828], [0.49797364112950965, 0.7745857063583755, 0.47230505050505045], [0.497230693891131, 0.7719450081859892, 0.5000818181818182], [0.4964896626008552, 0.7690053003925634, 0.5278585858585858], [0.4957541534108071, 0.7657128360310077, 0.5556353535353534], [0.49502917016159853, 0.7619911903663654, 0.5834121212121212], [0.49432175374014425, 0.7577248739324441, 0.6111888888888888], [0.4936420250123326, 0.7527230118308083, 0.6389656565656565], [0.4930049765924339, 0.7466205874197286, 0.6667424242424241], [0.49243370923543955, 0.73848213888396, 0.6945191919191919], [0.4919657179558956, null, 0.7222959595959595], [0.49166629141797696, null, 0.7500727272727272], [0.4916610054293404, null, 0.7778494949494948], [0.4922313560136858, null, 0.8056262626262626], [0.4942106204900681, null, 0.8334030303030302], [0.5036729657022766, null, 0.8611797979797979]]}