{"dim": 3, "delta": 3.25, "mu": 5.906055070328385, "dmu": 1.828125, "g": -0.3781904243401935, "k_c": 50, "data": [[0.4627684630665948, 0.9664452644644923, 0.0001], [0.46244164416160477, 0.9664049966796732, 0.03292727272727273], [0.46146649303856835, 0.966284592188562, 0.06575454545454545], [0.4598470176737835, 0.9660837808256947, 0.09858181818181817], [0.4575898197202043, 0.9658021105218999, 0.1314090909090909], [0.4547039858539912, 0.9654389415245076, 0.16423636363636362], [0.4512009359402805, 0.9649934394604989, 0.19706363636363633], [0.44709422557499406, 0.9644645659596933, 0.22989090909090906], [0.4423992946615079, 0.963851066447195, 0.2627181818181818], [0.43713313849696117, 0.9631514553771422, 0.2955454545454545], [0.43131383467934015, 0.9623639978178948, 0.32837272727272726], [0.4249597402915537, 0.9614866871409237, 0.36119999999999997], [0.4180876491460864, 0.9605172180307207, 0.39402727272727267], [0.4107058227060498, 0.959452953943697, 0.42685454545454543], [0.4027874793808221, 0.9582908876817308, 0.45968181818181814], [0.394547003563899, 0.9570275936317375, 0.4925090909090909], [0.3860288163384357, 0.9556591689656776, 0.5253363636363636], [0.37722028701687194, 0.9541811651255081, 0.5581636363636363], [0.36811112449185707, 0.9525884949049759, 0.590990909090909], [0.3586935578596512, 0.9508753277190978, 0.6238181818181818], [0.3489625674430407, 0.9490349483505682, 0.6566454545454545], [0.33891615255729063, 0.9470595840418865, 0.6894727272727272], [0.32855561183841114, 0.9449401768667891, 0.7222999999999999], [0.3178858170774775, 0.9426660872764474, 0.7551272727272726], [0.30691545877176424, 0.9402246982785618, 0.7879545454545454], [0.2956572449643586, 0.9376008753994725, 0.8207818181818182], [0.2839874266516947, 0.9347762132138218, 0.8536090909090909], [0.2716628105764887, 0.9317279502465955, 0.8864363636363636], [0.2586618631654723, 0.9284273534093953, 0.9192636363636363], [0.24489204535165887, 0.9248372049068995, 0.952090909090909], [0.23022120822805925, 0.9209076754948218, 0.9849181818181818], [0.21446715130414676, 0.9165690585324097, 1.0177454545454545], [0.19737190294439086, 0.9117176776727082, 1.0505727272727272], [0.17855112822836303, 0.9061845018209418, 1.0834], [0.15738707540297245, 0.8996472530027836, 1.1162272727272726], [0.132763552786197, 0.8912237477405824, 1.1490545454545453], [0.10220962117368082, 0.8769712654868161, 1.181881818181818], [0.05685508922226637, 0.8622013716864075, 1.2147090909090907], [null, 0.8481864422893837, 1.2475363636363637], [null, 0.8348803201289334, 1.2803636363636364], [null, 0.8222382542444266, 1.313190909090909], [null, 0.8102171043340948, 1.3460181818181818], [null, 0.7987754731617228, 1.3788454545454545], [null, 0.7878738378379265, 1.4116727272727272], [null, 0.7774746127747456, 1.4445], [null, 0.7675421838999932, 1.4773272727272726], [null, 0.7580429122032887, 1.5101545454545453], [null, 0.7489451256883182, 1.542981818181818], [null, 0.7402190406985805, 1.5758090909090907], [null, 0.7318367325445987, 1.6086363636363636], [null, 0.7237720424792315, 1.6414636363636363], [null, 0.7160004952316479, 1.674290909090909], [null, 0.7084992068290151, 1.7071181818181818], [null, 0.701246788641244, 1.7399454545454545], [null, 0.6942232499859359, 1.7727727272727272], [null, 0.6874099007806829, 1.8055999999999999], [null, 0.6807892556340122, 1.8384272727272726], [null, 0.6743449405377063, 1.8712545454545453], [null, 0.6680616020428776, 1.904081818181818], [null, 0.6619248215059973, 1.936909090909091], [null, 0.6559210294043433, 1.9697363636363636], [null, 0.6500374279171627, 2.0025636363636363], [null, 0.644261913590498, 2.0353909090909093], [null, 0.6385830044572843, 2.0682181818181817], [null, 0.6329897714671493, 2.1010454545454547], [null, 0.6274717685040954, 2.1338727272727276], [null, 0.6220189699091029, 2.1667], [null, 0.6166217054713294, 2.199527272727273], [null, 0.611270596545954, 2.2323545454545455], [null, 0.6059565005071943, 2.2651818181818184], [null, 0.6006704338244621, 2.298009090909091], [null, 0.595403520691408, 2.330836363636364], [null, 0.5901469187952763, 2.3636636363636363], [null, 0.584891749197319, 2.3964909090909092], [null, 0.5796290184713203, 2.4293181818181817], [null, 0.5743495335784382, 2.4621454545454546], [null, 0.5690438060657829, 2.4949727272727276], [null, 0.5637019425379122, 2.5278], [null, 0.5583135165883216, 2.560627272727273], [null, 0.5528674205634496, 2.5934545454545455], [null, 0.5473516762625861, 2.6262818181818184], [null, 0.5417532219687553, 2.659109090909091], [null, 0.5360576192760375, 2.691936363636364], [null, 0.5302487066204651, 2.7247636363636363], [null, 0.5243081373780875, 2.757590909090909], [null, 0.5182147579437669, 2.7904181818181817], [null, 0.5119437864869635, 2.8232454545454546], [null, 0.5054656835154692, 2.8560727272727275], [null, 0.4987444559652471, 2.8889], [null, 0.491735290047012, 2.921727272727273], [null, 0.4843807965573654, 2.9545545454545454], [null, 0.47660500631130276, 2.9873818181818184], [null, 0.4683030667169905, 3.020209090909091], [null, 0.4593220957248436, 3.0530363636363638], [null, 0.4494215361582228, 3.0858636363636363], [null, 0.43817666483046924, 3.118690909090909], [null, 0.4246709853872853, 3.1515181818181817], [null, 0.4056439326666654, 3.1843454545454546], [null, 0.3034252876025286, 3.2171727272727275], [null, -4.1799896877137144e-14, 3.25]]}