{"dim": 3, "delta": 2.75, "mu": 5.906055070328385, "dmu": 1.49875, "g": -0.37422717504461167, "k_c": 50, "data": [[0.33466100736113275, 0.8577795019723895, 0.0001], [0.33441444540655874, 0.8577501378666441, 0.027876767676767673], [0.3336788884252079, 0.8576624181511843, 0.05565353535353535], [0.33245612506890615, 0.857516199800137, 0.08343030303030302], [0.3307490808679801, 0.8573112437495807, 0.1112070707070707], [0.3285617386341445, 0.857047212536184, 0.13898383838383835], [0.32589902555951045, 0.856723669747748, 0.16676060606060603], [0.3227666653263259, 0.8563400712967791, 0.1945373737373737], [0.3191709927778067, 0.8558957666514478, 0.22231414141414138], [0.31511872776057887, 0.8553899901486053, 0.2500909090909091], [0.3106167036668764, 0.8548218551581402, 0.2778676767676767], [0.3056715450030557, 0.8541903461462785, 0.3056444444444444], [0.30028928694800794, 0.8534943091478434, 0.33342121212121206], [0.29447492850049234, 0.8527324408515805, 0.36119797979797974], [0.2882319091997009, 0.8519032755615901, 0.3889747474747474], [0.2815614974203261, 0.8510051699539535, 0.4167515151515151], [0.2744620746485665, 0.8500362850447771, 0.4445282828282828], [0.26692829539333823, 0.8489945648897407, 0.47230505050505045], [0.25895008911799233, 0.8478777117771022, 0.5000818181818182], [0.25051145396913804, 0.8466831552124742, 0.5278585858585858], [0.2415889547998148, 0.8454080215609013, 0.5556353535353534], [0.23214978186762644, 0.8440490810777598, 0.5834121212121212], [0.2221491276243099, 0.8426027070217298, 0.6111888888888888], [0.2115264706761716, 0.8410648063840738, 0.6389656565656565], [0.20020005089584972, 0.8394307445971682, 0.6667424242424241], [0.18805823466011473, 0.8376952516515385, 0.6945191919191919], [0.17494525247663018, 0.8358522963796264, 0.7222959595959595], [0.1606360343555002, 0.8338949389066298, 0.7500727272727272], [0.14478786886687264, 0.831815130868217, 0.7778494949494948], [0.12683598292200762, 0.8296034582305167, 0.8056262626262626], [0.105724691051812, 0.8272487955137596, 0.8334030303030302], [0.07897091255874837, 0.8247378374536647, 0.8611797979797979], [0.03556629974903812, 0.8220544378778921, 0.8889565656565656], [null, 0.8191786768253497, 0.9167333333333332], [null, 0.816085423259025, 0.9445101010101009], [null, 0.8127421545974092, 0.9722868686868685], [null, 0.8091053086886454, 1.0000636363636364], [null, 0.8051138356250327, 1.0278404040404039], [null, 0.8006765592238894, 1.0556171717171716], [null, 0.7956434736678645, 1.0833939393939394], [null, 0.7897222850510844, 1.1111707070707069], [null, 0.782035561034147, 1.1389474747474746], [null, 0.7697634409021035, 1.1667242424242423], [null, 0.7576498150916152, 1.19450101010101], [null, 0.7460607446163859, 1.2222777777777776], [null, 0.7349646540975953, 1.2500545454545453], [null, 0.7243313081386291, 1.277831313131313], [null, 0.7141318299226854, 1.3056080808080808], [null, 0.7043387044845225, 1.3333848484848483], [null, 0.6949257687318374, 1.361161616161616], [null, 0.6858681884820597, 1.3889383838383837], [null, 0.6771424241035036, 1.4167151515151513], [null, 0.6687262025205124, 1.444491919191919], [null, 0.6605984331125898, 1.4722686868686867], [null, 0.6527392349037975, 1.5000454545454545], [null, 0.6451297598124026, 1.527822222222222], [null, 0.6377522435977878, 1.5555989898989897], [null, 0.6305898925457425, 1.5833757575757574], [null, 0.623626831187487, 1.6111525252525252], [null, 0.6168480423889425, 1.6389292929292927], [null, 0.6102393059057588, 1.6667060606060604], [null, 0.6037871377540115, 1.6944828282828281], [null, 0.5974787308382792, 1.7222595959595959], [null, 0.5913018966967619, 1.7500363636363634], [null, 0.585245007382001, 1.7778131313131311], [null, 0.5792969421367644, 1.8055898989898989], [null, 0.5734470255450972, 1.8333666666666664], [null, 0.5676849784617604, 1.861143434343434], [null, 0.5620008597854397, 1.8889202020202018], [null, 0.5563850116849938, 1.9166969696969696], [null, 0.5508280025684134, 1.944473737373737], [null, 0.5453205713286188, 1.9722505050505048], [null, 0.5398535619847301, 2.0000272727272725], [null, 0.5344178645859284, 2.0278040404040403], [null, 0.5290043424305119, 2.055580808080808], [null, 0.5236037577598763, 2.0833575757575757], [null, 0.5182066871269674, 2.1111343434343435], [null, 0.5128034242092472, 2.138911111111111], [null, 0.5073838696079286, 2.166687878787879], [null, 0.5019374000522275, 2.1944646464646467], [null, 0.49645271113032396, 2.222241414141414], [null, 0.4909176265053608, 2.2500181818181817], [null, 0.48531886046714867, 2.2777949494949494], [null, 0.4796417178195759, 2.305571717171717], [null, 0.4738697070291074, 2.333348484848485], [null, 0.4679840313617195, 2.3611252525252526], [null, 0.46196290457000294, 2.3889020202020204], [null, 0.4557806078497263, 2.4166787878787876], [null, 0.4494061468728414, 2.4444555555555554], [null, 0.4428013300227987, 2.472232323232323], [null, 0.435917729150175, 2.500009090909091], [null, 0.42869201529558154, 2.5277858585858586], [null, 0.42103794720930254, 2.5555626262626263], [null, 0.41283188979281304, 2.583339393939394], [null, 0.40388373051630827, 2.611116161616162], [null, 0.3938694386144374, 2.638892929292929], [null, 0.3821338904572109, 2.666669696969697], [null, 0.3667645951755558, 2.6944464646464645], [null, 0.2943790030276596, 2.7222232323232323], [null, -5.495603971894525e-14, 2.75]]}