{"dim": 3, "delta": 0.75, "mu": 5.906055070328385, "dmu": 0.3, "g": -0.34545454776739287, "k_c": 50, "data": [[0.27792199537648715, null, 0.0001], [0.2779166465753432, null, 0.007674747474747475], [0.27790087068188296, null, 0.015249494949494949], [0.2778746591611058, null, 0.022824242424242424], [0.2778379969381496, null, 0.030398989898989898], [0.2777908628611929, null, 0.037973737373737375], [0.2777332296671232, null, 0.04554848484848485], [0.27766506388542567, null, 0.05312323232323232], [0.27758632573302433, null, 0.0606979797979798], [0.27749696913205324, null, 0.06827272727272728], [0.2773969412973857, null, 0.07584747474747475], [0.27728618288623924, null, 0.08342222222222222], [0.2771646276366014, null, 0.0909969696969697], [0.2770322022493149, null, 0.09857171717171717], [0.2768888259723358, null, 0.10614646464646464], [0.2767344109737022, null, 0.11372121212121213], [0.2765688615043902, null, 0.1212959595959596], [0.276392073053963, null, 0.12887070707070705], [0.27620393338970206, null, 0.13644545454545454], [0.2760043213105207, null, 0.144020202020202], [0.27579310624403663, null, 0.15159494949494948], [0.27557014818987896, null, 0.15916969696969696], [0.27533529680196683, null, 0.16674444444444442], [0.2750883910560562, null, 0.1743191919191919], [0.27482925869048336, null, 0.18189393939393939], [0.27455771540111124, null, 0.18946868686868684], [0.27427356439257516, null, 0.19704343434343433], [0.27397659507742317, null, 0.2046181818181818], [0.2736665827065375, null, 0.21219292929292927], [0.27334328713210476, null, 0.21976767676767675], [0.27300645170728277, null, 0.22734242424242423], [0.2726558021588797, null, 0.2349171717171717], [0.2722910452497573, null, 0.24249191919191918], [0.27191186714564813, null, 0.25006666666666666], [0.27151793213101316, null, 0.2576414141414141], [0.27110888008522277, null, 0.26521616161616157], [0.2706843250217982, null, 0.2727909090909091], [0.27024385239297055, null, 0.28036565656565654], [0.2697870164286592, null, 0.287940404040404], [0.26931333744532737, null, 0.2955151515151515], [0.2688222976899791, null, 0.30308989898989896], [0.2683133385195744, null, 0.3106646464646464], [0.26778585452787673, null, 0.31823939393939393], [0.267239189547807, null, 0.3258141414141414], [0.2666726216179225, null, 0.33338888888888885], [0.26608539850066387, null, 0.34096363636363636], [0.26547664476915145, null, 0.3485383838383838], [0.2648454300568565, null, 0.35611313131313127], [0.26419074991344754, null, 0.3636878787878788], [0.2635114515463678, null, 0.37126262626262624], [0.26280628671139045, null, 0.3788373737373737], [0.26207385747436723, null, 0.3864121212121212], [0.2613125987962878, null, 0.39398686868686866], [0.26052074877061193, null, 0.4015616161616161], [0.2596963110774813, null, 0.40913636363636363], [0.2588370095858391, null, 0.4167111111111111], [0.25794022101547165, null, 0.42428585858585854], [0.2570029050784337, null, 0.43186060606060606], [0.25602149088311854, null, 0.4394353535353535], [0.25499173203117115, null, 0.44701010101010097], [0.2539085212760597, null, 0.4545848484848485], [0.2527655664737952, null, 0.46215959595959594], [0.2515549898983739, null, 0.4697343434343434], [0.25026663206670785, null, 0.4773090909090909], [0.24888693021545505, null, 0.48488383838383836], [0.2473969018087943, null, 0.4924585858585858], [0.2457681361467625, null, 0.5000333333333333], [0.24395340495773032, null, 0.5076080808080807], [0.2418574025145165, null, 0.5151828282828282], [0.23909067795197786, null, 0.5227575757575758], [0.23542717934005503, null, 0.5303323232323232], [0.23184188500439654, null, 0.5379070707070707], [0.22832913417950096, null, 0.5454818181818182], [0.22488342371078857, null, 0.5530565656565656], [0.22149937940192127, null, 0.5606313131313131], [0.21817172459488451, null, 0.5682060606060606], [0.21489524800396742, null, 0.575780808080808], [0.21166476829101796, null, 0.5833555555555555], [0.2084750942578897, null, 0.590930303030303], [0.20532098149096495, null, 0.5985050505050504], [0.20219708060200692, null, 0.6060797979797979], [0.19909787721948724, null, 0.6136545454545455], [0.1960176204679783, null, 0.6212292929292929], [0.1929502342474398, null, 0.6288040404040404], [0.1898892068207564, null, 0.6363787878787879], [0.1868274496973361, null, 0.6439535353535353], [0.1837571129636061, null, 0.6515282828282828], [0.18066933852248176, null, 0.6591030303030303], [0.17755392127827713, null, 0.6666777777777777], [0.17439883069492246, null, 0.6742525252525252], [0.1711895127186184, null, 0.6818272727272727], [0.1679078318828079, null, 0.6894020202020201], [0.16453039147760995, null, 0.6969767676767676], [0.16102571365575297, null, 0.7045515151515152], [0.15734914266739564, null, 0.7121262626262626], [0.15343269408231175, null, 0.7197010101010101], [0.14916181647317517, null, 0.7272757575757576], [0.1443090791293215, null, 0.734850505050505], [0.1382426978842484, null, 0.7424252525252525], [-6.877276526040532e-13, null, 0.75]]}