{"dim": 3, "delta": 1.25, "mu": 5.906055070328385, "dmu": 0.375, "g": -0.3563134090055086, "k_c": 50, "data": [[0.46405052454744816, null, 0.0001], [0.4640428701783748, null, 0.012725252525252525], [0.46402014240059314, null, 0.02535050505050505], [0.4639823304960975, null, 0.03797575757575758], [0.463929416733202, null, 0.050601010101010105], [0.4638613762619319, null, 0.06322626262626263], [0.46377817703539276, null, 0.07585151515151516], [0.4636797797739045, null, 0.08847676767676768], [0.4635661378449517, null, 0.1011020202020202], [0.4634371978655692, null, 0.11372727272727273], [0.4632928961259662, null, 0.12635252525252524], [0.463133165353132, null, 0.13897777777777776], [0.4629579276550324, null, 0.1516030303030303], [0.4627670977605647, null, 0.16422828282828283], [0.46256058221499996, null, 0.17685353535353535], [0.4623382790453416, null, 0.18947878787878786], [0.4621000775443818, null, 0.2021040404040404], [0.46184585808891293, null, 0.21472929292929294], [0.4615754917409781, null, 0.22735454545454545], [0.4612888400338502, null, 0.23997979797979796], [0.4609857542892336, null, 0.2526050505050505], [0.4606660758330502, null, 0.26523030303030304], [0.46032963510492153, null, 0.2778555555555555], [0.4599762511718462, null, 0.29048080808080806], [0.4596057315381227, null, 0.3031060606060606], [0.4592178713388003, null, 0.31573131313131314], [0.45881245296322837, null, 0.3283565656565657], [0.4583892451281793, null, 0.34098181818181816], [0.4579480024229648, null, 0.3536070707070707], [0.45748846433333945, null, 0.36623232323232324], [0.45701035492313397, null, 0.3788575757575757], [0.4565133808382662, null, 0.39148282828282827], [0.45599723148808047, null, 0.4041080808080808], [0.4554615772070783, null, 0.41673333333333334], [0.45490606826471486, null, 0.4293585858585859], [0.45433033385007426, null, 0.44198383838383837], [0.45373397983410263, null, 0.4546090909090909], [0.45311658795280707, null, 0.46723434343434345], [0.45247771376346896, null, 0.47985959595959593], [0.45181688449482066, null, 0.49248484848484847], [0.4511335971744045, null, 0.505110101010101], [0.4504273160604114, null, 0.5177353535353535], [0.4496974700189576, null, 0.5303606060606061], [0.4489434495618557, null, 0.5429858585858586], [0.4481646033135212, null, 0.5556111111111111], [0.4473602347642975, null, 0.5682363636363637], [0.4465295972824738, null, 0.5808616161616161], [0.4456718900127596, null, 0.5934868686868687], [0.4447862521885226, null, 0.6061121212121212], [0.4438717569730674, null, 0.6187373737373737], [0.44292740454782387, null, 0.6313626262626263], [0.44195211390875716, null, 0.6439878787878788], [0.4409447136722017, null, 0.6566131313131314], [0.43990393126024374, null, 0.6692383838383839], [0.43882838050147704, null, 0.6818636363636363], [0.4377165468167359, null, 0.6944888888888889], [0.436566769714007, null, 0.7071141414141414], [0.4353772227268146, null, 0.7197393939393939], [0.43414588851220437, null, 0.7323646464646465], [0.43287052935013015, null, 0.744989898989899], [0.43154865112794016, null, 0.7576151515151515], [0.4301774591371842, null, 0.7702404040404041], [0.42875380317213074, null, 0.7828656565656565], [0.42727410852859105, null, 0.7954909090909091], [0.4257342881037739, null, 0.8081161616161616], [0.42412962716484004, null, 0.8207414141414141], [0.4224546406200804, null, 0.8333666666666667], [0.4207028573873925, null, 0.8459919191919192], [0.41886655712471976, null, 0.8586171717171718], [0.4169363713710771, null, 0.8712424242424243], [0.414900708616221, null, 0.8838676767676767], [0.4127448787708559, null, 0.8964929292929293], [0.41044968251961145, null, 0.9091181818181818], [0.40798898716123205, null, 0.9217434343434343], [0.40532515458216345, null, 0.9343686868686869], [0.40239918137235975, null, 0.9469939393939394], [0.39910415100441055, null, 0.9596191919191919], [0.3951681702462369, null, 0.9722444444444445], [0.38964581991211716, null, 0.984869696969697], [0.3839092381236028, null, 0.9974949494949495], [0.3782104817409635, null, 1.010120202020202], [0.37254063004080495, null, 1.0227454545454546], [0.3668901593465934, null, 1.035370707070707], [0.36124876971076797, null, 1.0479959595959596], [0.35560517205202286, null, 1.0606212121212122], [0.34994678500493925, null, 1.0732464646464646], [0.3442593672198679, null, 1.0858717171717172], [0.33852648481321373, null, 1.0984969696969697], [0.33272878103326875, null, 1.1111222222222221], [0.32684291733363835, null, 1.1237474747474747], [0.3208399935695051, null, 1.1363727272727273], [0.31468308405781326, null, 1.14899797979798], [0.3083231949548744, null, 1.1616232323232323], [0.30169218413674276, null, 1.1742484848484849], [0.2946892128916373, null, 1.1868737373737375], [0.28715157425023025, null, 1.1994989898989898], [0.27877921043622156, null, 1.2121242424242424], [0.2688652898998224, null, 1.224749494949495], [0.25369298991694655, null, 1.2373747474747474], [1.659783421814609e-14, null, 1.25]]}