{"dim": 3, "delta": 2.25, "mu": 5.906055070328385, "dmu": 1.42875, "g": -0.3695412280249876, "k_c": 50, "data": [[0.41277222277101094, 0.6761619605904251, 0.0001], [0.41205794965297615, 0.6761220865926563, 0.022826262626262625], [0.41040190362935114, 0.6760030202730216, 0.045552525252525254], [0.4090055563029995, 0.6758043418833386, 0.06827878787878788], [0.4077105058606098, 0.6755253444221982, 0.0910050505050505], [0.4064588703245936, 0.6751650219554912, 0.11373131313131313], [0.4052214087597811, 0.6747220519891283, 0.13645757575757575], [0.4039802795711157, 0.6741947717134014, 0.15918383838383837], [0.4027230004030507, 0.6735811469416707, 0.181910101010101], [0.40143981717320815, 0.6728787327735513, 0.20463636363636362], [0.40012236790477435, 0.6720846226508501, 0.22736262626262624], [0.3987629109816626, 0.6711953855435915, 0.25008888888888886], [0.39735382012608167, 0.6702069853267169, 0.2728151515151515], [0.3958872085037587, 0.6691146789439223, 0.2955414141414141], [0.3943546093344198, 0.6679128857337003, 0.31826767676767675], [0.39274667092402626, 0.6665950171778245, 0.34099393939393935], [0.3910528357599854, 0.6651532633563323, 0.363720202020202], [0.38926097916170194, 0.6635782832614049, 0.38644646464646465], [0.3873569847448279, 0.6618588217024124, 0.40917272727272724], [0.3853242218820772, 0.659981148438176, 0.4318989898989899], [0.3831429205892649, 0.6579282753273519, 0.4546252525252525], [0.38078936535015323, 0.6556788048027418, 0.47735151515151514], [0.3782349082114703, 0.6532051784059867, 0.5000777777777777], [0.3754447298505654, 0.6504708854050464, 0.5228040404040404], [0.37237631215430866, 0.64742574960415, 0.545530303030303], [0.3689775935743864, 0.6439973437815083, 0.5682565656565657], [0.3651848287355268, 0.64007365610823, 0.5909828282828282], [0.36092028415386, 0.6354623885689473, 0.6137090909090909], [0.3560901259724519, 0.6297684339159441, 0.6364353535353535], [0.3505832387679208, 0.6217533909172576, 0.6591616161616162], [0.3442723061630993, 0.5996183705605816, 0.6818878787878787], [0.33701916402218307, 0.574339198876958, 0.7046141414141414], [0.3286867443088373, 0.5511855105660588, 0.727340404040404], [0.3191589634313535, 0.5302600066250612, 0.7500666666666667], [0.30836660742005, 0.5116198570632277, 0.7727929292929293], [0.29631214473810646, 0.4952515970261307, 0.7955191919191918], [0.2830829425198061, 0.4810576573083313, 0.8182454545454545], [0.2688452478839024, 0.46886216451719065, 0.8409717171717171], [0.2538204205603092, 0.4584345235811801, 0.8636979797979798], [0.23825333426568587, 0.44952086175866496, 0.8864242424242423], [0.22238416081261436, 0.44187211136541976, 0.909150505050505], [0.20642979118626056, 0.4352624985172064, 0.9318767676767676], [0.19057526794853016, 0.42949802783235796, 0.9546030303030303], [0.17497252137868663, 0.42441769118248523, 0.9773292929292929], [0.15974315501600006, 0.4198906577814668, 1.0000555555555555], [0.14498288101839069, 0.4158118259503434, 1.0227818181818182], [0.13076619323437597, 0.41209716033073407, 1.0455080808080808], [0.11715061131150835, 0.4086794777521462, 1.0682343434343433], [0.10418026801913408, 0.4055049064014366, 1.090960606060606], [0.09188883173178242, 0.40253003337946314, 1.1136868686868686], [0.07727091122209691, 0.39971965147353, 1.1364131313131314], [0.057410117669020634, 0.39704500287993594, 1.159139393939394], [0.022611398821315822, 0.39448241778964716, 1.1818656565656565], [null, 0.39201225328246947, 1.2045919191919192], [null, 0.3896180761525336, 1.2273181818181818], [null, 0.38728602004149837, 1.2500444444444443], [null, 0.385004281416957, 1.272770707070707], [null, 0.3827627308266962, 1.2954969696969696], [null, 0.3805525840191593, 1.3182232323232324], [null, 0.37836616345645807, 1.340949494949495], [null, 0.37619668895228814, 1.3636757575757574], [null, 0.3740381138393324, 1.3864020202020202], [null, 0.37188498988818225, 1.4091282828282827], [null, 0.3697323547367043, 1.4318545454545455], [null, 0.36757563899025825, 1.454580808080808], [null, 0.36541058591487335, 1.4773070707070706], [null, 0.3632331833868835, 1.5000333333333333], [null, 0.36103960368662347, 1.5227595959595959], [null, 0.35882615224706255, 1.5454858585858586], [null, 0.3565892158914633, 1.5682121212121212], [null, 0.35432521988113025, 1.5909383838383837], [null, 0.3520305847358684, 1.6136646464646465], [null, 0.3497016830210516, 1.636390909090909], [null, 0.3473347963039089, 1.6591171717171718], [null, 0.34492606937301246, 1.6818434343434343], [null, 0.34247146689940566, 1.7045696969696968], [null, 0.3399667101354392, 1.7272959595959596], [null, 0.3374072265352377, 1.7500222222222221], [null, 0.3347880791510921, 1.7727484848484847], [null, 0.33210387846300976, 1.7954747474747474], [null, 0.32934869614855705, 1.81820101010101], [null, 0.3265159373367748, 1.8409272727272727], [null, 0.32359819800366896, 1.8636535353535353], [null, 0.32058708095066785, 1.8863797979797978], [null, 0.317472957906671, 1.9091060606060606], [null, 0.31424466146061464, 1.9318323232323231], [null, 0.31088907478828903, 1.9545585858585859], [null, 0.30739057408313736, 1.9772848484848484], [null, 0.30373025188297087, 2.000011111111111], [null, 0.29988480461893746, 2.0227373737373737], [null, 0.2958248847301594, 2.0454636363636367], [null, 0.29151256144450677, 2.0681898989898992], [null, 0.2868972119472359, 2.090916161616162], [null, 0.28190845126039193, 2.1136424242424243], [null, 0.2764429485443174, 2.136368686868687], [null, 0.2703369802828883, 2.15909494949495], [null, 0.26329919565299703, 2.1818212121212124], [null, 0.25469416641206816, 2.204547474747475], [null, 0.2422139471305498, 2.2272737373737375], [null, -3.0991875732411245e-13, 2.25]]}