{"dim": 3, "delta": 5.0, "mu": 5.906055070328385, "dmu": 3.328947368421053, "g": -0.38867196341527066, "k_c": 50, "data": []}