{"dim": 3, "delta": 1.75, "mu": 5.906055070328385, "dmu": 0.5249999999999999, "g": -0.36379223926437015, "k_c": 50, "data": [[0.6332797951166131, null, 0.0001], [0.6332692971605334, null, 0.017775757575757577], [0.6332380298547213, null, 0.03545151515151516], [0.6331859789739228, null, 0.05312727272727273], [0.6331131188201365, null, 0.07080303030303031], [0.633019413519164, null, 0.08847878787878789], [0.6329048166813279, null, 0.10615454545454546], [0.6327692714202107, null, 0.12383030303030304], [0.6326127104806296, null, 0.1415060606060606], [0.6324350553983866, null, 0.15918181818181817], [0.6322362170201339, null, 0.17685757575757577], [0.6320160949129594, null, 0.19453333333333334], [0.6317745772318663, null, 0.2122090909090909], [0.631511541943691, null, 0.2298848484848485], [0.6312268489279503, null, 0.24756060606060606], [0.6309203548136971, null, 0.26523636363636366], [0.6305918975697674, null, 0.2829121212121212], [0.6302413033241374, null, 0.3005878787878788], [0.6298683848350466, null, 0.31826363636363636], [0.6294729406499864, null, 0.335939393939394], [0.6290547548215796, null, 0.35361515151515155], [0.6286135960710795, null, 0.3712909090909091], [0.628149217305386, null, 0.3889666666666667], [0.6276613548765192, null, 0.40664242424242425], [0.6271497277390988, null, 0.4243181818181818], [0.6266140368821512, null, 0.44199393939393944], [0.6260539638468993, null, 0.459669696969697], [0.6254691702788039, null, 0.4773454545454546], [0.6248592966997825, null, 0.49502121212121214], [0.6242239609728791, null, 0.5126969696969698], [0.6235627574599663, null, 0.5303727272727273], [0.622875255215088, null, 0.5480484848484849], [0.6221609968160898, null, 0.5657242424242425], [0.6214194960579585, null, 0.5834], [0.6206502365549296, null, 0.6010757575757576], [0.6198526694211848, null, 0.6187515151515152], [0.6190262110012765, null, 0.6364272727272727], [0.6181702402798696, null, 0.6541030303030303], [0.6172840961017428, null, 0.671778787878788], [0.6163670739822135, null, 0.6894545454545455], [0.6154184226191359, null, 0.7071303030303031], [0.6144373399854096, null, 0.7248060606060607], [0.6134229689676298, null, 0.7424818181818182], [0.6123743746450034, null, 0.7601575757575758], [0.6112906277931491, null, 0.7778333333333334], [0.61017062062753, null, 0.7955090909090909], [0.609013237903856, null, 0.8131848484848485], [0.6078172589386027, null, 0.8308606060606061], [0.6065813695777628, null, 0.8485363636363636], [0.6053041455401017, null, 0.8662121212121213], [0.603984046642142, null, 0.8838878787878789], [0.6026193990882904, null, 0.9015636363636365], [0.6012083805130097, null, 0.919239393939394], [0.5997490003995342, null, 0.9369151515151516], [0.5982390783301846, null, 0.9545909090909092], [0.5966762162920574, null, 0.9722666666666667], [0.5950577678834085, null, 0.9899424242424243], [0.5933807992316924, null, 1.007618181818182], [0.5916420432496777, null, 1.0252939393939395], [0.5898378420800247, null, 1.042969696969697], [0.58796407615509, null, 1.0606454545454547], [0.5860160768820412, null, 1.0783212121212122], [0.5839885122080266, null, 1.0959969696969698], [0.5818752403410051, null, 1.1136727272727274], [0.5796691196866929, null, 1.131348484848485], [0.5773617509680308, null, 1.1490242424242425], [0.5749431238104803, null, 1.1667], [0.5724011181869108, null, 1.1843757575757576], [0.5697207763861715, null, 1.2020515151515152], [0.5668831957489672, null, 1.2197272727272728], [0.5638637559660445, null, 1.2374030303030303], [0.5606290846804395, null, 1.255078787878788], [0.5571313691822333, null, 1.2727545454545455], [0.5532961790896981, null, 1.290430303030303], [0.5489900473645046, null, 1.3081060606060606], [0.5438808939564658, null, 1.3257818181818184], [0.5368169178081331, null, 1.343457575757576], [0.5294621569275739, null, 1.3611333333333335], [0.5221519626897588, null, 1.378809090909091], [0.514876232069763, null, 1.3964848484848487], [0.5076242276130625, null, 1.4141606060606062], [0.5003844114750603, null, 1.4318363636363638], [0.49314423742373265, null, 1.4495121212121214], [0.48588988472654454, null, 1.467187878787879], [0.4786059108247923, null, 1.4848636363636365], [0.47127479435062436, null, 1.502539393939394], [0.46387630690319553, null, 1.5202151515151516], [0.4563866525164478, null, 1.5378909090909092], [0.44877723296306293, null, 1.5555666666666668], [0.44101282018615384, null, 1.5732424242424243], [0.433048766890428, null, 1.590918181818182], [0.4248265048548814, null, 1.6085939393939395], [0.4162658570568856, null, 1.626269696969697], [0.40725082854951555, null, 1.6439454545454546], [0.39760037866516784, null, 1.6616212121212122], [0.38699820935285206, null, 1.6792969696969697], [0.37477375302376376, null, 1.6969727272727273], [0.35867933938008206, null, 1.714648484848485], [0.27353613096598123, null, 1.7323242424242427], [2.014166611274959e-12, null, 1.75]]}