{"dim": 3, "delta": 1.75, "mu": 5.906055070328385, "dmu": 0.175, "g": -0.36379223926437015, "k_c": 50, "data": [[0.6489149645175295, null, 0.0001], [0.6489058064662157, null, 0.017775757575757577], [0.6488785337908803, null, 0.03545151515151516], [0.6488331361365742, null, 0.05312727272727273], [0.6487695968859138, null, 0.07080303030303031], [0.6486878917202982, null, 0.08847878787878789], [0.6485879900005455, null, 0.10615454545454546], [0.6484698540185665, null, 0.12383030303030304], [0.6483334390535269, null, 0.1415060606060606], [0.6481786933555842, null, 0.15918181818181817], [0.6480055579478056, null, 0.17685757575757577], [0.647813966617373, null, 0.19453333333333334], [0.6476038452296943, null, 0.2122090909090909], [0.6473751142738513, null, 0.2298848484848485], [0.6471276832972301, null, 0.24756060606060606], [0.646861456637784, null, 0.26523636363636366], [0.6465763291043218, null, 0.2829121212121212], [0.6462721884036187, null, 0.3005878787878788], [0.6459489133286519, null, 0.31826363636363636], [0.6456063741078915, null, 0.335939393939394], [0.6452444321709875, null, 0.35361515151515155], [0.6448629397945594, null, 0.3712909090909091], [0.6444617398805044, null, 0.3889666666666667], [0.6440406656092016, null, 0.40664242424242425], [0.6435995401128298, null, 0.4243181818181818], [0.6431381761190286, null, 0.44199393939393944], [0.6426563755568503, null, 0.459669696969697], [0.6421539292064505, null, 0.4773454545454546], [0.6416306160057212, null, 0.49502121212121214], [0.641086203035299, null, 0.5126969696969698], [0.6405204444793814, null, 0.5303727272727273], [0.6399330813362349, null, 0.5480484848484849], [0.6393238410354647, null, 0.5657242424242425], [0.6386924362811065, null, 0.5834], [0.6380385645243426, null, 0.6010757575757576], [0.6373619075039665, null, 0.6187515151515152], [0.6366621224266446, null, 0.6364272727272727], [0.6359388796709636, null, 0.6541030303030303], [0.6351917849382865, null, 0.671778787878788], [0.6344204549329707, null, 0.6894545454545455], [0.6336244780457493, null, 0.7071303030303031], [0.6328034207569079, null, 0.7248060606060607], [0.6319568261865111, null, 0.7424818181818182], [0.6310842128030312, null, 0.7601575757575758], [0.6301850731079183, null, 0.7778333333333334], [0.6292588710583306, null, 0.7955090909090909], [0.6283050412574173, null, 0.8131848484848485], [0.6273229863462377, null, 0.8308606060606061], [0.6263120747902599, null, 0.8485363636363636], [0.6252716388800518, null, 0.8662121212121213], [0.62420097147476, null, 0.8838878787878789], [0.6230993231623305, null, 0.9015636363636365], [0.6219658990999971, null, 0.919239393939394], [0.6207998559909113, null, 0.9369151515151516], [0.6196002966161441, null, 0.9545909090909092], [0.6183662669281165, null, 0.9722666666666667], [0.6170967499375485, null, 0.9899424242424243], [0.6157906608508388, null, 1.007618181818182], [0.6144468405632565, null, 1.0252939393939395], [0.6130640485592721, null, 1.042969696969697], [0.6116409552885755, null, 1.0606454545454547], [0.6101761328841847, null, 1.0783212121212122], [0.608668045232209, null, 1.0959969696969698], [0.6071150361909174, null, 1.1136727272727274], [0.6055153166512933, null, 1.131348484848485], [0.6038669487101562, null, 1.1490242424242425], [0.6021678285763663, null, 1.1667], [0.6004156657714121, null, 1.1843757575757576], [0.5986079585635506, null, 1.2020515151515152], [0.5967419670691753, null, 1.2197272727272728], [0.5948146792308829, null, 1.2374030303030303], [0.5928227708229732, null, 1.255078787878788], [0.5907625596217967, null, 1.2727545454545455], [0.5886299444863711, null, 1.290430303030303], [0.5864203401110679, null, 1.3081060606060606], [0.5841285856248772, null, 1.3257818181818184], [0.5817488407033253, null, 1.343457575757576], [0.5792744481662248, null, 1.3611333333333335], [0.5766977572720834, null, 1.378809090909091], [0.5740099167197092, null, 1.3964848484848487], [0.571200540678184, null, 1.4141606060606062], [0.5682573448786457, null, 1.4318363636363638], [0.5651655733384529, null, 1.4495121212121214], [0.5619072178332974, null, 1.467187878787879], [0.5584598646010959, null, 1.4848636363636365], [0.554794932712007, null, 1.502539393939394], [0.5508748401758106, null, 1.5202151515151516], [0.5466481327553545, null, 1.5378909090909092], [0.5420403197708067, null, 1.5555666666666668], [0.5369342147417299, null, 1.5732424242424243], [0.5311176441746791, null, 1.590918181818182], [0.5240609996363669, null, 1.6085939393939395], [0.5136960549034543, null, 1.626269696969697], [0.5020455861034705, null, 1.6439454545454546], [0.4893330595089798, null, 1.6616212121212122], [0.4748159133202986, null, 1.6792969696969697], [0.456021314971539, null, 1.6969727272727273], [0.3870827868405946, null, 1.714648484848485], [0.27353613095827745, null, 1.7323242424242427], [2.0095036745715333e-12, null, 1.75]]}