{"dim": 3, "delta": 3.5, "mu": 5.906055070328385, "dmu": 2.2750000000000004, "g": -0.37996643765185917, "k_c": 50, "data": [[0.6929413527057082, 0.9140336340093332, 0.0001], [0.6937644384045901, 0.9138983876559417, 0.035452525252525256], [0.6964527150818179, 0.9134922885505169, 0.07080505050505051], [0.7006063965441943, 0.9128095821748978, 0.10615757575757577], [0.7047234378238086, 0.9118402642855897, 0.141510101010101], [0.708999401376599, 0.9105693786318904, 0.17686262626262625], [0.7135730813267815, 0.9089758764305861, 0.21221515151515152], [0.7185748645818798, 0.907030813544054, 0.24756767676767677], [0.7241504185266572, 0.904694486029444, 0.282920202020202], [0.7304812395976525, 0.9019117299438869, 0.31827272727272726], [0.7378117647674132, 0.8986038132182043, 0.3536252525252525], [0.7464945115184735, 0.8946534009670697, 0.38897777777777776], [0.7570772793277237, 0.8898736950149544, 0.42433030303030306], [0.7704980694023381, 0.8839348480363215, 0.4596828282828283], [0.788617253233466, 0.876140073713635, 0.49503535353535355], [0.8162799652575546, 0.864291164191601, 0.5303878787878787]]}