{"dim": 3, "delta": 0.75, "mu": 5.906055070328385, "dmu": 0.5437500000000001, "g": -0.34545454776739287, "k_c": 50, "data": [[0.16848433856836034, 0.22009556248407833, 0.0001], [0.16858656348738504, 0.2200632478172785, 0.007674747474747475], [0.16888837597191658, 0.21996757404384534, 0.015249494949494949], [0.16939097504159914, 0.21980735763175885, 0.022824242424242424], [0.17009674655151436, 0.21958055693002032, 0.030398989898989898], [0.17101012256754194, 0.2192841481360178, 0.037973737373737375], [0.17214133314516125, 0.21891392754563854, 0.04554848484848485], [0.1735263492236646, 0.21846420721008422, 0.05312323232323232], [0.17504788526785944, 0.2179273490342749, 0.0606979797979798], [0.17667814993619887, 0.21729303430972366, 0.06827272727272728], [0.17844337398979615, 0.21654707832893433, 0.07584747474747475], [0.18037388928473114, 0.21566940154253017, 0.08342222222222222], [0.18250636275153734, 0.21463030087144175, 0.0909969696969697], [0.18488676275298024, 0.21338288537665587, 0.09857171717171717], [0.18757468956050538, 0.21184536708142018, 0.10614646464646464], [0.19065014849812198, 0.20984898673479918, 0.11372121212121213], [0.19434261809350342, 0.20689751043957674, 0.1212959595959596]]}