{"dim": 3, "delta": 9.5, "mu": 5.906055070328385, "dmu": 7.48445945945946, "g": -0.4052062225143336, "k_c": 50, "data": []}