{"dim": 3, "delta": 4.0, "mu": 5.906055070328385, "dmu": 2.52, "g": -0.38319438892130875, "k_c": 50, "data": [[0.7607058442158132, null, 0.0001], [0.762450436182252, null, 0.040503030303030305], [0.7655507212743395, null, 0.0809060606060606], [0.7683540398423834, null, 0.12130909090909091], [0.7711527712827729, null, 0.1617121212121212], [0.7740813909767513, null, 0.2021151515151515], [0.7772378403521067, null, 0.2425181818181818], [0.7807157306774035, null, 0.28292121212121213], [0.7846202397864784, null, 0.3233242424242424], [0.789081843509612, null, 0.3637272727272727], [0.7942740108546005, null, 0.404130303030303], [0.8004415317128322, null, 0.44453333333333334], [0.8079523528384788, null, 0.4849363636363636], [0.8174047935814945, null, 0.5253393939393939], [0.8298868358780075, null, 0.5657424242424243], [0.8477761063738878, null, 0.6061454545454545], [0.8787956386816915, 0.9757123913887944, 0.6465484848484848]]}