{"dim": 3, "delta": 1.25, "mu": 5.906055070328385, "dmu": 0.625, "g": -0.3563134090055086, "k_c": 50, "data": [[0.03661067997722557, 0.4376704282391879, 0.0001], [0.036312605359684884, 0.4376596661120521, 0.012725252525252525], [0.03541398635850364, 0.43762770620809893, 0.02535050505050505], [0.0338704179007684, 0.4375745196587116, 0.03797575757575758], [0.03159343963463013, 0.437500059592294, 0.050601010101010105], [0.028416364706234418, 0.4374042592467055, 0.06322626262626263], [0.023997773992222353, 0.4372870317167332, 0.07585151515151516], [0.017439558568093354, 0.4371482718882608, 0.08847676767676768], [null, 0.4369878526253553, 0.1011020202020202], [null, 0.4368056268067114, 0.11372727272727273], [null, 0.4366014254731731, 0.12635252525252524], [null, 0.43637505730538173, 0.13897777777777776], [null, 0.43612630767013155, 0.1516030303030303], [null, 0.43585493763167177, 0.16422828282828283], [null, 0.43556068274344917, 0.17685353535353535], [null, 0.4352432517954379, 0.18947878787878786], [null, 0.43490232513286003, 0.2021040404040404], [null, 0.4345375531984109, 0.21472929292929294], [null, 0.4341485543183986, 0.22735454545454545], [null, 0.4337349128390663, 0.23997979797979796], [null, 0.4332961764491922, 0.2526050505050505], [null, 0.43283185364899335, 0.26523030303030304], [null, 0.43234141033439416, 0.2778555555555555], [null, 0.43182426569344395, 0.29048080808080806], [null, 0.4312797924505517, 0.3031060606060606], [null, 0.4307073033624863, 0.31573131313131314], [null, 0.43010605539245517, 0.3283565656565657], [null, 0.42947523841726626, 0.34098181818181816], [null, 0.42881397057168896, 0.3536070707070707], [null, 0.4281212890491058, 0.36623232323232324], [null, 0.4273961415326612, 0.3788575757575757], [null, 0.4266373759310048, 0.39148282828282827], [null, 0.4258437275117498, 0.4041080808080808], [null, 0.42501380435869207, 0.41673333333333334], [null, 0.4241460703412017, 0.4293585858585859], [null, 0.4232388240065634, 0.44198383838383837], [null, 0.4222901742636745, 0.4546090909090909], [null, 0.4212980101974115, 0.46723434343434345], [null, 0.4202599644836578, 0.47985959595959593], [null, 0.41917336819032586, 0.49248484848484847], [null, 0.4180351943902099, 0.505110101010101], [null, 0.41684198692791524, 0.5177353535353535], [null, 0.41558976914729473, 0.5303606060606061], [null, 0.41427392536750557, 0.5429858585858586], [null, 0.41288904313866437, 0.5556111111111111], [null, 0.41142870135200604, 0.5682363636363637], [null, 0.4098851749181801, 0.5808616161616161], [null, 0.40824901511052153, 0.5934868686868687], [null, 0.4065084315220688, 0.6061121212121212], [null, 0.40464833935594274, 0.6187373737373737], [null, 0.40264882310259476, 0.6313626262626263], [null, 0.4004824683187426, 0.6439878787878788], [null, 0.3981093124396279, 0.6566131313131314], [null, 0.39546592514992246, 0.6692383838383839], [null, 0.3924362530576639, 0.6818636363636363], [null, 0.3887308168154697, 0.6944888888888889], [null, 0.3829914041902067, 0.7071141414141414], [null, 0.37679487692115154, 0.7197393939393939], [null, 0.3708149206344868, 0.7323646464646465], [null, 0.3650376804730929, 0.744989898989899], [null, 0.35945015042555756, 0.7576151515151515], [null, 0.35403999916355244, 0.7702404040404041], [null, 0.34879556977767606, 0.7828656565656565], [null, 0.34370581988573373, 0.7954909090909091], [null, 0.33876027935272446, 0.8081161616161616], [null, 0.33394900647424264, 0.8207414141414141], [null, 0.32926254526484805, 0.8333666666666667], [null, 0.32469188373694624, 0.8459919191919192], [null, 0.3202284130073876, 0.8586171717171718], [null, 0.31586388684883737, 0.8712424242424243], [null, 0.31159038263690186, 0.8838676767676767], [null, 0.3074002596517674, 0.8964929292929293], [null, 0.30328612056341664, 0.9091181818181818], [null, 0.29924076941861494, 0.9217434343434343], [null, 0.29525716897536564, 0.9343686868686869], [null, 0.2913283966131903, 0.9469939393939394], [null, 0.28744759500298267, 0.9596191919191919], [null, 0.28360792111496547, 0.9722444444444445], [null, 0.2798024876127983, 0.984869696969697], [null, 0.2760242973648414, 0.9974949494949495], [null, 0.27226616682944765, 1.010120202020202], [null, 0.2685206347253081, 1.0227454545454546], [null, 0.26477986461312847, 1.035370707070707], [null, 0.2610354896113989, 1.0479959595959596], [null, 0.2572784680567678, 1.0606212121212122], [null, 0.2534988574292673, 1.0732464646464646], [null, 0.249685536202646, 1.0858717171717172], [null, 0.24582582552829366, 1.0984969696969697], [null, 0.24190496980823872, 1.1111222222222221], [null, 0.23790539599149094, 1.1237474747474747], [null, 0.23380562992978243, 1.1363727272727273], [null, 0.22957863879796045, 1.14899797979798], [null, 0.22518917734324273, 1.1616232323232323], [null, 0.22058928352711477, 1.1742484848484849], [null, 0.21571000021770062, 1.1868737373737375], [null, 0.21044455775123588, 1.1994989898989898], [null, 0.20460859065642123, 1.2121242424242424], [null, 0.1978201031046551, 1.224749494949495], [null, 0.18889227224961658, 1.2373747474747474], [null, 2.839587454062098e-10, 1.25]]}