{"dim": 3, "delta": 5.25, "mu": 5.906055070328385, "dmu": 2.743125, "g": -0.38988457053455944, "k_c": 50, "data": [[0.6351769808704897, null, 0.0001], [0.6345454676331475, null, 0.053129292929292936], [0.6326587779776536, null, 0.10615858585858587], [0.6295260481708089, null, 0.1591878787878788], [0.6251619746061333, null, 0.21221717171717172], [0.6195860475242566, null, 0.2652464646464647], [0.6128215131126328, null, 0.3182757575757576], [0.6048940909754709, null, 0.3713050505050505], [0.595830478836667, null, 0.42433434343434345], [0.5856566550745901, null, 0.4773636363636364], [0.5743960471020719, null, 0.5303929292929294], [0.5620674959058748, null, 0.5834222222222223], [0.5486830927881541, null, 0.6364515151515152], [0.5342458144376405, null, 0.6894808080808081], [0.5187469054406975, null, 0.7425101010101011], [0.5021628921326042, null, 0.795539393939394], [0.48445200432531166, null, 0.8485686868686869], [0.46554964178268005, null, 0.9015979797979798], [0.44536226251052774, null, 0.9546272727272728], [0.42375863962112165, null, 1.0076565656565657], [0.40055663938532393, null, 1.0606858585858587], [0.3755021156298737, null, 1.1137151515151515], [0.3482331797098389, null, 1.1667444444444446], [0.31821525062378664, null, 1.2197737373737374], [0.2846113784387303, null, 1.2728030303030304], [0.24598630956639578, null, 1.3258323232323233], [0.19947448894633446, null, 1.3788616161616163], [0.1373177826326847, null, 1.431890909090909]]}