{"dim": 3, "delta": 1.0, "mu": 5.906055070328385, "dmu": 0.785, "g": -0.3514958709352178, "k_c": 50, "data": []}