{"dim": 3, "delta": 1.75, "mu": 5.906055070328385, "dmu": 1.1, "g": -0.36379223926437015, "k_c": 50, "data": [[0.31088357205259554, 0.5493566528764029, 0.0001], [0.3105898391810406, 0.5493298199922952, 0.017775757575757577], [0.3096696795049283, 0.5492498583839852, 0.03545151515151516], [0.3079619730620402, 0.5491165487846661, 0.05312727272727273], [0.3062323265317092, 0.5489295521433465, 0.07080303030303031], [0.30456540715563785, 0.5486883711414604, 0.08847878787878789], [0.302920381691841, 0.5483923598270811, 0.10615454545454546], [0.3012722969139509, 0.5480407120290707, 0.12383030303030304], [0.29960373375302785, 0.5476324505568247, 0.1415060606060606], [0.2979011880741688, 0.5471664135731866, 0.15918181818181817], [0.2961532547005069, 0.5466412376958699, 0.17685757575757577], [0.2943496062750483, 0.5460553373957527, 0.19453333333333334], [0.29248035899956076, 0.5454068792118811, 0.2122090909090909], [0.29053563906378854, 0.5446937529436091, 0.2298848484848485], [0.2885052574622484, 0.5439135293859377, 0.24756060606060606], [0.28637844339817115, 0.5430634178458116, 0.26523636363636366], [0.2841436079289299, 0.5421402058992255, 0.2829121212121212], [0.28178812155478683, 0.5411401870369662, 0.3005878787878788], [0.279298095886979, 0.5400590699142643, 0.31826363636363636], [0.2766581650288809, 0.5388918598722331, 0.335939393939394], [0.273851266541329, 0.5376327090852479, 0.35361515151515155], [0.2708584266285312, 0.5362747170271693, 0.3712909090909091], [0.2676585601524349, 0.5348096648719474, 0.3889666666666667], [0.26422830401801223, 0.5332276526620092, 0.40664242424242425], [0.2605419127316274, 0.5315165921732193, 0.4243181818181818], [0.2565712573131705, 0.5296614768462026, 0.44199393939393944], [0.2522859881871222, 0.5276432991141387, 0.459669696969697], [0.24765393176299283, 0.5254373622124957, 0.4773454545454546], [0.2426418149053073, 0.5230105393416324, 0.49502121212121214], [0.23721640851487738, 0.5203164841362786, 0.5126969696969698], [0.23134617208754957, 0.5172865290331171, 0.5303727272727273], [0.22500343074504242, 0.5138101097614627, 0.5480484848484849], [0.21816703909037935, 0.5096839077741312, 0.5657242424242425], [0.21082533348106142, 0.5044245903614061, 0.5834], [0.20297904939556818, 0.4944096737669749, 0.6010757575757576], [0.19464373280421635, 0.47730825506329516, 0.6187515151515152], [0.18585114069667671, 0.4616824767326957, 0.6364272727272727], [0.17664924861291684, 0.44746342975129966, 0.6541030303030303], [0.1671006904299516, 0.43456797645185685, 0.671778787878788], [0.1572798266044841, 0.42290161862722536, 0.6894545454545455], [0.14726888289583134, 0.41236231598151935, 0.7071303030303031], [0.13715376732204146, 0.40284464737481973, 0.7248060606060607], [0.12702014309727008, 0.394243733678713, 0.7424818181818182], [0.11695017753140298, 0.38645850385076963, 0.7601575757575758], [0.10702017547876959, 0.37939407847114226, 0.7778333333333334], [0.09729911502270211, 0.3729632764030919, 0.7955090909090909], [0.087847972856935, 0.3670873300632599, 0.8131848484848485], [0.07871966517646443, 0.36169599816030445, 0.8308606060606061], [0.06832664490089009, 0.3567272530758023, 0.8485363636363636], [0.05498497433926388, 0.3521267048302213, 0.8662121212121213], [0.03632286040669617, 0.3478468879246285, 0.8838878787878789], [null, 0.34384649894911473, 0.9015636363636365], [null, 0.3400896469901833, 0.919239393939394], [null, 0.33654514872035546, 0.9369151515151516], [null, 0.33318588809725436, 0.9545909090909092], [null, 0.3299882455704991, 0.9722666666666667], [null, 0.32693159977834946, 0.9899424242424243], [null, 0.32399789438724, 1.007618181818182], [null, 0.3211712640857717, 1.0252939393939395], [null, 0.3184377159092637, 1.042969696969697], [null, 0.3157848550299003, 1.0606454545454547], [null, 0.31320165106288245, 1.0783212121212122], [null, 0.3106782380062598, 1.0959969696969698], [null, 0.3082057425619839, 1.1136727272727274], [null, 0.3057761373189283, 1.131348484848485], [null, 0.3033821129754083, 1.1490242424242425], [null, 0.3010169686436666, 1.1667], [null, 0.2986745144588784, 1.1843757575757576], [null, 0.2963489879683297, 1.2020515151515152], [null, 0.2940349772986661, 1.2197272727272728], [null, 0.29172735220030377, 1.2374030303030303], [null, 0.2894212034460318, 1.255078787878788], [null, 0.28711178297180484, 1.2727545454545455], [null, 0.28479444842324675, 1.290430303030303], [null, 0.28246460948305857, 1.3081060606060606], [null, 0.28011767174313573, 1.3257818181818184], [null, 0.2777489822466495, 1.343457575757576], [null, 0.2753537690491055, 1.3611333333333335], [null, 0.27292707629424234, 1.378809090909091], [null, 0.2704636913172017, 1.3964848484848487], [null, 0.26795806063196737, 1.4141606060606062], [null, 0.26540419075602933, 1.4318363636363638], [null, 0.262795528489028, 1.4495121212121214], [null, 0.2601248131429684, 1.467187878787879], [null, 0.25738389016606805, 1.4848636363636365], [null, 0.2545634711830283, 1.502539393939394], [null, 0.25165281811676626, 1.5202151515151516], [null, 0.24863931731042443, 1.5378909090909092], [null, 0.2455078938878201, 1.5555666666666668], [null, 0.24224003701308353, 1.5732424242424243], [null, 0.2388132521924122, 1.590918181818182], [null, 0.2351978348374785, 1.6085939393939395], [null, 0.23135522346463125, 1.626269696969697], [null, 0.22723223086935096, 1.6439454545454546], [null, 0.22275185746271645, 1.6616212121212122], [null, 0.21779435766239377, 1.6792969696969697], [null, 0.21215261511551117, 1.6969727272727273], [null, 0.20539813734082055, 1.714648484848485], [null, 0.19621120274970896, 1.7323242424242427], [null, 2.0179968807099158e-12, 1.75]]}