{"dim": 3, "delta": 1.75, "mu": 5.906055070328385, "dmu": 0.875, "g": -0.36379223926437015, "k_c": 50, "data": [[0.06684600983367153, 0.596112121679238, 0.0001], [0.06651421888889673, 0.5960970044069651, 0.017775757575757577], [0.06551758486652888, 0.5960519746926844, 0.03545151515151516], [0.06382882317053648, 0.5959769893834941, 0.05312727272727273], [0.0613974451613584, 0.5958719755964731, 0.07080303030303031], [0.05813996072792391, 0.5957368308953229, 0.08847878787878789], [0.05391989753094255, 0.5955714227480202, 0.10615454545454546], [0.04850392139920542, 0.5953755878391386, 0.12383030303030304], [0.041448925711046074, 0.5951491318490799, 0.1415060606060606], [0.031712180601980985, 0.594891827168693, 0.15918181818181817], [0.01476251968806468, 0.5946034136418352, 0.17685757575757577], [null, 0.5942835953050495, 0.19453333333333334], [null, 0.593932040322994, 0.2122090909090909], [null, 0.5935483785448836, 0.2298848484848485], [null, 0.5931321996622764, 0.24756060606060606], [null, 0.592683050974671, 0.26523636363636366], [null, 0.5922004346732394, 0.2829121212121212], [null, 0.5916838044034402, 0.3005878787878788], [null, 0.591132565045227, 0.31826363636363636], [null, 0.5905460625884105, 0.335939393939394], [null, 0.5899235865036069, 0.35361515151515155], [null, 0.5892643610123973, 0.3712909090909091], [null, 0.5885675409025034, 0.3889666666666667], [null, 0.5878322051165363, 0.40664242424242425], [null, 0.5870573490547112, 0.4243181818181818], [null, 0.5862418769058244, 0.44199393939393944], [null, 0.5853845918353692, 0.459669696969697], [null, 0.5844841849077013, 0.4773454545454546], [null, 0.5835392231119326, 0.49502121212121214], [null, 0.5825481329268987, 0.5126969696969698], [null, 0.5815091844511381, 0.5303727272727273], [null, 0.5804204699862688, 0.5480484848484849], [null, 0.5792798801697371, 0.5657242424242425], [null, 0.5780850740773644, 0.5834], [null, 0.5768334448797401, 0.6010757575757576], [null, 0.5755220769104487, 0.6187515151515152], [null, 0.5741476933915864, 0.6364272727272727], [null, 0.5727065918672013, 0.6541030303030303], [null, 0.5711945632889498, 0.671778787878788], [null, 0.5696067889992961, 0.6894545454545455], [null, 0.5679377088648183, 0.7071303030303031], [null, 0.5661808480794347, 0.7248060606060607], [null, 0.5643285781785349, 0.7424818181818182], [null, 0.562371844569717, 0.7601575757575758], [null, 0.5602996442345586, 0.7778333333333334], [null, 0.5580984765801421, 0.7955090909090909], [null, 0.5557513572595821, 0.8131848484848485], [null, 0.553236352396706, 0.8308606060606061], [null, 0.5505241395712379, 0.8485363636363636], [null, 0.5475736756637265, 0.8662121212121213], [null, 0.5443236208090712, 0.8838878787878789], [null, 0.5406726664409536, 0.9015636363636365], [null, 0.5364205580733794, 0.919239393939394], [null, 0.5309046287904884, 0.9369151515151516], [null, 0.5227480082222886, 0.9545909090909092], [null, 0.5148289648934604, 0.9722666666666667], [null, 0.5071725659393046, 0.9899424242424243], [null, 0.4997629626791654, 1.007618181818182], [null, 0.49258507897601284, 1.0252939393939395], [null, 0.48562457250624363, 1.042969696969697], [null, 0.4788677905969665, 1.0606454545454547], [null, 0.4723017338904819, 1.0783212121212122], [null, 0.4659140126125896, 1.0959969696969698], [null, 0.4596928067190539, 1.1136727272727274], [null, 0.4536268247694453, 1.131348484848485], [null, 0.44770526337438726, 1.1490242424242425], [null, 0.44191776671662686, 1.1667], [null, 0.4362543854273891, 1.1843757575757576], [null, 0.43070553583748733, 1.2020515151515152], [null, 0.4252619589657112, 1.2197272727272728], [null, 0.41991467852566794, 1.2374030303030303], [null, 0.41465495710296757, 1.255078787878788], [null, 0.40947425194740084, 1.2727545454545455], [null, 0.40436416713818113, 1.290430303030303], [null, 0.3993164040875807, 1.3081060606060606], [null, 0.39432270672683567, 1.3257818181818184], [null, 0.38937480179567513, 1.343457575757576], [null, 0.3844643320046309, 1.3611333333333335], [null, 0.37958277992672995, 1.378809090909091], [null, 0.3747213798351611, 1.3964848484848487], [null, 0.36987101348899565, 1.4141606060606062], [null, 0.3650220854276819, 1.4318363636363638], [null, 0.360164368779874, 1.4495121212121214], [null, 0.3552868185254683, 1.467187878787879], [null, 0.3503773208016786, 1.4848636363636365], [null, 0.3454223859008816, 1.502539393939394], [null, 0.3404067266816779, 1.5202151515151516], [null, 0.3353126924013146, 1.5378909090909092], [null, 0.33011947840693334, 1.5555666666666668], [null, 0.32480199107653146, 1.5732424242424243], [null, 0.3193291597269587, 1.590918181818182], [null, 0.31366131905215494, 1.6085939393939395], [null, 0.3077459401675792, 1.626269696969697], [null, 0.30151020037150494, 1.6439454545454546], [null, 0.29484692628411285, 1.6616212121212122], [null, 0.2875846953683802, 1.6792969696969697], [null, 0.27941213592582737, 1.6969727272727273], [null, 0.26961861396249504, 1.714648484848485], [null, 0.2550811108846664, 1.7323242424242427], [null, 2.0476398354674075e-12, 1.75]]}