{"dim": 3, "delta": 8.75, "mu": 5.906055070328385, "dmu": 6.6525735294117645, "g": -0.40300054335456215, "k_c": 50, "data": []}