{"dim": 3, "delta": 3.5, "mu": 5.906055070328385, "dmu": 2.1134615384615385, "g": -0.37996643765185917, "k_c": 50, "data": [[0.6082943049905263, 0.9824233317723713, 0.0001], [0.6075429610593438, 0.9823602801723915, 0.035452525252525256], [0.6049874267751806, 0.9821715687631339, 0.07080505050505051], [0.6014455575223153, 0.981856394191071, 0.10615757575757577], [0.5981088698340584, 0.9814134005834145, 0.141510101010101], [0.5948324335335305, 0.9808406507552523, 0.17686262626262625], [0.5915398116823252, 0.9801355899357336, 0.21221515151515152], [0.5881813993282254, 0.9792949789046267, 0.24756767676767677], [0.5847197867272815, 0.9783148302652297, 0.282920202020202], [0.5811233035640557, 0.9771903057060248, 0.31827272727272726], [0.5773627355358618, 0.9759155915988773, 0.3536252525252525], [0.5734093712791137, 0.9744837365363223, 0.38897777777777776], [0.5692337201597676, 0.9728864393511479, 0.42433030303030306], [0.5648045705186598, 0.9711137725202702, 0.4596828282828283], [0.5600882343792151, 0.9691538111490003, 0.49503535353535355], [0.555047911016676, 0.9669921369139854, 0.5303878787878787], [0.5496431452963141, 0.9646111460813942, 0.565740404040404], [0.5438293908365405, 0.9619890806571997, 0.6010929292929293], [0.537557718703896, 0.959098613276108, 0.6364454545454545], [0.5307747411622128, 0.9559047161439206, 0.6717979797979798], [0.5234228548645665, 0.9523613054029846, 0.707150505050505], [0.5154409356784306, 0.9484056563183896, 0.7425030303030303], [0.5067656420619296, 0.9439484194756311, 0.7778555555555555], [0.49733348047580794, 0.9388539425116094, 0.8132080808080808], [0.4870837535400381, 0.9328956291663725, 0.8485606060606061], [0.4759623932095676, 0.9256286686994463, 0.8839131313131313], [0.4639265270895402, 0.915803165358147, 0.9192656565656566], [0.45094939078875856, 0.8945719849746033, 0.9546181818181818], [0.43702493310313206, 0.8704001505201989, 0.9899707070707071], [0.4221714218577807, 0.8481124016112784, 1.0253232323232324], [0.40643320401166866, 0.8276527755804064, 1.0606757575757575], [0.38988026700251793, 0.8089429533526536, 1.0960282828282828], [0.372605487751722, 0.7918846194711492, 1.131380808080808], [0.3547200544519682, 0.7763637060388002, 1.1667333333333334], [0.33634778252787273, 0.7622557582938535, 1.2020858585858587], [0.31761922718924646, 0.7494315365969217, 1.2374383838383838], [0.2986663086495305, 0.7377621273322975, 1.272790909090909], [0.2796179311137863, 0.7271230727101352, 1.3081434343434344], [0.2605967933632767, 0.7173973327972033, 1.3434959595959597], [0.24171733766181008, 0.7084771120006582, 1.3788484848484848], [0.22308467931529993, 0.7002647337056327, 1.41420101010101], [0.2047942777005532, 0.6926727730961489, 1.4495535353535354], [0.18693212568107867, 0.6856237012890126, 1.4849060606060607], [0.16843023632150952, 0.6790492099433667, 1.520258585858586], [0.14574685493169331, 0.6728893809816705, 1.555611111111111], [0.11760768837518175, 0.6670917906158205, 1.5909636363636364], [0.07890652092244098, 0.6616106250796776, 1.6263161616161617], [null, 0.6564058549864911, 1.661668686868687], [null, 0.651442470685298, 1.6970212121212123], [null, 0.6466898035710944, 1.7323737373737373], [null, 0.6421209269764516, 1.7677262626262626], [null, 0.6377121337546775, 1.803078787878788], [null, 0.6334424835163717, 1.8384313131313132], [null, 0.6292934122743157, 1.8737838383838383], [null, 0.6252483966969964, 1.9091363636363636], [null, 0.6212926653702266, 1.944488888888889], [null, 0.6174129507552027, 1.9798414141414142], [null, 0.6135972757133078, 2.0151939393939395], [null, 0.6098347692150325, 2.050546464646465], [null, 0.6061155065021031, 2.08589898989899], [null, 0.6024303722018383, 2.121251515151515], [null, 0.5987709366319179, 2.1566040404040407], [null, 0.5951293502998516, 2.191956565656566], [null, 0.5914982504248015, 2.2273090909090913], [null, 0.5878706751340039, 2.2626616161616164], [null, 0.5842399873205174, 2.2980141414141415], [null, 0.5805998059932101, 2.333366666666667], [null, 0.5769439365662862, 2.368719191919192], [null, 0.5732663138207871, 2.4040717171717176], [null, 0.569560939630538, 2.4394242424242427], [null, 0.5658218238887359, 2.474776767676768], [null, 0.5620429252806078, 2.5101292929292933], [null, 0.55821808945101, 2.5454818181818184], [null, 0.5543409835408892, 2.580834343434344], [null, 0.5504050258160426, 2.616186868686869], [null, 0.5464033066862868, 2.651539393939394], [null, 0.5423285007836909, 2.6868919191919196], [null, 0.538172764533056, 2.7222444444444447], [null, 0.5339276163222725, 2.7575969696969698], [null, 0.5295837932723116, 2.7929494949494953], [null, 0.5251310772609086, 2.8283020202020204], [null, 0.5205580801525769, 2.863654545454546], [null, 0.5158519742803246, 2.899007070707071], [null, 0.5109981485191081, 2.934359595959596], [null, 0.5059797614966668, 2.9697121212121216], [null, 0.5007771499178182, 3.0050646464646467], [null, 0.4953670281242607, 3.040417171717172], [null, 0.48972137912267816, 3.0757696969696973], [null, 0.4838058746964769, 3.1111222222222223], [null, 0.47757755153820675, 3.146474747474748], [null, 0.47098125794065065, 3.181827272727273], [null, 0.46394395892568224, 3.2171797979797985], [null, 0.45636505310522896, 3.2525323232323236], [null, 0.4480985936938526, 3.2878848484848486], [null, 0.43891705604283715, 3.323237373737374], [null, 0.4284253272697641, 3.3585898989898992], [null, 0.415798667463941, 3.3939424242424248], [null, 0.3984070671777488, 3.42929494949495], [null, 0.3077329792579958, 3.464647474747475], [null, 1.7763568394002505e-15, 3.5]]}