{"dim": 3, "delta": 2.5, "mu": 5.906055070328385, "dmu": 0.25, "g": -0.3719912209058008, "k_c": 50, "data": [[0.889151260827431, null, 0.0001], [0.889138639467507, null, 0.02535151515151515], [0.8891009676366772, null, 0.0506030303030303], [0.8890382303433655, null, 0.07585454545454545], [0.8889504028474221, null, 0.1011060606060606], [0.8888374501019648, null, 0.12635757575757572], [0.8886993270070321, null, 0.1516090909090909], [0.8885359782670713, null, 0.17686060606060605], [0.8883473383160845, null, 0.2021121212121212], [0.8881333311754664, null, 0.22736363636363632], [0.8878938703426974, null, 0.25261515151515146], [0.8876288586210787, null, 0.27786666666666665], [0.8873381879156049, null, 0.3031181818181818], [0.8870217391808018, null, 0.3283696969696969], [0.8866793818985479, null, 0.3536212121212121], [0.8863109714874243, null, 0.37887272727272725], [0.8859163621515405, null, 0.4041242424242424], [0.8854953800458564, null, 0.4293757575757575], [0.8850478491369237, null, 0.45462727272727266], [0.8845735794942351, null, 0.47987878787878785], [0.8840723659976837, null, 0.5051303030303029], [0.8835439907492534, null, 0.5303818181818182], [0.8829882224138061, null, 0.5556333333333333], [0.8824048144888225, null, 0.5808848484848484], [0.8817935057012325, null, 0.6061363636363636], [0.8811540191208652, null, 0.6313878787878787], [0.8804860617035183, null, 0.6566393939393939], [0.8797893235134482, null, 0.681890909090909], [0.8790634770674975, null, 0.7071424242424242], [0.8783081765647085, null, 0.7323939393939394], [0.8775230569340526, null, 0.7576454545454545], [0.8767077334106705, null, 0.7828969696969696], [0.8758617948313788, null, 0.8081484848484848], [0.8749848290076394, null, 0.8333999999999999], [0.8740763688631308, null, 0.858651515151515], [0.8731359442589659, null, 0.8839030303030302], [0.8721630541008668, null, 0.9091545454545453], [0.8711571702343798, null, 0.9344060606060606], [0.8701177347332886, null, 0.9596575757575757], [0.869044163436056, null, 0.9849090909090908], [0.8679358346010536, null, 1.0101606060606059], [0.8667920953110915, null, 1.0354121212121212], [0.865612256439914, null, 1.0606636363636364], [0.8643955896371303, null, 1.0859151515151515], [0.8631413257131689, null, 1.1111666666666666], [0.8618486512974154, null, 1.1364181818181818], [0.8605167060564088, null, 1.161669696969697], [0.859144579270661, null, 1.186921212121212], [0.8577313059232162, null, 1.2121727272727272], [0.856275862746444, null, 1.2374242424242423], [0.8547771635948365, null, 1.2626757575757575], [0.8532340544781544, null, 1.2879272727272726], [0.8516453078906315, null, 1.3131787878787877], [0.8500096166185565, null, 1.3384303030303029], [0.8483255868425907, null, 1.363681818181818], [0.846591730231032, null, 1.3889333333333331], [0.8448064553371843, null, 1.4141848484848485], [0.8429680577127074, null, 1.4394363636363636], [0.841074708699331, null, 1.4646878787878788], [0.8391244433953134, null, 1.489939393939394], [0.8371151452066559, null, 1.515190909090909], [0.8350445306352119, null, 1.5404424242424242], [0.8329101298280074, null, 1.5656939393939393], [0.8307092654158607, null, 1.5909454545454544], [0.8284390267449191, null, 1.6161969696969696], [0.8260962413931373, null, 1.6414484848484847], [0.8236774406417523, null, 1.6666999999999998], [0.8211788192957112, null, 1.691951515151515], [0.8185961879341868, null, 1.7172030303030301], [0.815924915792163, null, 1.7424545454545453], [0.8131598626709221, null, 1.7677060606060604], [0.8102952944597662, null, 1.7929575757575755], [0.8073247823003898, null, 1.8182090909090907], [0.8042410748022006, null, 1.843460606060606], [0.801035941705937, null, 1.8687121212121212], [0.7976999690425061, null, 1.8939636363636363], [0.7942223036050797, null, 1.9192151515151514], [0.7905903114216213, null, 1.9444666666666666], [0.7867891251242463, null, 1.9697181818181817], [0.7828010204356532, null, 1.9949696969696968], [0.7786045719378858, null, 2.020221212121212], [0.7741733540750114, null, 2.0454727272727276], [0.7694741072930763, null, 2.0707242424242427], [0.7644637479597175, null, 2.095975757575758], [0.7590844272826519, null, 2.121227272727273], [0.7532545159049387, null, 2.146478787878788], [0.7468503071296182, null, 2.1717303030303032], [0.739661052226715, null, 2.1969818181818184], [0.7312314130697316, null, 2.2222333333333335], [0.7195922358170168, null, 2.2474848484848486], [0.7058888674388556, null, 2.2727363636363638], [0.691305829745555, null, 2.297987878787879], [0.6754396057288762, null, 2.323239393939394], [0.6574717639846978, null, 2.348490909090909], [0.6349384738017143, null, 2.3737424242424243], [0.5799701592330502, null, 2.3989939393939395], [0.5020337955741659, null, 2.4242454545454546], [0.40971896430680027, null, 2.4494969696969697], [0.2895821863111837, null, 2.474748484848485], [5.551115123125783e-17, null, 2.5]]}