{"dim": 3, "delta": 5.25, "mu": 5.906055070328385, "dmu": 3.530625, "g": -0.38988457053455944, "k_c": 50, "data": []}