{"dim": 3, "delta": 2.0, "mu": 5.906055070328385, "dmu": 1.2100000000000002, "g": -0.36682995891667614, "k_c": 50, "data": [[0.3297238304658678, 0.629733700436187, 0.0001], [0.32949080860101976, 0.6297065857889387, 0.0203010101010101], [0.3287936666129754, 0.629625714287224, 0.040502020202020206], [0.3276229530621566, 0.6294909086984102, 0.06070303030303031], [0.3259552352357235, 0.6293018718540685, 0.08090404040404041], [0.3237153347584269, 0.6290581836012624, 0.10110505050505052], [0.32084459537137305, 0.6287592962373507, 0.12130606060606061], [0.3179416608240368, 0.628404528400785, 0.1415070707070707], [0.31500695848070714, 0.6279930574921734, 0.1617080808080808], [0.3120173129002249, 0.6275239100810662, 0.1819090909090909], [0.30895370828773233, 0.6269959495451849, 0.20211010101010102], [0.30579953445556035, 0.626407865330624, 0.2223111111111111], [0.30253954959767676, 0.6257581490582302, 0.2425121212121212], [0.29915922958981694, 0.6250450807478448, 0.2627131313131313], [0.29564434173318493, 0.624266700257779, 0.2829141414141414], [0.29198065938484496, 0.6234207796937272, 0.3031151515151515], [0.2881537728030126, 0.6225047837868374, 0.3233161616161616], [0.2841489729327089, 0.6215158290444529, 0.3435171717171717], [0.2799511976201453, 0.6204506274318683, 0.36371818181818183], [0.27554503718512946, 0.6193054134297162, 0.38391919191919194], [0.2709148023263801, 0.6180758914677967, 0.40412020202020205], [0.26604465992596077, 0.6167570670962883, 0.4243212121212121], [0.2609188456077258, 0.6153431739654269, 0.4445222222222222], [0.25552196272823063, 0.6138274684621718, 0.4647232323232323], [0.24983937198873293, 0.6122020014403068, 0.4849242424242424], [0.243857688897097, 0.6104573110984292, 0.5051252525252525], [0.23756536880485718, 0.6085819948409357, 0.5253262626262626], [0.23095338939436416, 0.6065621114603541, 0.5455272727272727], [0.22401599687384116, 0.6043803111984573, 0.5657282828282828], [0.2167514881655077, 0.6020145321235731, 0.585929292929293], [0.20916297274650716, 0.5994359496150888, 0.606130303030303], [0.20125905864565546, 0.5966055692504273, 0.6263313131313132], [0.19305439075219397, 0.5934681573912687, 0.6465323232323232], [0.18456997443375436, 0.5899402845721454, 0.6667333333333333], [0.17583323128197262, 0.5858832166552607, 0.6869343434343435], [0.16687775304874453, 0.5810253900250254, 0.7071353535353535], [0.15774275230089305, 0.5745976145030348, 0.7273363636363637], [0.14847224012820104, 0.5617745817502048, 0.7475373737373737], [0.13911399133657915, 0.547821606461227, 0.7677383838383839], [0.1297183777962491, 0.5348524475648615, 0.7879393939393939], [0.12033715935937163, 0.5228006193378137, 0.8081404040404041], [0.11100829119884957, 0.5115996862356248, 0.8283414141414142], [0.1004414263628414, 0.5011842871923808, 0.8485424242424242], [0.08809575815299069, 0.4914910163127752, 0.8687434343434344], [0.07335632007101925, 0.4824591284465037, 0.8889444444444444], [0.05443756914389404, 0.4740310630920517, 0.9091454545454546], [0.022699126455271435, 0.4661527924697145, 0.9293464646464646], [null, 0.4587740132792443, 0.9495474747474748], [null, 0.45184820203152626, 0.9697484848484849], [null, 0.4453325751739862, 0.9899494949494949], [null, 0.439187960422127, 1.010150505050505], [null, 0.43337861823931434, 1.0303515151515152], [null, 0.42787202610269837, 1.0505525252525252], [null, 0.4226386432137599, 1.0707535353535353], [null, 0.41765166766553996, 1.0909545454545455], [null, 0.4128867936734202, 1.1111555555555557], [null, 0.4083219849635069, 1.1313565656565656], [null, 0.4039372386495332, 1.1515575757575758], [null, 0.39971439203733994, 1.171758585858586], [null, 0.3956369228137642, 1.1919595959595959], [null, 0.3916897741682367, 1.212160606060606], [null, 0.38785919345758174, 1.2323616161616162], [null, 0.38413258553223245, 1.2525626262626264], [null, 0.3804983794605221, 1.2727636363636363], [null, 0.3769459080772649, 1.2929646464646465], [null, 0.37346529791375455, 1.3131656565656566], [null, 0.3700473697451633, 1.3333666666666666], [null, 0.36668354748879955, 1.3535676767676768], [null, 0.36336577423852046, 1.373768686868687], [null, 0.36008643530935763, 1.393969696969697], [null, 0.35683828545024066, 1.414170707070707], [null, 0.3536143806029337, 1.4343717171717172], [null, 0.3504080120536736, 1.4545727272727274], [null, 0.34721264230013615, 1.4747737373737373], [null, 0.3440218410583406, 1.4949747474747475], [null, 0.34082922006617716, 1.5151757575757576], [null, 0.3376283652347696, 1.5353767676767678], [null, 0.33441276383684104, 1.5555777777777777], [null, 0.33117572481303476, 1.575778787878788], [null, 0.32791028750147333, 1.595979797979798], [null, 0.32460912584682844, 1.6161808080808082], [null, 0.32126441083680246, 1.6363818181818182], [null, 0.3178676779681112, 1.6565828282828283], [null, 0.31440963924102955, 1.6767838383838385], [null, 0.31087995097107646, 1.6969848484848484], [null, 0.3072669212294885, 1.7171858585858586], [null, 0.30355711699761184, 1.7373868686868688], [null, 0.299734836685426, 1.757587878787879], [null, 0.29578137786079073, 1.7777888888888889], [null, 0.29167399252716053, 1.797989898989899], [null, 0.2873843425132853, 1.8181909090909092], [null, 0.28287612438961424, 1.8383919191919191], [null, 0.27810123541780535, 1.8585929292929293], [null, 0.2729931788489828, 1.8787939393939395], [null, 0.26745480608700856, 1.8989949494949496], [null, 0.2613328483149687, 1.9191959595959596], [null, 0.25435579936256536, 1.9393969696969697], [null, 0.2459354612691908, 1.95959797979798], [null, 0.23397971693549405, 1.9797989898989898], [null, 3.164135620181696e-15, 2.0]]}