{"dim": 3, "delta": 2.5, "mu": 5.906055070328385, "dmu": 1.3624999999999998, "g": -0.3719912209058008, "k_c": 50, "data": [[0.2989316392202361, 0.7932811576726284, 0.0001], [0.29871220142937716, 0.7932550123773737, 0.02535151515151515], [0.29805779658294845, 0.7931769481122194, 0.0506030303030303], [0.29696978548780845, 0.7930468464081363, 0.07585454545454545], [0.29545038977108024, 0.7928645091479638, 0.1011060606060606], [0.29350262524880566, 0.7926296574916741, 0.12635757575757572], [0.29113020709701926, 0.7923419288055297, 0.1516090909090909], [0.2883374250748508, 0.7920008748638513, 0.17686060606060605], [0.285128986415659, 0.7916059579759448, 0.2021121212121212], [0.28150982302968053, 0.7911565468332725, 0.22736363636363632], [0.2774848589196637, 0.7906519114471172, 0.25261515151515146], [0.2730587323503214, 0.7900912171126545, 0.27786666666666665], [0.26823546618600463, 0.7894735173156125, 0.3031181818181818], [0.26301807823783535, 0.7887977453871805, 0.3283696969696969], [0.2574081214882465, 0.7880627047989807, 0.3536212121212121], [0.25140514143194354, 0.7872670576963976, 0.37887272727272725], [0.24500603348769662, 0.7864093116287788, 0.4041242424242424], [0.23820427639988884, 0.7854878039053751, 0.4293757575757575], [0.23098900564699384, 0.7845006834166695, 0.45462727272727266], [0.22334386945786158, 0.7834458887458097, 0.47987878787878785], [0.21524557666761324, 0.7823211229999048, 0.5051303030303029], [0.2066619847446687, 0.7811238232632948, 0.5303818181818182], [0.1975494775530406, 0.779851124423585, 0.5556333333333333], [0.1878492042315678, 0.778499815537925, 0.5808848484848484], [0.17748142474228745, 0.7770662867727489, 0.6061363636363636], [0.16633656372381062, 0.7755464646781585, 0.6313878787878787], [0.1542602110265439, 0.773935732967688, 0.6566393939393939], [0.14102611619084016, 0.7722288316242273, 0.681890909090909], [0.1262828343040946, 0.7704197323565066, 0.7071424242424242], [0.10943363339735974, 0.7685014772779789, 0.7323939393939394], [0.08930609250160636, 0.76646596999187, 0.7576454545454545], [0.06283855869888974, 0.7643036996689732, 0.7828969696969696], [null, 0.7620033689687439, 0.8081484848484848], [null, 0.7595513807169587, 0.8333999999999999], [null, 0.7569311102138889, 0.858651515151515], [null, 0.7541218391152874, 0.8839030303030302], [null, 0.7510971335754245, 0.9091545454545453], [null, 0.7478222417783307, 0.9344060606060606], [null, 0.7442496682578129, 0.9596575757575757], [null, 0.7403109606049122, 0.9849090909090908], [null, 0.7358995636209884, 1.0101606060606059], [null, 0.7308277494843205, 1.0354121212121212], [null, 0.7246733212378734, 1.0606636363636364], [null, 0.7152029457286319, 1.0859151515151515], [null, 0.7035327704941836, 1.1111666666666666], [null, 0.6923712854998114, 1.1364181818181818], [null, 0.6816877900913344, 1.161669696969697], [null, 0.6714529098965023, 1.186921212121212], [null, 0.6616386109452908, 1.2121727272727272], [null, 0.6522181990350199, 1.2374242424242423], [null, 0.6431663068526223, 1.2626757575757575], [null, 0.6344588679432112, 1.2879272727272726], [null, 0.6260730836988478, 1.3131787878787877], [null, 0.6179873810492316, 1.3384303030303029], [null, 0.6101813481411293, 1.363681818181818], [null, 0.6026357635413142, 1.3889333333333331], [null, 0.5953323762090679, 1.4141848484848485], [null, 0.5882540111538956, 1.4394363636363636], [null, 0.5813844276967483, 1.4646878787878788], [null, 0.5747082755302758, 1.489939393939394], [null, 0.568211034411767, 1.515190909090909], [null, 0.5618789542290229, 1.5404424242424242], [null, 0.5556989956755316, 1.5656939393939393], [null, 0.5496587729439968, 1.5909454545454544], [null, 0.5437464943986554, 1.6161969696969696], [null, 0.5379509091104162, 1.6414484848484847], [null, 0.5322612486930037, 1.6666999999999998], [null, 0.5266671744676517, 1.691951515151515], [null, 0.5211587220299936, 1.7172030303030301], [null, 0.5157262467089747, 1.7424545454545453], [null, 0.5103603701291715, 1.7677060606060604], [null, 0.5050519054201255, 1.7929575757575755], [null, 0.499791874013461, 1.8182090909090907], [null, 0.49457130271645283, 1.843460606060606], [null, 0.489381293901758, 1.8687121212121212], [null, 0.48421289000037726, 1.8939636363636363], [null, 0.4790570084401691, 1.9192151515151514], [null, 0.4739043466613623, 1.9444666666666666], [null, 0.4687452887468671, 1.9697181818181817], [null, 0.4635697802810708, 1.9949696969696968], [null, 0.4583671895870385, 2.020221212121212], [null, 0.45312613568939186, 2.0454727272727276], [null, 0.4478342760484369, 2.0707242424242427], [null, 0.44247803999648466, 2.095975757575758], [null, 0.43704228655667265, 2.121227272727273], [null, 0.4315098567426272, 2.146478787878788], [null, 0.42586097398624295, 2.1717303030303032], [null, 0.42007242242124865, 2.1969818181818184], [null, 0.41411638889186597, 2.2222333333333335], [null, 0.4079587793133004, 2.2474848484848486], [null, 0.40155667859961997, 2.2727363636363638], [null, 0.3948543396981266, 2.297987878787879], [null, 0.3877765259200925, 2.323239393939394], [null, 0.3802165202900194, 2.348490909090909], [null, 0.3720126790306461, 2.3737424242424243], [null, 0.362895611027649, 2.3989939393939395], [null, 0.3523418204390908, 2.4242454545454546], [null, 0.33896807569800946, 2.4494969696969697], [null, 0.28958218638652056, 2.474748484848485], [null, 2.6645352591003757e-14, 2.5]]}