{"dim": 3, "delta": 0.75, "mu": 5.906055070328385, "dmu": 0.47625000000000006, "g": -0.34545454776739287, "k_c": 50, "data": [[0.13301986570189736, 0.24823978465164062, 0.0001], [0.13291240120224018, 0.24822889188715064, 0.007674747474747475], [0.13258759608141463, 0.2481967494077494, 0.015249494949494949], [0.1319991877825659, 0.24814329164137197, 0.022824242424242424], [0.13117175300969264, 0.24806840760139237, 0.030398989898989898], [0.1303782960390618, 0.247971940625471, 0.037973737373737375], [0.12959976412745347, 0.24785368672282268, 0.04554848484848485], [0.12882416556777124, 0.24771339250488233, 0.05312323232323232], [0.12804330132781763, 0.24755075241085564, 0.0606979797979798], [0.12725098246184036, 0.24736540543684415, 0.06827272727272728], [0.1264421405251675, 0.24715693107502915, 0.07584747474747475], [0.1256123340699305, 0.24692484430098494, 0.08342222222222222], [0.12475744784562612, 0.24666858995427937, 0.0909969696969697], [0.12387349439012142, 0.24638753520267942, 0.09857171717171717], [0.122956472576005, 0.24608096143955008, 0.10614646464646464], [0.1220022571284962, 0.24574805394471244, 0.11372121212121213], [0.1210065072482046, 0.24538789024334212, 0.1212959595959596], [0.1199645848782336, 0.2449994065453139, 0.12887070707070705], [0.11887147864638936, 0.24458146779628298, 0.13644545454545454], [0.1177217296132186, 0.24413267211601006, 0.144020202020202], [0.11650935861517094, 0.2436514962733298, 0.15159494949494948], [0.11522779444385817, 0.243136175617948, 0.15916969696969696], [0.11386980487595191, 0.24258467868787115, 0.16674444444444442], [0.11242743341834108, 0.24199465099891249, 0.1743191919191919], [0.11089194774872434, 0.24136335265899844, 0.18189393939393939], [0.10925380765845873, 0.24068755028442454, 0.18946868686868684], [0.10750266520442969, 0.23996340894522342, 0.19704343434343433], [0.10562741313925617, 0.23918631555683903, 0.2046181818181818], [0.10361630330589011, 0.23835064418178073, 0.21219292929292927], [0.10145716130768556, 0.23744941621688442, 0.21976767676767675], [0.09913772655311959, 0.23647379251040926, 0.22734242424242423], [0.09664614717095568, 0.2354122870874161, 0.2349171717171717], [0.09397165023720128, 0.23424947667141893, 0.24249191919191918], [0.09110539106757971, 0.23296375216680557, 0.25006666666666666], [0.08804144975048947, 0.23152300680566815, 0.2576414141414141], [0.08477791431157626, 0.22987532993112672, 0.26521616161616157], [0.08131790926607507, 0.22792456754614707, 0.2727909090909091], [0.07767042956179973, 0.22543861729087494, 0.28036565656565654], [0.07385079911988106, 0.2205321354072962, 0.287940404040404], [0.06988061324417578, 0.21224999983746726, 0.2955151515151515], [0.06578711827857715, 0.20477855540145998, 0.30308989898989896], [0.061602067745629936, 0.19805016395397995, 0.3106646464646464], [0.0573602178470478, 0.1919966579214257, 0.31823939393939393], [0.05309767326898045, 0.18655084743174327, 0.3258141414141414], [0.04885030324013429, 0.1816479642537867, 0.33338888888888885], [0.04465240221296054, 0.177226870848605, 0.34096363636363636], [0.040535693386533886, 0.1732309344862243, 0.3485383838383838], [0.0365286999516216, 0.16960854259684738, 0.35611313131313127], [0.03264768240015888, 0.16631329233643877, 0.3636878787878788], [0.02802787158618851, 0.16330391844468475, 0.37126262626262624], [0.02209202622865247, 0.16054403525832023, 0.3788373737373737], [0.013451690942425784, 0.15800176074039796, 0.3864121212121212], [null, 0.1556492824928838, 0.39398686868686866], [null, 0.1534624057239528, 0.4015616161616161], [null, 0.1514201125315861, 0.40913636363636363], [null, 0.14950415023142874, 0.4167111111111111], [null, 0.14769865724482878, 0.42428585858585854], [null, 0.1459898254525849, 0.43186060606060606], [null, 0.14436563236034453, 0.4394353535353535], [null, 0.14281553847661888, 0.44701010101010097], [null, 0.1413303174869464, 0.4545848484848485], [null, 0.13990184427471203, 0.46215959595959594], [null, 0.13852293882317415, 0.4697343434343434], [null, 0.13718722848082895, 0.4773090909090909], [null, 0.13588903033126742, 0.48488383838383836], [null, 0.13462325055041888, 0.4924585858585858], [null, 0.1333852892590969, 0.5000333333333333], [null, 0.1321710070192981, 0.5076080808080807], [null, 0.13097657945057006, 0.5151828282828282], [null, 0.12979851793170005, 0.5227575757575758], [null, 0.12863358449714038, 0.5303323232323232], [null, 0.12747875256854613, 0.5379070707070707], [null, 0.12633116777500158, 0.5454818181818182], [null, 0.12518811110616077, 0.5530565656565656], [null, 0.12404696596540808, 0.5606313131313131], [null, 0.12290518348427648, 0.5682060606060606], [null, 0.12176025270518183, 0.575780808080808], [null, 0.12060966764668173, 0.5833555555555555], [null, 0.1194508943913821, 0.590930303030303], [null, 0.11828133470580136, 0.5985050505050504], [null, 0.11709828770796485, 0.6060797979797979], [null, 0.11589890444365647, 0.6136545454545455], [null, 0.11468013559708636, 0.6212292929292929], [null, 0.11343866821200219, 0.6288040404040404], [null, 0.11217084757885361, 0.6363787878787879], [null, 0.11087257834973202, 0.6439535353535353], [null, 0.10953919620229123, 0.6515282828282828], [null, 0.10816529721760056, 0.6591030303030303], [null, 0.10674450490221456, 0.6666777777777777], [null, 0.10526914349598648, 0.6742525252525252], [null, 0.10372976308394803, 0.6818272727272727], [null, 0.10211442441857897, 0.6894020202020201], [null, 0.10040758834081312, 0.6969767676767676], [null, 0.09858822737462145, 0.7045515151515152], [null, 0.09662652993944511, 0.7121262626262626], [null, 0.09447740512109656, 0.7197010101010101], [null, 0.09206606247721408, 0.7272757575757576], [null, 0.08924878493856885, 0.734850505050505], [null, 0.08565792505636205, 0.7424252525252525], [null, -6.961653475912044e-13, 0.75]]}