{"dim": 3, "delta": 3.25, "mu": 5.906055070328385, "dmu": 2.1531249999999997, "g": -0.3781904243401935, "k_c": 50, "data": [[0.6630740272769523, 0.8486591645437033, 0.0001], [0.6636991205412546, 0.8485115644376874, 0.03292727272727273], [0.6655907166272804, 0.8480679842437682, 0.06575454545454545], [0.6688625363242061, 0.8473205436668109, 0.09858181818181817], [0.673701231758621, 0.8462553896417035, 0.1314090909090909], [0.6788869859173732, 0.8448514693515933, 0.16423636363636362], [0.6844275692951893, 0.8430784383150847, 0.19706363636363633], [0.6904825074143073, 0.8408931896256655, 0.22989090909090906], [0.6972318033794167, 0.8382339284772179, 0.2627181818181818], [0.7049030105262918, 0.8350095013198905, 0.2955454545454545], [0.7138086871197711, 0.8310785200549552, 0.32837272727272726], [0.7244118810708795, 0.8262032249512988, 0.36119999999999997], [0.7374603285214579, 0.8199263106328779, 0.39402727272727267], [0.754312620919455, 0.811109265459594, 0.42685454545454543]]}