{"dim": 3, "delta": 0.25, "mu": 5.906055070328385, "dmu": 0.179375, "g": -0.3240909709653437, "k_c": 50, "data": []}