{"dim": 3, "delta": 0.25, "mu": 5.906055070328385, "dmu": 0.14937500000000004, "g": -0.3240909709653437, "k_c": 50, "data": [[0.03809884045163762, 0.08643555242951514, 0.0001], [0.038075868162161956, 0.08643244645968785, 0.0026242424242424243], [0.03801034556144852, 0.086423580325523, 0.005148484848484849], [0.03790233096456295, 0.08640894172296694, 0.007672727272727274], [0.0377519099794341, 0.08638851025898585, 0.010196969696969697], [0.037559176687383046, 0.08636225730440933, 0.012721212121212123], [0.03732419884988323, 0.08633014580938209, 0.015245454545454546], [0.03704695146762114, 0.08629213011006921, 0.01776969696969697], [0.03672717626454066, 0.08624815533060425, 0.020293939393939395], [0.03636402420357885, 0.08619815738554285, 0.02281818181818182], [0.035954711969190166, 0.0861420622625337, 0.025342424242424246], [0.03548870181179343, 0.08607978551629229, 0.027866666666666668], [0.03500048046724121, 0.08601123157274286, 0.030390909090909093], [0.034499925035485594, 0.08593629295206377, 0.03291515151515152], [0.03398545440323036, 0.08585484964224173, 0.035439393939393944], [0.03345558277619247, 0.08576676762979438, 0.03796363636363637], [0.03290889184346212, 0.08567189786588995, 0.040487878787878795], [0.03234401381444456, 0.08557007529552123, 0.04301212121212122], [0.03175962311992652, 0.08546111629668632, 0.045536363636363646], [0.03115443425815491, 0.08534481768626595, 0.04806060606060607], [0.03052720730172211, 0.08522095406661784, 0.050584848484848496], [0.029876757097074807, 0.08508927525824639, 0.05310909090909092], [0.029201969500238796, 0.08494950324493175, 0.05563333333333334], [0.028501822637160296, 0.08480132847511926, 0.05815757575757577], [0.027775413792989357, 0.08464440560229743, 0.06068181818181819], [0.02702199172196822, 0.08447834789108055, 0.06320606060606061], [0.02624099406438461, 0.08430272138974908, 0.06573030303030304], [0.025432089147684432, 0.08411703640698678, 0.06825454545454547], [0.024595221035679925, 0.08392073854347373, 0.07077878787878789], [0.023730656262632967, 0.0837131962950473, 0.07330303030303031], [0.02283902996510706, 0.08349368600917387, 0.07582727272727274], [0.021921388801025198, 0.08326137259336196, 0.07835151515151516], [0.020979227538821033, 0.08301528436858883, 0.08087575757575759], [0.020014515545744353, 0.08275427990728319, 0.08340000000000002], [0.019029711508294214, 0.08247700369738263, 0.08592424242424243], [0.01802776126194375, 0.08218182448655321, 0.08844848484848486], [0.017012079414975016, 0.08186674950275898, 0.09097272727272729], [0.01592219781421128, 0.08152929797411003, 0.0934969696969697], [0.014720752510562327, 0.08116631136979198, 0.09602121212121213], [0.013395845034483999, 0.08077365247943201, 0.09854545454545456], [0.011911723927061886, 0.0803457019471276, 0.10106969696969699], [0.01020223606542769, 0.07987444610735404, 0.1035939393939394], [0.00812861060496339, 0.07934765460599066, 0.10611818181818183], [0.005280062753231181, 0.07874462369501226, 0.10864242424242426], [null, 0.07802336869726356, 0.11116666666666668], [null, 0.07705005749545958, 0.1136909090909091], [null, 0.07514717890352621, 0.11621515151515154], [null, 0.07324836353456894, 0.11873939393939395], [null, 0.07148356224510603, 0.12126363636363638], [null, 0.06984035383885982, 0.12378787878787881], [null, 0.06830741738620907, 0.1263121212121212], [null, 0.06687445431298931, 0.12883636363636364], [null, 0.06553211163611075, 0.13136060606060607], [null, 0.06427190491466349, 0.1338848484848485], [null, 0.06308614684629343, 0.13640909090909092], [null, 0.0619678752243472, 0.13893333333333333], [null, 0.060910787667251345, 0.14145757575757575], [null, 0.059909178653318164, 0.14398181818181818], [null, 0.05895788168610642, 0.1465060606060606], [null, 0.0580522148260185, 0.14903030303030304], [null, 0.05718793308940111, 0.15155454545454547], [null, 0.05636118080729181, 0.15407878787878787], [null, 0.05556845393517731, 0.1566030303030303], [null, 0.054806558574440466, 0.15912727272727273], [null, 0.05407258135248573, 0.16165151515151516], [null, 0.05336385662850891, 0.16417575757575759], [null, 0.052677939720949626, 0.16670000000000001], [null, 0.052012580496414794, 0.16922424242424244], [null, 0.05136570261871019, 0.17174848484848484], [null, 0.05073538198096599, 0.17427272727272727], [null, 0.05011982800478617, 0.1767969696969697], [null, 0.04951736634951782, 0.17932121212121213], [null, 0.04892642305496872, 0.18184545454545456], [null, 0.04834550944931582, 0.184369696969697], [null, 0.04777320801083385, 0.1868939393939394], [null, 0.04720815878764304, 0.18941818181818182], [null, 0.04664904623695931, 0.19194242424242425], [null, 0.04609458503178164, 0.19446666666666668], [null, 0.045543507609074864, 0.1969909090909091], [null, 0.04499454902851742, 0.19951515151515153], [null, 0.044446431350700887, 0.20203939393939396], [null, 0.04389784610106894, 0.20456363636363636], [null, 0.043347434903605646, 0.2070878787878788], [null, 0.042793766398860275, 0.20961212121212122], [null, 0.04223530413754995, 0.21213636363636365], [null, 0.04167037414855321, 0.21466060606060608], [null, 0.041097118101367965, 0.2171848484848485], [null, 0.040513431702592195, 0.2197090909090909], [null, 0.03991688300884647, 0.22223333333333334], [null, 0.03930459741414307, 0.22475757575757577], [null, 0.03867309210666051, 0.2272818181818182], [null, 0.038018027953700385, 0.22980606060606062], [null, 0.03733382146358983, 0.23233030303030305], [null, 0.03661300350517155, 0.23485454545454545], [null, 0.03584508486294632, 0.23737878787878788], [null, 0.03501436072976127, 0.2399030303030303], [null, 0.03409508871579991, 0.24242727272727274], [null, 0.033038646181352126, 0.24495151515151517], [null, 0.031725001178065274, 0.2474757575757576], [null, -8.1601392309949e-14, 0.25]]}