{"dim": 3, "delta": 3.0, "mu": 5.906055070328385, "dmu": 1.6227272727272726, "g": -0.37628449054250135, "k_c": 50, "data": [[0.3587622398624348, 0.9220079335896282, 0.0001], [0.3584867989522478, 0.9219757710130753, 0.0304020202020202], [0.35766475356381133, 0.921879650616077, 0.060704040404040406], [0.3562980720486784, 0.9217194094053963, 0.0910060606060606], [0.35438996275021306, 0.921494774118974, 0.12130808080808081], [0.3519447693761763, 0.9212053593281181, 0.151610101010101], [0.3489678231529121, 0.9208506644768606, 0.1819121212121212], [0.34546524975627474, 0.9204300677385922, 0.2122141414141414], [0.3414437284755519, 0.9199428244144787, 0.2425161616161616], [0.3369102002592447, 0.9193880565601221, 0.2728181818181818], [0.33187151899948875, 0.9187647469368655, 0.303120202020202], [0.32633404144227196, 0.9180717288932918, 0.33342222222222223], [0.32030314443129415, 0.9173076756079087, 0.3637242424242424], [0.3137826635743769, 0.9164710857811359, 0.3940262626262626], [0.30677423656098746, 0.9155602687391479, 0.42432828282828283], [0.2992765360387584, 0.9145733253691739, 0.454630303030303], [0.29128436575544, 0.913508124134007, 0.4849323232323232], [0.28278758669507625, 0.9123622854310445, 0.5152343434343434], [0.27376981007231216, 0.9111331303615053, 0.5455363636363636], [0.2642067686810435, 0.9098176628788489, 0.5758383838383838], [0.25406421149471986, 0.9084125171798056, 0.606140404040404], [0.24329506469069512, 0.906913904576209, 0.6364424242424243], [0.23183543022947586, 0.9053175488978414, 0.6667444444444445], [0.21959867035567524, 0.9036186058567822, 0.6970464646464646], [0.20646621651748806, 0.901811563661035, 0.7273484848484848], [0.19227247687604931, 0.8998901182025818, 0.757650505050505], [0.1767783709040177, 0.8978470145930336, 0.7879525252525252], [0.15962085893748817, 0.8956738433467242, 0.8182545454545455], [0.140204983849474, 0.8933607734883626, 0.8485565656565657], [0.11743006187520941, 0.8908961975208729, 0.8788585858585858], [0.08876238449487799, 0.8882662496056718, 0.909160606060606], [0.04389278769686948, 0.885454126983367, 0.9394626262626262], [null, 0.8824391254559832, 0.9697646464646464], [null, 0.8791952022389831, 1.0000666666666667], [null, 0.8756887363970246, 1.0303686868686868], [null, 0.8718748445691006, 1.060670707070707], [null, 0.8676909354695108, 1.0909727272727272], [null, 0.8630441345937268, 1.1212747474747475], [null, 0.8577831657804397, 1.1515767676767676], [null, 0.8516184724674856, 1.1818787878787878], [null, 0.8437287146707942, 1.212180808080808], [null, 0.8311726440670933, 1.2424828282828282], [null, 0.8185630572781806, 1.2727848484848485], [null, 0.8064872228981212, 1.3030868686868686], [null, 0.7949135281491886, 1.333388888888889], [null, 0.7838116703727428, 1.363690909090909], [null, 0.7731526771985371, 1.3939929292929292], [null, 0.7629089083230466, 1.4242949494949495], [null, 0.7530540462504697, 1.4545969696969696], [null, 0.7435630768498994, 1.48489898989899], [null, 0.7344122572595199, 1.51520101010101], [null, 0.7255790797203915, 1.5455030303030304], [null, 0.7170422260764842, 1.5758050505050505], [null, 0.7087815182610668, 1.6061070707070706], [null, 0.700777864799539, 1.636409090909091], [null, 0.693013204591031, 1.666711111111111], [null, 0.6854704489290114, 1.6970131313131314], [null, 0.6781334222747869, 1.7273151515151515], [null, 0.6709868042873008, 1.7576171717171716], [null, 0.664016066969798, 1.787919191919192], [null, 0.6572074236931702, 1.818221212121212], [null, 0.6505477598971224, 1.8485232323232323], [null, 0.6440245864429098, 1.8788252525252525], [null, 0.6376259778261684, 1.9091272727272728], [null, 0.6313405189924566, 1.939429292929293], [null, 0.6251572485079142, 1.969731313131313], [null, 0.619065609700466, 2.0000333333333336], [null, 0.6130553866325278, 2.030335353535354], [null, 0.6071166591957857, 2.0606373737373738], [null, 0.6012397438273441, 2.090939393939394], [null, 0.5954151361541791, 2.1212414141414144], [null, 0.5896334499967666, 2.1515434343434343], [null, 0.5838853668460445, 2.1818454545454546], [null, 0.5781615462855987, 2.212147474747475], [null, 0.5724525750621856, 2.2424494949494953], [null, 0.5667488755446375, 2.272751515151515], [null, 0.5610406169103946, 2.3030535353535355], [null, 0.5553176109531416, 2.333355555555556], [null, 0.5495691900852174, 2.3636575757575757], [null, 0.5437840638300431, 2.393959595959596], [null, 0.5379501439525223, 2.4242616161616164], [null, 0.5320543311444839, 2.4545636363636367], [null, 0.5260822481045797, 2.4848656565656566], [null, 0.5200178997877527, 2.515167676767677], [null, 0.5138432342732654, 2.5454696969696973], [null, 0.5075375603497869, 2.575771717171717], [null, 0.5010767614643599, 2.6060737373737375], [null, 0.49443220503614055, 2.636375757575758], [null, 0.4875691870751301, 2.666677777777778], [null, 0.48044463865043796, 2.696979797979798], [null, 0.47300360742752884, 2.7272818181818184], [null, 0.465173594296307, 2.7575838383838387], [null, 0.4568548663403694, 2.7878858585858586], [null, 0.44790253139474157, 2.818187878787879], [null, 0.4380895929023969, 2.8484898989898992], [null, 0.4270177600318224, 2.8787919191919196], [null, 0.4138372674939381, 2.9090939393939395], [null, 0.3956383129584388, 2.93939595959596], [null, 0.2989825042233656, 2.96969797979798], [null, -1.8490764475131982e-13, 3.0]]}