{"dim": 3, "delta": 2.5, "mu": 5.906055070328385, "dmu": 1.75, "g": -0.3719912209058008, "k_c": 50, "data": [[0.5712379681248589, 0.6380628408392705, 0.0001], [0.5717650409565915, 0.637747068839589, 0.02535151515151515], [0.5733609377102409, 0.6367782108117606, 0.0506030303030303], [0.5761051276926321, 0.6350659543726047, 0.07585454545454545], [0.580178984217448, 0.6324101436137772, 0.1011060606060606], [0.586021036949303, 0.6283446499771895, 0.12635757575757572], [0.5951594118290826, 0.6213043302614446, 0.1516090909090909]]}