{"dim": 3, "delta": 5.25, "mu": 5.906055070328385, "dmu": 2.979375, "g": -0.38988457053455944, "k_c": 50, "data": [[0.8617393386569636, null, 0.0001], [0.8606552405120323, null, 0.053129292929292936], [0.8573355612199548, null, 0.10615858585858587], [0.851225622972379, null, 0.1591878787878788], [0.844053377443694, null, 0.21221717171717172], [0.836860225176847, null, 0.2652464646464647], [0.8294853856359018, null, 0.3182757575757576], [0.8218183576511463, null, 0.3713050505050505], [0.8137711769835511, null, 0.42433434343434345], [0.8052665491076666, null, 0.4773636363636364], [0.7962321759214678, null, 0.5303929292929294], [0.7865979929187648, null, 0.5834222222222223], [0.7762950383481355, null, 0.6364515151515152], [0.7652554226679957, null, 0.6894808080808081], [0.7534131691112425, null, 0.7425101010101011], [0.7407058061193991, null, 0.795539393939394], [0.7270766191977799, null, 0.8485686868686869], [0.7124774221257388, null, 0.9015979797979798], [0.6968716336230097, null, 0.9546272727272728], [0.6802373554869675, null, 1.0076565656565657], [0.662570079159505, null, 1.0606858585858587], [0.6438846312062281, null, 1.1137151515151515], [0.6242160343508871, null, 1.1667444444444446], [0.603619092210422, null, 1.2197737373737374], [0.5821667208642508, null, 1.2728030303030304], [0.5599472178152665, null, 1.3258323232323233], [0.5370608337486465, null, 1.3788616161616163], [0.5136160548935892, null, 1.431890909090909], [0.4897259924283622, null, 1.4849202020202021], [0.46550517287517973, null, 1.537949494949495], [0.4410669311179754, null, 1.590978787878788], [0.41652143942756564, null, 1.6440080808080808], [0.39197438409819235, null, 1.6970373737373738], [0.36752618364971795, null, 1.7500666666666669], [0.3426043473574097, null, 1.8030959595959597], [0.31403021622137844, null, 1.8561252525252527], [0.2814943266825029, null, 1.9091545454545455], [0.24379860477794282, null, 1.9621838383838386], [0.1982236018607048, null, 2.0152131313131316], [0.13729515235544268, null, 2.0682424242424244], [0.9953762410902773, null, 2.1212717171717177], [0.9886975881150932, null, 2.1743010101010105], [0.9822920609446018, null, 2.2273303030303033], [0.9761282223786704, null, 2.280359595959596], [0.9701779849315864, null, 2.3333888888888894], [0.964416207305355, null, 2.386418181818182], [0.9588203275220184, null, 2.439447474747475], [0.9533700467914932, null, 2.492476767676768], [0.9480470460665098, null, 2.545506060606061], [0.9428347391341901, null, 2.598535353535354], [0.9377180548175289, null, 2.6515646464646467], [0.9326832458596123, null, 2.70459393939394], [0.9277177203313155, null, 2.757623232323233], [0.9228098936627804, null, 2.8106525252525256], [0.9179490572336484, null, 2.8636818181818184], [0.9131252615007364, null, 2.9167111111111117], [0.9083292153476531, null, 2.9697404040404045], [0.9035521870558969, null, 3.0227696969696973], [0.8987859267134275, null, 3.07579898989899], [0.8940225869602605, null, 3.1288282828282834], [0.8892546537892934, null, 3.181857575757576], [0.8844748818137432, null, 3.234886868686869], [0.8796762310400172, null, 3.287916161616162], [0.8748518217032092, null, 3.340945454545455], [0.8699948532015622, null, 3.393974747474748], [0.8650985745617191, null, 3.4470040404040407], [0.8601562169434162, null, 3.500033333333334], [0.8551609403182767, null, 3.553062626262627], [0.8501057754457725, null, 3.6060919191919196], [0.8449835624171483, null, 3.6591212121212124], [0.8397868843645945, null, 3.7121505050505057], [0.834507994794114, null, 3.7651797979797985], [0.8291387348961993, null, 3.8182090909090913], [0.8236704476058652, null, 3.871238383838384], [0.8180938587610926, null, 3.9242676767676774], [0.8123989651805748, null, 3.97729696969697], [0.8065748810234795, null, 4.030326262626263], [0.8006096618426168, null, 4.083355555555555], [0.7944900888020252, null, 4.136384848484848], [0.788201402347417, null, 4.189414141414141], [0.7817269686674292, null, 4.242443434343435], [0.7750478559393996, null, 4.2954727272727276], [0.7681422871246049, null, 4.34850202020202], [0.7609849209052516, null, 4.401531313131313], [0.7535458881044418, null, 4.454560606060606], [0.7457894715975569, null, 4.507589898989899], [0.7376722512104726, null, 4.560619191919192], [0.7291404182349702, null, 4.613648484848485], [0.720125748446237, null, 4.666677777777778], [0.7105392995054113, null, 4.719707070707071], [0.7002610094050538, null, 4.772736363636364], [0.6891213230461287, null, 4.825765656565657], [0.6768656610824318, null, 4.878794949494949], [0.6630763316030486, null, 4.931824242424242], [0.6469632768946821, null, 4.984853535353535], [0.6265518641523633, null, 5.037882828282829], [0.5809534625626426, null, 5.0909121212121216], [0.4743483716324014, null, 5.143941414141414], [0.335416550744439, null, 5.196970707070707], [1.3322676295501878e-15, null, 5.25]]}