{"dim": 3, "delta": 0.75, "mu": 5.906055070328385, "dmu": 0.525, "g": -0.34545454776739287, "k_c": 50, "data": [[0.15617790126238387, 0.23093650998858206, 0.0001], [0.15634009938910112, 0.23091693162482466, 0.007674747474747475], [0.15689479450869784, 0.23085908835365612, 0.015249494949494949], [0.1575684696142159, 0.2307626661341281, 0.022824242424242424], [0.15820914992842602, 0.2306271316903875, 0.030398989898989898], [0.1588472965645, 0.23045171605785375, 0.037973737373737375], [0.1595004183066719, 0.23023539895782175, 0.04554848484848485], [0.1601812374757035, 0.22997687699701033, 0.05312323232323232], [0.16090066473601386, 0.2296745250703813, 0.0606979797979798], [0.1616692197837801, 0.22932634100662147, 0.06827272727272728], [0.16249790087559138, 0.22892988704221914, 0.07584747474747475], [0.16339886815961824, 0.22848217378202731, 0.08342222222222222], [0.16438611426508654, 0.22797955470037015, 0.0909969696969697], [0.1654762388710329, 0.22741754020386026, 0.09857171717171717], [0.1666894418594708, 0.2267905534247086, 0.10614646464646464], [0.1680508864972832, 0.2260915751350663, 0.11372121212121213], [0.1695926656554264, 0.2253116154382372, 0.1212959595959596], [0.1713567658078423, 0.2244388966493367, 0.12887070707070705], [0.1733997430793869, 0.22345752729037094, 0.13644545454545454], [0.17580049517709623, 0.22234521796597703, 0.144020202020202], [0.17867403239831028, 0.22106901445578028, 0.15159494949494948], [0.18219797191987616, 0.2195764193090949, 0.15916969696969696], [0.1866695682165282, 0.2177737129858511, 0.16674444444444442], [0.1926504433893975, 0.21545700162024903, 0.1743191919191919], [0.2014496512299853, 0.21191620998801713, 0.18189393939393939]]}