{"dim": 3, "delta": 2.5, "mu": 5.906055070328385, "dmu": 1.5875, "g": -0.3719912209058008, "k_c": 50, "data": [[0.4616426847762551, 0.7362259153450886, 0.0001], [0.46058272065881545, 0.7361787900791722, 0.02535151515151515], [0.45918984702030213, 0.7360379663926067, 0.0506030303030303], [0.45801341188547073, 0.7358028772559992, 0.07585454545454545], [0.4569216828439799, 0.7354725662099023, 0.1011060606060606], [0.4558670594545355, 0.7350456692616365, 0.12635757575757572], [0.45482576356469484, 0.7345203874325551, 0.1516090909090909], [0.45378352147145057, 0.7338944495487943, 0.17686060606060605], [0.4527305363121931, 0.7331650634803641, 0.2021121212121212], [0.45165932260254243, 0.7323288527334026, 0.22736363636363632], [0.45056359394542533, 0.7313817751248396, 0.25261515151515146], [0.44943762703970513, 0.7303190187905849, 0.27786666666666665], [0.4482758441262313, 0.7291348673601236, 0.3031181818181818], [0.44707249951345834, 0.7278225263576634, 0.3283696969696969], [0.44582140800770337, 0.726373894607509, 0.3536212121212121], [0.44451567803579645, 0.7247792606083691, 0.37887272727272725], [0.4431474189309471, 0.7230268923653429, 0.4041242424242424], [0.44170739534016545, 0.7211024699368063, 0.4293757575757575], [0.4401845978104731, 0.71898828404851, 0.45462727272727266], [0.43856568951640973, 0.7166620673311785, 0.47987878787878785], [0.43683427738416447, 0.7140952295793492, 0.5051303030303029], [0.4349699303203117, 0.711250072373007, 0.5303818181818182], [0.4329468425660374, 0.7080751450408681, 0.5556333333333333], [0.43073198606327934, 0.7044969317389191, 0.5808848484848484], [0.4282825378838997, 0.7004034553929269, 0.6061363636363636], [0.42554227638818154, 0.6956071917488116, 0.6313878787878787], [0.4224365567021052, 0.6897404925095798, 0.6566393939393939], [0.41886538693542874, 0.6817976540864377, 0.681890909090909], [0.4146942839312845, 0.660668781608607, 0.7071424242424242], [0.4097432503996454, 0.629989630983837, 0.7323939393939394], [0.40377632916005046, 0.6013665524271907, 0.7576454545454545], [0.39649900491425943, 0.5750799755528556, 0.7828969696969696], [0.3875784295601719, 0.5514509676339521, 0.8081484848484848], [0.3767056212846337, 0.5307786488881909, 0.8333999999999999], [0.36370096462533713, 0.5132343487519662, 0.858651515151515], [0.34861488461709367, 0.4987606206099961, 0.8839030303030302], [0.33174471149457707, 0.48705410657096915, 0.9091545454545453], [0.31354616565311627, 0.47765380681984926, 0.9344060606060606], [0.29450755250263944, 0.4700666728094128, 0.9596575757575757], [0.27506143523744264, 0.46385571781082335, 0.9849090909090908], [0.2555518309139771, 0.4586727207208825, 1.0101606060606059], [0.2362368449576834, 0.4542553929891604, 1.0354121212121212], [0.21730485692866006, 0.4504110971078574, 1.0606636363636364], [0.19889196085183186, 0.4469993103035874, 1.0859151515151515], [0.18109638600320885, 0.4439172109316114, 1.1111666666666666], [0.1639892527832798, 0.44108871466826133, 1.1364181818181818], [0.1476222557801562, 0.4384569369213721, 1.161669696969697], [0.13203306889900993, 0.4359787058902243, 1.186921212121212], [0.1172491542217735, 0.43362080109696366, 1.2121727272727272], [0.10329046696490181, 0.43135729320957317, 1.2374242424242423], [0.08777325596669124, 0.4291676641513234, 1.2626757575757575], [0.06657039911788416, 0.42703545531689013, 1.2879272727272726], [0.031730156568695995, 0.42494728913402924, 1.3131787878787877], [null, 0.422892150329835, 1.3384303030303029], [null, 0.4208608516959272, 1.363681818181818], [null, 0.4188456324576446, 1.3889333333333331], [null, 0.41683985244982996, 1.4141848484848485], [null, 0.4148377566181084, 1.4394363636363636], [null, 0.4128342914623754, 1.4646878787878788], [null, 0.4108249602655574, 1.489939393939394], [null, 0.40880570761694224, 1.515190909090909], [null, 0.40677282581071356, 1.5404424242424242], [null, 0.404722878291064, 1.5656939393939393], [null, 0.4026526356680734, 1.5909454545454544], [null, 0.4005590215973144, 1.6161969696969696], [null, 0.39843906595570927, 1.6414484848484847], [null, 0.3962898547418206, 1.6666999999999998], [null, 0.3941085362206311, 1.691951515151515], [null, 0.3918921988479605, 1.7172030303030301], [null, 0.38963792513416473, 1.7424545454545453], [null, 0.3873427147848311, 1.7677060606060604], [null, 0.385003461895211, 1.7929575757575755], [null, 0.38261691636945333, 1.8182090909090907], [null, 0.38017965042514007, 1.843460606060606], [null, 0.37768801565921245, 1.8687121212121212], [null, 0.3751380974887846, 1.8939636363636363], [null, 0.37252564879617994, 1.9192151515151514], [null, 0.3698460976614447, 1.9444666666666666], [null, 0.36709433772896344, 1.9697181818181817], [null, 0.3642647789715446, 1.9949696969696968], [null, 0.3613511737693112, 2.020221212121212], [null, 0.35834650093924997, 2.0454727272727276], [null, 0.35524280354985976, 2.0707242424242427], [null, 0.35203098311010533, 2.095975757575758], [null, 0.34870053467397644, 2.121227272727273], [null, 0.3452391992642495, 2.146478787878788], [null, 0.34163249998001827, 2.1717303030303032], [null, 0.33786310892537325, 2.1969818181818184], [null, 0.3339099620997246, 2.2222333333333335], [null, 0.3297469855189642, 2.2474848484848486], [null, 0.32534120453514903, 2.2727363636363638], [null, 0.3206498026502861, 2.297987878787879], [null, 0.31561534983410655, 2.323239393939394], [null, 0.31015750872490777, 2.348490909090909], [null, 0.304157408212925, 2.3737424242424243], [null, 0.29742459659672676, 2.3989939393939395], [null, 0.28961410344076605, 2.4242454545454546], [null, 0.27994691290363505, 2.4494969696969697], [null, 0.26518043862020907, 2.474748484848485], [null, 2.3869795029440866e-15, 2.5]]}