{"dim": 3, "delta": 9.0, "mu": 5.906055070328385, "dmu": 4.924285714285714, "g": -0.40375240921843647, "k_c": 50, "data": []}