{"dim": 3, "delta": 2, "mu": 5.906055070328385, "dmu": 0.4, "g": -0.36682995891667614, "k_c": 50, "data": [[0.7251761592766847, null, 0.0001], [0.7251652945824341, null, 0.0203010101010101], [0.7251329063803453, null, 0.040502020202020206], [0.7250789817361439, null, 0.06070303030303031], [0.7250034981392633, null, 0.08090404040404041], [0.724906423313674, null, 0.10110505050505052], [0.7247877161038901, null, 0.12130606060606061], [0.7246473259658963, null, 0.1415070707070707], [0.7244851929844366, null, 0.1617080808080808], [0.7243012477153171, null, 0.1819090909090909], [0.7240954109357907, null, 0.20211010101010102], [0.7238675937277981, null, 0.2223111111111111], [0.7236176971055964, null, 0.2425121212121212], [0.7233456119041438, null, 0.2627131313131313], [0.7230512186074148, null, 0.2829141414141414], [0.7227343868898618, null, 0.3031151515151515], [0.7223949755862309, null, 0.3233161616161616], [0.7220328300370202, null, 0.3435171717171717], [0.721647792875355, null, 0.36371818181818183], [0.7212396815976964, null, 0.38391919191919194], [0.720808310192343, null, 0.40412020202020205], [0.7203534777302011, null, 0.4243212121212121], [0.7198749701039521, null, 0.4445222222222222], [0.7193725594682685, null, 0.4647232323232323], [0.7188460040283878, null, 0.4849242424242424], [0.7182950467622277, null, 0.5051252525252525], [0.7177194157393247, null, 0.5253262626262626], [0.7171188224304531, null, 0.5455272727272727], [0.7164929620446917, null, 0.5657282828282828], [0.7158415115714689, null, 0.585929292929293], [0.7151641298526523, null, 0.606130303030303], [0.7144604562737051, null, 0.6263313131313132], [0.7137301097027076, null, 0.6465323232323232], [0.7129726874147196, null, 0.6667333333333333], [0.7121877644742487, null, 0.6869343434343435], [0.7113748909599319, null, 0.7071353535353535], [0.710533592164202, null, 0.7273363636363637], [0.7096633662001574, null, 0.7475373737373737], [0.7087636824799367, null, 0.7677383838383839], [0.7078339798759367, null, 0.7879393939393939], [0.7068736647023185, null, 0.8081404040404041], [0.7058821085174156, null, 0.8283414141414142], [0.7048586456457778, null, 0.8485424242424242], [0.7038025705585831, null, 0.8687434343434344], [0.7027131348431611, null, 0.8889444444444444], [0.7015895399724884, null, 0.9091454545454546], [0.7004309539567076, null, 0.9293464646464646], [0.6992364675418711, null, 0.9495474747474748], [0.6980051277057604, null, 0.9697484848484849], [0.6967359158340434, null, 0.9899494949494949], [0.6954277441384192, null, 1.010150505050505], [0.6940794499464693, null, 1.0303515151515152], [0.692689788667593, null, 1.0505525252525252], [0.6912574258643774, null, 1.0707535353535353], [0.6897809281837007, null, 1.0909545454545455], [0.6882587538418692, null, 1.1111555555555557], [0.6866892393898719, null, 1.1313565656565656], [0.6850705878176236, null, 1.1515575757575758], [0.6834008531194807, null, 1.171758585858586], [0.6816779213821933, null, 1.1919595959595959], [0.679899491020067, null, 1.212160606060606], [0.6780630475719321, null, 1.2323616161616162], [0.6761658360606738, null, 1.2525626262626264], [0.674204826341028, null, 1.2727636363636363], [0.6721766726817391, null, 1.2929646464646465], [0.670077664770322, null, 1.3131656565656566], [0.6679036682750025, null, 1.3333666666666666], [0.6656500518279725, null, 1.3535676767676768], [0.663311596414097, null, 1.373768686868687], [0.6608823815536039, null, 1.393969696969697], [0.6583556403620984, null, 1.414170707070707], [0.655723571679416, null, 1.4343717171717172], [0.6529770953660483, null, 1.4545727272727274], [0.6501055165519145, null, 1.4747737373737373], [0.6470960735935042, null, 1.4949747474747475], [0.6439332901606004, null, 1.5151757575757576], [0.6405980297016296, null, 1.5353767676767678], [0.6370660514526568, null, 1.5555777777777777], [0.6333056846078253, null, 1.575778787878788], [0.6292738163269322, null, 1.595979797979798], [0.6249082807580438, null, 1.6161808080808082], [0.6201112337056216, null, 1.6363818181818182], [0.6147031362136595, null, 1.6565828282828283], [0.6081952721047625, null, 1.6767838383838385], [0.599333359394563, null, 1.6969848484848484], [0.5902403860048142, null, 1.7171858585858586], [0.5810346755637653, null, 1.7373868686868688], [0.5716832432332061, null, 1.757587878787879], [0.562145392039005, null, 1.7777888888888889], [0.5523695154371544, null, 1.797989898989899], [0.5422879615844906, null, 1.8181909090909092], [0.5318083164175964, null, 1.8383919191919191], [0.5207973911585095, null, 1.8585929292929293], [0.5090485948152444, null, 1.8787939393939395], [0.4962044866800959, null, 1.8989949494949496], [0.4815204743101001, null, 1.9191959595959596], [0.4626122986840249, null, 1.9393969696969697], [0.3951110167213555, null, 1.95959797979798], [0.27922646431912346, null, 1.9797989898989898], [-8.485135927216447e-10, null, 2.0]]}