{"dim": 3, "delta": 4.5, "mu": 5.906055070328385, "dmu": 2.3691176470588236, "g": -0.38607214965680303, "k_c": 50, "data": [[0.5301511336114129, null, 0.0001], [0.5296622537770237, null, 0.04555353535353536], [0.5282015908923228, null, 0.09100707070707072], [0.5257741333147464, null, 0.13646060606060606], [0.5223879244195668, null, 0.18191414141414142], [0.518053668425933, null, 0.22736767676767677], [0.5127841856814775, null, 0.27282121212121213], [0.5065937228735944, null, 0.3182747474747475], [0.4994971228460512, null, 0.36372828282828285], [0.49150885690491986, null, 0.4091818181818182], [0.4826419188885098, null, 0.45463535353535356], [0.47290657499972844, null, 0.5000888888888889], [0.4623089546505225, null, 0.5455424242424243], [0.450849458719361, null, 0.5909959595959596], [0.43852092844534424, null, 0.636449494949495], [0.425306511494805, null, 0.6819030303030303], [0.41117707491263517, null, 0.7273565656565657], [0.39608795379998263, null, 0.7728101010101011], [0.3799746599305157, null, 0.8182636363636364], [0.36274693277632075, null, 0.8637171717171718], [0.3442800502985049, null, 0.9091707070707071], [0.32440147070551156, null, 0.9546242424242425], [0.3028691137842859, null, 1.0000777777777778], [0.27933371577558447, null, 1.045531313131313], [0.25326809864064403, null, 1.0909848484848486], [0.22381906905215462, null, 1.136438383838384], [0.18944392609517577, null, 1.1818919191919193], [0.1467513312723629, null, 1.2273454545454545], [0.08392542932017759, null, 1.27279898989899]]}