{"dim": 3, "delta": 3.5, "mu": 5.906055070328385, "dmu": 1.8711538461538462, "g": -0.37996643765185917, "k_c": 50, "data": [[0.4105707082783358, null, 0.0001], [0.4102322239940386, null, 0.035452525252525256], [0.4092214334088872, null, 0.07080505050505051], [0.40754085767234427, null, 0.10615757575757577], [0.40519458364852157, null, 0.141510101010101], [0.40218809589468174, null, 0.17686262626262625], [0.39852804049299895, null, 0.21221515151515152], [0.39422191921423794, null, 0.24756767676767677], [0.38927771205458633, null, 0.282920202020202], [0.38370342322744183, null, 0.31827272727272726], [0.3775065470074221, null, 0.3536252525252525], [0.37069344350255207, null, 0.38897777777777776], [0.36326861468447696, null, 0.42433030303030306], [0.3552338644686005, null, 0.4596828282828283], [0.34658732028193817, null, 0.49503535353535355], [0.33732228048257196, null, 0.5303878787878787], [0.3274258497266306, null, 0.565740404040404], [0.31687723867246453, null, 0.6010929292929293], [0.305645664166509, null, 0.6364454545454545], [0.29368756538364316, null, 0.6717979797979798], [0.28094281652592396, null, 0.707150505050505], [0.26732930829923723, null, 0.7425030303030303], [0.25273482154548427, null, 0.7778555555555555], [0.23700418771210496, null, 0.8132080808080808], [0.21991777737573184, null, 0.8485606060606061], [0.20115278520140834, null, 0.8839131313131313], [0.18020674291726718, null, 0.9192656565656566], [0.15622533241422898, null, 0.9546181818181818], [0.12752848138978626, null, 0.9899707070707071], [0.0897244812657768, null, 1.0253232323232324], [0.9980054171393172, null, 1.0960282828282828], [0.9941361462182846, null, 1.131380808080808], [0.9899168220431941, null, 1.1667333333333334], [0.9852748171120488, null, 1.2020858585858587], [0.9801011839094895, null, 1.2374383838383838], [0.974215174400372, null, 1.272790909090909], [0.9672575439501465, null, 1.3081434343434344], [0.9580221083420972, null, 1.3434959595959597], [0.9441415745847515, null, 1.3788484848484848], [0.9307879654519144, null, 1.41420101010101], [0.9179849523212412, null, 1.4495535353535354], [0.9057001734967525, null, 1.4849060606060607], [0.8939026222345121, null, 1.520258585858586], [0.8825626523774929, null, 1.555611111111111], [0.8716519775687505, null, 1.5909636363636364], [0.8611436514604084, null, 1.6263161616161617], [0.8510120493823173, null, 1.661668686868687], [0.8412328321880707, null, 1.6970212121212123], [0.8317829074134832, null, 1.7323737373737373], [0.8226403855369668, null, 1.7677262626262626], [0.8137845257105881, null, 1.803078787878788], [0.8051956846797453, null, 1.8384313131313132], [0.796855261498955, null, 1.8737838383838383], [0.7887456377114513, null, 1.9091363636363636], [0.7808501201945638, null, 1.944488888888889], [0.7731528822420003, null, 1.9798414141414142], [0.7656389040319843, null, 2.0151939393939395], [0.7582939152263243, null, 2.050546464646465], [0.7511043373089799, null, 2.08589898989899], [0.7440572272015333, null, 2.121251515151515], [0.7371402216208824, null, 2.1566040404040407], [0.730341482404658, null, 2.191956565656566], [0.723649642567678, null, 2.2273090909090913], [0.7170537529797211, null, 2.2626616161616164], [0.7105432292263438, null, 2.2980141414141415], [0.704107797733922, null, 2.333366666666667], [0.6977374457294447, null, 2.368719191919192], [0.6914223592277617, null, 2.4040717171717176], [0.6851528739046865, null, 2.4394242424242427], [0.6789194121428119, null, 2.474776767676768], [0.6727124217694075, null, 2.5101292929292933], [0.6665223084018893, null, 2.5454818181818184], [0.6603393623372167, null, 2.580834343434344], [0.6541536770262278, null, 2.616186868686869], [0.6479550572893942, null, 2.651539393939394], [0.6417329142122082, null, 2.6868919191919196], [0.6354761421252431, null, 2.7222444444444447], [0.6291729747059805, null, 2.7575969696969698], [0.6228108097562911, null, 2.7929494949494953], [0.6163759969114259, null, 2.8283020202020204], [0.6098535734556005, null, 2.863654545454546], [0.6032269309043907, null, 2.899007070707071], [0.5964773868915981, null, 2.934359595959596], [0.58958362410123, null, 2.9697121212121216], [0.5825209412198193, null, 3.0050646464646467], [0.5752602277824936, null, 3.040417171717172], [0.5677665254545395, null, 3.0757696969696973], [0.559996945892148, null, 3.1111222222222223], [0.5518975519177483, null, 3.146474747474748], [0.5433984683380061, null, 3.181827272727273], [0.5344058244488675, null, 3.2171797979797985], [0.5247875117774379, null, 3.2525323232323236], [0.5143456672614054, null, 3.2878848484848486], [0.5027562957046622, null, 3.323237373737374], [0.48940827887466104, null, 3.3585898989898992], [0.4727882803712871, null, 3.3939424242424248], [0.4353162535396517, null, 3.42929494949495], [0.3077329930699674, null, 3.464647474747475], [-2.8296753828982446e-11, null, 3.5]]}