{"dim": 3, "delta": 4.25, "mu": 5.906055070328385, "dmu": 2.32421875, "g": -0.3846719574471317, "k_c": 50, "data": [[0.5835830919051319, null, 0.0001], [0.5831163510655479, null, 0.04302828282828283], [0.5817230869429881, null, 0.08595656565656566], [0.579411112666998, null, 0.1288848484848485], [0.5761932504249963, null, 0.1718131313131313], [0.5720870563402316, null, 0.21474141414141412], [0.5671144491673584, null, 0.257669696969697], [0.5613012597066162, null, 0.3005979797979798], [0.5546767140775783, null, 0.3435262626262626], [0.5472728626812892, null, 0.38645454545454544], [0.5391239600754735, null, 0.42938282828282825], [0.5302657890396282, null, 0.4723111111111111], [0.5207349010184517, null, 0.515239393939394], [0.5105677104605362, null, 0.5581676767676768], [0.4997993271340293, null, 0.6010959595959596], [0.48846194415066063, null, 0.6440242424242424], [0.476582568088503, null, 0.6869525252525253], [0.4641800115627732, null, 0.7298808080808081], [0.4512615157614595, null, 0.7728090909090909], [0.4378199307124418, null, 0.8157373737373738], [0.42383231222135465, null, 0.8586656565656565], [0.40925978666106366, null, 0.9015939393939394], [0.39404757792872785, null, 0.9445222222222223], [0.3781240436091013, null, 0.987450505050505], [0.36139791624006506, null, 1.030378787878788], [0.3437531282619398, null, 1.0733070707070707], [0.32504018142303204, null, 1.1162353535353535], [0.30506205606185505, null, 1.1591636363636364], [0.2835505907359028, null, 1.2020919191919193], [0.26012456918426086, null, 1.2450202020202021], [0.23420896587158896, null, 1.2879484848484848], [0.2048597579680014, null, 1.3308767676767677], [0.1703094489546477, null, 1.3738050505050505], [0.1263595056162978, null, 1.4167333333333334], [0.05339793396860964, null, 1.4596616161616163]]}