{"dim": 3, "delta": 1.5, "mu": 5.906055070328385, "dmu": 0.9975, "g": -0.3603342691362375, "k_c": 50, "data": [[0.29128792003805754, 0.4611947568719196, 0.0001], [0.29129766917446737, 0.46116465282824, 0.01525050505050505], [0.2913093864185439, 0.46107500795774853, 0.030401010101010102], [0.29132959334841013, 0.4609254709582678, 0.045551515151515155], [0.2913610228280129, 0.4607154500953783, 0.06070202020202021], [0.29140633967904955, 0.46044410199404523, 0.07585252525252525], [0.2914683859155685, 0.4601103152935134, 0.09100303030303031], [0.291550298968535, 0.45971268836981966, 0.10615353535353536], [0.2916556103639577, 0.4592495004809984, 0.12130404040404041], [0.2917883494600236, 0.45871867252858733, 0.13645454545454544], [0.29195316462489046, 0.4581177226482629, 0.1516050505050505], [0.29215547181521345, 0.45744369819776204, 0.16675555555555555], [0.2924016421271527, 0.45669310282213027, 0.1819060606060606], [0.292699243463834, 0.4558617913097156, 0.19705656565656565], [0.29305735773434477, 0.4549448357320072, 0.2122070707070707], [0.29348700437098657, 0.4539363600178477, 0.22735757575757576], [0.2940017168091095, 0.45282928551479357, 0.2425080808080808], [0.2946183433056985, 0.4516150301769315, 0.25765858585858586], [0.29535818496543415, 0.4502830508309398, 0.2728090909090909], [0.29624865798668165, 0.4488202025706068, 0.28795959595959597], [0.29732579765863787, 0.44720978671704226, 0.303110101010101], [0.29863817296809, 0.44543008294865766, 0.3182606060606061], [0.300253292015994, 0.44345197619304, 0.3334111111111111], [0.3022686894994749, 0.44123487469076406, 0.3485616161616162], [0.3048325616259921, 0.43871910369604405, 0.3637121212121212], [0.308186081998667, 0.43581007352606865, 0.3788626262626263], [0.31276299890926634, 0.4323394782832258, 0.3940131313131313], [0.31948044428104516, 0.42793997640590214, 0.4091636363636364], [0.3310186190734815, 0.4212600624726522, 0.4243141414141414]]}