{"dim": 3, "delta": 1.25, "mu": 5.906055070328385, "dmu": 0.83125, "g": -0.3563134090055086, "k_c": 50, "data": [[0.24200453103136477, 0.3910018757527999, 0.0001], [0.24169434845333804, 0.39097798690181246, 0.012725252525252525], [0.24151467081726974, 0.39090698315995975, 0.02535050505050505], [0.24137095718784524, 0.3907886152648172, 0.03797575757575758], [0.241246785666903, 0.39062246588109967, 0.050601010101010105], [0.24113726345452535, 0.3904079393860216, 0.06322626262626263], [0.24104088567126708, 0.39014425441796113, 0.07585151515151516], [0.2409576323341138, 0.3898304284754003, 0.08847676767676768], [0.24088833404436027, 0.3894652601080643, 0.1011020202020202], [0.24083442910712644, 0.3890473056472165, 0.11372727272727273], [0.24079787757151855, 0.3885748498683071, 0.12635252525252524], [0.2407811529605453, 0.38804586886515197, 0.13897777777777776], [0.2407872831110979, 0.38745798321239394, 0.1516030303030303], [0.24081993098336954, 0.3868083986539499, 0.16422828282828283], [0.2408835159619693, 0.38609383043400874, 0.17685353535353535], [0.24098338691170007, 0.3853104051507528, 0.18947878787878786], [0.24112603402624608, 0.3844535332491847, 0.2021040404040404], [0.2413194432511822, 0.38351773969412767, 0.21472929292929294], [0.2415734935008698, 0.382496435055855, 0.22735454545454545], [0.24190058732065184, 0.3813816006241703, 0.23997979797979796], [0.2423165230383719, 0.3801633435542628, 0.2526050505050505], [0.24284178170181922, 0.3788292488808011, 0.26523030303030304], [0.2435034810535571, 0.3773634044099848, 0.2778555555555555], [0.24433844771596194, 0.3757448641378044, 0.29048080808080806], [0.24539828304098116, 0.3739450987273893, 0.3031060606060606], [0.246758201945516, 0.37192345309821084, 0.31573131313131314], [0.2485336362248134, 0.36961827652016765, 0.3283565656565657], [0.2509146744747995, 0.3669271560363958, 0.34098181818181816], [0.25424835013783537, 0.3636528326785008, 0.3536070707070707], [0.2592844306952908, 0.35928505932081034, 0.36623232323232324], [0.2683086090402489, 0.3449082771165112, 0.3788575757575757]]}