{"dim": 3, "delta": 6.75, "mu": 5.906055070328385, "dmu": 4.426442307692308, "g": -0.3962297169311356, "k_c": 50, "data": []}