{"dim": 3, "delta": 3, "mu": 5.906055070328385, "dmu": 1.6363636363636362, "g": -0.37628449054250135, "k_c": 50, "data": [[0.3730234166485092, 0.9192955121553015, 0.0001], [0.3727478055262176, 0.9192626271387248, 0.0304020202020202], [0.37192538052451923, 0.91916437926681, 0.060704040404040406], [0.37055849702798244, 0.9190005702290788, 0.0910060606060606], [0.36865101430520875, 0.9187709185194766, 0.12130808080808081], [0.3662082007454118, 0.9184750150006673, 0.151610101010101], [0.3632366000660538, 0.9181123276737677, 0.1819121212121212], [0.35974385698042577, 0.9176821970321072, 0.2122141414141414], [0.3557384999917036, 0.9171838301089084, 0.2425161616161616], [0.35122967787003506, 0.9166162931927084, 0.2728181818181818], [0.3462268448836084, 0.9159785029763472, 0.303120202020202], [0.3407393897663643, 0.9152692157523616, 0.33342222222222223], [0.3347761973273866, 0.9144870155529488, 0.3637242424242424], [0.32834513872064275, 0.9136302980231139, 0.3940262626262626], [0.3214524763576327, 0.9126972538238494, 0.42432828282828283], [0.31410217407083535, 0.91168584626188, 0.454630303030303], [0.3062951008580714, 0.9105937920061835, 0.4849323232323232], [0.29802811263950374, 0.9094185208711049, 0.5152343434343434], [0.289292989320705, 0.9081571498480039, 0.5455363636363636], [0.280075187116017, 0.9068064395872624, 0.5758383838383838], [0.2703523337980602, 0.9053627405343158, 0.606140404040404], [0.2600923404891985, 0.9038219316531543, 0.6364424242424243], [0.24925090931835558, 0.9021793471326385, 0.6667444444444445], [0.2377680662578882, 0.900429679540471, 0.6970464646464646], [0.22556308247191653, 0.8985668639796944, 0.7273484848484848], [0.2125266566301729, 0.8965839293070587, 0.757650505050505], [0.1985082453897917, 0.8944728083415399, 0.7879525252525252], [0.18329427666365142, 0.8922240892064305, 0.8182545454545455], [0.1665677685986323, 0.8898266883797885, 0.8485565656565657], [0.14782549405612166, 0.8872674063529402, 0.8788585858585858], [0.12618112004646748, 0.8845303144552604, 0.909160606060606], [0.0997722118339794, 0.8815958808398244, 0.9394626262626262], [0.06286698867874681, 0.8784396856020942, 0.9697646464646464], [null, 0.8750304517617834, 1.0000666666666667], [null, 0.8713268712340724, 1.0303686868686868], [null, 0.8672721470228988, 1.060670707070707], [null, 0.8627837346548491, 1.0909727272727272], [null, 0.857731524327692, 1.1212747474747475], [null, 0.8518811778343218, 1.1515767676767676], [null, 0.8446764990925246, 1.1818787878787878], [null, 0.833259109320304, 1.212180808080808], [null, 0.820228700479061, 1.2424828282828282], [null, 0.8077719992079603, 1.2727848484848485], [null, 0.7958549593714583, 1.3030868686868686], [null, 0.7844448860807792, 1.333388888888889], [null, 0.7735104721368046, 1.363690909090909], [null, 0.7630218213445206, 1.3939929292929292], [null, 0.7529504553544251, 1.4242949494949495], [null, 0.74326929672467, 1.4545969696969696], [null, 0.7339526555732656, 1.48489898989899], [null, 0.7249761889427717, 1.51520101010101], [null, 0.7163168629708156, 1.5455030303030304], [null, 0.7079529024758157, 1.5758050505050505], [null, 0.6998637356978412, 1.6061070707070706], [null, 0.6920299358924058, 1.636409090909091], [null, 0.6844331604368158, 1.666711111111111], [null, 0.6770560872673526, 1.6970131313131314], [null, 0.6698823511914317, 1.7273151515151515], [null, 0.6628964799283275, 1.7576171717171716], [null, 0.656083830646146, 1.787919191919192], [null, 0.6494305273093972, 1.818221212121212], [null, 0.642923399104208, 1.8485232323232323], [null, 0.636549920061134, 1.8788252525252525], [null, 0.6302981499240143, 1.9091272727272728], [null, 0.6241566760855989, 1.939429292929293], [null, 0.6181145566597903, 1.969731313131313], [null, 0.6121612640326108, 2.0000333333333336], [null, 0.6062866289554633, 2.030335353535354], [null, 0.600480784255222, 2.0606373737373738], [null, 0.5947341095239207, 2.090939393939394], [null, 0.5890371702839999, 2.1212414141414144], [null, 0.5833806588588164, 2.1515434343434343], [null, 0.5777553405374498, 2.1818454545454546], [null, 0.5721519662490281, 2.212147474747475], [null, 0.5665612163143883, 2.2424494949494953], [null, 0.5609736150805977, 2.272751515151515], [null, 0.5553794386386842, 2.3030535353535355], [null, 0.5497686117848312, 2.333355555555556], [null, 0.5441305872254394, 2.3636575757575757], [null, 0.5384542021566571, 2.393959595959596], [null, 0.5327275059271968, 2.4242616161616164], [null, 0.5269375482898188, 2.4545636363636367], [null, 0.5210701154634849, 2.4848656565656566], [null, 0.5151093943051835, 2.515167676767677], [null, 0.5090375385866399, 2.5454696969696973], [null, 0.5028340942837918, 2.575771717171717], [null, 0.4964752241875279, 2.6060737373737375], [null, 0.4899326299197051, 2.636375757575758], [null, 0.4831720387021762, 2.666677777777778], [null, 0.4761509118910987, 2.696979797979798], [null, 0.4688150259887389, 2.7272818181818184], [null, 0.4610929011355166, 2.7575838383838387], [null, 0.45288632634290077, 2.7878858585858586], [null, 0.4440528652460487, 2.818187878787879], [null, 0.4343699398452827, 2.8484898989898992], [null, 0.42344861989599597, 2.8787919191919196], [null, 0.41046567653328564, 2.9090939393939395], [null, 0.39267429177958085, 2.93939595959596], [null, 0.29898250434941326, 2.96969797979798], [null, -1.871836019518014e-13, 3.0]]}