{"dim": 3, "delta": 2.5, "mu": 5.906055070328385, "dmu": 1.0, "g": -0.3719912209058008, "k_c": 50, "data": [[0.8450706809484129, null, 0.0001], [0.8450535446267984, null, 0.02535151515151515], [0.8450023911412613, null, 0.0506030303030303], [0.844917184346168, null, 0.07585454545454545], [0.8447978632903134, null, 0.1011060606060606], [0.8446443420238989, null, 0.12635757575757572], [0.8444565097881533, null, 0.1516090909090909], [0.8442342304014591, null, 0.17686060606060605], [0.8439773418416026, null, 0.2021121212121212], [0.8436856556169585, null, 0.22736363636363632], [0.8433589562882138, null, 0.25261515151515146], [0.842997000108146, null, 0.27786666666666665], [0.8425995156268419, null, 0.3031181818181818], [0.8421662001846084, null, 0.3283696969696969], [0.8416967211491826, null, 0.3536212121212121], [0.8411907134578955, null, 0.37887272727272725], [0.8406477783909488, null, 0.4041242424242424], [0.8400674820038391, null, 0.4293757575757575], [0.8394493532901192, null, 0.45462727272727266], [0.838792882233886, null, 0.47987878787878785], [0.8380975175984658, null, 0.5051303030303029], [0.8373626643618023, null, 0.5303818181818182], [0.8365876811319491, null, 0.5556333333333333], [0.8357718767090814, null, 0.5808848484848484], [0.8349145075682289, null, 0.6061363636363636], [0.8340147726416978, null, 0.6313878787878787], [0.8330718103122376, null, 0.6566393939393939], [0.8320846930552224, null, 0.681890909090909], [0.8310524221242703, null, 0.7071424242424242], [0.8299739215885048, null, 0.7323939393939394], [0.8288480314614414, null, 0.7576454545454545], [0.8276735000166113, null, 0.7828969696969696], [0.8264489736071962, null, 0.8081484848484848], [0.8251729936863113, null, 0.8333999999999999], [0.8238439713945984, null, 0.858651515151515], [0.8224601884410385, null, 0.8839030303030302], [0.8210197749982253, null, 0.9091545454545453], [0.8195206932780932, null, 0.9344060606060606], [0.8179607182679658, null, 0.9596575757575757], [0.8163374118946233, null, 0.9849090909090908], [0.8146480962355045, null, 1.0101606060606059], [0.8128898196113788, null, 1.0354121212121212], [0.8110593164123423, null, 1.0606636363636364], [0.8091529590468316, null, 1.0859151515151515], [0.8071666990500209, null, 1.1111666666666666], [0.8050959946378301, null, 1.1364181818181818], [0.802935723069367, null, 1.161669696969697], [0.8006800643515575, null, 1.186921212121212], [0.798322361688863, null, 1.2121727272727272], [0.7958549341330247, null, 1.2374242424242423], [0.7932688327581328, null, 1.2626757575757575], [0.7905535124826236, null, 1.2879272727272726], [0.7876963801542818, null, 1.3131787878787877], [0.7846821564228146, null, 1.3384303030303029], [0.7814919336631309, null, 1.363681818181818], [0.7781017726925767, null, 1.3889333333333331], [0.7744803588461897, null, 1.4141848484848485], [0.7705851114126149, null, 1.4394363636363636], [0.7663547060479002, null, 1.4646878787878788], [0.7616930130731809, null, 1.489939393939394], [0.7564256796238591, null, 1.515190909090909], [0.7501057570532164, null, 1.5404424242424242], [0.7412926322864687, null, 1.5656939393939393], [0.7322797500394249, null, 1.5909454545454544], [0.7234206600958385, null, 1.6161969696969696], [0.7147055916077111, null, 1.6414484848484847], [0.7061249310732991, null, 1.6666999999999998], [0.6976691920754419, null, 1.691951515151515], [0.6893289822528026, null, 1.7172030303030301], [0.6810949675317306, null, 1.7424545454545453], [0.6729578329336854, null, 1.7677060606060604], [0.6649082392201899, null, 1.7929575757575755], [0.656936774523307, null, 1.8182090909090907], [0.6490338993712398, null, 1.843460606060606], [0.6411898843852216, null, 1.8687121212121212], [0.6333947364790091, null, 1.8939636363636363], [0.6256381162259579, null, 1.9192151515151514], [0.6179092348409585, null, 1.9444666666666666], [0.6101967359329099, null, 1.9697181818181817], [0.6024885472710537, null, 1.9949696969696968], [0.5947716997784495, null, 2.020221212121212], [0.5870321094061348, null, 2.0454727272727276], [0.5792542767015659, null, 2.0707242424242427], [0.5714209334357201, null, 2.095975757575758], [0.5635125519614443, null, 2.121227272727273], [0.5555066998369235, null, 2.146478787878788], [0.547377154204434, null, 2.1717303030303032], [0.5390926576811151, null, 2.1969818181818184], [0.5306151177362952, null, 2.2222333333333335], [0.521896906779946, null, 2.2474848484848486], [0.5128766372323145, null, 2.2727363636363638], [0.5034721912646924, null, 2.297987878787879], [0.49356841996413253, null, 2.323239393939394], [0.4829933992726132, null, 2.348490909090909], [0.471466457454729, null, 2.3737424242424243], [0.45846013168598, null, 2.3989939393939395], [0.4426776752520849, null, 2.4242454545454546], [0.40971896431854155, null, 2.4494969696969697], [0.2895821863842124, null, 2.474748484848485], [9.486855745421963e-14, null, 2.5]]}