{"dim": 3, "delta": 3.75, "mu": 5.906055070328385, "dmu": 2.2366071428571432, "g": -0.38162974782282366, "k_c": 50, "data": [[0.641625447179495, null, 0.0001], [0.6408850926600884, null, 0.03797777777777778], [0.6385429228877426, null, 0.07585555555555555], [0.6344227600292668, null, 0.11373333333333333], [0.6303715923546991, null, 0.15161111111111109], [0.6263852346713455, null, 0.18948888888888887], [0.6223710081784897, null, 0.22736666666666663], [0.6182685020810821, null, 0.2652444444444444], [0.6140319896481752, null, 0.3031222222222222], [0.6096227369361493, null, 0.34099999999999997], [0.6050050833818678, null, 0.37887777777777776], [0.6001441889299336, null, 0.4167555555555555], [0.5950046048972404, null, 0.4546333333333333], [0.5895492938863809, null, 0.49251111111111107], [0.5837389303624456, null, 0.5303888888888888], [0.577531409722315, null, 0.5682666666666666], [0.5708815516083663, null, 0.6061444444444444], [0.5637410221036191, null, 0.6440222222222222], [0.5560585282037507, null, 0.6819], [0.5477803608606517, null, 0.7197777777777777], [0.5388513775664603, null, 0.7576555555555555], [0.5292165136476045, null, 0.7955333333333332], [0.5188228915659915, null, 0.833411111111111], [0.5076225354335885, null, 0.8712888888888888], [0.4955756100479163, null, 0.9091666666666666], [0.4826539774869199, null, 0.9470444444444444], [0.46884472539665056, null, 0.9849222222222221], [0.45415321144387627, null, 1.0228], [0.43860515924731996, null, 1.0606777777777776], [0.4222473841624259, null, 1.0985555555555555], [0.40514697140388645, null, 1.1364333333333332], [0.3873889596967457, null, 1.174311111111111], [0.3690728538925441, null, 1.2121888888888888], [0.35030845353621815, null, 1.2500666666666664], [0.3312115453460472, null, 1.2879444444444443], [0.3118998812715588, null, 1.325822222222222], [0.292489835625252, null, 1.3637], [0.27309377988568356, null, 1.4015777777777776], [0.25381828962240893, null, 1.4394555555555555], [0.23476303869697174, null, 1.4773333333333332], [0.21602026941057367, null, 1.515211111111111], [0.1972174428179093, null, 1.5530888888888887], [0.17485159532375133, 0.7389170882793533, 1.5909666666666664], [0.14798111259596988, 0.7320592470420076, 1.6288444444444443], [0.1139926227812349, 0.7255938067878583, 1.666722222222222], [0.06255505654291381, 0.7194743904644043, 1.7046], [null, 0.713659999170693, 1.7424777777777776], [null, 0.7081143879459729, 1.7803555555555555], [null, 0.702805488332029, 1.8182333333333331], [null, 0.697704887517491, 1.8561111111111108], [null, 0.6927873619939615, 1.8939888888888887], [null, 0.6880304624287741, 1.9318666666666664], [null, 0.6834141585991212, 1.9697444444444443], [null, 0.6789205063836329, 2.0076222222222224], [null, 0.6745333895943384, 2.0455], [null, 0.670238264716458, 2.0833777777777778], [null, 0.666021951913144, 2.1212555555555554], [null, 0.6618724569174349, 2.159133333333333], [null, 0.6577788053085097, 2.1970111111111112], [null, 0.653730902513355, 2.234888888888889], [null, 0.6497194094518476, 2.2727666666666666], [null, 0.6457356323789093, 2.3106444444444443], [null, 0.6417714240188535, 2.3485222222222224], [null, 0.6378190979601661, 2.3864], [null, 0.633871345251736, 2.4242777777777778], [null, 0.6299211613045266, 2.4621555555555554], [null, 0.6259617801965501, 2.500033333333333], [null, 0.6219866082288639, 2.5379111111111112], [null, 0.6179891620192955, 2.575788888888889], [null, 0.613963008200843, 2.6136666666666666], [null, 0.6099017024209147, 2.6515444444444443], [null, 0.6057987272627758, 2.6894222222222224], [null, 0.6016474270955233, 2.7273], [null, 0.5974409394354894, 2.7651777777777777], [null, 0.5931721172837412, 2.8030555555555554], [null, 0.5888334460653988, 2.840933333333333], [null, 0.584416946265014, 2.878811111111111], [null, 0.5799140617039453, 2.916688888888889], [null, 0.5753155274835633, 2.9545666666666666], [null, 0.5706112114770717, 2.9924444444444442], [null, 0.5657899211868093, 3.0303222222222224], [null, 0.5608391568651143, 3.0682], [null, 0.5557448461933497, 3.1060777777777777], [null, 0.5504908856798134, 3.1439555555555554], [null, 0.5450587089298528, 3.181833333333333], [null, 0.5394265806355703, 3.219711111111111], [null, 0.5335686929735082, 3.257588888888889], [null, 0.5274538966230319, 3.2954666666666665], [null, 0.5210438824251347, 3.333344444444444], [null, 0.5142904857980334, 3.371222222222222], [null, 0.507131528200508, 3.4091], [null, 0.49948407585777216, 3.4469777777777777], [null, 0.49123281595550056, 3.4848555555555554], [null, 0.48220828393230186, 3.522733333333333], [null, 0.4721412791377437, 3.560611111111111], [null, 0.46054996328219605, 3.598488888888889], [null, 0.4463679172719779, 3.6363666666666665], [null, 0.42542540483269486, 3.674244444444444], [null, 0.3119256370754386, 3.712122222222222], [null, -1.8818280267396403e-14, 3.75]]}