{"dim": 3, "delta": 0.5, "mu": 5.906055070328385, "dmu": 0.3325, "g": -0.3372612527736217, "k_c": 50, "data": [[0.0960014120439427, 0.1626226838957183, 0.0001], [0.09579352441512319, 0.1626138180885163, 0.00514949494949495], [0.09556366675037228, 0.1625878718613175, 0.010198989898989898], [0.09537342967706687, 0.16254477326298966, 0.015248484848484848], [0.09520058026308326, 0.1624844019506876, 0.020297979797979798], [0.09503725087294272, 0.1624065875425819, 0.025347474747474747], [0.0948797034164255, 0.16231110730309325, 0.030396969696969697], [0.09472588397201429, 0.16219768298833728, 0.03544646464646465], [0.09457456984136393, 0.1620659768505112, 0.0404959595959596], [0.09442500454942748, 0.16191558630305503, 0.04554545454545455], [0.09427672005789904, 0.1617460388820777, 0.0505949494949495], [0.09412944258761076, 0.16155678200531456, 0.05564444444444445], [0.0939830401753518, 0.16134717594723708, 0.0606939393939394], [0.09383749319011404, 0.16111648059821462, 0.06574343434343434], [0.09369287865343963, 0.16086384165533457, 0.0707929292929293], [0.09354936389581477, 0.16058827209022064, 0.07584242424242425], [0.09340720583482266, 0.16028862968766647, 0.0808919191919192], [0.09326675994496364, 0.15996358850411102, 0.08594141414141414], [0.09312848993219869, 0.15961160236477462, 0.0909909090909091], [0.09299298828445952, 0.15923085752883176, 0.09604040404040405], [0.09286100345064675, 0.15881921079120911, 0.101089898989899], [0.09273347862566773, 0.15837410607355457, 0.10613939393939394], [0.09261160381513282, 0.15789246389764813, 0.11118888888888889], [0.09249689410436138, 0.1573705188870803, 0.11623838383838385], [0.092391293539, 0.15680359889946033, 0.12128787878787879], [0.09229733190397574, 0.15618578686731258, 0.12633737373737372], [0.09221835479704643, 0.15550940493054563, 0.13138686868686866], [0.09215887634199957, 0.1547641772971897, 0.13643636363636363], [0.0921251367056736, 0.15393578663122734, 0.14148585858585858], [0.09212602894011554, 0.15300317284381926, 0.14653535353535352], [0.0921747070666084, 0.1519328758328679, 0.1515848484848485], [0.09229159344273138, 0.15066500553801698, 0.15663434343434343], [0.0925104980405958, 0.1490668165312812, 0.16168383838383837], [0.09289269986545914, 0.14660925914352732, 0.16673333333333332], [0.09356585577716407, 0.135571574301695, 0.17178282828282826], [0.09487194693751577, 0.1231563331688799, 0.17683232323232323], [0.0987339433135707, 0.10886623679377506, 0.18188181818181817]]}