{"dim": 3, "delta": 3.75, "mu": 5.906055070328385, "dmu": 2.477678571428571, "g": -0.38162974782282366, "k_c": 50, "data": [[0.7941122089384992, 0.9121369057942754, 0.0001], [0.7949014260357118, 0.9117718102052942, 0.03797777777777778], [0.797275209032835, 0.910658190021579, 0.07585555555555555], [0.8012814726045366, 0.9087232634992926, 0.11373333333333333], [0.8070205568290141, 0.905819542157243, 0.15161111111111109], [0.8147009581563167, 0.901660703053357, 0.18948888888888887], [0.824825309395798, 0.8956268944346966, 0.22736666666666663], [0.8390955993044473, 0.8858600215580582, 0.2652444444444444]]}