{"dim": 3, "delta": 5.25, "mu": 5.906055070328385, "dmu": 3.058125, "g": -0.38988457053455944, "k_c": 50, "data": [[0.9133265036489187, null, 0.0001], [0.9107212099050728, null, 0.053129292929292936], [0.9069971116165295, null, 0.10615858585858587], [0.9036656442418161, null, 0.1591878787878788], [0.9004035962245179, null, 0.21221717171717172], [0.8970807065571164, null, 0.2652464646464647], [0.8936184151822195, null, 0.3182757575757576], [0.8899556390787946, null, 0.3713050505050505], [0.8860360434898236, null, 0.42433434343434345], [0.8818016616989912, null, 0.4773636363636364], [0.8771887209410192, null, 0.5303929292929294], [0.8721242252627479, null, 0.5834222222222223], [0.8665227124333075, null, 0.6364515151515152], [0.8602829782635807, null, 0.6894808080808081], [0.8532848322560589, null, 0.7425101010101011], [0.8453862478027241, null, 0.795539393939394], [0.8364217070554762, null, 0.8485686868686869], [0.826203122840021, null, 0.9015979797979798], [0.8145253437858623, null, 0.9546272727272728], [0.8011785622381491, null, 1.0076565656565657], [0.7859691717810184, null, 1.0606858585858587], [0.7687480129609492, null, 1.1137151515151515], [0.7494405113040321, null, 1.1667444444444446], [0.7280693330588118, null, 1.2197737373737374], [0.704760087779346, null, 1.2728030303030304], [0.6797269293776556, null, 1.3258323232323233], [0.6532433015011235, null, 1.3788616161616163], [0.6256082765113063, null, 1.431890909090909], [0.5971179448626752, null, 1.4849202020202021], [0.5680464077655137, 0.9898166993858017, 1.537949494949495], [0.5386363818998556, 0.9807031141375673, 1.590978787878788], [0.5090968940074512, 0.9725843989215741, 1.6440080808080808], [0.47960528233635025, 0.965285276758604, 1.6970373737373738], [0.4503111856309881, 0.9586614832839314, 1.7500666666666669], [0.42134113241589727, 0.9525949472455664, 1.8030959595959597], [0.3928029089193158, 0.9469891975065825, 1.8561252525252527], [0.36478939541882033, 0.9417653136352097, 1.9091545454545455], [0.33738175763356665, 0.9368585354772051, 1.9621838383838386], [0.31065202262602265, 0.9322154854245885, 2.0152131313131316], [0.2825245354513078, 0.9277919308235673, 2.0682424242424244], [0.24851455633197048, 0.923551001511999, 2.1212717171717177], [0.20734862196552545, 0.9194617686781498, 2.1743010101010105], [0.1540071379213438, 0.9154981163924597, 2.2273303030303033], [0.06347950787742695, 0.9116378428129508, 2.280359595959596], [null, 0.9078619430293818, 2.3333888888888894], [null, 0.9041540336090661, 2.386418181818182], [null, 0.9004998624704982, 2.439447474747475], [null, 0.8968870700140676, 2.492476767676768], [null, 0.8933046119643708, 2.545506060606061], [null, 0.8897427818202219, 2.598535353535354], [null, 0.8861928680820307, 2.6515646464646467], [null, 0.8826470128302483, 2.70459393939394], [null, 0.8790980672105688, 2.757623232323233], [null, 0.87553947255695, 2.8106525252525256], [null, 0.8719651585891998, 2.8636818181818184], [null, 0.8683694562291433, 2.9167111111111117], [null, 0.8647470225688533, 2.9697404040404045], [null, 0.8610927749946692, 3.0227696969696973], [null, 0.857401832512339, 3.07579898989899], [null, 0.8536694649028113, 3.1288282828282834], [null, 0.8498910435174767, 3.181857575757576], [null, 0.8460619979026687, 3.234886868686869], [null, 0.8421777738357402, 3.287916161616162], [null, 0.8382337911235933, 3.340945454545455], [null, 0.8342254132243997, 3.393974747474748], [null, 0.8301478886296945, 3.4470040404040407], [null, 0.8259963284207656, 3.500033333333334], [null, 0.8217656535550942, 3.553062626262627], [null, 0.8174505521260188, 3.6060919191919196], [null, 0.8130454261783706, 3.6591212121212124], [null, 0.8085443390286716, 3.7121505050505057], [null, 0.8039409521832525, 3.7651797979797985], [null, 0.7992284522482207, 3.8182090909090913], [null, 0.7943994719984021, 3.871238383838384], [null, 0.7894459909786639, 3.9242676767676774], [null, 0.7843592244018679, 3.97729696969697], [null, 0.7791294862831972, 4.030326262626263], [null, 0.7737460254934792, 4.083355555555555], [null, 0.7681968060292753, 4.136384848484848], [null, 0.762468352794201, 4.189414141414141], [null, 0.7565452511519446, 4.242443434343435], [null, 0.7504099389707606, 4.2954727272727276], [null, 0.7440421036828931, 4.34850202020202], [null, 0.7374180254137374, 4.401531313131313], [null, 0.7305096860995693, 4.454560606060606], [null, 0.7232835424667083, 4.507589898989899], [null, 0.7156988164678476, 4.560619191919192], [null, 0.7077050292197054, 4.613648484848485], [null, 0.6992383317970803, 4.666677777777778], [null, 0.6902158103617358, 4.719707070707071], [null, 0.6805261900415542, 4.772736363636364], [null, 0.6700136480774674, 4.825765656565657], [null, 0.6584471177057613, 4.878794949494949], [null, 0.6454547283881185, 4.931824242424242], [null, 0.6303561524975443, 4.984853535353535], [null, 0.6115723177158716, 5.037882828282829], [null, 0.580653488422373, 5.0909121212121216], [null, 0.47434837163345606, 5.143941414141414], [null, 0.33541654987826935, 5.196970707070707], [null, 1.4432899320127035e-15, 5.25]]}