{"dim": 3, "delta": 1.5, "mu": 5.906055070328385, "dmu": 0.3, "g": -0.3603342691362375, "k_c": 50, "data": [[0.5585525506602408, null, 0.0001], [0.5585442085805644, null, 0.01525050505050505], [0.5585193939047742, null, 0.030401010101010102], [0.558478098563698, null, 0.045551515151515155], [0.5584203051009633, null, 0.06070202020202021], [0.5583459900519546, null, 0.07585252525252525], [0.558255123175588, null, 0.09100303030303031], [0.5581476674137349, null, 0.10615353535353536], [0.5580235788033857, null, 0.12130404040404041], [0.557882806360674, null, 0.13645454545454544], [0.557725292215935, null, 0.1516050505050505], [0.5575509710586313, null, 0.16675555555555555], [0.5573597703915552, null, 0.1819060606060606], [0.5571516102917692, null, 0.19705656565656565], [0.5569264031685618, null, 0.2122070707070707], [0.5566840537308548, null, 0.22735757575757576], [0.5564244578647817, null, 0.2425080808080808], [0.5561475064592469, null, 0.25765858585858586], [0.5558530771180871, null, 0.2728090909090909], [0.5555410422463505, null, 0.28795959595959597], [0.5552112643001653, null, 0.303110101010101], [0.5548635964937372, null, 0.3182606060606061], [0.5544978828523591, null, 0.3334111111111111], [0.5541139569912483, null, 0.3485616161616162], [0.5537116426177868, null, 0.3637121212121212], [0.5532907526885598, null, 0.3788626262626263], [0.5528510890714893, null, 0.3940131313131313], [0.5523924420525542, null, 0.4091636363636364], [0.5519145898163894, null, 0.4243141414141414], [0.5514172980308593, null, 0.4394646464646465], [0.5509003190092705, null, 0.4546151515151515], [0.5503633913062501, null, 0.4697656565656566], [0.5498062385396985, null, 0.48491616161616163], [0.5492285695403817, null, 0.5000666666666667], [0.5486300768883646, null, 0.5152171717171717], [0.548010435573891, null, 0.5303676767676768], [0.5473693031945005, null, 0.5455181818181818], [0.5467063181090833, null, 0.5606686868686869], [0.5460210984754754, null, 0.575819191919192], [0.5453132407494365, null, 0.590969696969697], [0.5445823188553148, null, 0.606120202020202], [0.5438278823029252, null, 0.6212707070707071], [0.5430494547059646, null, 0.6364212121212122], [0.5422465318763853, null, 0.6515717171717172], [0.5414185797518751, null, 0.6667222222222222], [0.5405650333053026, null, 0.6818727272727273], [0.5396852918883037, null, 0.6970232323232324], [0.5387787188401129, null, 0.7121737373737375], [0.537844637588015, null, 0.7273242424242424], [0.5368823281415631, null, 0.7424747474747475], [0.5358910246716699, null, 0.7576252525252526], [0.534869909586483, null, 0.7727757575757576], [0.5338181105803868, null, 0.7879262626262626], [0.5327346951926337, null, 0.8030767676767677], [0.5316186647043712, null, 0.8182272727272728], [0.5304689481629509, null, 0.8333777777777778], [0.529284394453912, null, 0.8485282828282829], [0.5280637650286925, null, 0.8636787878787879], [0.526805722917596, null, 0.878829292929293], [0.5255088230477614, null, 0.893979797979798], [0.5241714990301384, null, 0.9091303030303031], [0.5227920486188259, null, 0.9242808080808081], [0.521368616534464, null, 0.9394313131313132], [0.5198991751869109, null, 0.9545818181818182], [0.5183814995249773, null, 0.9697323232323233], [0.5168131406807958, null, 0.9848828282828284], [0.5151913912886673, null, 1.0000333333333333], [0.5135132435641473, null, 1.0151838383838385], [0.5117753482856419, null, 1.0303343434343435], [0.5099739375189616, null, 1.0454848484848485], [0.5081047651686342, null, 1.0606353535353537], [0.5061630042072476, null, 1.0757858585858586], [0.5041431260323459, null, 1.0909363636363636], [0.5020387423733514, null, 1.1060868686868688], [0.4998423984044237, null, 1.1212373737373738], [0.49754528903728956, null, 1.136387878787879], [0.49513687329971406, null, 1.151538383838384], [0.49260431736955984, null, 1.1666888888888889], [0.48993168346578725, null, 1.181839393939394], [0.48709867420341213, null, 1.196989898989899], [0.48407859769332134, null, 1.212140404040404], [0.48083481918005755, null, 1.2272909090909092], [0.4773139311019185, null, 1.2424414141414142], [0.47343053050163086, null, 1.2575919191919191], [0.46902359476471817, null, 1.2727424242424243], [0.46361304321020325, null, 1.2878929292929293], [0.4562033721771132, null, 1.3030434343434345], [0.448672558471861, null, 1.3181939393939395], [0.4410362489948804, null, 1.3333444444444444], [0.4332609980149347, null, 1.3484949494949496], [0.4253043908214078, null, 1.3636454545454546], [0.4171107487357328, null, 1.3787959595959596], [0.4086037775364782, null, 1.3939464646464648], [0.3996729454750569, null, 1.4090969696969697], [0.39014546235235315, null, 1.424247474747475], [0.37971842275628015, null, 1.43939797979798], [0.3677462571454199, null, 1.4545484848484849], [0.35202733039460204, null, 1.46969898989899], [0.26737203560284684, null, 1.484849494949495], [3.3306690738754696e-16, null, 1.5]]}