{"dim": 3, "delta": 0.75, "mu": 5.906055070328385, "dmu": 0.45375, "g": -0.34545454776739287, "k_c": 50, "data": [[0.11918244238917752, 0.25395096838829884, 0.0001], [0.1191107160988763, 0.25394167532060674, 0.007674747474747475], [0.11889911499846598, 0.25391425789309996, 0.015249494949494949], [0.11854725480825784, 0.253868673657315, 0.022824242424242424], [0.11805430118132983, 0.25380484901907574, 0.030398989898989898], [0.11741855401005874, 0.25372268778671514, 0.037973737373737375], [0.11663643829216112, 0.25362205342244326, 0.04554848484848485], [0.1156993557910579, 0.25350278495758427, 0.05312323232323232], [0.11456880948049401, 0.2533646872573034, 0.0606979797979798], [0.11330357309229544, 0.2532075310249972, 0.06827272727272728], [0.11201715774262576, 0.25303105097482465, 0.07584747474747475], [0.1107031467130495, 0.2528349434773848, 0.08342222222222222], [0.1093559011447176, 0.25261886288205077, 0.0909969696969697], [0.10797026953017264, 0.2523824234271441, 0.09857171717171717], [0.10654140016997354, 0.2521251852867535, 0.10614646464646464], [0.10506461766872036, 0.2518466601754911, 0.11372121212121213], [0.10353534103082859, 0.2515463024671367, 0.1212959595959596], [0.10194903197220269, 0.2512235015288119, 0.12887070707070705], [0.10030116584927815, 0.2508775772975799, 0.13644545454545454], [0.09858722916479166, 0.2505077706435258, 0.144020202020202], [0.0968026970441407, 0.2501132327213735, 0.15159494949494948], [0.09494312316932453, 0.24969301775698396, 0.15916969696969696], [0.09300412333197519, 0.24924605964457658, 0.16674444444444442], [0.09098147299780072, 0.2487711641273532, 0.1743191919191919], [0.08887118905452022, 0.24826698275507436, 0.18189393939393939], [0.08666964059662494, 0.24773198864222365, 0.18946868686868684], [0.08437368287569509, 0.24716444426737103, 0.19704343434343433], [0.08198081396781161, 0.24656236138662907, 0.2046181818181818], [0.07948935153070329, 0.2459234502055963, 0.21219292929292927], [0.07689862220532867, 0.2452450535849423, 0.21976767676767675], [0.07420916543078689, 0.24452406211837824, 0.22734242424242423], [0.07142292460998682, 0.24375679793907598, 0.2349171717171717], [0.0685434290880146, 0.24293886141981436, 0.24249191919191918], [0.06557594178820794, 0.242064911925893, 0.25006666666666666], [0.06252755988857857, 0.24112835943291855, 0.2576414141414141], [0.05940725364440101, 0.24012090320428875, 0.26521616161616157], [0.05622583279053311, 0.239031814527478, 0.2727909090909091], [0.052995832582794555, 0.23784678601044612, 0.28036565656565654], [0.04973132754704104, 0.2365459096333704, 0.287940404040404], [0.04644767111395472, 0.23509986057516397, 0.2955151515151515], [0.0430051305135147, 0.23346169244010256, 0.30308989898989896], [0.03907617141130492, 0.231545478866532, 0.3106646464646464], [0.03461047106072808, 0.22914642702075383, 0.31823939393939393], [0.029401631582468744, 0.22484687564677883, 0.3258141414141414], [0.022971299367973246, 0.2188285565839412, 0.33338888888888885], [0.013716686750451866, 0.21325601647378223, 0.34096363636363636], [null, 0.2080898880054351, 0.3485383838383838], [null, 0.2032935650470036, 0.35611313131313127], [null, 0.1988331897415309, 0.3636878787878788], [null, 0.19467759558509382, 0.37126262626262624], [null, 0.19079821344653147, 0.3788373737373737], [null, 0.18716894857934985, 0.3864121212121212], [null, 0.183766036962164, 0.39398686868686866], [null, 0.18056788863553577, 0.4015616161616161], [null, 0.17755492410089532, 0.40913636363636363], [null, 0.17470941031234072, 0.4167111111111111], [null, 0.17201529842327148, 0.42428585858585854], [null, 0.16945806926641968, 0.43186060606060606], [null, 0.1670245861116666, 0.4394353535353535], [null, 0.16470295690375866, 0.44701010101010097], [null, 0.16248240715489232, 0.4545848484848485], [null, 0.16035316271617064, 0.46215959595959594], [null, 0.1583063430032052, 0.4697343434343434], [null, 0.15633386399879032, 0.4773090909090909], [null, 0.15442834953376516, 0.48488383838383836], [null, 0.15258305212622367, 0.4924585858585858], [null, 0.15079178062155532, 0.5000333333333333], [null, 0.14904883516440162, 0.5076080808080807], [null, 0.14734894763083914, 0.5151828282828282], [null, 0.14568722825451516, 0.5227575757575758], [null, 0.14405911623643958, 0.5303323232323232], [null, 0.14246033452558493, 0.5379070707070707], [null, 0.1408868477892094, 0.5454818181818182], [null, 0.13933482295912872, 0.5530565656565656], [null, 0.13780059136697279, 0.5606313131313131], [null, 0.13628061347385312, 0.5682060606060606], [null, 0.13477144114831283, 0.575780808080808], [null, 0.13326968223590033, 0.5833555555555555], [null, 0.13177196307282446, 0.590930303030303], [null, 0.1302748877140804, 0.5985050505050504], [null, 0.12877499405859483, 0.6060797979797979], [null, 0.1272687038628868, 0.6136545454545455], [null, 0.12575226518075244, 0.6212292929292929], [null, 0.12422168284668454, 0.6288040404040404], [null, 0.12267263416960947, 0.6363787878787879], [null, 0.12110036226082467, 0.6439535353535353], [null, 0.11949953849202845, 0.6515282828282828], [null, 0.11786408033840468, 0.6591030303030303], [null, 0.11618690340041991, 0.6666777777777777], [null, 0.11445957376305108, 0.6742525252525252], [null, 0.11267180446976058, 0.6818272727272727], [null, 0.11081069800790723, 0.6894020202020201], [null, 0.10885955473782179, 0.6969767676767676], [null, 0.10679589148754282, 0.7045515151515152], [null, 0.10458790950798066, 0.7121262626262626], [null, 0.10218758285809357, 0.7197010101010101], [null, 0.09951523818545781, 0.7272757575757576], [null, 0.09641743847289219, 0.734850505050505], [null, 0.09249881711650952, 0.7424252525252525], [null, -6.857292511597279e-13, 0.75]]}