{"dim": 3, "delta": 6.0, "mu": 5.906055070328385, "dmu": 3.273913043478261, "g": -0.39323391783164535, "k_c": 50, "data": [[0.9244968822271917, null, 0.0001], [0.9234398286333524, null, 0.06070505050505051], [0.920281848401921, null, 0.12131010101010102], [0.9150369633268299, null, 0.18191515151515153], [0.9077062315690857, null, 0.24252020202020202], [0.898165290807881, null, 0.3031252525252525], [0.8865048832880481, null, 0.36373030303030307], [0.8743890083067415, null, 0.42433535353535357], [0.8617496787718547, null, 0.48494040404040406], [0.8484967954901499, null, 0.5455454545454546], [0.8345561449203184, null, 0.606150505050505], [0.8198659351673202, null, 0.6667555555555555], [0.8043756135000135, null, 0.7273606060606062], [0.7880458988406851, null, 0.7879656565656566], [0.7708494353003993, null, 0.8485707070707071], [0.7527716684352109, null, 0.9091757575757576], [0.7338116456008027, null, 0.9697808080808081], [0.7139825094496456, null, 1.0303858585858587], [0.6933115302623946, null, 1.0909909090909091], [0.6718395832893647, null, 1.1515959595959597], [0.6496200806325645, null, 1.2122010101010101], [0.6267174251069342, null, 1.2728060606060607], [0.6032051203662887, null, 1.333411111111111], [0.5791636945870884, null, 1.3940161616161617], [0.5546786182004056, null, 1.4546212121212123], [0.5298383339660545, null, 1.5152262626262627], [0.504732477656228, null, 1.5758313131313133], [0.47772860195479383, null, 1.6364363636363637], [0.4482317309348191, null, 1.6970414141414143], [0.4160628469461066, null, 1.7576464646464647], [0.38065796086532133, null, 1.8182515151515153], [0.3410736561013569, null, 1.8788565656565657], [0.29567913442246013, null, 1.9394616161616163], [0.2412510975012097, null, 2.000066666666667], [0.169325160149671, null, 2.0606717171717177]]}