{"dim": 3, "delta": 0.75, "mu": 5.906055070328385, "dmu": 0.6112500000000001, "g": -0.34545454776739287, "k_c": 50, "data": []}