{"dim": 3, "delta": 3.25, "mu": 5.906055070328385, "dmu": 2.071875, "g": -0.3781904243401935, "k_c": 50, "data": [[0.6145971079798314, 0.8921153385332721, 0.0001], [0.6157360778848935, 0.8920329010062814, 0.03292727272727273], [0.6165642057595779, 0.8917860070064654, 0.06575454545454545], [0.617308375622151, 0.8913729025427515, 0.09858181818181817], [0.6180508385494063, 0.8907906012113072, 0.1314090909090909], [0.6188289213628073, 0.8900347871663951, 0.16423636363636362], [0.6196686677896834, 0.8890996466262044, 0.19706363636363633], [0.6205932962745728, 0.8879776600956846, 0.22989090909090906], [0.6216266955368095, 0.8866592864957362, 0.2627181818181818], [0.622795607122711, 0.8851325366901648, 0.2955454545454545], [0.6241315873507213, 0.88338237556509, 0.32837272727272726], [0.6256732762641846, 0.8813898757058204, 0.36119999999999997], [0.6274694221459175, 0.8791309899306227, 0.39402727272727267], [0.6295832760520644, 0.8765747223618214, 0.42685454545454543], [0.6320993337264664, 0.8736802948602745, 0.45968181818181814], [0.635134303699052, 0.870392546239392, 0.4925090909090909], [0.6388560270721416, 0.8666339899540942, 0.5253363636363636], [0.6435186910910483, 0.8622899521314557, 0.5581636363636363], [0.6495351881728463, 0.8571774787575462, 0.590990909090909], [0.6576483303792319, 0.850968532475578, 0.6238181818181818], [0.6694366371473939, 0.8429384829245042, 0.6566454545454545], [0.6896112438893048, 0.830310268404433, 0.6894727272727272]]}