{"dim": 3, "delta": 1.5, "mu": 5.906055070328385, "dmu": 1.3499999999999999, "g": -0.3603342691362375, "k_c": 50, "data": []}