{"dim": 3, "delta": 1.5, "mu": 5.906055070328385, "dmu": 0.75, "g": -0.3603342691362375, "k_c": 50, "data": [[0.050785096694046565, 0.5182782129505901, 0.0001], [0.05047052765947529, 0.5182652929614334, 0.01525050505050505], [0.049524380569453005, 0.5182268556802547, 0.030401010101010102], [0.04791283577338194, 0.5181628661164395, 0.045551515151515155], [0.04557155997637222, 0.518073264718955, 0.06070202020202021], [0.04238900054986909, 0.517957968168973, 0.07585252525252525], [0.0381681375506001, 0.5178168681007607, 0.09100303030303031], [0.03252510991251151, 0.517649831420462, 0.10615353535353536], [0.024523650832126792, 0.5174566999401768, 0.12130404040404041], [0.009428659348893606, 0.5172372881331453, 0.13645454545454544], [null, 0.5169913839871527, 0.1516050505050505], [null, 0.5167187466812007, 0.16675555555555555], [null, 0.5164191072919979, 0.1819060606060606], [null, 0.5160921641571128, 0.19705656565656565], [null, 0.5157375846300986, 0.2122070707070707], [null, 0.5153550011874073, 0.22735757575757576], [null, 0.5149440115257887, 0.2425080808080808], [null, 0.5145041735705548, 0.25765858585858586], [null, 0.5140350046656653, 0.2728090909090909], [null, 0.5135359790202442, 0.28795959595959597], [null, 0.5130065233175961, 0.303110101010101], [null, 0.5124460136455993, 0.3182606060606061], [null, 0.5118537713413853, 0.3334111111111111], [null, 0.5112290580078256, 0.3485616161616162], [null, 0.5105710702640135, 0.3637121212121212], [null, 0.5098789335504862, 0.3788626262626263], [null, 0.5091516948271293, 0.3940131313131313], [null, 0.5083883155767389, 0.4091636363636364], [null, 0.5075876584457442, 0.4243141414141414], [null, 0.5067484872028883, 0.4394646464646465], [null, 0.5058694358554463, 0.4546151515151515], [null, 0.5049490111182315, 0.4697656565656566], [null, 0.5039855663147529, 0.48491616161616163], [null, 0.5029772829727855, 0.5000666666666667], [null, 0.5019221450376767, 0.5152171717171717], [null, 0.5008179102612976, 0.5303676767676768], [null, 0.49966207393332585, 0.5455181818181818], [null, 0.4984518245060003, 0.5606686868686869], [null, 0.497183990423333, 0.575819191919192], [null, 0.49585497051778377, 0.590969696969697], [null, 0.494460649845186, 0.606120202020202], [null, 0.4929962884252413, 0.6212707070707071], [null, 0.49145637843927464, 0.6364212121212122], [null, 0.4898344531508572, 0.6515717171717172], [null, 0.48812282862628187, 0.6667222222222222], [null, 0.48631224459376826, 0.6818727272727273], [null, 0.48439135086203705, 0.6970232323232324], [null, 0.4823459466437304, 0.7121737373737375], [null, 0.4801578003584679, 0.7273242424242424], [null, 0.477802756346708, 0.7424747474747475], [null, 0.47524733691109966, 0.7576252525252526], [null, 0.47244234606697655, 0.7727757575757576], [null, 0.4693086191842586, 0.7879262626262626], [null, 0.465697531444791, 0.8030767676767677], [null, 0.4612082437674933, 0.8182272727272728], [null, 0.4542730700938863, 0.8333777777777778], [null, 0.44715237518701084, 0.8485282828282829], [null, 0.44027410666013006, 0.8636787878787879], [null, 0.4336232617558453, 0.878829292929293], [null, 0.4271856129443344, 0.893979797979798], [null, 0.4209475941722939, 0.9091303030303031], [null, 0.41489660366481756, 0.9242808080808081], [null, 0.40902026664849866, 0.9394313131313132], [null, 0.4033070836642505, 0.9545818181818182], [null, 0.3977460435788037, 0.9697323232323233], [null, 0.39232664909954146, 0.9848828282828284], [null, 0.38703887553435506, 1.0000333333333333], [null, 0.3818731298916706, 1.0151838383838385], [null, 0.37682020859157567, 1.0303343434343435], [null, 0.3718712579789777, 1.0454848484848485], [null, 0.3670177324297457, 1.0606353535353537], [null, 0.36225135269613973, 1.0757858585858586], [null, 0.3575640635817474, 1.0909363636363636], [null, 0.3529479888182498, 1.1060868686868688], [null, 0.3483953852504542, 1.1212373737373738], [null, 0.3438985923719578, 1.136387878787879], [null, 0.3394499807410222, 1.151538383838384], [null, 0.33504188764241555, 1.1666888888888889], [null, 0.3306665544731694, 1.181839393939394], [null, 0.3263160480622427, 1.196989898989899], [null, 0.32198217088598907, 1.212140404040404], [null, 0.31765635402618597, 1.2272909090909092], [null, 0.3133295271368853, 1.2424414141414142], [null, 0.30899195727307194, 1.2575919191919191], [null, 0.30463304520293594, 1.2727424242424243], [null, 0.3002410626251117, 1.2878929292929293], [null, 0.2958028055514832, 1.3030434343434345], [null, 0.2913031261678434, 1.3181939393939395], [null, 0.28672428418398416, 1.3333444444444444], [null, 0.2820450204324556, 1.3484949494949496], [null, 0.27723918869797975, 1.3636454545454546], [null, 0.2722736512519146, 1.3787959595959596], [null, 0.26710488049267683, 1.3939464646464648], [null, 0.2616731170474311, 1.4090969696969697], [null, 0.2558915027153553, 1.424247474747475], [null, 0.24962351060035776, 1.43939797979798], [null, 0.24262789671018112, 1.4545484848484849], [null, 0.23438296371747136, 1.46969898989899], [null, 0.22303899664674512, 1.484849494949495], [null, 1.0930145677434666e-13, 1.5]]}