{"dim": 3, "delta": 7.0, "mu": 5.906055070328385, "dmu": 5.638888888888889, "g": -0.39716351980467146, "k_c": 50, "data": []}