{"dim": 3, "delta": 0.2, "mu": 5.906055070328385, "dmu": 0.15250000000000002, "g": -0.32006361602683453, "k_c": 50, "data": []}