{"dim": 3, "delta": 4.0, "mu": 5.906055070328385, "dmu": 2.3600000000000003, "g": -0.38319438892130875, "k_c": 50, "data": [[0.6757387353988537, null, 0.0001], [0.6749818606440424, null, 0.040503030303030305], [0.6726357776395632, null, 0.0809060606060606], [0.6682741937403713, null, 0.12130909090909091], [0.6635657921913991, null, 0.1617121212121212], [0.6589225117413187, null, 0.2021151515151515], [0.6542370237884818, null, 0.2425181818181818], [0.6494390615827832, null, 0.28292121212121213], [0.6444752398777923, null, 0.3233242424242424], [0.6393002773289433, null, 0.3637272727272727], [0.6338725497463723, null, 0.404130303030303], [0.6281515900904008, null, 0.44453333333333334], [0.6220965635562993, null, 0.4849363636363636], [0.6156653007048262, null, 0.5253393939393939], [0.608813700065559, null, 0.5657424242424243], [0.6014954279675581, null, 0.6061454545454545], [0.5936619054399201, null, 0.6465484848484848], [0.5852626095626376, null, 0.6869515151515151], [0.5762457398738087, null, 0.7273545454545454], [0.5665593088410282, null, 0.7677575757575757], [0.556152707134167, null, 0.808160606060606], [0.5449787645280069, null, 0.8485636363636363], [0.5329962710305635, null, 0.8889666666666667], [0.5201728414239679, null, 0.929369696969697], [0.5064879114240931, null, 0.9697727272727272], [0.4919355624050093, null, 1.0101757575757575], [0.47652681489576637, null, 1.0505787878787878], [0.4602910409739315, null, 1.090981818181818], [0.4432762408538918, null, 1.1313848484848485], [0.4255480727072074, null, 1.1717878787878788], [0.40718774866832563, null, 1.212190909090909], [0.38828904567913275, null, 1.2525939393939394], [0.36895482475715397, null, 1.2929969696969696], [0.3492934513188016, null, 1.3334], [0.32941545921487375, null, 1.3738030303030302], [0.30943070070202955, null, 1.4142060606060605], [0.289446101273842, null, 1.4546090909090907], [0.26956403679576985, null, 1.4950121212121212], [0.24988128257200182, null, 1.5354151515151515], [0.2304884385802413, null, 1.5758181818181818], [0.20910940374651396, 0.80242397597493, 1.616221212121212], [0.18372885097038447, 0.7945976748086796, 1.6566242424242423], [0.15327053413482608, 0.7872351864325975, 1.6970272727272726], [0.11406605896481176, 0.7802841991056745, 1.7374303030303029], [0.048518037240516725, 0.7736980931369442, 1.7778333333333334], [null, 0.7674353705504694, 1.8182363636363637], [null, 0.7614591062280431, 1.858639393939394], [null, 0.7557364317099206, 1.8990424242424242], [null, 0.7502380588927727, 1.9394454545454545], [null, 0.7449378556822973, 1.9798484848484847], [null, 0.7398124381889983, 2.0202515151515152], [null, 0.7348408896901153, 2.0606545454545455], [null, 0.730004348111724, 2.101057575757576], [null, 0.7252858432984282, 2.141460606060606], [null, 0.7206700089212332, 2.1818636363636363], [null, 0.7161428858173438, 2.2222666666666666], [null, 0.7116917395255701, 2.2626696969696973], [null, 0.70730490149881, 2.3030727272727276], [null, 0.702971623672407, 2.343475757575758], [null, 0.6986819572890246, 2.383878787878788], [null, 0.69442663989255, 2.4242818181818184], [null, 0.6901969942331554, 2.4646848484848487], [null, 0.6859848399935419, 2.505087878787879], [null, 0.6817824103884709, 2.5454909090909092], [null, 0.6775822793802805, 2.5858939393939395], [null, 0.673377290621473, 2.62629696969697], [null, 0.6691604917958003, 2.6667], [null, 0.6649250723314455, 2.7071030303030303], [null, 0.6606643019131849, 2.7475060606060606], [null, 0.6563714697541352, 2.787909090909091], [null, 0.6520398229710526, 2.828312121212121], [null, 0.6476625026578794, 2.8687151515151514], [null, 0.6432324764121324, 2.9091181818181817], [null, 0.6387424650919831, 2.9495212121212124], [null, 0.6341848621913092, 2.9899242424242427], [null, 0.6295516429512223, 3.030327272727273], [null, 0.6248342583556113, 3.0707303030303033], [null, 0.6200235221222996, 3.1111333333333335], [null, 0.6151094492800546, 3.151536363636364], [null, 0.6100810987495233, 3.191939393939394], [null, 0.604926352068298, 3.2323424242424244], [null, 0.5996316491003513, 3.2727454545454546], [null, 0.5941816527078847, 3.313148484848485], [null, 0.5885588166393111, 3.353551515151515], [null, 0.5827428205086167, 3.3939545454545454], [null, 0.5767098138215998, 3.4343575757575757], [null, 0.5704313842611433, 3.474760606060606], [null, 0.5638731099261571, 3.5151636363636363], [null, 0.5569924803406178, 3.555566666666667], [null, 0.5497357640626221, 3.5959696969696973], [null, 0.5420331675244735, 3.6363727272727275], [null, 0.5337908616930741, 3.676775757575758], [null, 0.5248770217512168, 3.717178787878788], [null, 0.5150951402994901, 3.7575818181818184], [null, 0.5041263938219361, 3.7979848484848486], [null, 0.49137983007801794, 3.838387878787879], [null, 0.475449455484599, 3.878790909090909], [null, 0.4470024560606105, 3.9191939393939395], [null, 0.31602097242527516, 3.9595969696969697], [null, -7.66053886991358e-15, 4.0]]}