{"dim": 3, "delta": 3.25, "mu": 5.906055070328385, "dmu": 1.9093749999999998, "g": -0.3781904243401935, "k_c": 50, "data": [[0.5251274328696848, 0.9464360295045283, 0.0001], [0.5247065872508906, 0.9463882953723481, 0.03292727272727273], [0.5234451840382666, 0.9462455308968619, 0.06575454545454545], [0.5213283146013065, 0.9460073128353904, 0.09858181818181817], [0.5183153135355102, 0.9456729300422199, 0.1314090909090909], [0.5142314368493721, 0.9452413686951499, 0.16423636363636362], [0.5092538982919212, 0.944711319468049, 0.19706363636363633], [0.5042302656168857, 0.944081112412686, 0.22989090909090906], [0.49910846373087936, 0.9433487344713987, 0.2627181818181818], [0.49384788633548193, 0.9425117902551358, 0.2955454545454545], [0.48841433591598826, 0.9415674299955754, 0.32837272727272726], [0.48277728122230695, 0.9405123361613993, 0.36119999999999997], [0.4769082748827545, 0.9393426404033905, 0.39402727272727267], [0.47078001023539007, 0.9380538555352024, 0.42685454545454543], [0.46436576891704484, 0.9366407655496644, 0.45968181818181814], [0.4576391304029219, 0.9350973147884937, 0.4925090909090909], [0.45057388083278227, 0.9334164466327239, 0.5253363636363636], [0.4431440897092135, 0.9315899026421781, 0.5581636363636363], [0.4353243410284339, 0.9296079636191144, 0.590990909090909], [0.42709011425012194, 0.9274591034543368, 0.6238181818181818], [0.41841831332276314, 0.9251295251540753, 0.6566454545454545], [0.4092879377363138, 0.9226025211013268, 0.6894727272727272], [0.39968088447360606, 0.9198575701198725, 0.7222999999999999], [0.38958285823236627, 0.9168690223604058, 0.7551272727272726], [0.37898433772753903, 0.9136041133513161, 0.7879545454545454], [0.36788158764904305, 0.9100198208129454, 0.8207818181818182], [0.3562775760176042, 0.9060576032723665, 0.8536090909090909], [0.34418279196966073, 0.9016338916065383, 0.8864363636363636], [0.3316158426089942, 0.8966210406354219, 0.9192636363636363], [0.3186037725904174, 0.8908028302838406, 0.952090909090909], [0.30518205681682953, 0.8837398005392062, 0.9849181818181818], [0.2913942439781185, 0.8739970701658196, 1.0177454545454545], [0.2772912652831977, 0.8559221438526936, 1.0505727272727272], [0.26293045424404465, 0.8382781344357787, 1.0834], [0.24837434977252118, 0.821774004900612, 1.1162272727272726], [0.23368937011871055, 0.8063415466062802, 1.1490545454545453], [0.2189444494627632, 0.7919114884952079, 1.181881818181818], [0.20420971766337237, 0.778414580969681, 1.2147090909090907], [0.1884566171236572, 0.7657825878651815, 1.2475363636363637], [0.17032463744837753, 0.7539491452680177, 1.2803636363636364], [0.14950548412349063, 0.7428504519086377, 1.313190909090909], [0.12483358368400493, 0.7324257908087426, 1.3460181818181818], [0.09341470091295533, 0.7226178826149562, 1.3788454545454545], [0.04234572570183953, 0.7133730941442019, 1.4116727272727272], [null, 0.7046415203653676, 1.4445], [null, 0.6963769640948901, 1.4773272727272726], [null, 0.6885368421545286, 1.5101545454545453], [null, 0.6810820246409379, 1.542981818181818], [null, 0.6739766649146945, 1.5758090909090907], [null, 0.6671879429928479, 1.6086363636363636], [null, 0.660685884547502, 1.6414636363636363], [null, 0.654443108896275, 1.674290909090909], [null, 0.6484346088850419, 1.7071181818181818], [null, 0.6426375393450213, 1.7399454545454545], [null, 0.637031004542965, 1.7727727272727272], [null, 0.6315958739011814, 1.8055999999999999], [null, 0.6263146011911636, 1.8384272727272726], [null, 0.6211710605478921, 1.8712545454545453], [null, 0.6161503955959114, 1.904081818181818], [null, 0.6112388815327809, 1.936909090909091], [null, 0.6064237965879493, 1.9697363636363636], [null, 0.6016933158217816, 2.0025636363636363], [null, 0.5970363864950546, 2.0353909090909093], [null, 0.592442649716858, 2.0682181818181817], [null, 0.5879023403620242, 2.1010454545454547], [null, 0.5834062065980987, 2.1338727272727276], [null, 0.5789454311227579, 2.1667], [null, 0.5745115590874819, 2.199527272727273], [null, 0.5700964249133548, 2.2323545454545455], [null, 0.5656920869533391, 2.2651818181818184], [null, 0.5612907596959044, 2.298009090909091], [null, 0.5568847459267597, 2.330836363636364], [null, 0.55246636908133, 2.3636636363636363], [null, 0.5480279017864985, 2.3964909090909092], [null, 0.5435614898418267, 2.4293181818181817], [null, 0.5390590696202341, 2.4621454545454546], [null, 0.5345122762925558, 2.4949727272727276], [null, 0.5299123397753072, 2.5278], [null, 0.5252499638263536, 2.560627272727273], [null, 0.5205151857100985, 2.5934545454545455], [null, 0.5156972009739181, 2.6262818181818184], [null, 0.5107841585929228, 2.659109090909091], [null, 0.5057628977423076, 2.691936363636364], [null, 0.5006186161054584, 2.7247636363636363], [null, 0.49533444663684445, 2.757590909090909], [null, 0.48989088327225744, 2.7904181818181817], [null, 0.48426502606886684, 2.8232454545454546], [null, 0.47842952569367203, 2.8560727272727275], [null, 0.47235108469518716, 2.8889], [null, 0.46598825980740205, 2.921727272727273], [null, 0.45928810711759055, 2.9545545454545454], [null, 0.45218082248747427, 2.9873818181818184], [null, 0.44457064572733573, 3.020209090909091], [null, 0.4363192401115094, 3.0530363636363638], [null, 0.4272119851105461, 3.0858636363636363], [null, 0.41687863677707765, 3.118690909090909], [null, 0.40455512020396106, 3.1515181818181817], [null, 0.3878833191978088, 3.1843454545454546], [null, 0.30342528760910514, 3.2171727272727275], [null, -4.1744385725905886e-14, 3.25]]}