{"dim": 3, "delta": 0.25, "mu": 5.906055070328385, "dmu": 0.164375, "g": -0.3240909709653437, "k_c": 50, "data": [[0.047036312507621324, 0.08251115407118782, 0.0001], [0.04696854132441466, 0.08250686513792836, 0.0026242424242424243], [0.0467824800967717, 0.08249461786813228, 0.005148484848484849], [0.04661958119378763, 0.08247438254134234, 0.007672727272727274], [0.046470353238979877, 0.08244610975592158, 0.010196969696969697], [0.04632792336294215, 0.08240972988527197, 0.012721212121212123], [0.04618887476640499, 0.08236515222595582, 0.015245454545454546], [0.046051192434247504, 0.08231226362656835, 0.01776969696969697], [0.04591353938038256, 0.08225092754779155, 0.020293939393939395], [0.04577494237666276, 0.08218098184712089, 0.02281818181818182], [0.045634635233521986, 0.08210223707653246, 0.025342424242424246], [0.045491971395848346, 0.08201447385660686, 0.027866666666666668], [0.045346370900624364, 0.08191743686028438, 0.030390909090909093], [0.045197284852807496, 0.08181083708958516, 0.03291515151515152], [0.045044169676678666, 0.08169434074592602, 0.035439393939393944], [0.04488646621388456, 0.08156756657468048, 0.03796363636363637], [0.04472358116736671, 0.08143007798968255, 0.040487878787878795], [0.04455486897807153, 0.08128137410614573, 0.04301212121212122], [0.04437961269746228, 0.08112087882260587, 0.045536363636363646], [0.0441970023666688, 0.08094792667114768, 0.04806060606060607], [0.04400611014584147, 0.08076174510674954, 0.050584848484848496], [0.043805859641723274, 0.08056143152848408, 0.05310909090909092], [0.043594988468876904, 0.08034592327624862, 0.05563333333333334], [0.0433720010430779, 0.08011395746728804, 0.05815757575757577], [0.04313510853173758, 0.07986401674752236, 0.06068181818181819], [0.04288215167716086, 0.07959425349720108, 0.06320606060606061], [0.04261050080695, 0.07930238131814919, 0.06573030303030304], [0.04231692527109618, 0.07898551583393733, 0.06825454545454547], [0.041997423966643466, 0.07863992900931453, 0.07077878787878789], [0.04164700060847848, 0.0782606537807082, 0.07330303030303031], [0.04125937594060489, 0.0778408070028586, 0.07582727272727274], [0.04082661619989878, 0.07737033358587155, 0.07835151515151516], [0.04033867408313427, 0.07683340329900946, 0.08087575757575759], [0.039782855367068784, 0.07620206262430505, 0.08340000000000002], [0.039143282620606124, 0.07541580262038718, 0.08592424242424243], [0.03840053560821669, 0.07425127207877764, 0.08844848484848486], [0.037531865694226625, 0.07022857442676282, 0.09097272727272729], [0.03651262911492057, 0.06610612194153745, 0.0934969696969697], [0.035319727087617374, 0.0624858248354725, 0.09602121212121213], [0.03393733836178725, 0.0593597450667128, 0.09854545454545456], [0.03236364992097467, 0.05670828023860021, 0.10106969696969699], [0.030615322824653037, 0.05449543151794264, 0.1035939393939394], [0.028726423710275787, 0.0526696485011766, 0.10611818181818183], [0.02674389688764764, 0.05117027045351832, 0.10864242424242426], [0.024708341125655054, 0.04993599377003121, 0.11116666666666668], [0.02266843399299708, 0.04891145562005141, 0.1136909090909091], [0.02065649172926181, 0.0480503840341923, 0.11621515151515154], [0.01869856833190683, 0.04731596172943744, 0.11873939393939395], [0.016813341891724516, 0.046679706159418605, 0.12126363636363638], [0.01501364726431672, 0.04611987296994924, 0.12378787878787881], [0.013307910177805023, 0.04561992170033325, 0.1263121212121212], [0.011701368463025686, 0.04516723592948446, 0.12883636363636364], [0.010197005310052059, 0.044752124821435375, 0.13136060606060607], [0.00878440585370308, 0.04436708405168163, 0.1338848484848485], [0.006974864698660517, 0.04400624149134312, 0.13640909090909092], [0.004234542448902293, 0.043664953086468374, 0.13893333333333333], [null, 0.043339505945019785, 0.14145757575757575], [null, 0.04302689883796124, 0.14398181818181818], [null, 0.04272467887385961, 0.1465060606060606], [null, 0.042430819496469825, 0.14903030303030304], [null, 0.042143627628176264, 0.15155454545454547], [null, 0.04186167342230485, 0.15407878787878787], [null, 0.04158373555043369, 0.1566030303030303], [null, 0.041308758949022424, 0.15912727272727273], [null, 0.04103582140333489, 0.16165151515151516], [null, 0.04076410700561624, 0.16417575757575759], [null, 0.0404928848389398, 0.16670000000000001], [null, 0.040221491476875405, 0.16922424242424244], [null, 0.03994931672531329, 0.17174848484848484], [null, 0.03967579139621061, 0.17427272727272727], [null, 0.03940037708644401, 0.1767969696969697], [null, 0.03912255701411847, 0.17932121212121213], [null, 0.03884182229235501, 0.18184545454545456], [null, 0.03855769297883261, 0.184369696969697], [null, 0.03826965374928379, 0.1868939393939394], [null, 0.03797720417737476, 0.18941818181818182], [null, 0.037679822869689766, 0.19194242424242425], [null, 0.037376965750043165, 0.19446666666666668], [null, 0.03706805781583481, 0.1969909090909091], [null, 0.03675248405175324, 0.19951515151515153], [null, 0.03642957865311422, 0.20203939393939396], [null, 0.03609861254878589, 0.20456363636363636], [null, 0.035758779295896, 0.2070878787878788], [null, 0.03540917282889166, 0.20961212121212122], [null, 0.03504876961673699, 0.21213636363636365], [null, 0.03467639349357633, 0.21466060606060608], [null, 0.034290678551730354, 0.2171848484848485], [null, 0.033890016675588254, 0.2197090909090909], [null, 0.03347248330211802, 0.22223333333333334], [null, 0.03303573716825742, 0.22475757575757577], [null, 0.032576872312147266, 0.2272818181818182], [null, 0.032092196656403824, 0.22980606060606062], [null, 0.031576884617811475, 0.23233030303030305], [null, 0.031024402817062386, 0.23485454545454545], [null, 0.030425494161828628, 0.23737878787878788], [null, 0.029766211970487552, 0.2399030303030303], [null, 0.029023606583535633, 0.24242727272727274], [null, 0.028154253457612, 0.24495151515151517], [null, 0.027051024229834256, 0.2474757575757576], [null, -1.5543122344752192e-13, 0.25]]}