{"dim": 3, "delta": 6.25, "mu": 5.906055070328385, "dmu": 3.2421875, "g": -0.39426752038007834, "k_c": 50, "data": [[0.7985709634426692, null, 0.0001], [0.7976808506141074, null, 0.06323030303030304], [0.7950236576301016, null, 0.12636060606060606], [0.7906214609430245, null, 0.1894909090909091], [0.7845095464897083, null, 0.25262121212121214], [0.7767342829893055, null, 0.31575151515151517], [0.7673503458786286, null, 0.3788818181818182], [0.7564174516578479, null, 0.44201212121212125], [0.7439967630522004, null, 0.5051424242424243], [0.7301471098086022, null, 0.5682727272727273], [0.7149211439392956, null, 0.6314030303030304], [0.6983615043290744, null, 0.6945333333333334], [0.6804970899328545, null, 0.7576636363636364], [0.6613393567266646, null, 0.8207939393939394], [0.640878638352469, null, 0.8839242424242425], [0.6190802206495926, null, 0.9470545454545456], [0.5958797705230203, null, 1.0101848484848486], [0.5711774121028315, null, 1.0733151515151516], [0.5448293095765091, null, 1.1364454545454545], [0.5166348775596179, null, 1.1995757575757577], [0.4863163791627932, null, 1.2627060606060607], [0.4534847966901345, null, 1.3258363636363637], [0.4175794468214685, null, 1.388966666666667], [0.3777526287526788, null, 1.4520969696969699], [0.3326238228696945, null, 1.5152272727272729], [0.2796618885727253, null, 1.5783575757575758], [0.21313026599162033, null, 1.6414878787878788], [0.11085505667744627, null, 1.704618181818182]]}