{"dim": 3, "delta": 7.25, "mu": 5.906055070328385, "dmu": 3.741517857142857, "g": -0.39806881382767106, "k_c": 50, "data": [[0.9945230874902683, null, 0.0001], [0.9932182967698459, null, 0.07333131313131314], [0.989331834281017, null, 0.14656262626262626], [0.9829242824155245, null, 0.21979393939393937], [0.9740910274578982, null, 0.2930252525252525], [0.9629547222279451, null, 0.36625656565656567], [0.9496560617336574, null, 0.43948787878787876], [0.9343437640364498, null, 0.5127191919191919], [0.9171644893977067, null, 0.585950505050505], [0.8982532304155384, null, 0.6591818181818182], [0.8777245546952308, null, 0.7324131313131313], [0.855665057817593, null, 0.8056444444444445], [0.8321273808976769, null, 0.8788757575757575], [0.8071259898430831, null, 0.9521070707070707], [0.7806344653784104, null, 1.0253383838383838], [0.7525834170049559, null, 1.098569696969697], [0.7228575802402609, null, 1.1718010101010101], [0.6912902905546154, null, 1.2450323232323233], [0.6576531586587849, null, 1.3182636363636364], [0.6216378828857231, null, 1.3914949494949496], [0.5828249554582828, null, 1.4647262626262627], [0.5406289663088321, null, 1.5379575757575759], [0.4941980339487087, null, 1.611188888888889], [0.44221242399153504, null, 1.6844202020202022], [0.3824251165845517, null, 1.757651515151515], [0.31037195188402955, null, 1.8308828282828282], [0.2140185783801288, null, 1.9041141414141414]]}