{"dim": 3, "delta": 3.75, "mu": 5.906055070328385, "dmu": 2.3169642857142856, "g": -0.38162974782282366, "k_c": 50, "data": [[0.6856557456842705, null, 0.0001], [0.6842834783969786, null, 0.03797777777777778], [0.6832871603613807, null, 0.07585555555555555], [0.6824339290712298, null, 0.11373333333333333], [0.6816365523861823, null, 0.15161111111111109], [0.680864721724369, null, 0.18948888888888887], [0.6801043580400691, null, 0.22736666666666663], [0.6793480037625779, null, 0.2652444444444444], [0.6785915110813829, null, 0.3031222222222222], [0.6778326535194917, null, 0.34099999999999997], [0.6770704821127791, null, 0.37887777777777776], [0.6763050219268436, null, 0.4167555555555555], [0.6755371556145202, null, 0.4546333333333333], [0.6747686302201779, null, 0.49251111111111107], [0.6740021702012887, null, 0.5303888888888888], [0.6732417088046936, null, 0.5682666666666666], [0.6724927749632689, null, 0.6061444444444444], [0.6717631176419364, null, 0.6440222222222222], [0.6710637154251068, null, 0.6819], [0.6704104542790355, null, 0.7197777777777777], [0.6698270449175266, null, 0.7576555555555555], [0.6693503674461049, null, 0.7955333333333332], [0.669041119018003, null, 0.833411111111111], [0.6690071173506579, null, 0.8712888888888888], [0.6694624704075467, null, 0.9091666666666666], [0.6709156459138299, null, 0.9470444444444444], [0.6750952133170571, null, 0.9849222222222221]]}