{"dim": 3, "delta": 0.2, "mu": 5.906055070328385, "dmu": 0.12850000000000003, "g": -0.32006361602683453, "k_c": 50, "data": [[0.036078849793764724, 0.06696280900635967, 0.0001], [0.03604584281964558, 0.06695964390047048, 0.002119191919191919], [0.03594877160165899, 0.06695071248775648, 0.004138383838383839], [0.03576546707255861, 0.0669359963418486, 0.006157575757575758], [0.035566454867749266, 0.06691546609243271, 0.008176767676767676], [0.035375891859372115, 0.06688907832167491, 0.010195959595959595], [0.03518908643916227, 0.06685677797096355, 0.012215151515151516], [0.03500320954122028, 0.06681849664550958, 0.014234343434343434], [0.03481633004869177, 0.06677415136695712, 0.016253535353535353], [0.03462699489624335, 0.06672364514109279, 0.018272727272727274], [0.03443401848053416, 0.06666686427491833, 0.02029191919191919], [0.03423636530677545, 0.06660367795579807, 0.02231111111111111], [0.03403307823031698, 0.06653393648166764, 0.024330303030303032], [0.03382323070886952, 0.06645746947600699, 0.02634949494949495], [0.03360589220783083, 0.06637408309852383, 0.02836868686868687], [0.03338010095995236, 0.06628355817574673, 0.030387878787878787], [0.0331448405707861, 0.06618564633775674, 0.03240707070707071], [0.03289903889348349, 0.06608006625370574, 0.03442626262626263], [0.03264144561110257, 0.06596649880036681, 0.03644545454545455], [0.03237081350928353, 0.06584458112938786, 0.038464646464646465], [0.032085673404616516, 0.06571389966851766, 0.040483838383838386], [0.031784411526993635, 0.06557398132945022, 0.042503030303030306], [0.03146522376253174, 0.06542428087626358, 0.04452222222222223], [0.031126088667662293, 0.06526416826437145, 0.04654141414141415], [0.03076473975630381, 0.06509290908885701, 0.04856060606060607], [0.030378637880349224, 0.06490964042203451, 0.05057979797979798], [0.029964946392828366, 0.06471333834846955, 0.0525989898989899], [0.029520512149380156, 0.06450277374959584, 0.05461818181818182], [0.029041857723772366, 0.06427645067218102, 0.05663737373737374], [0.028525192466808767, 0.0640325179168429, 0.058656565656565664], [0.027966452674262295, 0.06376863755109904, 0.06067575757575758], [0.02736138417267416, 0.06348178513516403, 0.0626949494949495], [0.026705682481979773, 0.063167918655668, 0.06471414141414142], [0.02599520585887443, 0.06282141381384888, 0.06673333333333334], [0.02522627095621466, 0.06243399875647064, 0.06875252525252526], [0.024396031706519463, 0.06199250353602657, 0.07077171717171718], [0.023502916562491673, 0.061473184137488646, 0.0727909090909091], [0.022547081815034058, 0.06082214376902074, 0.07481010101010102], [0.021530797511449058, 0.05976682807632321, 0.07682929292929293], [0.020458693464981508, 0.057192270299252466, 0.07884848484848485], [0.019337747268306515, 0.05489456288483834, 0.08086767676767677], [0.01817707456292796, 0.052850763124546424, 0.08288686868686869], [0.016987402035954228, 0.05103581210010922, 0.08490606060606061], [0.015780441048552755, 0.04942505398973809, 0.08692525252525253], [0.014568197766093216, 0.04799476338815359, 0.08894444444444445], [0.013362352000046063, 0.04672264097464323, 0.09096363636363637], [0.012173770634672407, 0.04558818558559277, 0.09298282828282829], [0.011012193331506477, 0.044572913217469874, 0.09500202020202021], [0.00988607049370331, 0.04366042903320689, 0.09702121212121213], [0.00880254087547501, 0.04283637922452679, 0.09904040404040404], [0.00769475738366907, 0.04208832180056416, 0.10105959595959596], [0.006257736466030206, 0.04140554822373418, 0.10307878787878788], [0.004262493486767017, 0.04077888536202518, 0.1050979797979798], [null, 0.04020049644402545, 0.10711717171717172], [null, 0.039663693903415884, 0.10913636363636364], [null, 0.03916276904906438, 0.11115555555555556], [null, 0.03869284104836669, 0.11317474747474748], [null, 0.03824972922244881, 0.1151939393939394], [null, 0.037829841709474316, 0.11721313131313132], [null, 0.0374300799439084, 0.11923232323232323], [null, 0.03704776396292549, 0.12125151515151515], [null, 0.03668056226407019, 0.12327070707070707], [null, 0.036326438460655266, 0.12528989898989898], [null, 0.03598360469568982, 0.1273090909090909], [null, 0.0356504822177184, 0.12932828282828282], [null, 0.03532566917247994, 0.13134747474747474], [null, 0.03500791265945399, 0.13336666666666666], [null, 0.034696085884716336, 0.13538585858585858], [null, 0.03438916565013282, 0.1374050505050505], [null, 0.03408621980586862, 0.13942424242424242], [null, 0.03378638892184617, 0.14144343434343434], [null, 0.03348887265766687, 0.14346262626262626], [null, 0.033192920791482616, 0.14548181818181818], [null, 0.03289782098251879, 0.1475010101010101], [null, 0.03260288970347787, 0.14952020202020203], [null, 0.03230746302935467, 0.15153939393939392], [null, 0.03201088788696801, 0.15355858585858584], [null, 0.03171251334174089, 0.15557777777777776], [null, 0.031411681593177185, 0.15759696969696968], [null, 0.03110771848655112, 0.1596161616161616], [null, 0.030799923069556874, 0.16163535353535352], [null, 0.030487555783379205, 0.16365454545454544], [null, 0.030169824636644877, 0.16567373737373736], [null, 0.029845868763402734, 0.16769292929292928], [null, 0.02951473786381379, 0.1697121212121212], [null, 0.029175366810214192, 0.17173131313131312], [null, 0.028826542016273892, 0.17375050505050504], [null, 0.028466857583432228, 0.17576969696969696], [null, 0.028094654930678004, 0.17778888888888889], [null, 0.02770793865655109, 0.1798080808080808], [null, 0.027304254881682286, 0.18182727272727273], [null, 0.02688050861740331, 0.18384646464646465], [null, 0.026432677940700155, 0.18586565656565657], [null, 0.02595534242818813, 0.1878848484848485], [null, 0.025440846220867133, 0.1899040404040404], [null, 0.024877685363444983, 0.19192323232323233], [null, 0.02424696454196351, 0.19394242424242425], [null, 0.023512985741956458, 0.19596161616161614], [null, 0.022587839494032536, 0.19798080808080806], [null, -3.3306690738754696e-16, 0.2]]}