{"dim": 3, "delta": 6.5, "mu": 5.906055070328385, "dmu": 3.4450000000000003, "g": -0.3952652028291439, "k_c": 50, "data": [[0.938371615625521, null, 0.0001], [0.9372981052991637, null, 0.06575555555555557], [0.9340991682817302, null, 0.13141111111111112], [0.9288190658994296, null, 0.19706666666666667], [0.9215286870443278, null, 0.26272222222222225], [0.9123216525990038, null, 0.3283777777777778], [0.9013095183601801, null, 0.39403333333333335], [0.8886165379708589, null, 0.4596888888888889], [0.8743743024458029, null, 0.5253444444444445], [0.8587161060189938, null, 0.5910000000000001], [0.8417682681669238, null, 0.6566555555555557], [0.8236132812985062, null, 0.7223111111111112], [0.8045860238680514, null, 0.7879666666666667], [0.7847997252444536, null, 0.8536222222222223], [0.7642574797883473, null, 0.9192777777777779], [0.7429754094341242, null, 0.9849333333333334], [0.7209817349106878, null, 1.050588888888889], [0.6982298657823904, null, 1.1162444444444446], [0.6743966397617399, null, 1.1819000000000002], [0.6494080236883499, null, 1.2475555555555558], [0.623133985110481, null, 1.3132111111111113], [0.5954048802638575, null, 1.378866666666667], [0.5660056552904772, null, 1.4445222222222225], [0.5346593157917748, null, 1.510177777777778], [0.5009990688581096, null, 1.5758333333333334], [0.464521013835106, null, 1.641488888888889], [0.42449855523630425, null, 1.7071444444444446], [0.37981250177386805, null, 1.7728000000000002], [0.3285656555820933, null, 1.8384555555555557], [0.26700748409061537, null, 1.9041111111111113], [0.18512447059273038, null, 1.9697666666666669]]}