{"dim": 3, "delta": 6.75, "mu": 5.906055070328385, "dmu": 3.6475961538461537, "g": -0.3962297169311356, "k_c": 50, "data": [[0.9861863063323251, null, 0.5455464646464646], [0.9708127782202551, null, 0.6137272727272727], [0.9543911298165356, null, 0.6819080808080807], [0.9368477247871017, null, 0.7500888888888888], [0.918129041063812, null, 0.818269696969697], [0.8982037738222954, null, 0.886450505050505], [0.8770647712895394, null, 0.9546313131313131], [0.8547301036806425, null, 1.022812121212121], [0.8312427994884568, null, 1.0909929292929292], [0.8066690741131699, null, 1.1591737373737374], [0.7810951875622124, null, 1.2273545454545454], [0.7546232871435923, null, 1.2955353535353535], [0.7273667675745312, null, 1.3637161616161615], [0.6994456483603186, null, 1.4318969696969697], [0.6709824201202153, null, 1.5000777777777776], [0.6420986173104037, null, 1.5682585858585858], [0.6129122500363343, null, 1.636439393939394], [0.5835360742493164, null, 1.704620202020202], [0.5526954523429497, null, 1.77280101010101], [0.5185215020717622, null, 1.840981818181818], [0.4810301583870631, null, 1.9091626262626262], [0.43957311830542867, null, 1.9773434343434342], [0.3930028460432697, null, 2.0455242424242424], [0.3392917366892569, null, 2.1137050505050508], [0.27433470062530274, null, 2.1818858585858587], [0.18680486316036984, null, 2.2500666666666667]]}