{"dim": 3, "delta": 0.2, "mu": 5.906055070328385, "dmu": 0.10450000000000001, "g": -0.32006361602683453, "k_c": 50, "data": [[0.015070187324297135, 0.07204538086416276, 0.0001], [0.015048930336893383, 0.07204341062487397, 0.002119191919191919], [0.014988911898661092, 0.0720378533145186, 0.004138383838383839], [0.01488990218501279, 0.0720287040362416, 0.006157575757575758], [0.014751509413335072, 0.07201595469875283, 0.008176767676767676], [0.014573158761969308, 0.07199959399234145, 0.010195959595959595], [0.014354060635034591, 0.07197960733466792, 0.012215151515151516], [0.014093165481066709, 0.07195597685692484, 0.014234343434343434], [0.013789100826198821, 0.07192868114000689, 0.016253535353535353], [0.013440083744991114, 0.0718976953602783, 0.018272727272727274], [0.013043798137442728, 0.07186299104360194, 0.02029191919191919], [0.012597219573561708, 0.07182453599134095, 0.02231111111111111], [0.012096358851684379, 0.07178229405081663, 0.024330303030303032], [0.011535873784212614, 0.07173622493872979, 0.02634949494949495], [0.010908456087568656, 0.07168628427260434, 0.02836868686868687], [0.01020380968986589, 0.07163242298310263, 0.030387878787878787], [0.00940682658710541, 0.07157458728336992, 0.03240707070707071], [0.008494017001978098, 0.0715127183939481, 0.03442626262626263], [0.007425565164008157, 0.07144675206938593, 0.03644545454545455], [0.0061238155914444415, 0.07137661844356286, 0.038464646464646465], [0.004390233926439934, 0.0713022398348656, 0.040483838383838386], [0.0007044711201819656, 0.07122353830276457, 0.042503030303030306], [null, 0.07114041928381944, 0.04452222222222223], [null, 0.07105278684108682, 0.04654141414141415], [null, 0.07096053500415955, 0.04856060606060607], [null, 0.07086354868147493, 0.05057979797979798], [null, 0.07076170270765263, 0.0525989898989899], [null, 0.07065486089356904, 0.05461818181818182], [null, 0.07054287485503137, 0.05663737373737374], [null, 0.07042558268319367, 0.058656565656565664], [null, 0.07030280748634583, 0.06067575757575758], [null, 0.0701743553692378, 0.0626949494949495], [null, 0.07004001384485699, 0.06471414141414142], [null, 0.06989954867080077, 0.06673333333333334], [null, 0.06975270160206545, 0.06875252525252526], [null, 0.06959918658964419, 0.07077171717171718], [null, 0.06943868552064295, 0.0727909090909091], [null, 0.06927084411849149, 0.07481010101010102], [null, 0.06909526400858088, 0.07682929292929293], [null, 0.06891149696498738, 0.07884848484848485], [null, 0.06871903466884914, 0.08086767676767677], [null, 0.0685172968930073, 0.08288686868686869], [null, 0.06830561647743263, 0.08490606060606061], [null, 0.06808321960643143, 0.08692525252525253], [null, 0.0678491997441023, 0.08894444444444445], [null, 0.06760248281529263, 0.09096363636363637], [null, 0.06734177862019533, 0.09298282828282829], [null, 0.06706551253619417, 0.09500202020202021], [null, 0.06677172526821556, 0.09702121212121213], [null, 0.06645791982923117, 0.09904040404040404], [null, 0.06612081900123579, 0.10105959595959596], [null, 0.06575594569132279, 0.10307878787878788], [null, 0.06535685701714497, 0.1050979797979798], [null, 0.06491353878816655, 0.10711717171717172], [null, 0.0644084016868786, 0.10913636363636364], [null, 0.06380226256909077, 0.11115555555555556], [null, 0.06288276933062086, 0.11317474747474748], [null, 0.06170331729209256, 0.1151939393939394], [null, 0.06057509259681647, 0.11721313131313132], [null, 0.05949430820695171, 0.11923232323232323], [null, 0.05845746094774565, 0.12125151515151515], [null, 0.05746130518988926, 0.12327070707070707], [null, 0.056502830382691056, 0.12528989898989898], [null, 0.05557924005958805, 0.1273090909090909], [null, 0.05468793264593179, 0.12932828282828282], [null, 0.05382648360764966, 0.13134747474747474], [null, 0.052992629010477986, 0.13336666666666666], [null, 0.05218424850448604, 0.13538585858585858], [null, 0.05139936086998196, 0.1374050505050505], [null, 0.05063609106189754, 0.13942424242424242], [null, 0.049892677679612585, 0.14144343434343434], [null, 0.0491674513499198, 0.14346262626262626], [null, 0.04845882543489077, 0.14548181818181818], [null, 0.047765285330867026, 0.1475010101010101], [null, 0.04708537794863289, 0.14952020202020203], [null, 0.04641770129282774, 0.15153939393939392], [null, 0.045760894010632006, 0.15355858585858584], [null, 0.04511362456332686, 0.15557777777777776], [null, 0.04447458005395811, 0.15759696969696968], [null, 0.0438424539323655, 0.1596161616161616], [null, 0.04321593269719997, 0.16163535353535352], [null, 0.042593680732444954, 0.16365454545454544], [null, 0.04197432272746726, 0.16567373737373736], [null, 0.04135642275239863, 0.16769292929292928], [null, 0.04073845868833335, 0.1697121212121212], [null, 0.04011879018943181, 0.17173131313131312], [null, 0.03949561746208841, 0.17375050505050504], [null, 0.038866926939548185, 0.17576969696969696], [null, 0.038230417605339365, 0.17778888888888889], [null, 0.037583397970806454, 0.1798080808080808], [null, 0.03692263864702362, 0.18182727272727273], [null, 0.03624414807624284, 0.18384646464646465], [null, 0.03554282717900365, 0.18586565656565657], [null, 0.03481189292582863, 0.1878848484848485], [null, 0.034041862673963766, 0.1899040404040404], [null, 0.03321858572539402, 0.19192323232323233], [null, 0.03231892063873728, 0.19394242424242425], [null, 0.03129922402813729, 0.19596161616161614], [null, 0.030051863105418755, 0.19798080808080806], [null, 8.326672684688674e-15, 0.2]]}