{"dim": 3, "delta": 1.75, "mu": 5.906055070328385, "dmu": 1.3737500000000002, "g": -0.36379223926437015, "k_c": 50, "data": []}