{"dim": 3, "delta": 2.25, "mu": 5.906055070328385, "dmu": 1.5637500000000002, "g": -0.3695412280249876, "k_c": 50, "data": [[0.487515793900249, 0.6113968083935493, 0.0001], [0.4878662581399811, 0.6112811278964919, 0.022826262626262625], [0.4889132038028727, 0.6109339126105345, 0.045552525252525254], [0.4906618294000418, 0.6103484173201457, 0.06827878787878788], [0.4931217017181299, 0.6095127364042088, 0.0910050505050505], [0.49630947059336905, 0.6084086361847132, 0.11373131313131313], [0.5002622535249964, 0.6070095398997255, 0.13645757575757575], [0.5050389286967893, 0.6052771046975228, 0.15918383838383837], [0.5102978614294142, 0.6031551648125316, 0.181910101010101], [0.5161089537112227, 0.6005583505704792, 0.20463636363636362], [0.5226302481169091, 0.5973483167595695, 0.22736262626262624], [0.5300717593201522, 0.5932760487178587, 0.25008888888888886], [0.5387293935240235, 0.5878013305884109, 0.2728151515151515], [0.5499064587609485, 0.5791194236367703, 0.2955414141414141]]}