{"dim": 3, "delta": 0.5, "mu": 5.906055070328385, "dmu": 0.4, "g": -0.3372612527736217, "k_c": 50, "data": []}