{"dim": 3, "delta": 2, "mu": 5.906055070328385, "dmu": 0.2, "g": -0.36682995891667614, "k_c": 50, "data": [[0.7316681291862307, null, 0.0001], [0.7316577961523356, null, 0.0203010101010101], [0.7316269927432896, null, 0.040502020202020206], [0.7315757081461574, null, 0.06070303030303031], [0.7315039228285356, null, 0.08090404040404041], [0.7314116091602938, null, 0.10110505050505052], [0.7312987317651436, null, 0.12130606060606061], [0.7311652471936951, null, 0.1415070707070707], [0.7310111039354641, null, 0.1617080808080808], [0.730836242339191, null, 0.1819090909090909], [0.7306405948284612, null, 0.20211010101010102], [0.7304240846775316, null, 0.2223111111111111], [0.7301866258792077, null, 0.2425121212121212], [0.7299281277324507, null, 0.2627131313131313], [0.7296484857760481, null, 0.2829141414141414], [0.7293475897517362, null, 0.3031151515151515], [0.7290253184333754, null, 0.3233161616161616], [0.7286815422298718, null, 0.3435171717171717], [0.7283161212583187, null, 0.36371818181818183], [0.7279289059302807, null, 0.38391919191919194], [0.7275197363991283, null, 0.40412020202020205], [0.7270884422116992, null, 0.4243212121212121], [0.7266348416715547, null, 0.4445222222222222], [0.7261587433841136, null, 0.4647232323232323], [0.7256599419515845, null, 0.4849242424242424], [0.7251382214422545, null, 0.5051252525252525], [0.7245933533091543, null, 0.5253262626262626], [0.7240250954738136, null, 0.5455272727272727], [0.7234331927918565, null, 0.5657282828282828], [0.7228173756725453, null, 0.585929292929293], [0.7221773599268214, null, 0.606130303030303], [0.7215128462386737, null, 0.6263313131313132], [0.7208235187061486, null, 0.6465323232323232], [0.7201090449126, null, 0.6667333333333333], [0.7193690746569582, null, 0.6869343434343435], [0.7186032391485407, null, 0.7071353535353535], [0.7178111500436272, null, 0.7273363636363637], [0.7169923983983072, null, 0.7475373737373737], [0.7161465535420055, null, 0.7677383838383839], [0.7152731616979406, null, 0.7879393939393939], [0.7143717448412309, null, 0.8081404040404041], [0.713441800442809, null, 0.8283414141414142], [0.7124827961645973, null, 0.8485424242424242], [0.711494172537351, null, 0.8687434343434344], [0.7104753385936288, null, 0.8889444444444444], [0.709425670816268, null, 0.9091454545454546], [0.7083445101989683, null, 0.9293464646464646], [0.7072311603644367, null, 0.9495474747474748], [0.7060848844773052, null, 0.9697484848484849], [0.7049049026569604, null, 0.9899494949494949], [0.7036903886296775, null, 1.010150505050505], [0.7024404660900387, null, 1.0303515151515152], [0.7011542047960836, null, 1.0505525252525252], [0.6998306161633829, null, 1.0707535353535353], [0.6984686483378226, null, 1.0909545454545455], [0.6970671811659437, null, 1.1111555555555557], [0.6956250195268087, null, 1.1313565656565656], [0.6941408867266353, null, 1.1515575757575758], [0.69261341724116, null, 1.171758585858586], [0.691041147764534, null, 1.1919595959595959], [0.6894225074978356, null, 1.212160606060606], [0.6877558073884583, null, 1.2323616161616162], [0.6860392271415362, null, 1.2525626262626264], [0.6842708004980994, null, 1.2727636363636363], [0.6824484016396521, null, 1.2929646464646465], [0.680569719961425, null, 1.3131656565656566], [0.6786322441472635, null, 1.3333666666666666], [0.6766332331474967, null, 1.3535676767676768], [0.6745696864930669, null, 1.373768686868687], [0.6724383084921801, null, 1.393969696969697], [0.670235465810362, null, 1.414170707070707], [0.6679571360980624, null, 1.4343717171717172], [0.6655988470011381, null, 1.4545727272727274], [0.6631556010174828, null, 1.4747737373737373], [0.6606217832379798, null, 1.4949747474747475], [0.6579910474003832, null, 1.5151757575757576], [0.6552561721320247, null, 1.5353767676767678], [0.6524088758258755, null, 1.5555777777777777], [0.6494395813892556, null, 1.575778787878788], [0.6463371032518078, null, 1.595979797979798], [0.6430882264727796, null, 1.6161808080808082], [0.6396771318754189, null, 1.6363818181818182], [0.6360845815582518, null, 1.6565828282828283], [0.6322867327209735, null, 1.6767838383838385], [0.6282533384038781, null, 1.6969848484848484], [0.6239448805874905, null, 1.7171858585858586], [0.6193077006790768, null, 1.7373868686868688], [0.6142649864950808, null, 1.757587878787879], [0.608697882308767, null, 1.7777888888888889], [0.6023971677959198, null, 1.797989898989899], [0.5948769288252783, null, 1.8181909090909092], [0.584070754275375, null, 1.8383919191919191], [0.5716361523389315, null, 1.8585929292929293], [0.5582142065911915, null, 1.8787939393939395], [0.5432241192134418, null, 1.8989949494949496], [0.5251611343254682, null, 1.9191959595959596], [0.4841887908905448, null, 1.9393969696969697], [0.39511101671544013, null, 1.95959797979798], [0.2792264644281759, null, 1.9797989898989898], [0.0, null, 2.0]]}