{"dim": 3, "delta": 2.0, "mu": 5.906055070328385, "dmu": 1.3900000000000001, "g": -0.36682995891667614, "k_c": 50, "data": [[0.4268509417018809, 0.5601348210327332, 0.0001], [0.427167002198683, 0.5600536498461897, 0.0203010101010101], [0.42811447171630634, 0.5598106966143773, 0.040502020202020206], [0.4297137552798459, 0.5594028223960513, 0.06070303030303031], [0.43202771737917073, 0.5588245930399598, 0.08090404040404041], [0.43515436167405813, 0.5580679347747439, 0.10110505050505052], [0.4384836571470586, 0.5571215810558355, 0.12130606060606061], [0.4420151150813733, 0.5559702165055334, 0.1415070707070707], [0.44581999898085123, 0.5545931499448374, 0.1617080808080808], [0.4499759468216629, 0.5529622100186024, 0.1819090909090909], [0.4545746845552697, 0.5510382717917357, 0.20211010101010102], [0.45973114601852944, 0.548765181015675, 0.2223111111111111], [0.46559653394402767, 0.5460582614861915, 0.2425121212121212], [0.47237937412827213, 0.5427800210996191, 0.2627131313131313], [0.4803827549859167, 0.5386795993400435, 0.2829141414141414], [0.49007702468845626, 0.5331937701110275, 0.3031151515151515], [0.502260801947526, 0.524204579213312, 0.3233161616161616]]}