{"dim": 3, "delta": 2.5, "mu": 5.906055070328385, "dmu": 0.75, "g": -0.3719912209058008, "k_c": 50, "data": [[0.8668166465637499, null, 0.0001], [0.8668019852611115, null, 0.02535151515151515], [0.8667582220744157, null, 0.0506030303030303], [0.8666853346507117, null, 0.07585454545454545], [0.8665832834828641, null, 0.1011060606060606], [0.8664520144713772, null, 0.12635757575757572], [0.8662914567681438, null, 0.1516090909090909], [0.8661015240458314, null, 0.17686060606060605], [0.8658821136091541, null, 0.2021121212121212], [0.8656331062645167, null, 0.22736363636363632], [0.8653543661308584, null, 0.25261515151515146], [0.865045739979353, null, 0.27786666666666665], [0.8647070572844605, null, 0.3031181818181818], [0.8643381295561552, null, 0.3283696969696969], [0.8639387493978754, null, 0.3536212121212121], [0.8635086907908753, null, 0.37887272727272725], [0.8630477078685868, null, 0.4041242424242424], [0.8625555344224963, null, 0.4293757575757575], [0.8620318830931224, null, 0.45462727272727266], [0.861476444652898, null, 0.47987878787878785], [0.8608888869054434, null, 0.5051303030303029], [0.8602688535923805, null, 0.5303818181818182], [0.8596159643771537, null, 0.5556333333333333], [0.8589298114351629, null, 0.5808848484848484], [0.8582099602902173, null, 0.6061363636363636], [0.8574559473917006, null, 0.6313878787878787], [0.8566672785083677, null, 0.6566393939393939], [0.8558434274686446, null, 0.681890909090909], [0.8549838335385107, null, 0.7071424242424242], [0.8540878999999721, null, 0.7323939393939394], [0.8531549915203869, null, 0.7576454545454545], [0.8521844315885392, null, 0.7828969696969696], [0.8511755002037829, null, 0.8081484848484848], [0.8501274297130188, null, 0.8333999999999999], [0.8490394029316882, null, 0.858651515151515], [0.8479105476981557, null, 0.8839030303030302], [0.8467399340704415, null, 0.9091545454545453], [0.8455265687524691, null, 0.9344060606060606], [0.8442693901906102, null, 0.9596575757575757], [0.842967262835186, null, 0.9849090909090908], [0.8416189706603224, null, 1.0101606060606059], [0.8402232088850896, null, 1.0354121212121212], [0.8387785764883698, null, 1.0606636363636364], [0.8372835667783488, null, 1.0859151515151515], [0.835736555005185, null, 1.1111666666666666], [0.834135791405239, null, 1.1364181818181818], [0.8324793767632107, null, 1.161669696969697], [0.8307652572732395, null, 1.186921212121212], [0.828991198492027, null, 1.2121727272727272], [0.827154765788623, null, 1.2374242424242423], [0.8252532986055715, null, 1.2626757575757575], [0.8232838792745759, null, 1.2879272727272726], [0.8212432975029388, null, 1.3131787878787877], [0.8191280068135388, null, 1.3384303030303029], [0.8169340724698635, null, 1.363681818181818], [0.8146571079323206, null, 1.3889333333333331], [0.8122921969129934, null, 1.4141848484848485], [0.8098337961298216, null, 1.4394363636363636], [0.8072756130132837, null, 1.4646878787878788], [0.80461044984654, null, 1.489939393939394], [0.8018300009077166, null, 1.515190909090909], [0.7989245877534454, null, 1.5404424242424242], [0.7958827827761318, null, 1.5656939393939393], [0.7926909388355535, null, 1.5909454545454544], [0.789332445941524, null, 1.6161969696969696], [0.7857866922370725, null, 1.6414484848484847], [0.7820274331383432, null, 1.6666999999999998], [0.7780201301236478, null, 1.691951515151515], [0.7737172645450731, null, 1.7172030303030301], [0.7690491785343345, null, 1.7424545454545453], [0.7639030936135742, null, 1.7677060606060604], [0.7580593724915609, null, 1.7929575757575755], [0.7506797336190225, null, 1.8182090909090907], [0.7415170399807185, null, 1.843460606060606], [0.732410829839501, null, 1.8687121212121212], [0.7233508389577618, null, 1.8939636363636363], [0.7143263017522462, null, 1.9192151515151514], [0.7053258302473651, null, 1.9444666666666666], [0.6963372713249997, null, 1.9697181818181817], [0.6873475281100503, null, 1.9949696969696968], [0.6783423314535277, null, 2.020221212121212], [0.6693059835052093, null, 2.0454727272727276], [0.6602209615953869, null, 2.0707242424242427], [0.651067455260243, null, 2.095975757575758], [0.6418227564724311, null, 2.121227272727273], [0.6324603847209634, null, 2.146478787878788], [0.6229488981976469, null, 2.1717303030303032], [0.6132501829720647, null, 2.1969818181818184], [0.6033169166610535, null, 2.2222333333333335], [0.5930886559305845, null, 2.2474848484848486], [0.5824854953838081, null, 2.2727363636363638], [0.5713971316506712, null, 2.297987878787879], [0.5596623946941292, null, 2.323239393939394], [0.5470263693732051, null, 2.348490909090909], [0.5330341422536423, null, 2.3737424242424243], [0.5166796593470853, null, 2.3989939393939395], [0.4939644951407108, null, 2.4242454545454546], [0.4097189643401742, null, 2.4494969696969697], [0.28958218646177775, null, 2.474748484848485], [-1.6514678513601666e-11, null, 2.5]]}