{"dim": 3, "delta": 2.25, "mu": 5.906055070328385, "dmu": 1.4962499999999999, "g": -0.3695412280249876, "k_c": 50, "data": [[0.44336754119043803, 0.6505444710080981, 0.0001], [0.4443173286089779, 0.6504878016702217, 0.022826262626262625], [0.4456938743594285, 0.6503184335082857, 0.045552525252525254], [0.4468977061756509, 0.6500353143506221, 0.06827878787878788], [0.4480634571301116, 0.649636637027236, 0.0910050505050505], [0.44924664755898697, 0.6491198927209173, 0.11373131313131313], [0.4504815492882182, 0.6484815776788185, 0.13645757575757575], [0.4517953037384593, 0.6477172936696054, 0.15918383838383837], [0.45321327056609195, 0.6468214872594984, 0.181910101010101], [0.4547618432400548, 0.6457872614670143, 0.20463636363636362], [0.45647048966109727, 0.6446060910287513, 0.22736262626262624], [0.4583737194181873, 0.643267431217176, 0.25008888888888886], [0.4605134052882346, 0.6417581719167323, 0.2728151515151515], [0.46294188079101606, 0.6400618602203523, 0.2955414141414141], [0.46572640298756346, 0.6381575525793591, 0.31826767676767675], [0.46895596270279255, 0.6360181349389936, 0.34099393939393935], [0.47275225634102136, 0.6336075021653395, 0.363720202020202], [0.477288456746001, 0.6308760990395236, 0.38644646464646465], [0.48282378294088896, 0.6277527354864473, 0.40917272727272724], [0.48977365391679795, 0.6241286276716214, 0.4318989898989899], [0.49887289500950904, 0.6198216638172972, 0.4546252525252525], [0.5116453951504988, 0.6144782767678304, 0.47735151515151514], [0.5324222742202012, 0.6071783841997994, 0.5000777777777777]]}