{"dim": 3, "delta": 2, "mu": 5.906055070328385, "dmu": 1.4000000000000001, "g": -0.36682995891667614, "k_c": 50, "data": [[0.4348433709122051, 0.5529774971439824, 0.0001], [0.43514645260300244, 0.5528820492380406, 0.0203010101010101], [0.43605141314893076, 0.5525960103719346, 0.040502020202020206], [0.4375635654466246, 0.552114585240465, 0.06070303030303031], [0.43969340142270774, 0.5514293768568059, 0.08090404040404041], [0.4424620736606695, 0.5505276836307545, 0.10110505050505052], [0.44594908789639065, 0.5493913245876194, 0.12130606060606061], [0.4500314147177973, 0.5479947149132192, 0.1415070707070707], [0.4544423506545549, 0.5463016507085018, 0.1617080808080808], [0.45927711776428554, 0.5442596806675665, 0.1819090909090909], [0.46465047235549967, 0.5417895176262888, 0.20211010101010102], [0.47070937138558244, 0.5387629303590995, 0.2223111111111111], [0.47765211806305274, 0.5349487884693076, 0.2425121212121212], [0.48576089555756724, 0.5298426392126013, 0.2627131313131313], [0.49597506296931426, 0.5217228539234378, 0.2829141414141414]]}