{"dim": 3, "delta": 1.25, "mu": 5.906055070328385, "dmu": 0.9437500000000001, "g": -0.3563134090055086, "k_c": 50, "data": []}