{"dim": 3, "delta": 7.0, "mu": 5.906055070328385, "dmu": 3.6166666666666667, "g": -0.39716351980467146, "k_c": 50, "data": [[0.9419901914895623, null, 0.0001], [0.9408122966581937, null, 0.07080606060606061], [0.9373010984676778, null, 0.1415121212121212], [0.9315028489331664, null, 0.2122181818181818], [0.9234907345966404, null, 0.2829242424242424], [0.9133595358350527, null, 0.353630303030303], [0.9012189553472162, null, 0.4243363636363636], [0.88718619348869, null, 0.49504242424242423], [0.8713782811185872, null, 0.5657484848484848], [0.8539045768791609, null, 0.6364545454545454], [0.8348597373700447, null, 0.707160606060606], [0.8143174034305782, null, 0.7778666666666667], [0.7923247992543027, null, 0.8485727272727273], [0.7688983256809413, null, 0.9192787878787878], [0.7440199868364235, null, 0.9899848484848485], [0.717634119044364, null, 1.0606909090909091], [0.6896434727749832, null, 1.1313969696969697], [0.6599032798761801, null, 1.2021030303030302], [0.6282114322555714, null, 1.2728090909090908], [0.5942919931575785, null, 1.3435151515151516], [0.5577673312990897, null, 1.414221212121212], [0.5181098365790685, null, 1.4849272727272727], [0.47455389397417896, null, 1.5556333333333334], [0.4259217314309085, null, 1.626339393939394], [0.37023349592781335, null, 1.6970454545454545], [0.3036466374009448, null, 1.767751515151515], [0.2163382333140885, null, 1.8384575757575756], [0.029711457275990782, null, 1.9091636363636364]]}