{"dim": 3, "delta": 0.5, "mu": 5.906055070328385, "dmu": 0.3175, "g": -0.3372612527736217, "k_c": 50, "data": [[0.08836908963666756, 0.16712793730562486, 0.0001], [0.08829976128742598, 0.1671206904626421, 0.00514949494949495], [0.0880929568362784, 0.16709948748631076, 0.010198989898989898], [0.08772888664939274, 0.16706428800039935, 0.015248484848484848], [0.0871758392021601, 0.16701502097080442, 0.020297979797979798], [0.08662631582303525, 0.16695158858053516, 0.025347474747474747], [0.08608756077082004, 0.16687386302189947, 0.030396969696969697], [0.08555126278484473, 0.16678168567594498, 0.03544646464646465], [0.08501175310400975, 0.16667486456745226, 0.0404959595959596], [0.08446476821797506, 0.16655317699519645, 0.04554545454545455], [0.0839068328436523, 0.16641635792517434, 0.0505949494949495], [0.08333491770387644, 0.16626410626022103, 0.05564444444444445], [0.08274623218425763, 0.16609607637807006, 0.0606939393939394], [0.08213808818253374, 0.16591187678373587, 0.06574343434343434], [0.08150780389462577, 0.16571106142886433, 0.0707929292929293], [0.08085262951420986, 0.1654931274274301, 0.07584242424242425], [0.08016968727481343, 0.16525750619495772, 0.0808919191919192], [0.07945591827908319, 0.16500355527071278, 0.08594141414141414], [0.07870803398274849, 0.16473054792286104, 0.0909909090909091], [0.07792247001377049, 0.1644376606911819, 0.09604040404040405], [0.07709534154660244, 0.1641239492064788, 0.101089898989899], [0.07622240025224357, 0.16378837304767954, 0.10613939393939394], [0.07529899383158756, 0.16342968437449382, 0.11118888888888889], [0.07432002991944077, 0.16304648557740706, 0.11623838383838385], [0.07327994857399167, 0.16263714789460856, 0.12128787878787879], [0.07217270712520202, 0.1621997694989313, 0.12633737373737372], [0.07099178587600755, 0.1617321115779228, 0.13138686868686866], [0.06973022359474443, 0.16123151036078273, 0.13643636363636363], [0.06838069620797291, 0.16069475742875855, 0.14148585858585858], [0.06693565070328628, 0.16011793201216024, 0.14653535353535352], [0.06538751862465646, 0.15949615667229625, 0.1515848484848485], [0.06372901332271352, 0.15882323285883423, 0.15663434343434343], [0.061953534826568527, 0.158091069886526, 0.16168383838383837], [0.06005567600270545, 0.15728874121676376, 0.16673333333333332], [0.05803181973538667, 0.15640081416044185, 0.17178282828282826], [0.055880783532049554, 0.15540410603486654, 0.17683232323232323], [0.05360444681882068, 0.15426048668004233, 0.18188181818181817], [0.05120827227667697, 0.15289719763412163, 0.18693131313131311], [0.04870161696798871, 0.1511258737073327, 0.19198080808080809], [0.04609775467950537, 0.1472148873764063, 0.19703030303030303], [0.04341356000303839, 0.14173171164067533, 0.20207979797979797], [0.040668873292124805, 0.136795444416341, 0.2071292929292929], [0.03788562175246545, 0.13235537071752798, 0.21217878787878786], [0.035086816271233216, 0.12836195793778987, 0.21722828282828283], [0.032295557565848745, 0.12476788521177534, 0.22227777777777777], [0.029534160202581903, 0.12152860659859102, 0.2273272727272727], [0.026823472283595697, 0.11860290171017593, 0.23237676767676768], [0.024182416294528403, 0.11595316164789299, 0.23742626262626262], [0.021594147587031914, 0.11354552771381214, 0.24247575757575757], [0.018441333823789166, 0.11134981277501321, 0.2475252525252525], [0.014393908981576187, 0.10933934639483492, 0.25257474747474745], [0.008386033014510214, 0.10749070031644269, 0.2576242424242424], [null, 0.10578339467033097, 0.26267373737373734], [null, 0.10419958074124262, 0.2677232323232323], [null, 0.10272372778740606, 0.2727727272727273], [null, 0.10134233323903644, 0.2778222222222222], [null, 0.10004365121401976, 0.28287171717171716], [null, 0.09881745359410528, 0.28792121212121213], [null, 0.09765481779330615, 0.29297070707070705], [null, 0.09654794173989117, 0.298020202020202], [null, 0.09548998380525762, 0.303069696969697], [null, 0.09447492483808828, 0.3081191919191919], [null, 0.09349744979964182, 0.3131686868686869], [null, 0.0925528462638637, 0.3182181818181818], [null, 0.09163691738627557, 0.32326767676767676], [null, 0.09074590633161925, 0.32831717171717173], [null, 0.08987643754442307, 0.33336666666666664], [null, 0.08902545044573883, 0.3384161616161616], [null, 0.08819016252416054, 0.34346565656565653], [null, 0.08736802204864787, 0.3485151515151515], [null, 0.08655667239309792, 0.35356464646464647], [null, 0.08575391963709722, 0.3586141414141414], [null, 0.08495770320189035, 0.36366363636363636], [null, 0.08416606927182066, 0.3687131313131313], [null, 0.08337714619568927, 0.37376262626262624], [null, 0.08258912105909773, 0.3788121212121212], [null, 0.0818002170380427, 0.3838616161616162], [null, 0.08100867070427273, 0.3889111111111111], [null, 0.080212709173884, 0.39396060606060607], [null, 0.07941052481759928, 0.399010101010101], [null, 0.07860024869680757, 0.40405959595959595], [null, 0.07777991960687758, 0.4091090909090909], [null, 0.07694745348298421, 0.41415858585858584], [null, 0.07610058499909547, 0.4192080808080808], [null, 0.07523683910264713, 0.4242575757575757], [null, 0.07435344681767364, 0.4293070707070707], [null, 0.0734472667614339, 0.43435656565656566], [null, 0.07251467131879266, 0.4394060606060606], [null, 0.07155139321435769, 0.44445555555555555], [null, 0.07055230849657687, 0.4495050505050505], [null, 0.06951112578668169, 0.45455454545454543], [null, 0.06841991720664445, 0.4596040404040404], [null, 0.06726838344894694, 0.4646535353535354], [null, 0.06604262748538835, 0.4697030303030303], [null, 0.06472304285479404, 0.47475252525252526], [null, 0.06328002745480829, 0.4798020202020202], [null, 0.06166482650640857, 0.48485151515151514], [null, 0.05978465252271173, 0.4899010101010101], [null, 0.057407285026084304, 0.49495050505050503], [null, 3.3306690738754696e-16, 0.5]]}