{"dim": 3, "delta": 0.25, "mu": 5.906055070328385, "dmu": 0.171875, "g": -0.3240909709653437, "k_c": 50, "data": [[0.05027003995245253, 0.07989366550862502, 0.0001], [0.050371474902842814, 0.07988814689163035, 0.0026242424242424243], [0.05045697095359614, 0.07987238088770003, 0.005148484848484849], [0.050531415016907014, 0.07984630931810524, 0.007672727272727274], [0.05060327175464417, 0.07980983468914613, 0.010196969696969697], [0.05067604904485458, 0.07976281879416275, 0.012721212121212123], [0.0507518677539204, 0.07970507986749382, 0.015245454545454546], [0.050832342967746996, 0.07963638963426158, 0.01776969696969697], [0.05091890459982864, 0.07955646800995618, 0.020293939393939395], [0.051012953996883555, 0.07946497863545178, 0.02281818181818182], [0.0511159566594196, 0.07936152009878589, 0.025342424242424246], [0.051229515498000665, 0.07924561741439855, 0.027866666666666668], [0.05135543596916067, 0.07911671004666092, 0.030390909090909093], [0.05149579886832456, 0.0789741364802849, 0.03291515151515152], [0.05165304588789554, 0.0788171151190117, 0.035439393939393944], [0.05183008798251925, 0.07864471847804427, 0.03796363636363637], [0.05203044804320679, 0.07845583924520393, 0.040487878787878795], [0.05225845495691378, 0.0782491460545606, 0.04301212121212122], [0.052519514822675646, 0.0780230196443537, 0.045536363636363646], [0.05282050127994687, 0.07777546657516736, 0.04806060606060607], [0.053170335095639266, 0.07750399319110933, 0.050584848484848496], [0.05358087607372869, 0.07720541553452737, 0.05310909090909092], [0.054068356241332736, 0.07687556852605275, 0.05563333333333334], [0.054655806918344076, 0.07650882468925164, 0.05815757575757577], [0.055377452530687515, 0.07609725741583134, 0.06068181818181819], [0.056287392204322474, 0.07562905000458899, 0.06320606060606061], [0.05747897468004932, 0.07508510409551486, 0.06573030303030304], [0.05913668415193078, 0.07443038253730361, 0.06825454545454547], [0.06172702470139443, 0.07358397844185846, 0.07077878787878789]]}