{"dim": 3, "delta": 4.25, "mu": 5.906055070328385, "dmu": 2.48359375, "g": -0.3846719574471317, "k_c": 50, "data": [[0.7107565982172569, null, 0.0001], [0.7099648238154166, null, 0.04302828282828283], [0.7075321927689054, null, 0.08595656565656566], [0.7029992644842803, null, 0.1288848484848485], [0.6976875623702402, null, 0.1718131313131313], [0.6924363357000632, null, 0.21474141414141412], [0.6871250493127772, null, 0.257669696969697], [0.6816743508500971, null, 0.3005979797979798], [0.6760236507706545, null, 0.3435262626262626], [0.6701214627252077, null, 0.38645454545454544], [0.663920379345104, null, 0.42938282828282825], [0.6573745302465323, null, 0.4723111111111111], [0.6504379357674225, null, 0.515239393939394], [0.6430636110150904, null, 0.5581676767676768], [0.6352031149545486, null, 0.6010959595959596], [0.6268064833391349, null, 0.6440242424242424], [0.6178225338605126, null, 0.6869525252525253], [0.6081995664393055, null, 0.7298808080808081], [0.5978864904064808, null, 0.7728090909090909], [0.5868344043858962, null, 0.8157373737373738], [0.574998623842314, null, 0.8586656565656565], [0.5623410913493211, null, 0.9015939393939394], [0.5488330411050226, null, 0.9445222222222223], [0.5344577022895396, null, 0.987450505050505], [0.5192127594792392, null, 1.030378787878788], [0.5031122587982911, null, 1.0733070707070707], [0.4861876713623592, null, 1.1162353535353535], [0.46848792301279624, null, 1.1591636363636364], [0.4500783327588033, null, 1.2020919191919193], [0.4310385768904092, null, 1.2450202020202021], [0.4114599228318421, null, 1.2879484848484848], [0.3914420638435145, 0.9460513984236957, 1.3308767676767677], [0.37108989350042987, 0.9313683911602092, 1.3738050505050505], [0.35051050803584605, 0.917816846924349, 1.4167333333333334], [0.3298106363947467, 0.9052934012884527, 1.4596616161616163], [0.3090945991958064, 0.8936993993096369, 1.502589898989899], [0.2884628164329499, 0.8829421442596211, 1.5455181818181818], [0.2680108159883343, 0.8729356580096052, 1.5884464646464647], [0.24749154511317667, 0.8636010240106788, 1.6313747474747475], [0.22367600078978989, 0.8548664114903624, 1.6743030303030304], [0.19588741537838147, 0.8466668591288954, 1.717231313131313], [0.16257090873653762, 0.838943911229514, 1.760159595959596], [0.11944153238614054, 0.8316451368466491, 1.8030878787878788], [0.04379591619149665, 0.8247236318144484, 1.8460161616161617], [null, 0.8181374868325318, 1.8889444444444445], [null, 0.8118492761350766, 1.9318727272727274], [null, 0.8058255713649103, 1.97480101010101], [null, 0.8000364897337504, 2.0177292929292934], [null, 0.7944552868532654, 2.0606575757575762], [null, 0.7890579757918951, 2.1035858585858587], [null, 0.7838230029131157, 2.1465141414141415], [null, 0.7787309497706926, 2.1894424242424244], [null, 0.7737642659131145, 2.2323707070707073], [null, 0.7689070424035495, 2.27529898989899], [null, 0.7641448037052369, 2.318227272727273], [null, 0.7594643275269648, 2.361155555555556], [null, 0.7548534837327823, 2.4040838383838388], [null, 0.7503010943442439, 2.4470121212121216], [null, 0.7457968065639045, 2.4899404040404045], [null, 0.7413309801578881, 2.532868686868687], [null, 0.7368945877275349, 2.57579696969697], [null, 0.7324791229312017, 2.6187252525252527], [null, 0.7280765191674318, 2.6616535353535355], [null, 0.7236790732009487, 2.7045818181818184], [null, 0.7192793748763622, 2.7475101010101013], [null, 0.7148702414398657, 2.790438383838384], [null, 0.7104446546117779, 2.833366666666667], [null, 0.7059956987786029, 2.87629494949495], [null, 0.7015165024339749, 2.9192232323232328], [null, 0.6970001757577842, 2.9621515151515156], [null, 0.6924397496196865, 3.005079797979798], [null, 0.6878281090248154, 3.048008080808081], [null, 0.6831579240391983, 3.090936363636364], [null, 0.6784215726792998, 3.1338646464646467], [null, 0.6736110556157912, 3.1767929292929296], [null, 0.6687178991831418, 3.2197212121212124], [null, 0.6637330432880878, 3.2626494949494953], [null, 0.6586467089549464, 3.305577777777778], [null, 0.6534482449890053, 3.348506060606061], [null, 0.6481259252820671, 3.391434343434344], [null, 0.6426667446019155, 3.4343626262626263], [null, 0.6370560763688828, 3.477290909090909], [null, 0.631277346533103, 3.520219191919192], [null, 0.6253115305423085, 3.563147474747475], [null, 0.6191365252213707, 3.606075757575758], [null, 0.6127263000876422, 3.6490040404040407], [null, 0.6060497315702855, 3.6919323232323236], [null, 0.5990689597954616, 3.7348606060606064], [null, 0.591737000709488, 3.7777888888888893], [null, 0.5839941485978144, 3.820717171717172], [null, 0.575762314719023, 3.863645454545455], [null, 0.5669356162331829, 3.9065737373737375], [null, 0.5573636080687934, 3.9495020202020203], [null, 0.5468184729127841, 3.992430303030303], [null, 0.5349217286703984, 4.035358585858586], [null, 0.5209427659653831, 4.0782868686868685], [null, 0.5029760294153358, 4.121215151515152], [null, 0.45265654117300386, 4.164143434343434], [null, 0.3200311142650167, 4.207071717171717], [null, -1.2378986724570495e-14, 4.25]]}