{"dim": 3, "delta": 1.75, "mu": 5.906055070328385, "dmu": 1.075, "g": -0.36379223926437015, "k_c": 50, "data": [[0.29631479852915144, 0.5562764991224896, 0.0001], [0.29609555947359156, 0.5562521209378463, 0.017775757575757577], [0.29543735664733217, 0.5561794780972824, 0.03545151515151516], [0.2943194867956952, 0.5560584096645466, 0.05312727272727273], [0.2926737578965457, 0.5558886458944482, 0.07080303030303031], [0.29041668101077867, 0.5556698053310675, 0.08847878787878789], [0.28814514916299216, 0.5554013906652336, 0.10615454545454546], [0.28587313810473525, 0.55508278315614, 0.12383030303030304], [0.283576600054098, 0.5547132357280649, 0.1415060606060606], [0.28123719856016677, 0.5542918638436858, 0.15918181818181817], [0.2788397808515571, 0.5538176351916495, 0.17685757575757577], [0.27637099069828336, 0.553289356418234, 0.19453333333333334], [0.27381843035011866, 0.5527056574768496, 0.2122090909090909], [0.2711701252816142, 0.5520649726227481, 0.2298848484848485], [0.26841415635209326, 0.5513655176017183, 0.24756060606060606], [0.26553840533549905, 0.5506052619446774, 0.26523636363636366], [0.2625303515671111, 0.5497818955362831, 0.2829121212121212], [0.25937693497819114, 0.5488927874333529, 0.3005878787878788], [0.25606445142862605, 0.5479349356880822, 0.31826363636363636], [0.252578490467269, 0.5469049050235798, 0.335939393939394], [0.24890391335770265, 0.5457987485700851, 0.35361515151515155], [0.24502488139111325, 0.5446119093605142, 0.3712909090909091], [0.24092494729958186, 0.5433390941657278, 0.3889666666666667], [0.23658721800988755, 0.5419741087165973, 0.40664242424242425], [0.23199461205412214, 0.5405096414242606, 0.4243181818181818], [0.22713022514446105, 0.5389369717982879, 0.44199393939393944], [0.2219778202436635, 0.5372455673266464, 0.459669696969697], [0.2165224551018183, 0.5354225187549633, 0.4773454545454546], [0.21075124665968817, 0.5334517128188418, 0.49502121212121214], [0.20465426025168978, 0.5313125864079402, 0.5126969696969698], [0.19822548973675144, 0.5289781564428584, 0.5303727272727273], [0.19146387072084595, 0.5264117259218895, 0.5480484848484849], [0.18437424565687005, 0.5235609496917573, 0.5657242424242425], [0.17696818015507076, 0.520346013183481, 0.5834], [0.1692645246534427, 0.5166323442457812, 0.6010757575757576], [0.16128962545958722, 0.5121502760283538, 0.6187515151515152], [0.1530771189616677, 0.5060883612505475, 0.6364272727272727], [0.14466730106935152, 0.4932558287599932, 0.6541030303030303], [0.13610609517510805, 0.4796879282385173, 0.671778787878788], [0.12744372420373182, 0.46716554806939226, 0.6894545454545455], [0.11873320235833788, 0.4556158511727961, 0.7071303030303031], [0.11002878734387359, 0.44496515058440816, 0.7248060606060607], [0.10138452051056454, 0.4351403628565282, 0.7424818181818182], [0.09285295436787595, 0.4260702930431381, 0.7601575757575758], [0.08384048748592171, 0.4176866795311762, 0.7778333333333334], [0.07295863735580327, 0.40992497472308786, 0.7955090909090909], [0.05968988693867211, 0.40272486507064376, 0.8131848484848485], [0.042026780661453746, 0.39603055479002025, 0.8308606060606061], [null, 0.38979085416856707, 0.8485363636363636], [null, 0.3839591141891948, 0.8662121212121213], [null, 0.3784930520940578, 0.8838878787878789], [null, 0.3733544903047881, 0.9015636363636365], [null, 0.36850906974745773, 0.919239393939394], [null, 0.3639259234455797, 0.9369151515151516], [null, 0.35957735710401, 0.9545909090909092], [null, 0.35543853186647034, 0.9722666666666667], [null, 0.3514871703100266, 0.9899424242424243], [null, 0.34770326799746043, 1.007618181818182], [null, 0.344068845649075, 1.0252939393939395], [null, 0.340567714483998, 1.042969696969697], [null, 0.3371852632629727, 1.0606454545454547], [null, 0.33390827449536714, 1.0783212121212122], [null, 0.3307247488242342, 1.0959969696969698], [null, 0.3276237615312267, 1.1136727272727274], [null, 0.3245953248681396, 1.131348484848485], [null, 0.321630268221862, 1.1490242424242425], [null, 0.3187201305015859, 1.1667], [null, 0.31585706645208983, 1.1843757575757576], [null, 0.3130337549892076, 1.2020515151515152], [null, 0.3102433241590866, 1.2197272727272728], [null, 0.30747927437265193, 1.2374030303030303], [null, 0.3047354139404697, 1.255078787878788], [null, 0.30200579318699167, 1.2727545454545455], [null, 0.29928464355543194, 1.290430303030303], [null, 0.29656631699492453, 1.3081060606060606], [null, 0.293845226869468, 1.3257818181818184], [null, 0.2911157840284784, 1.343457575757576], [null, 0.2883723334559205, 1.3611333333333335], [null, 0.28560908260228973, 1.378809090909091], [null, 0.28282002292508046, 1.3964848484848487], [null, 0.2799988400317646, 1.4141606060606062], [null, 0.2771388084381329, 1.4318363636363638], [null, 0.2742326652579555, 1.4495121212121214], [null, 0.2712724549653948, 1.467187878787879], [null, 0.2682493357093887, 1.4848636363636365], [null, 0.2651533272634979, 1.502539393939394], [null, 0.26197298479271347, 1.5202151515151516], [null, 0.25869495606152565, 1.5378909090909092], [null, 0.2553033719675062, 1.5555666666666668], [null, 0.25177897961690704, 1.5732424242424243], [null, 0.248097868669257, 1.590918181818182], [null, 0.24422952397417788, 1.6085939393939395], [null, 0.24013370579576523, 1.626269696969697], [null, 0.23575513844355292, 1.6439454545454546], [null, 0.2310137586477288, 1.6616212121212122], [null, 0.2257848281212964, 1.6792969696969697], [null, 0.21985175651160954, 1.6969727272727273], [null, 0.2127628226827853, 1.714648484848485], [null, 0.2030928591248212, 1.7323242424242427], [null, 2.018218925314841e-12, 1.75]]}