{"dim": 3, "delta": 2.5, "mu": 5.906055070328385, "dmu": 1.7374999999999998, "g": -0.3719912209058008, "k_c": 50, "data": [[0.5534871381687954, 0.6546998674233617, 0.0001], [0.5539093096312774, 0.6545113242372477, 0.02535151515151515], [0.5551728653020398, 0.6539419077511891, 0.0506030303030303], [0.5572894747186848, 0.6529703161886744, 0.07585454545454545], [0.560281309476883, 0.6515569150216686, 0.1011060606060606], [0.5641872708664326, 0.6496351935962441, 0.12635757575757572], [0.5690774216675464, 0.6470947336406813, 0.1516090909090909], [0.5750906273260133, 0.643740387701308, 0.17686060606060605], [0.5825469121157681, 0.6391800785999147, 0.2021121212121212], [0.5924078234283261, 0.6323708741547523, 0.22736363636363632]]}