{"dim": 3, "delta": 4.25, "mu": 5.906055070328385, "dmu": 2.56328125, "g": -0.3846719574471317, "k_c": 50, "data": [[0.7582520282893132, null, 0.0001], [0.7562229987220935, null, 0.04302828282828283], [0.7538584364404004, null, 0.08595656565656566], [0.7517946555611591, null, 0.1288848484848485], [0.7498207715886593, null, 0.1718131313131313], [0.7478568476578619, null, 0.21474141414141412], [0.745859214516234, null, 0.257669696969697], [0.7437978081098456, null, 0.3005979797979798], [0.741648033028238, null, 0.3435262626262626], [0.7393869814775719, null, 0.38645454545454544], [0.7369912278239148, null, 0.42938282828282825], [0.7344352158482673, null, 0.4723111111111111], [0.7316898038679769, null, 0.515239393939394], [0.7287207293676429, null, 0.5581676767676768], [0.725486819157774, null, 0.6010959595959596], [0.7219377874514168, null, 0.6440242424242424], [0.7180114632339575, null, 0.6869525252525253], [0.7136302820125612, null, 0.7298808080808081], [0.7086969131627809, null, 0.7728090909090909], [0.7030890002133168, null, 0.8157373737373738], [0.6966533222515845, null, 0.8586656565656565], [0.6892003437727391, null, 0.9015939393939394], [0.6805014454813031, null, 0.9445222222222223], [0.6702930020251203, null, 0.987450505050505], [0.6582935117407213, null, 1.030378787878788], [0.6442395238303417, null, 1.0733070707070707], [0.6279395769001873, null, 1.1162353535353535], [0.6093315624096232, null, 1.1591636363636364], [0.5885168463121165, 0.8487347620196389, 1.2020919191919193], [0.5657501401526038, 0.8328230637949723, 1.2450202020202021], [0.5413891733024999, 0.8193972715743582, 1.2879484848484848], [0.5158300957178408, 0.8080561599934919, 1.3308767676767677], [0.48945480190524293, 0.7984160351094931, 1.3738050505050505], [0.4626009164854471, 0.7901405602902917, 1.4167333333333334], [0.43555168082786877, 0.7829503481784659, 1.4596616161616163], [0.40853796066194953, 0.7766209463213027, 1.502589898989899], [0.38174563840302334, 0.7709750590047048, 1.5455181818181818], [0.35532425843569054, 0.7658737128494199, 1.5884464646464647], [0.32939497938843726, 0.7612080660945837, 1.6313747474747475], [0.3040571655876112, 0.7568925982102753, 1.6743030303030304], [0.2793935621428856, 0.7528597123479012, 1.717231313131313], [0.25547424029174753, 0.7490555989469633, 1.760159595959596], [0.23235955613572407, 0.74543702774569, 1.8030878787878788], [0.21010230638884891, 0.741968991675413, 1.8460161616161617], [0.18425490337996478, 0.738622865364111, 1.8889444444444445], [0.15178597528119298, 0.7353750393017996, 1.9318727272727274], [0.10826719772359417, 0.7322058388138751, 1.97480101010101], [0.010053329960409496, 0.7290987356229588, 2.0177292929292934], [null, 0.7260397059355405, 2.0606575757575762], [null, 0.7230167412259391, 2.1035858585858587], [null, 0.7200194615187134, 2.1465141414141415], [null, 0.7170388083691133, 2.1894424242424244], [null, 0.7140668006872491, 2.2323707070707073], [null, 0.7110963348769479, 2.27529898989899], [null, 0.7081210260279518, 2.318227272727273], [null, 0.7051350746885839, 2.361155555555556], [null, 0.7021331577297559, 2.4040838383838388], [null, 0.6991103384192034, 2.4470121212121216], [null, 0.6960619844026581, 2.4899404040404045], [null, 0.6929837055782059, 2.532868686868687], [null, 0.689871294176126, 2.57579696969697], [null, 0.6867206727890431, 2.6187252525252527], [null, 0.6835278500771022, 2.6616535353535355], [null, 0.6802888765128655, 2.7045818181818184], [null, 0.6769998055362598, 2.7475101010101013], [null, 0.6736566555345848, 2.790438383838384], [null, 0.6702553711841146, 2.833366666666667], [null, 0.6667917862961013, 2.87629494949495], [null, 0.6632615844704397, 2.9192232323232328], [null, 0.6596602579970056, 2.9621515151515156], [null, 0.6559830635508714, 3.005079797979798], [null, 0.6522249727512731, 3.048008080808081], [null, 0.6483806185869031, 3.090936363636364], [null, 0.6444442330970198, 3.1338646464646467], [null, 0.6404095763045642, 3.1767929292929296], [null, 0.6362698531784174, 3.2197212121212124], [null, 0.6320176153465773, 3.2626494949494953], [null, 0.6276446446736356, 3.305577777777778], [null, 0.6231418098281195, 3.348506060606061], [null, 0.6184988937395675, 3.391434343434344], [null, 0.6137043779297715, 3.4343626262626263], [null, 0.6087451719773832, 3.477290909090909], [null, 0.6036062691128202, 3.520219191919192], [null, 0.5982703007947369, 3.563147474747475], [null, 0.5927169510338588, 3.606075757575758], [null, 0.5869221712044628, 3.6490040404040407], [null, 0.5808571045928107, 3.6919323232323236], [null, 0.5744865761144964, 3.7348606060606064], [null, 0.5677669085090751, 3.7777888888888893], [null, 0.5606426531588821, 3.820717171717172], [null, 0.553041486221976, 3.863645454545455], [null, 0.5448658135428365, 3.9065737373737375], [null, 0.5359780133470615, 3.9495020202020203], [null, 0.5261721015953483, 3.992430303030303], [null, 0.5151121624591306, 4.035358585858586], [null, 0.5021706785070107, 4.0782868686868685], [null, 0.4858302620628995, 4.121215151515152], [null, 0.4526565411717025, 4.164143434343434], [null, 0.32003111426002445, 4.207071717171717], [null, -1.2323475573339238e-14, 4.25]]}