{"dim": 3, "delta": 0.25, "mu": 5.906055070328385, "dmu": 0.153125, "g": -0.3240909709653437, "k_c": 50, "data": [[0.04066179169524979, 0.08557121474878532, 0.0001], [0.04063592657570271, 0.08556789554225588, 0.0026242424242424243], [0.04056202308767731, 0.08555842016238063, 0.005148484848484849], [0.04043973717475589, 0.08554277382893254, 0.007672727272727274], [0.040268349192513694, 0.08552093203228917, 0.010196969696969697], [0.04004640027419759, 0.0854928603415584, 0.012721212121212123], [0.0397705477903208, 0.08545851415695009, 0.015245454545454546], [0.03942663059368603, 0.08541783832707989, 0.01776969696969697], [0.03903419947634159, 0.0853707668179863, 0.020293939393939395], [0.038637504626048064, 0.0853172218525969, 0.02281818181818182], [0.03823412998335544, 0.08525711373282611, 0.025342424242424246], [0.03782203944867174, 0.08519033970988701, 0.027866666666666668], [0.037399429967659825, 0.0851167832277056, 0.030390909090909093], [0.036964639413176646, 0.08503631274241995, 0.03291515151515152], [0.03651608633062981, 0.08494878078283319, 0.035439393939393944], [0.03605222907886773, 0.08485402198803585, 0.03796363636363637], [0.03557153725571785, 0.08475185168619541, 0.040487878787878795], [0.035072473249240246, 0.08464206391046071, 0.04301212121212122], [0.03455347874210433, 0.08452442804694725, 0.045536363636363646], [0.034012968613654375, 0.08439869026459391, 0.04806060606060607], [0.03344932927691437, 0.08426456190433897, 0.050584848484848496], [0.0328609228976533, 0.08412172363155809, 0.05310909090909092], [0.03224609743237513, 0.08396981674615546, 0.05563333333333334], [0.031603203402268056, 0.0838084381383734, 0.05815757575757577], [0.030930617871915613, 0.08363713326730778, 0.06068181818181819], [0.030226777687944125, 0.08345538760877379, 0.06320606060606061], [0.029490221012920616, 0.08326261591216753, 0.06573030303030304], [0.028719639581889608, 0.08305814888937368, 0.06825454545454547], [0.027913940731151457, 0.08284121620732987, 0.07077878787878789], [0.027072318912503415, 0.0826109246713742, 0.07330303030303031], [0.02619433493007165, 0.08236622970296391, 0.07582727272727274], [0.025279999931239416, 0.08210589748528925, 0.07835151515151516], [0.02432985966982364, 0.08182845322196058, 0.08087575757575759], [0.023345073130912178, 0.08153211018562331, 0.08340000000000002], [0.022327478515964606, 0.08121466701414883, 0.08592424242424243], [0.021279639088963246, 0.08087335710899664, 0.08844848484848486], [0.02020486196070292, 0.08050461666480208, 0.09097272727272729], [0.019107184328034304, 0.08010371020141047, 0.0934969696969697], [0.017991324680110405, 0.079664085566238, 0.09602121212121213], [0.016862599613041117, 0.07917616896904327, 0.09854545454545456], [0.015726810986415003, 0.07862481638451503, 0.10106969696969699], [0.014590111363871571, 0.0779829349441102, 0.1035939393939394], [0.013408401561985646, 0.07718926328973949, 0.10611818181818183], [0.012035551637075696, 0.0758811872066226, 0.10864242424242426], [0.01044287388958376, 0.073650504261931, 0.11116666666666668], [0.008525679767418453, 0.0716012898524766, 0.1136909090909091], [0.00599116668880364, 0.0697159758526848, 0.11621515151515154], [null, 0.06797844929790049, 0.11873939393939395], [null, 0.06637399587151782, 0.12126363636363638], [null, 0.06488923569098018, 0.12378787878787881], [null, 0.06351204471625402, 0.1263121212121212], [null, 0.062231473912346826, 0.12883636363636364], [null, 0.06103766197155591, 0.13136060606060607], [null, 0.05992174291236704, 0.1338848484848485], [null, 0.05887575874372616, 0.13640909090909092], [null, 0.05789257619712056, 0.13893333333333333], [null, 0.05696580041959143, 0.14145757575757575], [null, 0.05608970146811144, 0.14398181818181818], [null, 0.05525914203163267, 0.1465060606060606], [null, 0.0544695130487819, 0.14903030303030304], [null, 0.05371667447481942, 0.15155454545454547], [null, 0.052996901655079046, 0.15407878787878787], [null, 0.05230683773816133, 0.1566030303030303], [null, 0.051643450582417566, 0.15912727272727273], [null, 0.05100399551424988, 0.16165151515151516], [null, 0.05038597872539859, 0.16417575757575759], [null, 0.049787129348912385, 0.16670000000000001], [null, 0.04920537091232469, 0.16922424242424244], [null, 0.04863879734396686, 0.17174848484848484], [null, 0.048085651079163155, 0.17427272727272727], [null, 0.047544303401197016, 0.1767969696969697], [null, 0.04701323658188115, 0.17932121212121213], [null, 0.04649102751380266, 0.18184545454545456], [null, 0.045976332585107076, 0.184369696969697], [null, 0.045467873530553225, 0.1868939393939394], [null, 0.04496442387081846, 0.18941818181818182], [null, 0.04446479584753472, 0.19194242424242425], [null, 0.04396782700895869, 0.19446666666666668], [null, 0.043472368178717795, 0.1969909090909091], [null, 0.042977267188744186, 0.19951515151515153], [null, 0.04248135534789854, 0.20203939393939396], [null, 0.0419834305714024, 0.20456363636363636], [null, 0.041482237325595264, 0.2070878787878788], [null, 0.04097644495142487, 0.20961212121212122], [null, 0.04046461714026327, 0.21213636363636365], [null, 0.03994518007056588, 0.21466060606060608], [null, 0.0394163759051285, 0.2171848484848485], [null, 0.03887620409999074, 0.2197090909090909], [null, 0.038322341262055575, 0.22223333333333334], [null, 0.03775202953153611, 0.22475757575757577], [null, 0.03716191490617973, 0.2272818181818182], [null, 0.036547805881614555, 0.22980606060606062], [null, 0.03590429506076704, 0.23233030303030305], [null, 0.03522413434833717, 0.23485454545454545], [null, 0.034497129614590186, 0.23737878787878788], [null, 0.0337080017849204, 0.2399030303030303], [null, 0.03283169027730146, 0.24242727272727274], [null, 0.03182084954599517, 0.24495151515151517], [null, 0.03055863463444119, 0.2474757575757576], [null, -7.949196856316121e-14, 0.25]]}