{"dim": 3, "delta": 2.5, "mu": 5.906055070328385, "dmu": 1.4375, "g": -0.3719912209058008, "k_c": 50, "data": [[0.36685715179915623, 0.7776338005085631, 0.0001], [0.36661713635758425, 0.7776035544203911, 0.02535151515151515], [0.3659015595713503, 0.7775132330078898, 0.0506030303030303], [0.3647124853110801, 0.7773626612671396, 0.07585454545454545], [0.3630532799785168, 0.7771515449184684, 0.1011060606060606], [0.3609284965668843, 0.7768794690464527, 0.12635757575757572], [0.3583436826389285, 0.7765458935154422, 0.1516090909090909], [0.35530506053229655, 0.7761501472122491, 0.17686060606060605], [0.35181895366153537, 0.7756914232966828, 0.2021121212121212], [0.3478906067902735, 0.7751687676701883, 0.22736363636363632], [0.34352113377895815, 0.7745810720960832, 0.25261515151515146], [0.33869482800966905, 0.7739270605455798, 0.27786666666666665], [0.3333566627902714, 0.7732052752300749, 0.3031181818181818], [0.3278062073232607, 0.7724140591243516, 0.3283696969696969], [0.3220802396743005, 0.7715515356528064, 0.3536212121212121], [0.31616401913644965, 0.7706155841301809, 0.37887272727272725], [0.3100440182904851, 0.7696038103588503, 0.4041242424242424], [0.30370786822840057, 0.7685135117624029, 0.4293757575757575], [0.2971443955450317, 0.767341634190958, 0.45462727272727266], [0.2903437345355217, 0.7660847209071396, 0.47987878787878785], [0.2832975013986901, 0.764738849047972, 0.5051303030303029], [0.2759990191511563, 0.7632995516251283, 0.5303818181818182], [0.2684435827920034, 0.7617617200648775, 0.5556333333333333], [0.26062875160284826, 0.7601194819483855, 0.5808848484848484], [0.25255465953467615, 0.7583660436297095, 0.6061363636363636], [0.24422432076746634, 0.7564934885133308, 0.6313878787878787], [0.23564392050214159, 0.7544925092775433, 0.6566393939393939], [0.22682306723549045, 0.7523520505070668, 0.681890909090909], [0.21777498984301372, 0.7500588162982623, 0.7071424242424242], [0.20851666031558375, 0.7475965805276756, 0.7323939393939394], [0.19906882792674177, 0.7449451835569668, 0.7576454545454545], [0.18918992869985687, 0.7420790237642034, 0.7828969696969696], [0.17853606871417751, 0.7389646810168415, 0.8081484848484848], [0.16708842032275106, 0.735556952570938, 0.8333999999999999], [0.15470264691034621, 0.7317917407339795, 0.858651515151515], [0.14114726439498174, 0.7275718458213737, 0.8839030303030302], [0.12605471120783307, 0.7227340662643547, 0.9091545454545453], [0.10879347422904766, 0.7169502907814764, 0.9344060606060606], [0.08810293200089185, 0.7091609535303476, 0.9596575757575757], [0.06056979626434581, 0.6957128871559509, 0.9849090909090908], [null, 0.6826066151521812, 1.0101606060606059], [null, 0.670214668475655, 1.0354121212121212], [null, 0.6584909836774874, 1.0606636363636364], [null, 0.6473910289337722, 1.0859151515151515], [null, 0.6368720258878324, 1.1111666666666666], [null, 0.6268931067205938, 1.1364181818181818], [null, 0.6174154302214894, 1.161669696969697], [null, 0.6084022433458947, 1.186921212121212], [null, 0.5998189053931018, 1.2121727272727272], [null, 0.5916328732900156, 1.2374242424242423], [null, 0.5838136617716906, 1.2626757575757575], [null, 0.5763327779748111, 1.2879272727272726], [null, 0.5691636400862371, 1.3131787878787877], [null, 0.5622814787884425, 1.3384303030303029], [null, 0.5556632366601174, 1.363681818181818], [null, 0.5492875194188682, 1.3889333333333331], [null, 0.5431343280166403, 1.4141848484848485], [null, 0.5371851310033875, 1.4394363636363636], [null, 0.5314226614301029, 1.4646878787878788], [null, 0.5258308329698304, 1.489939393939394], [null, 0.5203946417393286, 1.515190909090909], [null, 0.5151000695504807, 1.5404424242424242], [null, 0.5099339950065462, 1.5656939393939393], [null, 0.5048841049674045, 1.5909454545454544], [null, 0.49993881566897, 1.6161969696969696], [null, 0.495087193283572, 1.6414484848484847], [null, 0.49031888005676844, 1.6666999999999998], [null, 0.4856240249064613, 1.691951515151515], [null, 0.48099321472713713, 1.7172030303030301], [null, 0.4764174085289914, 1.7424545454545453], [null, 0.47188787331836207, 1.7677060606060604], [null, 0.4673961200992595, 1.7929575757575755], [null, 0.4629338384638688, 1.8182090909090907], [null, 0.45849283526575796, 1.843460606060606], [null, 0.45406495733868957, 1.8687121212121212], [null, 0.44964202744931747, 1.8939636363636363], [null, 0.4452157606599963, 1.9192151515151514], [null, 0.4407776779380016, 1.9444666666666666], [null, 0.43631900688462183, 1.9697181818181817], [null, 0.43183056752196175, 1.9949696969696968], [null, 0.4273026366734604, 2.020221212121212], [null, 0.4227247863142073, 2.0454727272727276], [null, 0.4180856831428855, 2.0707242424242427], [null, 0.41337284135628316, 2.095975757575758], [null, 0.4085722994979365, 2.121227272727273], [null, 0.4036682092315399, 2.146478787878788], [null, 0.3986422790955426, 2.1717303030303032], [null, 0.39347301843030086, 2.1969818181818184], [null, 0.3881346761102999, 2.2222333333333335], [null, 0.38259570502683754, 2.2474848484848486], [null, 0.37681645918713874, 2.2727363636363638], [null, 0.370745586329932, 2.297987878787879], [null, 0.3643140676414566, 2.323239393939394], [null, 0.357424677066386, 2.348490909090909], [null, 0.34993158087307485, 2.3737424242424243], [null, 0.3415955246413386, 2.3989939393939395], [null, 0.331964249352321, 2.4242454545454546], [null, 0.31991691734647687, 2.4494969696969697], [null, 0.2895821863695319, 2.474748484848485], [null, 2.581268532253489e-14, 2.5]]}