{"dim": 3, "delta": 7.0, "mu": 5.906055070328385, "dmu": 4.472222222222222, "g": -0.39716351980467146, "k_c": 50, "data": []}