{"dim": 3, "delta": 2, "mu": 5.906055070328385, "dmu": 1.0, "g": -0.36682995891667614, "k_c": 50, "data": [[0.08468278191467532, 0.6711391425840493, 0.0001], [0.08433291623706927, 0.6711217767555817, 0.0203010101010101], [0.08328283386295272, 0.6710700006985999, 0.040502020202020206], [0.0815096414496804, 0.6709837622006739, 0.06070303030303031], [0.0789717305928278, 0.6708629733381746, 0.08090404040404041], [0.07560231551404606, 0.6707075104385719, 0.10110505050505052], [0.07129723404481114, 0.6705172135004452, 0.12130606060606061], [0.06589088923717062, 0.6702918853866539, 0.1415070707070707], [0.059104247118643954, 0.6700312908223713, 0.1617080808080808], [0.05041200264829086, 0.6697351527258393, 0.1819090909090909], [0.038587762092826966, 0.6694031630520786, 0.20211010101010102], [null, 0.6690349565696793, 0.2223111111111111], [null, 0.6686301334307673, 0.2425121212121212], [null, 0.6681882446855891, 0.2627131313131313], [null, 0.6677087921540429, 0.2829141414141414], [null, 0.6671912255381227, 0.3031151515151515], [null, 0.6666349391023264, 0.3233161616161616], [null, 0.666039267803568, 0.3435171717171717], [null, 0.6654034831129597, 0.36371818181818183], [null, 0.6647267880442481, 0.38391919191919194], [null, 0.6640083097906591, 0.40412020202020205], [null, 0.6632471024043641, 0.4243212121212121], [null, 0.6624421216031956, 0.4445222222222222], [null, 0.6615922343296736, 0.4647232323232323], [null, 0.6606962003203762, 0.4849242424242424], [null, 0.6597526628391512, 0.5051252525252525], [null, 0.6587601359745205, 0.5253262626262626], [null, 0.6577169897586068, 0.5455272727272727], [null, 0.6566214331689377, 0.5657282828282828], [null, 0.6554714931903582, 0.585929292929293], [null, 0.6542649914230154, 0.606130303030303], [null, 0.6529995153028011, 0.6263313131313132], [null, 0.6516723838626911, 0.6465323232323232], [null, 0.6502806066143603, 0.6667333333333333], [null, 0.6488208332296229, 0.6869343434343435], [null, 0.6472892918661957, 0.7071353535353535], [null, 0.6456817126108212, 0.7273363636363637], [null, 0.6439932310223144, 0.7475373737373737], [null, 0.642218265459159, 0.7677383838383839], [null, 0.6403503589847351, 0.7879393939393939], [null, 0.6383819698005886, 0.8081404040404041], [null, 0.6363041926600274, 0.8283414141414142], [null, 0.6341063748073867, 0.8485424242424242], [null, 0.6317755756702269, 0.8687434343434344], [null, 0.6292957813831176, 0.8889444444444444], [null, 0.6266467168227243, 0.9091454545454546], [null, 0.6238019651531045, 0.9293464646464646], [null, 0.6207257913553874, 0.9495474747474748], [null, 0.6173673463828333, 0.9697484848484849], [null, 0.6136487691323357, 0.9899494949494949], [null, 0.6094360710846712, 1.010150505050505], [null, 0.6044401244730573, 1.0303515151515152], [null, 0.5972458041853488, 1.0505525252525252], [null, 0.5883489936199576, 1.0707535353535353], [null, 0.579747709987169, 1.0909545454545455], [null, 0.5714247072024318, 1.1111555555555557], [null, 0.5633635355907205, 1.1313565656565656], [null, 0.5555485078645837, 1.1515575757575758], [null, 0.5479646659215996, 1.171758585858586], [null, 0.5405977375013875, 1.1919595959595959], [null, 0.5334341039912438, 1.212160606060606], [null, 0.5264607600637232, 1.2323616161616162], [null, 0.5196652743857002, 1.2525626262626264], [null, 0.513035750987805, 1.2727636363636363], [null, 0.5065607899561184, 1.2929646464646465], [null, 0.5002294475259785, 1.3131656565656566], [null, 0.49403119643322385, 1.3333666666666666], [null, 0.4879558856094421, 1.3535676767676768], [null, 0.4819936990196587, 1.373768686868687], [null, 0.47613511413056087, 1.393969696969697], [null, 0.47037085875317997, 1.414170707070707], [null, 0.464691866216209, 1.4343717171717172], [null, 0.4590892285769437, 1.4545727272727274], [null, 0.4535541464591688, 1.4747737373737373], [null, 0.4480778751300597, 1.4949747474747475], [null, 0.4426516654384401, 1.5151757575757576], [null, 0.4372666980761377, 1.5353767676767678], [null, 0.4319140092828803, 1.5555777777777777], [null, 0.4265844054298508, 1.575778787878788], [null, 0.42126836306430676, 1.595979797979798], [null, 0.415955910035495, 1.6161808080808082], [null, 0.41063648150595594, 1.6363818181818182], [null, 0.40529874257804366, 1.6565828282828283], [null, 0.3999303652976773, 1.6767838383838385], [null, 0.3945177462021298, 1.6969848484848484], [null, 0.3890456300501515, 1.7171858585858586], [null, 0.38349661975048754, 1.7373868686868688], [null, 0.37785049787188296, 1.757587878787879], [null, 0.3720832795284019, 1.7777888888888889], [null, 0.3661658422998513, 1.797989898989899], [null, 0.36006187467892925, 1.8181909090909092], [null, 0.3537246632113197, 1.8383919191919191], [null, 0.3470917980509639, 1.8585929292929293], [null, 0.3400758293492047, 1.8787939393939395], [null, 0.3325462352219232, 1.8989949494949496], [null, 0.32429001481759556, 1.9191959595959596], [null, 0.3149073660139583, 1.9393969696969697], [null, 0.30342110177350184, 1.95959797979798], [null, 0.2792264644256909, 1.9797989898989898], [null, 1.4288570326925765e-13, 2.0]]}