{"dim": 3, "delta": 1.0, "mu": 5.906055070328385, "dmu": 0.545, "g": -0.3514958709352178, "k_c": 50, "data": [[0.10877089765430491, 0.3470296197925273, 0.0001], [0.10868911832059573, 0.3470197950704205, 0.010199999999999999], [0.10844700466108805, 0.3469906919105223, 0.0203], [0.10804469637553112, 0.34694227868026695, 0.0304], [0.10748241161511032, 0.3468745027098943, 0.0405], [0.10676042552765226, 0.3467872896391619, 0.0506], [0.10587903932130896, 0.34668054428218914, 0.060700000000000004], [0.10483853886973056, 0.34655414776600413, 0.0708], [0.10363914150583431, 0.3464079591699164, 0.0809], [0.1022809291762117, 0.3462418133785963, 0.091], [0.10076376568238288, 0.346055521567079, 0.1011], [0.09908719475330464, 0.3458488672437952, 0.1112], [0.0972503150770062, 0.3456216096895788, 0.1213], [0.09525162665770741, 0.34537347665283596, 0.1314], [0.093088841222168, 0.34510416779706926, 0.1415], [0.09075864631876866, 0.34481334984185164, 0.15159999999999998], [0.08825640834756066, 0.3445006486133528, 0.16169999999999998], [0.08557579282458586, 0.34416568061066966, 0.17179999999999998], [0.08270826916341992, 0.34380798138315916, 0.18189999999999998], [0.07964244864547013, 0.34342707114086213, 0.19199999999999998], [0.07636317368820288, 0.3430224164825151, 0.20209999999999997], [0.0728502214799431, 0.3425934331054549, 0.21219999999999997], [0.06907638512442849, 0.34213948078819323, 0.22229999999999997], [0.0650045001754141, 0.3416598578761879, 0.23239999999999997], [0.06058258281069877, 0.34115379434451537, 0.2425], [0.055735329437458285, 0.34062044465915076, 0.2526], [0.05034792978294799, 0.340058878339844, 0.2627], [0.044231442152044644, 0.3394680698889472, 0.2728], [0.03703478134550756, 0.33884688622451464, 0.2829], [0.027945151382807558, 0.3381940723412313, 0.293], [0.013600586708989783, 0.3375082333143683, 0.3031], [null, 0.33678781390491774, 0.3132], [null, 0.33603107243182734, 0.3233], [null, 0.3352360500249482, 0.3334], [null, 0.33440053174963097, 0.34349999999999997], [null, 0.33352199838489116, 0.35359999999999997], [null, 0.3325975653965404, 0.36369999999999997], [null, 0.33162390442592443, 0.37379999999999997], [null, 0.33059714112260596, 0.38389999999999996], [null, 0.32951271941870114, 0.39399999999999996], [null, 0.3283652175815625, 0.40409999999999996], [null, 0.3271480929340687, 0.41419999999999996], [null, 0.3258533172809068, 0.42429999999999995], [null, 0.3244708382272738, 0.43439999999999995], [null, 0.32298774540122854, 0.44449999999999995], [null, 0.3213869511140959, 0.45459999999999995], [null, 0.3196448113845191, 0.46469999999999995], [null, 0.3177267653857306, 0.47479999999999994], [null, 0.3155778117456539, 0.4849], [null, 0.31309746557209084, 0.495], [null, 0.31004084542399124, 0.5051], [null, 0.30504501639335413, 0.5152], [null, 0.29929291356732773, 0.5253], [null, 0.2938100686046405, 0.5354], [null, 0.2885772013352842, 0.5455], [null, 0.2835763311591929, 0.5556], [null, 0.27879069734053624, 0.5657], [null, 0.274204680061895, 0.5758], [null, 0.26980372382702916, 0.5859], [null, 0.2655742627055031, 0.596], [null, 0.2615036484831949, 0.6061], [null, 0.2575800812933572, 0.6162], [null, 0.2537925454847847, 0.6263], [null, 0.25013073967706456, 0.6364], [null, 0.24658503945622406, 0.6465], [null, 0.2431464016297723, 0.6566], [null, 0.2398063482016424, 0.6667], [null, 0.23655689716603992, 0.6768], [null, 0.23339051727450383, 0.6869], [null, 0.23030008231002222, 0.697], [null, 0.22727882629727744, 0.7071], [null, 0.22432030071934328, 0.7172], [null, 0.22141833273707429, 0.7273], [null, 0.2185669838597619, 0.7373999999999999], [null, 0.21576050878176867, 0.7474999999999999], [null, 0.2129933138164165, 0.7575999999999999], [null, 0.21025991311226952, 0.7676999999999999], [null, 0.20755488418119136, 0.7777999999999999], [null, 0.20487281806711233, 0.7878999999999999], [null, 0.20220826582860618, 0.7979999999999999], [null, 0.19955567786216385, 0.8080999999999999], [null, 0.1969093311325984, 0.8181999999999999], [null, 0.19426326308684394, 0.8282999999999999], [null, 0.19161112877276404, 0.8383999999999999], [null, 0.1889461288126875, 0.8484999999999999], [null, 0.18626081816353468, 0.8585999999999999], [null, 0.18354691021977979, 0.8686999999999999], [null, 0.18079500273179128, 0.8787999999999999], [null, 0.177994203090984, 0.8888999999999999], [null, 0.17513160129203628, 0.8989999999999999], [null, 0.1721915016769331, 0.9090999999999999], [null, 0.16915426017074414, 0.9191999999999999], [null, 0.16599444270425598, 0.9292999999999999], [null, 0.1626777352948617, 0.9393999999999999], [null, 0.15915537279447095, 0.9494999999999999], [null, 0.15535306179779942, 0.9595999999999999], [null, 0.15114569955274132, 0.9697], [null, 0.14628555717153066, 0.9798], [null, 0.1400898089812443, 0.9899], [null, -1.9339529977457914e-12, 1.0]]}