{"dim": 3, "delta": 3.0, "mu": 5.906055070328385, "dmu": 1.8681818181818182, "g": -0.37628449054250135, "k_c": 50, "data": [[0.5433016864608744, 0.8593816838389413, 0.0001], [0.5421945047869942, 0.859324520612624, 0.0304020202020202], [0.5400549881741553, 0.8591535328915634, 0.060704040404040406], [0.5382322619266425, 0.858867975033151, 0.0910060606060606], [0.5365254367155516, 0.8584665803060644, 0.12130808080808081], [0.5348606046414013, 0.8579475515694577, 0.151610101010101], [0.5331996312943524, 0.8573085045470361, 0.1819121212121212], [0.5315184540555014, 0.8565464228178814, 0.2122141414141414], [0.5297994474903746, 0.8556575850185189, 0.2425161616161616], [0.5280280617228498, 0.8546374714549682, 0.2728181818181818], [0.5261910728006212, 0.8534806440267505, 0.303120202020202], [0.524275524196462, 0.8521805896536373, 0.33342222222222223], [0.5222679809336722, 0.8507295163341735, 0.3637242424242424], [0.5201539175909237, 0.8491180844766839, 0.3940262626262626], [0.5179171401126371, 0.8473350476714324, 0.42432828282828283], [0.5155391845984408, 0.8453667671219273, 0.454630303030303], [0.5129986325752821, 0.8431965354300074, 0.4849323232323232], [0.5102703128463953, 0.8408036182638285, 0.5152343434343434], [0.5073243308761957, 0.8381618518494167, 0.5455363636363636], [0.5041248885507096, 0.8352375095811612, 0.5758383838383838], [0.5006288410562413, 0.8319859153457094, 0.606140404040404], [0.496783956357848, 0.8283457422630598, 0.6364424242424243], [0.49252685908282595, 0.8242286839592342, 0.6667444444444445], [0.48778071872356715, 0.819498722021655, 0.6970464646464646], [0.4824528602978352, 0.8139239193526273, 0.7273484848484848], [0.4764327336962041, 0.8070336092386226, 0.757650505050505], [0.46959106368863973, 0.7974013125259323, 0.7879525252525252], [0.4617815988965221, 0.7724731517768567, 0.8182545454545455], [0.4528473913226155, 0.7437048856288889, 0.8485565656565657], [0.4426337523994614, 0.7172097306578828, 0.8788585858585858], [0.43100883820319935, 0.6931058794717238, 0.909160606060606], [0.41788971533203084, 0.6714657064203811, 0.9394626262626262], [0.4032672202758107, 0.6522904968849457, 0.9697646464646464], [0.3872200319926552, 0.6354960060092069, 1.0000666666666667], [0.3699108228997951, 0.6209159756206907, 1.0303686868686868], [0.3515651233471222, 0.608322963951709, 1.060670707070707], [0.3324411715954415, 0.5974582105554938, 1.0909727272727272], [0.31280107759805176, 0.5880602289051041, 1.1212747474747475], [0.29288996260524, 0.579885413619765, 1.1515767676767676], [0.2729246235649651, 0.5727191732095916, 1.1818787878787878], [0.2530898310761087, 0.5663794253468757, 1.212180808080808], [0.2335394215920808, 0.5607153261386681, 1.2424828282828282], [0.21439974482123594, 0.5556036641426072, 1.2727848484848485], [0.19577386902359098, 0.5509445157980445, 1.3030868686868686], [0.1777456814343217, 0.5466570272481167, 1.333388888888889], [0.16038350650762898, 0.5426757025154688, 1.363690909090909], [0.1437431355830778, 0.5389473058180523, 1.3939929292929292], [0.12752210456225382, 0.5354283520270247, 1.4242949494949495], [0.107237016555078, 0.5320831080105692, 1.4545969696969696], [0.08034328580232024, 0.5288820147534455, 1.48489898989899], [0.035107327234456476, 0.5258004460843371, 1.51520101010101], [null, 0.5228177327828684, 1.5455030303030304], [null, 0.5199163933627309, 1.5758050505050505], [null, 0.5170815259381407, 1.6061070707070706], [null, 0.5143003250131105, 1.636409090909091], [null, 0.5115616954584665, 1.666711111111111], [null, 0.5088559423043951, 1.6970131313131314], [null, 0.5061745197214386, 1.7273151515151515], [null, 0.5035098250171441, 1.7576171717171716], [null, 0.5008550383170728, 1.787919191919192], [null, 0.4982039683532227, 1.818221212121212], [null, 0.49555095150876394, 1.8485232323232323], [null, 0.4928907461076444, 1.8788252525252525], [null, 0.4902184502470807, 1.9091272727272728], [null, 0.48752942926214243, 1.939429292929293], [null, 0.4848192520501795, 1.969731313131313], [null, 0.4820836341180741, 2.0000333333333336], [null, 0.4793183856508198, 2.030335353535354], [null, 0.47651936308297776, 2.0606373737373738], [null, 0.47368242287190915, 2.090939393939394], [null, 0.4708033761743394, 2.1212414141414144], [null, 0.4678779429546348, 2.1515434343434343], [null, 0.4649017062375372, 2.1818454545454546], [null, 0.46187005925609326, 2.212147474747475], [null, 0.4587781545232408, 2.2424494949494953], [null, 0.45562084080859583, 2.272751515151515], [null, 0.4523925961677937, 2.3030535353535355], [null, 0.4490874481774144, 2.333355555555556], [null, 0.4456988806451692, 2.3636575757575757], [null, 0.44221972213585226, 2.393959595959596], [null, 0.4386420110545213, 2.4242616161616164], [null, 0.43495682808689323, 2.4545636363636367], [null, 0.43115408749434875, 2.4848656565656566], [null, 0.427222271694556, 2.515167676767677], [null, 0.42314808755241207, 2.5454696969696973], [null, 0.4189160146666033, 2.575771717171717], [null, 0.4145076983436423, 2.6060737373737375], [null, 0.40990111626741005, 2.636375757575758], [null, 0.4050693960861435, 2.666677777777778], [null, 0.39997915129364575, 2.696979797979798], [null, 0.394587834011637, 2.7272818181818184], [null, 0.38883978609033765, 2.7575838383838387], [null, 0.3826595167556094, 2.7878858585858586], [null, 0.375939848238609, 2.818187878787879], [null, 0.3685188389637012, 2.8484898989898992], [null, 0.3601287110150088, 2.8787919191919196], [null, 0.3502578566808127, 2.9090939393939395], [null, 0.3376108739885987, 2.93939595959596], [null, 0.29898250418799754, 2.96969797979798], [null, -2.1882495815361835e-13, 3.0]]}