{"dim": 3, "delta": 2.5, "mu": 5.906055070328385, "dmu": 1.25, "g": -0.3719912209058008, "k_c": 50, "data": [[0.12531852120390666, 0.8128539635579598, 0.0001], [0.12492946027342611, 0.8128318912740187, 0.02535151515151515], [0.12376275531657002, 0.8127659968605644, 0.0506030303030303], [0.1218009975345819, 0.812656205145263, 0.07585454545454545], [0.11901319675795964, 0.8125023923597936, 0.1011060606060606], [0.11535129535792704, 0.8123043832654019, 0.12635757575757572], [0.11074410068066608, 0.8120619512253208, 0.1516090909090909], [0.10508676273391558, 0.8117748167338323, 0.17686060606060605], [0.09822173764600689, 0.8114426457941826, 0.2021121212121212], [0.08990158862994273, 0.8110650479348949, 0.22736363636363632], [0.07970712245392504, 0.810641574685688, 0.25261515151515146], [0.06683043935227638, 0.81017171526377, 0.27786666666666665], [0.049273117967358726, 0.8096548949230752, 0.3031181818181818], [null, 0.8090904709282827, 0.3283696969696969], [null, 0.8084777272401124, 0.3536212121212121], [null, 0.807815874844993, 0.37887272727272725], [null, 0.8071040363983171, 0.4041242424242424], [null, 0.8063412500750183, 0.4293757575757575], [null, 0.8055264570094959, 0.45462727272727266], [null, 0.8046584946460924, 0.47987878787878785], [null, 0.8037360871043393, 0.5051303030303029], [null, 0.8027578342708771, 0.5303818181818182], [null, 0.8017221998110211, 0.5556333333333333], [null, 0.8006274960031432, 0.5808848484848484], [null, 0.7994718675439985, 0.6061363636363636], [null, 0.7982532718360635, 0.6313878787878787], [null, 0.7969694558229666, 0.6566393939393939], [null, 0.7956179286290863, 0.681890909090909], [null, 0.7941959305670828, 0.7071424242424242], [null, 0.79270039265796, 0.7323939393939394], [null, 0.7911278917298146, 0.7576454545454545], [null, 0.7894745934982036, 0.7828969696969696], [null, 0.787736180289732, 0.8081484848484848], [null, 0.7859077815052691, 0.8333999999999999], [null, 0.7839838344102225, 0.858651515151515], [null, 0.7819579786217395, 0.8839030303030302], [null, 0.779822872280261, 0.9091545454545453], [null, 0.7775699516376723, 0.9344060606060606], [null, 0.7751891398495871, 0.9596575757575757], [null, 0.7726684234691148, 0.9849090909090908], [null, 0.7699932709773862, 1.0101606060606059], [null, 0.7671457945158708, 1.0354121212121212], [null, 0.7641034936256562, 1.0606636363636364], [null, 0.760837293079067, 1.0859151515151515], [null, 0.7573082897734598, 1.1111666666666666], [null, 0.7534619397966523, 1.1364181818181818], [null, 0.7492165134207974, 1.161669696969697], [null, 0.74443624355118, 1.186921212121212], [null, 0.7388488438608144, 1.2121727272727272], [null, 0.7314152685576318, 1.2374242424242423], [null, 0.7210942208480211, 1.2626757575757575], [null, 0.7111098903944635, 1.2879272727272726], [null, 0.7014434274863368, 1.3131787878787877], [null, 0.6920767872562865, 1.3384303030303029], [null, 0.6829927066330032, 1.363681818181818], [null, 0.6741746623931261, 1.3889333333333331], [null, 0.6656068530442507, 1.4141848484848485], [null, 0.6572741594845982, 1.4394363636363636], [null, 0.6491621122894095, 1.4646878787878788], [null, 0.6412568566650021, 1.489939393939394], [null, 0.6335450267464823, 1.515190909090909], [null, 0.6260141573505544, 1.5404424242424242], [null, 0.618651750093851, 1.5656939393939393], [null, 0.6114461321924465, 1.5909454545454544], [null, 0.6043859697821576, 1.6161969696969696], [null, 0.5974603183792132, 1.6414484848484847], [null, 0.5906585839605581, 1.6666999999999998], [null, 0.5839704791109598, 1.691951515151515], [null, 0.5773859886877767, 1.7172030303030301], [null, 0.5708953158133859, 1.7424545454545453], [null, 0.5644888417150244, 1.7677060606060604], [null, 0.5581570785961745, 1.7929575757575755], [null, 0.5518906153031907, 1.8182090909090907], [null, 0.5456800610718048, 1.843460606060606], [null, 0.5395159839618744, 1.8687121212121212], [null, 0.5333888416548048, 1.8939636363636363], [null, 0.5272889027885429, 1.9192151515151514], [null, 0.5212061564084276, 1.9444666666666666], [null, 0.5151302065019658, 1.9697181818181817], [null, 0.5090501464659675, 1.9949696969696968], [null, 0.5029544078455972, 2.020221212121212], [null, 0.4968305746435534, 2.0454727272727276], [null, 0.4906651519268464, 2.0707242424242427], [null, 0.4844432721936506, 2.095975757575758], [null, 0.47814831587675705, 2.121227272727273], [null, 0.47176141103261704, 2.146478787878788], [null, 0.4652607591900361, 2.1717303030303032], [null, 0.4586207044932119, 2.1969818181818184], [null, 0.45181041227348634, 2.2222333333333335], [null, 0.44479193128901584, 2.2474848484848486], [null, 0.43751724131239966, 2.2727363636363638], [null, 0.4299235399009621, 2.297987878787879], [null, 0.42192526721565476, 2.323239393939394], [null, 0.4133995553679584, 2.348490909090909], [null, 0.40415684207562536, 2.3737424242424243], [null, 0.39387206803951624, 2.3989939393939395], [null, 0.38188026134810843, 2.4242454545454546], [null, 0.3661755988389576, 2.4494969696969697], [null, 0.2895821863781846, 2.474748484848485], [null, 2.708944180085382e-14, 2.5]]}