{"dim": 3, "delta": 1.5, "mu": 5.906055070328385, "dmu": 0.8999999999999999, "g": -0.3603342691362375, "k_c": 50, "data": [[0.2381651300143232, 0.489938901403835, 0.0001], [0.2380154800842645, 0.4899201022355927, 0.01525050505050505], [0.23757015122599173, 0.48986415897589114, 0.030401010101010102], [0.2368281672933557, 0.48977097319610846, 0.045551515151515155], [0.23578733273324298, 0.48964037638834423, 0.06070202020202021], [0.2344429503793807, 0.48947213260584843, 0.07585252525252525], [0.23278435580542384, 0.48926593461583856, 0.09100303030303031], [0.23078089397042534, 0.48902140151152657, 0.10615353535353536], [0.22835022632379026, 0.48873807520591755, 0.12130404040404041], [0.22581786920239666, 0.48841541637875197, 0.13645454545454544], [0.2232361000462393, 0.4880527983440253, 0.1516050505050505], [0.22059188590388942, 0.48764950265007456, 0.16675555555555555], [0.21787366514511616, 0.4872047097201888, 0.1819060606060606], [0.2150707883999012, 0.4867174919023313, 0.19705656565656565], [0.2121731618033683, 0.48618680106627943, 0.2122070707070707], [0.2091710160520214, 0.48561145818468326, 0.22735757575757576], [0.2060547600952768, 0.48499013563700427, 0.2425080808080808], [0.2028148964878787, 0.48432135111385255, 0.25765858585858586], [0.19944198608657407, 0.4836034248216176, 0.2728090909090909], [0.19592665613754573, 0.48283447697158144, 0.28795959595959597], [0.1922596496156697, 0.4820123859682185, 0.303110101010101], [0.18843191562107534, 0.4811347554246582, 0.3182606060606061], [0.1844347439081959, 0.48019886843636256, 0.3334111111111111], [0.1802599429363458, 0.47920163266814053, 0.3485616161616162], [0.17590006468996064, 0.47813951125345494, 0.3637121212121212], [0.17134867676083762, 0.47700843548092636, 0.3788626262626263], [0.16660067607245124, 0.4758036928440613, 0.3940131313131313], [0.16165264081591227, 0.47451978156390867, 0.4091636363636364], [0.1565032076647855, 0.4731502181467111, 0.4243141414141414], [0.15115345827761742, 0.4716872777734374, 0.4394646464646465], [0.1456072934970284, 0.4701216365886394, 0.4546151515151515], [0.13987176848924882, 0.46844186376905245, 0.4697656565656566], [0.13395735971822156, 0.46663368026985635, 0.48491616161616163], [0.12787813512473764, 0.46467883041201336, 0.5000666666666667], [0.12165180194051887, 0.4625532966270672, 0.5152171717171717], [0.11529961371499006, 0.4602242523364592, 0.5303676767676768], [0.10884613153971275, 0.45764454175796804, 0.5455181818181818], [0.10231884714011953, 0.45474140492975507, 0.5606686868686869], [0.09574768007470766, 0.4513895452448482, 0.575819191919192], [0.0890251137897775, 0.44732622522012183, 0.590969696969697], [0.08139574983326134, 0.44158906267198345, 0.606120202020202], [0.0727563860261181, 0.4307659495261393, 0.6212707070707071], [0.0627833560285047, 0.42048254684701347, 0.6364212121212122], [0.050743526985256346, 0.4108959739330193, 0.6515717171717172], [0.03457831579655052, 0.4019527039377274, 0.6667222222222222], [null, 0.3936015121248911, 0.6818727272727273], [null, 0.38579390438477723, 0.6970232323232324], [null, 0.37848419206973316, 0.7121737373737375], [null, 0.3716296673045006, 0.7273242424242424], [null, 0.3651906220684884, 0.7424747474747475], [null, 0.35913031375058757, 0.7576252525252526], [null, 0.35341487890230044, 0.7727757575757576], [null, 0.34801320904916755, 0.7879262626262626], [null, 0.342896797091573, 0.8030767676767677], [null, 0.3380395788142118, 0.8182272727272728], [null, 0.33341773808047104, 0.8333777777777778], [null, 0.3290095466331674, 0.8485282828282829], [null, 0.3247951795840067, 0.8636787878787879], [null, 0.3207565471607145, 0.878829292929293], [null, 0.3168771343775517, 0.893979797979798], [null, 0.3131418472218731, 0.9091303030303031], [null, 0.30953687294696003, 0.9242808080808081], [null, 0.3060495534568206, 0.9394313131313132], [null, 0.30266825259413105, 0.9545818181818182], [null, 0.2993822592956603, 0.9697323232323233], [null, 0.2961816783273867, 0.9848828282828284], [null, 0.2930573395068621, 1.0000333333333333], [null, 0.2900007118730998, 1.0151838383838385], [null, 0.28700382509221883, 1.0303343434343435], [null, 0.28405919659633705, 1.0454848484848485], [null, 0.2811597637535141, 1.0606353535353537], [null, 0.27829881992127437, 1.0757858585858586], [null, 0.27546995422281756, 1.0909363636363636], [null, 0.2726669918104202, 1.1060868686868688], [null, 0.2698839400313438, 1.1212373737373738], [null, 0.26711492427406136, 1.136387878787879], [null, 0.26435413687508375, 1.151538383838384], [null, 0.26159577095526687, 1.1666888888888889], [null, 0.25883395682348437, 1.181839393939394], [null, 0.25606268848959374, 1.196989898989899], [null, 0.2532757420118114, 1.212140404040404], [null, 0.25046658057372495, 1.2272909090909092], [null, 0.2476282412627601, 1.2424414141414142], [null, 0.24475319727769645, 1.2575919191919191], [null, 0.2418331862431168, 1.2727424242424243], [null, 0.2388589908700378, 1.2878929292929293], [null, 0.23582015199965756, 1.3030434343434345], [null, 0.2327045850606699, 1.3181939393939395], [null, 0.22949805084402033, 1.3333444444444444], [null, 0.22618340874911447, 1.3484949494949496], [null, 0.22273951888713203, 1.3636454545454546], [null, 0.21913957533559514, 1.3787959595959596], [null, 0.2153484421121378, 1.3939464646464648], [null, 0.21131814691363107, 1.4090969696969697], [null, 0.20697965959476824, 1.424247474747475], [null, 0.20222628884552923, 1.43939797979798], [null, 0.19687484881067857, 1.4545484848484849], [null, 0.19055081285439443, 1.46969898989899], [null, 0.1821349177759277, 1.484849494949495], [null, 8.409939411535561e-14, 1.5]]}