{"dim": 3, "delta": 7.25, "mu": 5.906055070328385, "dmu": 3.819196428571429, "g": -0.39806881382767106, "k_c": 50, "data": [[0.9819242985166183, null, 0.6591818181818182], [0.9612712113345996, null, 0.7324131313131313], [0.9395539138595825, null, 0.8056444444444445], [0.9167697664856639, null, 0.8788757575757575], [0.8929400265478037, null, 0.9521070707070707], [0.8681076860052067, null, 1.0253383838383838], [0.8423347318198413, null, 1.098569696969697], [0.8156988573972213, null, 1.1718010101010101], [0.7882898265938333, null, 1.2450323232323233], [0.7602057735216066, null, 1.3182636363636364], [0.7313805459446255, null, 1.3914949494949496], [0.7005437334939415, null, 1.4647262626262627], [0.6676261291646526, null, 1.5379575757575759], [0.6324202571199649, null, 1.611188888888889], [0.594563574670706, null, 1.6844202020202022], [0.5535362164358697, null, 1.757651515151515], [0.5085871152974465, null, 1.8308828282828282], [0.45857657665216056, null, 1.9041141414141414], [0.40162891243007803, null, 1.9773454545454545], [0.3342274835962693, null, 2.050576767676768], [0.24800332536698538, null, 2.123808080808081], [0.10346407336243638, null, 2.197039393939394]]}