{"dim": 3, "delta": 1, "mu": 5.906055070328385, "dmu": 0.2, "g": -0.3514958709352178, "k_c": 50, "data": [[0.38114910011102393, null, 0.0001], [0.3811433829894911, null, 0.010199999999999999], [0.38112645139268736, null, 0.0203], [0.38109829869091627, null, 0.0304], [0.3810589140252233, null, 0.0405], [0.38100828187400343, null, 0.0506], [0.3809463824466186, null, 0.060700000000000004], [0.38087319144895837, null, 0.0708], [0.38078868006962835, null, 0.0809], [0.3806928149363301, null, 0.091], [0.3805855580418429, null, 0.1011], [0.38046686665703017, null, 0.1112], [0.3803366933696321, null, 0.1213], [0.38019498576160515, null, 0.1314], [0.3800416866008992, null, 0.1415], [0.37987673347750306, null, 0.15159999999999998], [0.37970005876653595, null, 0.16169999999999998], [0.37951158958356457, null, 0.17179999999999998], [0.3793112475478121, null, 0.18189999999999998], [0.3790989486569346, null, 0.19199999999999998], [0.3788746030966212, null, 0.20209999999999997], [0.3786381150750046, null, 0.21219999999999997], [0.37838938257245125, null, 0.22229999999999997], [0.3781282971091693, null, 0.23239999999999997], [0.3778547441934974, null, 0.2425], [0.377568601345887, null, 0.2526], [0.37726973963487764, null, 0.2627], [0.3769580225886775, null, 0.2728], [0.37663330585875676, null, 0.2829], [0.37629543709350105, null, 0.293], [0.375944254774799, null, 0.3031], [0.3755795905476576, null, 0.3132], [0.3752012638073049, null, 0.3233], [0.37480908432459126, null, 0.3334], [0.374402858042205, null, 0.34349999999999997], [0.3739823695849461, null, 0.35359999999999997], [0.37354739893702565, null, 0.36369999999999997], [0.37309771285487037, null, 0.37379999999999997], [0.37263306431043575, null, 0.38389999999999996], [0.3721531933489898, null, 0.39399999999999996], [0.371657825425955, null, 0.40409999999999996], [0.37114667067550783, null, 0.41419999999999996], [0.37061942289204497, null, 0.42429999999999995], [0.3700757584810464, null, 0.43439999999999995], [0.36951533513763474, null, 0.44449999999999995], [0.3689377908095031, null, 0.45459999999999995], [0.368342742120392, null, 0.46469999999999995], [0.3677297823006515, null, 0.47479999999999994], [0.36709848060839356, null, 0.4849], [0.3664483789691684, null, 0.495], [0.36577899092588995, null, 0.5051], [0.3650897987073061, null, 0.5152], [0.36438025081586145, null, 0.5253], [0.36364975876514044, null, 0.5354], [0.36289769398083477, null, 0.5455], [0.36212338409038025, null, 0.5556], [0.36132610828296186, null, 0.5657], [0.36050509278323933, null, 0.5758], [0.35965950615325115, null, 0.5859], [0.35878845104992774, null, 0.596], [0.35789095928467113, null, 0.6061], [0.3569659823248868, null, 0.6162], [0.3560123822275183, null, 0.6263], [0.35502892043367107, null, 0.6364], [0.35401424502219664, null, 0.6465], [0.35296687537011096, null, 0.6566], [0.3518851842367597, null, 0.6667], [0.3507673762840917, null, 0.6768], [0.34961146227970935, null, 0.6869], [0.34841522782824985, null, 0.697], [0.34717619508552194, null, 0.7071], [0.3458915754173402, null, 0.7172], [0.34455821018608795, null, 0.7273], [0.34317249555470264, null, 0.7373999999999999], [0.3417302859590572, null, 0.7474999999999999], [0.3402267673225425, null, 0.7575999999999999], [0.33865629092676514, null, 0.7676999999999999], [0.3370121357621591, null, 0.7777999999999999], [0.3352862002138064, null, 0.7878999999999999], [0.3334685372670886, null, 0.7979999999999999], [0.3315466273619815, null, 0.8080999999999999], [0.3295043308030005, null, 0.8181999999999999], [0.32732003423375977, null, 0.8282999999999999], [0.32496335576432783, null, 0.8383999999999999], [0.32238845477300243, null, 0.8484999999999999], [0.3195178595580768, null, 0.8585999999999999], [0.31618806496772395, null, 0.8686999999999999], [0.31165323190308303, null, 0.8787999999999999], [0.3062043180110844, null, 0.8888999999999999], [0.30068647391045206, null, 0.8989999999999999], [0.2950745634024076, null, 0.9090999999999999], [0.289336643041317, null, 0.9191999999999999], [0.28343043132615753, null, 0.9292999999999999], [0.27729748352842604, null, 0.9393999999999999], [0.2708518839562498, null, 0.9494999999999999], [0.26395632238512207, null, 0.9595999999999999], [0.25636147323500635, null, 0.9697], [0.2474983642258875, null, 0.9798], [0.23487209225295566, null, 0.9899], [-9.10937991704941e-14, null, 1.0]]}