{"dim": 3, "delta": 1.5, "mu": 5.906055070328385, "dmu": 0.9525000000000001, "g": -0.3603342691362375, "k_c": 50, "data": [[0.27006052040370965, 0.4760698800180534, 0.0001], [0.26979051774076396, 0.4760466201917728, 0.01525050505050505], [0.26891587821375507, 0.4759773856595046, 0.030401010101010102], [0.26746714744258865, 0.47586199973597226, 0.045551515151515155], [0.2661201777650989, 0.47570016499269097, 0.06070202020202021], [0.2648243520232412, 0.4754914601913921, 0.07585252525252525], [0.2635478952080787, 0.4752353347796552, 0.09100303030303031], [0.2622714975593126, 0.4749311026869466, 0.10615353535353536], [0.26098177208165957, 0.47457793143152716, 0.12130404040404041], [0.25966842019580855, 0.47417483251363973, 0.13645454545454544], [0.2583228085402041, 0.47372064639336264, 0.1516050505050505], [0.25693716850274667, 0.47321402535393536, 0.16675555555555555], [0.25550409775995286, 0.47265341250108067, 0.1819060606060606], [0.25401621826484366, 0.4720370158884313, 0.19705656565656565], [0.2524659161514176, 0.47136277694498063, 0.2122070707070707], [0.25084512582930796, 0.4706283316214087, 0.22735757575757576], [0.2491451315420431, 0.46983096237144384, 0.2425080808080808], [0.24735638036235522, 0.46896753815040393, 0.25765858585858586], [0.24546827540052793, 0.46803443905774633, 0.2728090909090909], [0.24346897702804293, 0.4670274606104713, 0.28795959595959597], [0.24134517388771484, 0.46594168958862564, 0.303110101010101], [0.23908184484403314, 0.4647713426806591, 0.3182606060606061], [0.2366619886396731, 0.4635095515915311, 0.3334111111111111], [0.23406638399924787, 0.46214807062727287, 0.3485616161616162], [0.2312733022752985, 0.4606768720516627, 0.3637121212121212], [0.2282582885134745, 0.45908356808270456, 0.3788626262626263], [0.22499399677012533, 0.45735255987010925, 0.3940131313131313], [0.22145015900715295, 0.4554636912873943, 0.4091636363636364], [0.21759377064396992, 0.4533903719290896, 0.4243141414141414], [0.21338961266736062, 0.45109557110605, 0.4394646464646465], [0.20880124584180465, 0.44852564530344746, 0.4546151515151515], [0.2037926295869405, 0.44559648527778317, 0.4697656565656566], [0.19833047631603917, 0.44216041197828143, 0.48491616161616163], [0.1923873456133533, 0.4378995279219644, 0.5000666666666667], [0.18594534581902192, 0.43161932997859725, 0.5152171717171717], [0.17899996180469982, 0.4157866311308661, 0.5303676767676768], [0.1715634111515748, 0.4004652271617129, 0.5455181818181818], [0.16366671751264572, 0.3866005481018, 0.5606686868686869], [0.1553598419198004, 0.3741155474994357, 0.575819191919192], [0.14670963944703078, 0.36291690396053194, 0.590969696969697], [0.1377958576176712, 0.35289900004648206, 0.606120202020202], [0.12870610139096025, 0.34394902857782406, 0.6212707070707071], [0.11953042631570714, 0.33595233940627167, 0.6364212121212122], [0.11035667210515156, 0.3287971690133937, 0.6515717171717172], [0.10126687695658093, 0.32237824700442497, 0.6667222222222222], [0.09233499124986826, 0.3165991190526769, 0.6818727272727273], [0.08362576115362562, 0.31137329788588, 0.6970232323232324], [0.07519453732982115, 0.3066244957448131, 0.7121737373737375], [0.06708771584238288, 0.30228622595442206, 0.7273242424242424], [0.058691494647161335, 0.298301028640696, 0.7424747474747475], [0.0477974261446164, 0.2946195160485447, 0.7576252525252526], [0.032731511058991504, 0.2911993465364386, 0.7727757575757576], [null, 0.28800437463321105, 0.7879262626262626], [null, 0.2850035303107417, 0.8030767676767677], [null, 0.28217026448181454, 0.8182272727272728], [null, 0.27948174750644844, 0.8333777777777778], [null, 0.2769183058362396, 0.8485282828282829], [null, 0.27446292443719483, 0.8636787878787879], [null, 0.27210082796469104, 0.878829292929293], [null, 0.2698191204745569, 0.893979797979798], [null, 0.26760650482466647, 0.9091303030303031], [null, 0.2654530177233506, 0.9242808080808081], [null, 0.2633498282824774, 0.9394313131313132], [null, 0.2612890606576496, 0.9545818181818182], [null, 0.25926364445207584, 0.9697323232323233], [null, 0.25726718766976514, 0.9848828282828284], [null, 0.2552938682132402, 1.0000333333333333], [null, 0.2533383403280503, 1.0151838383838385], [null, 0.25139565306891626, 1.0303343434343435], [null, 0.24946117910011212, 1.0454848484848485], [null, 0.2475305505960909, 1.0606353535353537], [null, 0.24559960191807811, 1.0757858585858586], [null, 0.2436643158269493, 1.0909363636363636], [null, 0.24172077719740964, 1.1060868686868688], [null, 0.23976511676266204, 1.1212373737373738], [null, 0.2377934718059472, 1.136387878787879], [null, 0.23580193258729898, 1.151538383838384], [null, 0.23378649252583814, 1.1666888888888889], [null, 0.2317429920264513, 1.181839393939394], [null, 0.22966705673535356, 1.196989898989899], [null, 0.22755402672966926, 1.212140404040404], [null, 0.2253988721107471, 1.2272909090909092], [null, 0.22319609351376188, 1.2424414141414142], [null, 0.22093959787572967, 1.2575919191919191], [null, 0.21862254281791288, 1.2727424242424243], [null, 0.21623713684837975, 1.2878929292929293], [null, 0.21377437669302626, 1.3030434343434345], [null, 0.21122369552223208, 1.3181939393939395], [null, 0.20857247543194252, 1.3333444444444444], [null, 0.2058053609622979, 1.3484949494949496], [null, 0.20290325114000163, 1.3636454545454546], [null, 0.19984176892092678, 1.3787959595959596], [null, 0.19658882488925558, 1.3939464646464648], [null, 0.19310051111319831, 1.4090969696969697], [null, 0.1893136510858618, 1.424247474747475], [null, 0.18513087179553447, 1.43939797979798], [null, 0.18038611157822684, 1.4545484848484849], [null, 0.17474458205616888, 1.46969898989899], [null, 0.16724499448409338, 1.484849494949495], [null, 1.0141887329950805e-13, 1.5]]}