{"dim": 3, "delta": 5.0, "mu": 5.906055070328385, "dmu": 3.0131578947368425, "g": -0.38867196341527066, "k_c": 50, "data": [[0.9132917196941513, null, 0.0001], [0.9155480337939719, null, 0.05060404040404041], [0.9174579335534644, null, 0.10110808080808081], [0.9192291273848314, null, 0.1516121212121212], [0.9210448199601833, null, 0.2021161616161616], [0.9229996994339428, null, 0.252620202020202], [0.9251724575498217, null, 0.3031242424242424], [0.9276471291310079, null, 0.35362828282828285], [0.9305264721814626, null, 0.40413232323232323], [0.9339469833727874, null, 0.4546363636363636], [0.9381019457329554, null, 0.5051404040404041], [0.9432830203479641, null, 0.5556444444444445], [0.9499654573634392, null, 0.6061484848484848], [0.9590112475685493, null, 0.6566525252525253], [0.9722787494325216, null, 0.7071565656565657], [0.9954906656880045, null, 0.757660606060606]]}