{"dim": 3, "delta": 2.75, "mu": 5.906055070328385, "dmu": 0.275, "g": -0.37422717504461167, "k_c": 50, "data": [[0.9640274982301773, null, 0.0001], [0.9640137591823013, null, 0.027876767676767673], [0.9639727320843136, null, 0.05565353535353535], [0.9639044002396474, null, 0.08343030303030302], [0.9638087365135432, null, 0.1112070707070707], [0.9636857016950344, null, 0.13898383838383835], [0.9635352456120382, null, 0.16676060606060603], [0.9633573068551928, null, 0.1945373737373737], [0.9631518125145588, null, 0.22231414141414138], [0.9629186781494872, null, 0.2500909090909091], [0.9626578075217671, null, 0.2778676767676767], [0.9623690927764607, null, 0.3056444444444444], [0.962052413540076, null, 0.33342121212121206], [0.961707637403643, null, 0.36119797979797974], [0.9613346193143171, null, 0.3889747474747474], [0.9609332010302783, null, 0.4167515151515151], [0.9605032124073608, null, 0.4445282828282828], [0.9600444678818812, null, 0.47230505050505045], [0.9595567695427508, null, 0.5000818181818182], [0.9590399044976662, null, 0.5278585858585858], [0.9584936454501372, null, 0.5556353535353534], [0.9579177498113493, null, 0.5834121212121212], [0.9573119595021695, null, 0.6111888888888888], [0.9566759999712167, null, 0.6389656565656565], [0.95600958002887, null, 0.6667424242424241], [0.9553123910743843, null, 0.6945191919191919], [0.9545841061539095, null, 0.7222959595959595], [0.9538243782040488, null, 0.7500727272727272], [0.9530328460242816, null, 0.7778494949494948], [0.9522091192786989, null, 0.8056262626262626], [0.9513527922344347, null, 0.8334030303030302], [0.9504634343434557, null, 0.8611797979797979], [0.9495405925357242, null, 0.8889565656565656], [0.9485837876837676, null, 0.9167333333333332], [0.947592515918416, null, 0.9445101010101009], [0.9465662448677241, null, 0.9722868686868685], [0.945504413328702, null, 1.0000636363636364], [0.9444064299346749, null, 1.0278404040404039], [0.9432716697007044, null, 1.0556171717171716], [0.9420994765733641, null, 1.0833939393939394], [0.9408891538014718, null, 1.1111707070707069], [0.9396399680052377, null, 1.1389474747474746], [0.9383511450280535, null, 1.1667242424242423], [0.9370218660924523, null, 1.19450101010101], [0.9356512656933285, null, 1.2222777777777776], [0.934238428142576, null, 1.2500545454545453], [0.9327823839940106, null, 1.277831313131313], [0.9312821060679822, null, 1.3056080808080808], [0.9297365051223537, null, 1.3333848484848483], [0.9281444250202365, null, 1.361161616161616], [0.9265046374028063, null, 1.3889383838383837], [0.9248158357719473, null, 1.4167151515151513], [0.923076628904935, null, 1.444491919191919], [0.9212855335098055, null, 1.4722686868686867], [0.9194409652266363, null, 1.5000454545454545], [0.9175412333068771, null, 1.527822222222222], [0.9155845224417662, null, 1.5555989898989897], [0.9135688888388867, null, 1.5833757575757574], [0.9114922430465646, null, 1.6111525252525252], [0.9093523356344589, null, 1.6389292929292927], [0.9071467400217216, null, 1.6667060606060604], [0.9048728325314477, null, 1.6944828282828281], [0.9025277693192042, null, 1.7222595959595959], [0.9001084623942405, null, 1.7500363636363634], [0.8976115440507976, null, 1.7778131313131311], [0.8950333359091437, null, 1.8055898989898989], [0.8923698042474093, null, 1.8333666666666664], [0.8896165104394521, null, 1.861143434343434], [0.886768551373348, null, 1.8889202020202018], [0.8838204874539043, null, 1.9166969696969696], [0.8807662557649847, null, 1.944473737373737], [0.8775990633833907, null, 1.9722505050505048], [0.8743112555732403, null, 2.0000272727272725], [0.8708941482079552, null, 2.0278040404040403], [0.8673378316000603, null, 2.055580808080808], [0.8636308744666101, null, 2.0833575757575757], [0.8597600065307205, null, 2.1111343434343435], [0.8557096189973706, null, 2.138911111111111], [0.8514611483085707, null, 2.166687878787879], [0.8469921745759857, null, 2.1944646464646467], [0.8422751383668927, null, 2.222241414141414], [0.837275417377985, null, 2.2500181818181817], [0.8319483103275919, null, 2.2777949494949494], [0.8262340159868932, null, 2.305571717171717], [0.8200485715666087, null, 2.333348484848485], [0.8132655195167616, null, 2.3611252525252526], [0.8056714882100177, null, 2.3889020202020204], [0.7968137082611576, null, 2.4166787878787876], [0.7847594037702618, null, 2.4444555555555554], [0.7705486941927011, null, 2.472232323232323], [0.7555008513909418, null, 2.500009090909091], [0.7392672171082699, null, 2.5277858585858586], [0.7211907192514811, null, 2.5555626262626263], [0.6996266346499737, null, 2.583339393939394], [0.6593422885942171, null, 2.611116161616162], [0.589485718274113, null, 2.638892929292929], [0.5102972342187816, null, 2.666669696969697], [0.41648443516628375, null, 2.6944464646464645], [0.29437900225224745, null, 2.7222232323232323], [5.551115123125783e-16, null, 2.75]]}