{"dim": 3, "delta": 1.5, "mu": 5.906055070328385, "dmu": 0.15, "g": -0.3603342691362375, "k_c": 50, "data": [[0.5634357818628508, null, 0.0001], [0.5634278250694181, null, 0.01525050505050505], [0.5634041597873874, null, 0.030401010101010102], [0.5633647769002488, null, 0.045551515151515155], [0.5633096619885712, null, 0.06070202020202021], [0.563238794713123, null, 0.07585252525252525], [0.5631521483807312, null, 0.09100303030303031], [0.5630496923895734, null, 0.10615353535353536], [0.5629313871807021, null, 0.12130404040404041], [0.5627971890513349, null, 0.13645454545454544], [0.5626470481968624, null, 0.1516050505050505], [0.5624809079185419, null, 0.16675555555555555], [0.5622987056915228, null, 0.1819060606060606], [0.56210037250702, null, 0.19705656565656565], [0.5618858328485101, null, 0.2122070707070707], [0.5616550045637311, null, 0.22735757575757576], [0.5614077979527986, null, 0.2425080808080808], [0.5611441194317558, null, 0.25765858585858586], [0.5608638636890133, null, 0.2728090909090909], [0.5605669212689709, null, 0.28795959595959597], [0.5602531776628012, null, 0.303110101010101], [0.5599224972663976, null, 0.3182606060606061], [0.5595747566965112, null, 0.3334111111111111], [0.5592098108348305, null, 0.3485616161616162], [0.5588275094597679, null, 0.3637121212121212], [0.5584276935476074, null, 0.3788626262626263], [0.558010194935229, null, 0.3940131313131313], [0.5575748359928033, null, 0.4091636363636364], [0.5571214292434526, null, 0.4243141414141414], [0.5566497769604496, null, 0.4394646464646465], [0.5561596707269043, null, 0.4546151515151515], [0.5556508909904616, null, 0.4697656565656566], [0.5551232066086504, null, 0.48491616161616163], [0.5545763741136159, null, 0.5000666666666667], [0.5540101372980131, null, 0.5152171717171717], [0.5534242268349517, null, 0.5303676767676768], [0.5528183588683789, null, 0.5455181818181818], [0.5521922350251277, null, 0.5606686868686869], [0.5515455415083202, null, 0.575819191919192], [0.5508779473736006, null, 0.590969696969697], [0.5501891051713871, null, 0.606120202020202], [0.549478649717108, null, 0.6212707070707071], [0.5487461919082693, null, 0.6364212121212122], [0.5479913291730817, null, 0.6515717171717172], [0.5472136317910076, null, 0.6667222222222222], [0.5464126483666152, null, 0.6818727272727273], [0.5455879009474973, null, 0.6970232323232324], [0.544738891156951, null, 0.7121737373737375], [0.543865083918813, null, 0.7273242424242424], [0.5429659184009021, null, 0.7424747474747475], [0.5420408008645657, null, 0.7576252525252526], [0.5410891022899953, null, 0.7727757575757576], [0.5401101562386907, null, 0.7879262626262626], [0.5391032554659873, null, 0.8030767676767677], [0.5380676491155147, null, 0.8182272727272728], [0.5370025388709652, null, 0.8333777777777778], [0.5359070749298538, null, 0.8485282828282829], [0.5347803518149072, null, 0.8636787878787879], [0.5336214027200813, null, 0.878829292929293], [0.5324291945938694, null, 0.893979797979798], [0.5312026212986631, null, 0.9091303030303031], [0.5299404967009917, null, 0.9242808080808081], [0.5286415463378734, null, 0.9394313131313132], [0.527304398881021, null, 0.9545818181818182], [0.5259275742624988, null, 0.9697323232323233], [0.5245094729012362, null, 0.9848828282828284], [0.5230483611874626, null, 1.0000333333333333], [0.5215423554694695, null, 1.0151838383838385], [0.5199894033348614, null, 1.0303343434343435], [0.5183872617130675, null, 1.0454848484848485], [0.5167334702896719, null, 1.0606353535353537], [0.5150253249667658, null, 1.0757858585858586], [0.5132598334553181, null, 1.0909363636363636], [0.5114336794872439, null, 1.1060868686868688], [0.5095431658319396, null, 1.1212373737373738], [0.5075841499223318, null, 1.136387878787879], [0.5055519647817797, null, 1.151538383838384], [0.5034413175836262, null, 1.1666888888888889], [0.5012461630222166, null, 1.181839393939394], [0.4989595421173217, null, 1.196989898989899], [0.4965733693888185, null, 1.212140404040404], [0.49407815200648847, null, 1.2272909090909092], [0.4914626088373479, null, 1.2424414141414142], [0.4887131414048137, null, 1.2575919191919191], [0.4858130777314233, null, 1.2727424242424243], [0.48274155344988945, null, 1.2878929292929293], [0.479471784176435, null, 1.3030434343434345], [0.47596825059994885, null, 1.3181939393939395], [0.4721817786336652, null, 1.3333444444444444], [0.46804007281937016, null, 1.3484949494949496], [0.46342670726447965, null, 1.3636454545454546], [0.4581218500824496, null, 1.3787959595959596], [0.4515002842641222, null, 1.3939464646464648], [0.44166927861768285, null, 1.4090969696969697], [0.4309193096959056, null, 1.424247474747475], [0.4190050558055418, null, 1.43939797979798], [0.40489535384694003, null, 1.4545484848484849], [0.37838501320410783, null, 1.46969898989899], [0.2673720356342924, null, 1.484849494949495], [-5.551115123125783e-17, null, 1.5]]}