{"dim": 3, "delta": 9.0, "mu": 5.906055070328385, "dmu": 5.772857142857143, "g": -0.40375240921843647, "k_c": 50, "data": []}