{"dim": 3, "delta": 1, "mu": 5.906055070328385, "dmu": 0.7000000000000001, "g": -0.3514958709352178, "k_c": 50, "data": [[0.20924557364585597, 0.3031989268329152, 0.0001], [0.2094406475974176, 0.30317125430568426, 0.010199999999999999], [0.21006834580266007, 0.30308913844116186, 0.0203], [0.21109139009610944, 0.30295207001165847, 0.0304], [0.21207039372925923, 0.30275918324263845, 0.0405], [0.21304684262326612, 0.3025092363696185, 0.0506], [0.21404753444440258, 0.30220056198083, 0.060700000000000004], [0.21509212912258638, 0.3018310234412158, 0.0708], [0.21619769739975556, 0.30139793400508963, 0.0809], [0.2173809240581334, 0.3008979608854794, 0.091], [0.21865950464810327, 0.3003269792839709, 0.1011], [0.2200532953324308, 0.2996798920374359, 0.1112], [0.22158550163230978, 0.2989503625617453, 0.1213], [0.22328411693417033, 0.29813044091071084, 0.1314], [0.22518384527310478, 0.2972100177959812, 0.1415], [0.22732884692612854, 0.29617599464850364, 0.15159999999999998], [0.2297768680397469, 0.2950109931345889, 0.16169999999999998], [0.23260576890308512, 0.2936911687412598, 0.17179999999999998], [0.23592442782801812, 0.29218239542516494, 0.18189999999999998], [0.23989220621535015, 0.2904327962910605, 0.19199999999999998], [0.24475681017532752, 0.28835633892531637, 0.20209999999999997], [0.25093709294478134, 0.28578911590903067, 0.21219999999999997], [0.25923870463773663, 0.28232533441365454, 0.22229999999999997]]}