{"dim": 3, "delta": 4.75, "mu": 5.906055070328385, "dmu": 2.73125, "g": -0.38740315711529844, "k_c": 50, "data": [[0.783901355412643, null, 0.0001], [0.7829951935155515, null, 0.04807878787878788], [0.7802273883175334, null, 0.09605757575757576], [0.775156033552657, null, 0.14403636363636363], [0.7687978785223634, null, 0.1920151515151515], [0.7624734078894763, null, 0.23999393939393937], [0.7560395926452255, null, 0.28797272727272727], [0.7494007264552107, null, 0.3359515151515151], [0.7424825990142055, null, 0.383930303030303], [0.7352213502652654, null, 0.4319090909090909], [0.727557992972811, null, 0.47988787878787875], [0.7194355277491503, null, 0.5278666666666666], [0.7107974386846614, null, 0.5758454545454545], [0.7015870552138636, null, 0.6238242424242424], [0.6917475605991048, null, 0.6718030303030302], [0.6812225595858961, null, 0.7197818181818182], [0.6699571744414181, null, 0.767760606060606], [0.6578996481080005, null, 0.8157393939393939], [0.6450034129185375, null, 0.8637181818181818], [0.6312295228179079, null, 0.9116969696969697], [0.6165492975741198, null, 0.9596757575757575], [0.6009469315954822, null, 1.0076545454545454], [0.5844217851484522, null, 1.0556333333333332], [0.5669900517390438, null, 1.1036121212121213], [0.5486855487262803, null, 1.151590909090909], [0.529559470796096, null, 1.199569696969697], [0.5096791067662363, null, 1.2475484848484848], [0.48912565759501164, null, 1.2955272727272726], [0.467991421268439, null, 1.3435060606060605], [0.4463766677652027, null, 1.3914848484848485], [0.42438652297857765, null, 1.4394636363636364], [0.4021281210429437, null, 1.4874424242424242], [0.379708197963829, null, 1.535421212121212], [0.35723120615993337, 0.9907681882281654, 1.5834], [0.33479795676057356, 0.9795254444481379, 1.6313787878787878], [0.3125047367420471, 0.9690544606558033, 1.6793575757575756], [0.2892876804167334, 0.9592746780218162, 1.7273363636363637], [0.26235486659645724, 0.9501128101259247, 1.7753151515151515], [0.23134844962241866, 0.9415025346627354, 1.8232939393939394], [0.19466083443224275, 0.9333841442114235, 1.8712727272727272], [0.14833342652520012, 0.9257040402557638, 1.919251515151515], [0.07672998753510166, 0.9184142132161144, 1.9672303030303029], [null, 0.91147171275856, 2.015209090909091], [null, 0.9048381313031042, 2.063187878787879], [null, 0.8984791157013435, 2.1111666666666666], [null, 0.8923639147939755, 2.1591454545454547], [null, 0.886464965170644, 2.2071242424242428], [null, 0.8807575195382419, 2.2551030303030304], [null, 0.8752193096632758, 2.3030818181818185], [null, 0.8698302521398644, 2.351060606060606], [null, 0.8645721778533977, 2.399039393939394], [null, 0.8594286024380373, 2.4470181818181818], [null, 0.854384517332704, 2.49499696969697], [null, 0.8494262069049283, 2.542975757575758], [null, 0.8445410855066324, 2.5909545454545455], [null, 0.8397175548310798, 2.6389333333333336], [null, 0.8349448754731774, 2.686912121212121], [null, 0.8302130535940869, 2.7348909090909093], [null, 0.8255127388484034, 2.7828696969696973], [null, 0.8208351322512123, 2.830848484848485], [null, 0.8161719033962539, 2.878827272727273], [null, 0.8115151139533583, 2.9268060606060606], [null, 0.8068571475763529, 2.9747848484848487], [null, 0.8021906436187339, 3.0227636363636363], [null, 0.7975084361089972, 3.0707424242424244], [null, 0.7928034929113267, 3.1187212121212124], [null, 0.7880688579943859, 3.1667], [null, 0.7832975933513653, 3.214678787878788], [null, 0.7784827202989767, 3.2626575757575758], [null, 0.7736171509408788, 3.310636363636364], [null, 0.768693663489802, 3.3586151515151514], [null, 0.7637047550462069, 3.4065939393939395], [null, 0.7586426449276522, 3.4545727272727276], [null, 0.7534991510239373, 3.502551515151515], [null, 0.7482656032106056, 3.5505303030303033], [null, 0.7429327309029826, 3.598509090909091], [null, 0.7374905424610838, 3.646487878787879], [null, 0.7319281560276463, 3.694466666666667], [null, 0.7262336317030568, 3.7424454545454546], [null, 0.72039373503854, 3.7904242424242427], [null, 0.7143936605535154, 3.8384030303030303], [null, 0.7082166757301335, 3.8863818181818184], [null, 0.7018436684573052, 3.934360606060606], [null, 0.6952525566225869, 3.982339393939394], [null, 0.6884175038189974, 4.030318181818181], [null, 0.681307856563156, 4.07829696969697], [null, 0.6738866681106885, 4.126275757575757], [null, 0.6661085907898904, 4.174254545454545], [null, 0.657916766774693, 4.222233333333333], [null, 0.6492380581359176, 4.270212121212121], [null, 0.63997536913812, 4.318190909090909], [null, 0.6299945165078409, 4.366169696969696], [null, 0.6190999292618153, 4.414148484848485], [null, 0.6069845233974822, 4.4621272727272725], [null, 0.5931083842283891, 4.51010606060606], [null, 0.5763146863659664, 4.558084848484848], [null, 0.5525342266075643, 4.606063636363636], [null, 0.4636649642565412, 4.654042424242424], [null, 0.32783903138193365, 4.7020212121212115], [null, 1.2868039966917877e-12, 4.75]]}