{"dim": 3, "delta": 4.25, "mu": 5.906055070328385, "dmu": 3.2007812500000004, "g": -0.3846719574471317, "k_c": 50, "data": []}