{"dim": 3, "delta": 5.75, "mu": 5.906055070328385, "dmu": 3.149431818181818, "g": -0.3921613007980973, "k_c": 50, "data": [[0.8812638837573225, null, 0.0001], [0.8803133774324152, null, 0.058179797979797984], [0.8774742700422012, null, 0.11625959595959597], [0.8727615039849259, null, 0.17433939393939393], [0.8661881240109046, null, 0.23241919191919191], [0.8577250676928334, null, 0.2904989898989899], [0.8470816232288886, null, 0.3485787878787879], [0.8355195646351633, null, 0.40665858585858583], [0.8235082763839087, null, 0.46473838383838384], [0.8109626004340599, null, 0.5228181818181818], [0.7978124586694053, null, 0.5808979797979799], [0.7839990399750904, null, 0.6389777777777778], [0.7694732519602221, null, 0.6970575757575758], [0.7541953866443577, null, 0.7551373737373738], [0.73813548586995, null, 0.8132171717171717], [0.7212740351872072, null, 0.8712969696969697], [0.7036027370459806, null, 0.9293767676767677], [0.6851251606271604, null, 0.9874565656565657], [0.6658571129491322, null, 1.0455363636363637], [0.6458266234818836, null, 1.1036161616161617], [0.6250734843038237, null, 1.1616959595959597], [0.6036483595603102, null, 1.2197757575757575], [0.58161151567816, null, 1.2778555555555555], [0.5590312821048002, null, 1.3359353535353535], [0.5359823507876381, null, 1.3940151515151515], [0.5125440555613046, null, 1.4520949494949495], [0.48879873140595087, null, 1.5101747474747476], [0.4641013184198698, null, 1.5682545454545456], [0.4370147818336784, null, 1.6263343434343434], [0.40755697530846685, null, 1.6844141414141414], [0.37530966843823765, null, 1.7424939393939394], [0.33954772037425063, null, 1.8005737373737374], [0.2990566622588876, null, 1.8586535353535354], [0.2515963165409901, null, 1.9167333333333334], [0.19209775555900765, null, 1.9748131313131314], [0.10122122891319171, null, 2.0328929292929296]]}