{"dim": 3, "delta": 6.0, "mu": 5.906055070328385, "dmu": 4.526086956521739, "g": -0.39323391783164535, "k_c": 50, "data": []}