{"dim": 3, "delta": 2.75, "mu": 5.906055070328385, "dmu": 1.375, "g": -0.37422717504461167, "k_c": 50, "data": [[0.14796705895526122, 0.8796528305593929, 0.0001], [0.14755663558571722, 0.8796282720799826, 0.027876767676767673], [0.14632617621009872, 0.8795549183853901, 0.05565353535353535], [0.1442601019229945, 0.8794326821256386, 0.08343030303030302], [0.14133084988731412, 0.8792614163349868, 0.1112070707070707], [0.13749610319190167, 0.8790409148204775, 0.13898383838383835], [0.13269410117870428, 0.8787709102078478, 0.16676060606060603], [0.12683581121692408, 0.8784510723924873, 0.1945373737373737], [0.1197914949637641, 0.8780810077768237, 0.22231414141414138], [0.11136629070211207, 0.877660254290843, 0.2500909090909091], [0.10125175256010603, 0.8771882810578073, 0.2778676767676767], [0.08891629912504455, 0.8766644838019143, 0.3056444444444444], [0.07330129986636905, 0.8760881806371964, 0.33342121212121206], [null, 0.875458609959492, 0.36119797979797974], [null, 0.8747749205193038, 0.3889747474747474], [null, 0.8740361696476929, 0.4167515151515151], [null, 0.8732413145999429, 0.4445282828282828], [null, 0.8723892045665224, 0.47230505050505045], [null, 0.8714785718097441, 0.5000818181818182], [null, 0.8705080208039709, 0.5278585858585858], [null, 0.869476015997222, 0.5556353535353534], [null, 0.8683808680510077, 0.5834121212121212], [null, 0.8672207171033899, 0.6111888888888888], [null, 0.865993513744054, 0.6389656565656565], [null, 0.8646969966369792, 0.6667424242424241], [null, 0.8633286660290292, 0.6945191919191919], [null, 0.861885752626389, 0.7222959595959595], [null, 0.8603651806344971, 0.7500727272727272], [null, 0.8587635227535682, 0.7778494949494948], [null, 0.8570769465194833, 0.8056262626262626], [null, 0.8553011485642189, 0.8334030303030302], [null, 0.8534312736538934, 0.8611797979797979], [null, 0.851461814047198, 0.8889565656565656], [null, 0.8493864814738601, 0.9167333333333332], [null, 0.8471980510690531, 0.9445101010101009], [null, 0.8448881401512082, 0.9722868686868685], [null, 0.8424469429570546, 1.0000636363636364], [null, 0.8398628538296944, 1.0278404040404039], [null, 0.8371219514383659, 1.0556171717171716], [null, 0.8342072814446062, 1.0833939393939394], [null, 0.8310977869879628, 1.1111707070707069], [null, 0.8277666972063217, 1.1389474747474746], [null, 0.8241789392017509, 1.1667242424242423], [null, 0.8202867219167375, 1.19450101010101], [null, 0.8160213088772985, 1.2222777777777776], [null, 0.8112756715360014, 1.2500545454545453], [null, 0.8058598925825325, 1.277831313131313], [null, 0.7993309011454341, 1.3056080808080808], [null, 0.7896316263595452, 1.3333848484848483], [null, 0.7788871201392347, 1.361161616161616], [null, 0.768487516895365, 1.3889383838383837], [null, 0.7584136342914034, 1.4167151515151513], [null, 0.7486470938990953, 1.444491919191919], [null, 0.7391702950154085, 1.4722686868686867], [null, 0.7299663861392819, 1.5000454545454545], [null, 0.7210192343253634, 1.527822222222222], [null, 0.7123133941167941, 1.5555989898989897], [null, 0.7038340721969987, 1.5833757575757574], [null, 0.6955670949330325, 1.6111525252525252], [null, 0.68749887192231, 1.6389292929292927], [null, 0.6796163600867945, 1.6667060606060604], [null, 0.6719070269389164, 1.6944828282828281], [null, 0.6643588130685253, 1.7222595959595959], [null, 0.6569600939991923, 1.7500363636363634], [null, 0.649699642478496, 1.7778131313131311], [null, 0.642566586769556, 1.8055898989898989], [null, 0.6355503753888004, 1.8333666666666664], [null, 0.6286407254381486, 1.861143434343434], [null, 0.6218275915591577, 1.8889202020202018], [null, 0.6151011181425321, 1.9166969696969696], [null, 0.6084515800923688, 1.944473737373737], [null, 0.6018693479215808, 1.9722505050505048], [null, 0.595344823963036, 2.0000272727272725], [null, 0.5888683848818153, 2.0278040404040403], [null, 0.5824303146667915, 2.055580808080808], [null, 0.5760207257321206, 2.0833575757575757], [null, 0.5696294935867627, 2.1111343434343435], [null, 0.5632461171601341, 2.138911111111111], [null, 0.5568596425532288, 2.166687878787879], [null, 0.5504585030599414, 2.1944646464646467], [null, 0.5440303550951642, 2.222241414141414], [null, 0.5375618671431553, 2.2500181818181817], [null, 0.5310384604654702, 2.2777949494949494], [null, 0.5244439743172313, 2.305571717171717], [null, 0.5177602328285219, 2.333348484848485], [null, 0.5109664707419377, 2.3611252525252526], [null, 0.5040385553437111, 2.3889020202020204], [null, 0.49694790581745507, 2.4166787878787876], [null, 0.4896599486098272, 2.4444555555555554], [null, 0.4821318348625576, 2.472232323232323], [null, 0.4743089299178932, 2.500009090909091], [null, 0.466119144726592, 2.5277858585858586], [null, 0.4574632026684917, 2.5555626262626263], [null, 0.4481965346906968, 2.583339393939394], [null, 0.4380916946383707, 2.611116161616162], [null, 0.4267466128949946, 2.638892929292929], [null, 0.4132904939774278, 2.666669696969697], [null, 0.3945822607339769, 2.6944464646464645], [null, 0.2943790023980949, 2.7222232323232323], [null, -6.850076061937216e-14, 2.75]]}