{"dim": 3, "delta": 2.75, "mu": 5.906055070328385, "dmu": 1.6500000000000001, "g": -0.37422717504461167, "k_c": 50, "data": [[0.4574501420737494, 0.8229517391332559, 0.0001], [0.4570806737711788, 0.8229113347347736, 0.027876767676767673], [0.4559691241193057, 0.8227905879902945, 0.05565353535353535], [0.45408222492382777, 0.8225891636848102, 0.08343030303030302], [0.45130097163626653, 0.8223064990483299, 0.1112070707070707], [0.4475668400090076, 0.821941795870998, 0.13898383838383835], [0.4438235875550243, 0.8214940096754186, 0.16676060606060603], [0.44005368239943715, 0.8209618349904122, 0.1945373737373737], [0.4362174215294766, 0.8203436864784699, 0.22231414141414138], [0.432283785919292, 0.8196376753399544, 0.2500909090909091], [0.4282265099092126, 0.818841579168154, 0.2778676767676767], [0.42402191957150787, 0.8179528061616879, 0.3056444444444444], [0.41964764756555867, 0.816968349685228, 0.33342121212121206], [0.41508182398186, 0.8158847329578807, 0.36119797979797974], [0.41030254829060314, 0.8146979403368794, 0.3889747474747474], [0.40528754520473975, 0.8134033318508532, 0.4167515151515151], [0.40001395411241814, 0.811995535959563, 0.4445282828282828], [0.39445823092123605, 0.8104683137981374, 0.47230505050505045], [0.3885961564501759, 0.8088143859479427, 0.5000818181818182], [0.3824029562084219, 0.8070252024387633, 0.5278585858585858], [0.37585354363375567, 0.8050906536133569, 0.5556353535353534], [0.36892290205878164, 0.8029986605964307, 0.5834121212121212], [0.36158662481763365, 0.8007346316134736, 0.6111888888888888], [0.35382160112333516, 0.7982806883105494, 0.6389656565656565], [0.3456069249569059, 0.7956145459202986, 0.6667424242424241], [0.33692489314133006, 0.7927078233163041, 0.6945191919191919], [0.32776218488557346, 0.7895234431239895, 0.7222959595959595], [0.31811109284089156, 0.7860111669056489, 0.7500727272727272], [0.3079707535852925, 0.7820998652001397, 0.7778494949494948], [0.2973482606035391, 0.7776821197276625, 0.8056262626262626], [0.2862595638967286, 0.7725794587811717, 0.8334030303030302], [0.2747300210720478, 0.7664431568693457, 0.8611797979797979], [0.26279453234131495, 0.7582894088929534, 0.8889565656565656], [0.25049719894748973, 0.7421466514338119, 0.9167333333333332], [0.23789051510748443, 0.7246370652744271, 0.9445101010101009], [0.22503414357715854, 0.7083424902708859, 0.9722868686868685], [0.21199339949399074, 0.6931926065985088, 1.0000636363636364], [0.19883754136412748, 0.6791140777221587, 1.0278404040404039], [0.185638039225251, 0.6660320863831485, 1.0556171717171716], [0.17246692312937045, 0.6538718057272183, 1.0833939393939394], [0.15939533457178337, 0.6425597140859927, 1.1111707070707069], [0.14581131380218576, 0.6320246967133787, 1.1389474747474746], [0.12976740873365805, 0.6221988730998944, 1.1667242424242423], [0.11082340717412491, 0.6130182134255878, 1.19450101010101], [0.08735934597305546, 0.6044228992467917, 1.2222777777777776], [0.05393898854936668, 0.5963575007829128, 1.2500545454545453], [null, 0.5887709932962921, 1.277831313131313], [null, 0.5816166694643337, 1.3056080808080808], [null, 0.574851927917959, 1.3333848484848483], [null, 0.5684380540601438, 1.361161616161616], [null, 0.5623399355848103, 1.3889383838383837], [null, 0.5565257645226441, 1.4167151515151513], [null, 0.550966729012962, 1.444491919191919], [null, 0.5456369366319507, 1.4722686868686867], [null, 0.5405126445997283, 1.5000454545454545], [null, 0.5355725463580165, 1.527822222222222], [null, 0.5307972539704946, 1.5555989898989897], [null, 0.5261691410159317, 1.5833757575757574], [null, 0.5216721464430791, 1.6111525252525252], [null, 0.5172915969049156, 1.6389292929292927], [null, 0.5130140458074893, 1.6667060606060604], [null, 0.5088271284577401, 1.6944828282828281], [null, 0.5047194309521431, 1.7222595959595959], [null, 0.500680372886041, 1.7500363636363634], [null, 0.49670009742293547, 1.7778131313131311], [null, 0.4927693765782099, 1.8055898989898989], [null, 0.4888795200966814, 1.8333666666666664], [null, 0.48502229340885056, 1.861143434343434], [null, 0.4811898405167689, 1.8889202020202018], [null, 0.4773746115105849, 1.9166969696969696], [null, 0.4735692931269683, 1.944473737373737], [null, 0.46976674123627504, 1.9722505050505048], [null, 0.46595991391931474, 2.0000272727272725], [null, 0.4621418038347118, 2.0278040404040403], [null, 0.4583053675889528, 2.055580808080808], [null, 0.45444345338185943, 2.0833575757575757], [null, 0.45054871753685727, 2.1111343434343435], [null, 0.44661353794168446, 2.138911111111111], [null, 0.442629911377315, 2.166687878787879], [null, 0.4385893361209897, 2.1944646464646467], [null, 0.43448263861544884, 2.222241414141414], [null, 0.4302999745243699, 2.2500181818181817], [null, 0.4260302818797549, 2.2777949494949494], [null, 0.4216613592180591, 2.305571717171717], [null, 0.4171793604521204, 2.333348484848485], [null, 0.4125683976901361, 2.3611252525252526], [null, 0.40780994507457297, 2.3889020202020204], [null, 0.4028820517049826, 2.4166787878787876], [null, 0.39775821281647705, 2.4444555555555554], [null, 0.39240574382422244, 2.472232323232323], [null, 0.3867833184526663, 2.500009090909091], [null, 0.38083722317606883, 2.5277858585858586], [null, 0.3744947066866791, 2.5555626262626263], [null, 0.36765353493174574, 2.583339393939394], [null, 0.3601588062815474, 2.611116161616162], [null, 0.35175603019552565, 2.638892929292929], [null, 0.3419609347316111, 2.666669696969697], [null, 0.3295580577523705, 2.6944464646464645], [null, 0.29437900249707444, 2.7222232323232323], [null, -8.948397578478762e-14, 2.75]]}