{"dim": 3, "delta": 1.75, "mu": 5.906055070328385, "dmu": 0.7, "g": -0.36379223926437015, "k_c": 50, "data": [[0.6181836638196668, null, 0.0001], [0.6181715797903702, null, 0.017775757575757577], [0.6181355884603261, null, 0.03545151515151516], [0.6180756672815372, null, 0.05312727272727273], [0.6179917776630348, null, 0.07080303030303031], [0.6178838634090235, null, 0.08847878787878789], [0.6177518606882227, null, 0.10615454545454546], [0.6175956775247461, null, 0.12383030303030304], [0.6174152138781793, null, 0.1415060606060606], [0.6172103510888912, null, 0.15918181818181817], [0.6169809535755602, null, 0.17685757575757577], [0.616726868400427, null, 0.19453333333333334], [0.6164479246864163, null, 0.2122090909090909], [0.6161439333867973, null, 0.2298848484848485], [0.6158146860305961, null, 0.24756060606060606], [0.6154599545330359, null, 0.26523636363636366], [0.6150794903681543, null, 0.2829121212121212], [0.61467302320333, null, 0.3005878787878788], [0.6142402606242299, null, 0.31826363636363636], [0.6137808864844818, null, 0.335939393939394], [0.6132945599301545, null, 0.35361515151515155], [0.6127809138683853, null, 0.3712909090909091], [0.6122395542591388, null, 0.3889666666666667], [0.6116700570040756, null, 0.40664242424242425], [0.6110719675370877, null, 0.4243181818181818], [0.6104447982289384, null, 0.44199393939393944], [0.6097880262388751, null, 0.459669696969697], [0.6091010907693104, null, 0.4773454545454546], [0.608383390835205, null, 0.49502121212121214], [0.6076342817486718, null, 0.5126969696969698], [0.6068530718592761, null, 0.5303727272727273], [0.6060390189010857, null, 0.5480484848484849], [0.6051913250984684, null, 0.5657242424242425], [0.6043091330633441, null, 0.5834], [0.6033915196596688, null, 0.6010757575757576], [0.6024374901790516, null, 0.6187515151515152], [0.6014459711971997, null, 0.6364272727272727], [0.6004158023604259, null, 0.6541030303030303], [0.5993457271262315, null, 0.671778787878788], [0.5982343834487883, null, 0.6894545454545455], [0.5970802885657549, null, 0.7071303030303031], [0.5958818280934209, null, 0.7248060606060607], [0.5946372370012035, null, 0.7424818181818182], [0.5933445815444814, null, 0.7601575757575758], [0.5920017352951963, null, 0.7778333333333334], [0.5906063523439856, null, 0.7955090909090909], [0.5891558335130941, null, 0.8131848484848485], [0.5876472872516167, null, 0.8308606060606061], [0.5860774800512365, null, 0.8485363636363636], [0.5844427794036074, null, 0.8662121212121213], [0.5827390728221268, null, 0.8838878787878789], [0.5809616794857106, null, 0.9015636363636365], [0.5791052258913867, null, 0.919239393939394], [0.5771634886664045, null, 0.9369151515151516], [0.5751291852265431, null, 0.9545909090909092], [0.5729936900858061, null, 0.9722666666666667], [0.5707466406921684, null, 0.9899424242424243], [0.5683753732671546, null, 1.007618181818182], [0.5658640857375407, null, 1.0252939393939395], [0.5631925398475994, null, 1.042969696969697], [0.5603339329724922, null, 1.0606454545454547], [0.5572511358671286, null, 1.0783212121212122], [0.5538893485705895, null, 1.0959969696969698], [0.5501593192042051, null, 1.1136727272727274], [0.5458873551735404, null, 1.131348484848485], [0.5404819289942256, null, 1.1490242424242425], [0.5331665229048363, null, 1.1667], [0.5259896214188631, null, 1.1843757575757576], [0.5189421608266829, null, 1.2020515151515152], [0.5120152588434761, null, 1.2197272727272728], [0.5052001820722338, null, 1.2374030303030303], [0.49848831031625246, null, 1.255078787878788], [0.49187109825342584, null, 1.2727545454545455], [0.4853400333929063, null, 1.290430303030303], [0.4788865888052908, null, 1.3081060606060606], [0.47250217093287783, null, 1.3257818181818184], [0.4661780600293653, null, 1.343457575757576], [0.4599053404498649, null, 1.3611333333333335], [0.4536748210094174, null, 1.378809090909091], [0.4474769362177441, null, 1.3964848484848487], [0.44130162715205945, null, 1.4141606060606062], [0.43513822508843647, null, 1.4318363636363638], [0.42897522014078593, null, 1.4495121212121214], [0.42280009152245046, null, 1.467187878787879], [0.4165989913426863, null, 1.4848636363636365], [0.41035637116885504, null, 1.502539393939394], [0.40405447317592424, null, 1.5202151515151516], [0.3976726322917453, null, 1.5378909090909092], [0.3911862919752581, null, 1.5555666666666668], [0.38456557303820466, null, 1.5732424242424243], [0.37777311476612585, null, 1.590918181818182], [0.3707606716111646, null, 1.6085939393939395], [0.3634634456941043, null, 1.626269696969697], [0.3557899641492723, null, 1.6439454545454546], [0.3476022261293604, null, 1.6616212121212122], [0.3386712498906817, null, 1.6792969696969697], [0.3285546881333494, null, 1.6969727272727273], [0.3160985663683402, null, 1.714648484848485], [0.2735361309465385, null, 1.7323242424242427], [-8.765765890927923e-13, null, 1.75]]}