{"dim": 3, "delta": 0.2, "mu": 5.906055070328385, "dmu": 0.1375, "g": -0.32006361602683453, "k_c": 50, "data": [[0.04020774703025849, 0.06398452256712993, 0.0001], [0.040288687077509065, 0.06398004097165509, 0.002119191919191919], [0.0403550753720534, 0.06396738779162847, 0.004138383838383839], [0.04041300247688222, 0.06394651651110127, 0.006157575757575758], [0.04046898791954728, 0.06391734963227436, 0.008176767676767676], [0.04052575146923517, 0.06387977628255975, 0.010195959595959595], [0.040584946007908164, 0.06383365477418428, 0.012215151515151516], [0.04064783380575559, 0.06377880385889229, 0.014234343434343434], [0.04071553612012804, 0.0637149995276051, 0.016253535353535353], [0.04078915319639698, 0.06364197618214229, 0.018272727272727274], [0.04086983725835994, 0.06355941611468337, 0.02029191919191919], [0.04095884824784631, 0.06346694338714205, 0.02231111111111111], [0.04105760585418069, 0.06336411465990266, 0.024330303030303032], [0.04116774569944783, 0.06325040705620481, 0.02634949494949495], [0.04129118621016252, 0.06312520304755848, 0.02836868686868687], [0.041430213047791146, 0.0629877704497936, 0.030387878787878787], [0.041587590204005695, 0.06283723611262114, 0.03240707070707071], [0.04176671077450534, 0.06267255053929066, 0.03442626262626263], [0.041971807372504784, 0.06249243958496819, 0.03644545454545455], [0.04220825447104218, 0.06229533646463179, 0.038464646464646465], [0.042483015928538335, 0.062079284324845226, 0.040483838383838386], [0.0428053279634934, 0.061841790598155026, 0.042503030303030306], [0.04318780785113709, 0.06157960179381765, 0.04452222222222223], [0.04364829144277993, 0.061288336590530186, 0.04654141414141415], [0.04421317985442015, 0.06096184971804474, 0.04856060606060607], [0.044923954977619376, 0.06059103409060811, 0.05057979797979798], [0.04585158686300566, 0.0601612934807668, 0.0525989898989899], [0.04713435779793857, 0.05964622356200184, 0.05461818181818182], [0.0491120918956398, 0.05898652865960394, 0.05663737373737374], [0.053341520336107416, 0.05794517470672873, 0.058656565656565664]]}