{"dim": 3, "delta": 4.5, "mu": 5.906055070328385, "dmu": 2.6867647058823527, "g": -0.38607214965680303, "k_c": 50, "data": [[0.7956064491198624, null, 0.0001], [0.7934691126668239, null, 0.04555353535353536], [0.7905844976276472, null, 0.09100707070707072], [0.7880524749912947, null, 0.13646060606060606], [0.7856167617215293, null, 0.18191414141414142], [0.7831786775549242, null, 0.22736767676767677], [0.7806829129144577, null, 0.27282121212121213], [0.7780901218615242, null, 0.3182747474747475], [0.7753670179724343, null, 0.36372828282828285], [0.7724817060093526, null, 0.4091818181818182], [0.7694008979052125, null, 0.45463535353535356], [0.7660878279984719, null, 0.5000888888888889], [0.7625003524155552, null, 0.5455424242424243], [0.7585889611161916, null, 0.5909959595959596], [0.7542945342204452, null, 0.636449494949495], [0.7495457196712064, null, 0.6819030303030303], [0.7442558998808809, null, 0.7273565656565657], [0.7383197668247421, null, 0.7728101010101011], [0.7316097856584668, null, 0.8182636363636364], [0.7239731697977498, null, 0.8637171717171718], [0.7152306057314731, null, 0.9091707070707071], [0.7051788207367695, null, 0.9546242424242425], [0.6935999008103615, null, 1.0000777777777778], [0.6802802941153363, null, 1.045531313131313], [0.665040357011566, null, 1.0909848484848486], [0.6477702686498833, null, 1.136438383838384], [0.6284616943078095, null, 1.1818919191919193], [0.6072218536716121, 0.9125625521695823, 1.2273454545454545], [0.5842624376452473, 0.8957795230179124, 1.27279898989899], [0.5598675523445473, 0.8813236272153209, 1.3182525252525255], [0.5343537874131857, 0.868870388753874, 1.3637060606060607], [0.5080355148866555, 0.8581012429450151, 1.409159595959596], [0.48120208477516824, 0.8487260170870066, 1.4546131313131314], [0.45410701163721673, 0.8404934464115065, 1.5000666666666669], [0.4269658466025523, 0.8331930366123023, 1.5455202020202021], [0.3999589822379324, 0.8266520074196185, 1.5909737373737374], [0.37323657699756885, 0.820730137443162, 1.6364272727272728], [0.34692388700998567, 0.8153142006014673, 1.6818808080808083], [0.32112618265464005, 0.8103128316438878, 1.7273343434343436], [0.29593291987449755, 0.8056521376668154, 1.7727878787878788], [0.2714211220795357, 0.8012721025583395, 1.8182414141414143], [0.24765804736965333, 0.7971237102010779, 1.8636949494949497], [0.2239391583366894, 0.793166671633338, 1.909148484848485], [0.19497851919904294, 0.7893676416658463, 1.9546020202020202], [0.15900635031336288, 0.7856988208646971, 2.000055555555556], [0.11022479089152554, 0.7821368594249393, 2.0455090909090914], [null, 0.7786619946629302, 2.0909626262626264], [null, 0.7752573703644909, 2.136416161616162], [null, 0.7719084945156652, 2.1818696969696973], [null, 0.7686028104504491, 2.227323232323233], [null, 0.7653293455809284, 2.2727767676767683], [null, 0.7620784346116279, 2.3182303030303033], [null, 0.7588414905351109, 2.3636838383838388], [null, 0.7556108152681533, 2.4091373737373742], [null, 0.7523794472572259, 2.4545909090909093], [null, 0.7491410323878933, 2.5000444444444447], [null, 0.7458897144146308, 2.54549797979798], [null, 0.7426200446181656, 2.5909515151515157], [null, 0.7393269022399948, 2.636405050505051], [null, 0.7360054261882638, 2.681858585858586], [null, 0.7326509556596009, 2.7273121212121216], [null, 0.729258975957789, 2.772765656565657], [null, 0.725825069843312, 2.818219191919192], [null, 0.7223448725578652, 2.8636727272727276], [null, 0.7188140292272523, 2.909126262626263], [null, 0.7152281535775107, 2.9545797979797985], [null, 0.7115827876059868, 3.000033333333334], [null, 0.7078733602519186, 3.045486868686869], [null, 0.7040951449680104, 3.0909404040404045], [null, 0.7002432150369247, 3.13639393939394], [null, 0.6963123949578535, 3.181847474747475], [null, 0.6922972075606928, 3.2273010101010104], [null, 0.6881918123321392, 3.272754545454546], [null, 0.68398994159361, 3.3182080808080814], [null, 0.6796848308620737, 3.363661616161617], [null, 0.6752690956738397, 3.409115151515152], [null, 0.6707346637146284, 3.4545686868686873], [null, 0.6660726241542683, 3.500022222222223], [null, 0.6612730763817476, 3.545475757575758], [null, 0.6563249385858199, 3.5909292929292933], [null, 0.6512157101266746, 3.6363828282828288], [null, 0.645931172301416, 3.6818363636363642], [null, 0.6404550062482011, 3.7272898989898997], [null, 0.634768297276533, 3.7727434343434347], [null, 0.6288488804822228, 3.81819696969697], [null, 0.6226704605911334, 3.8636505050505057], [null, 0.6162013986206656, 3.9091040404040407], [null, 0.6094030007536673, 3.954557575757576], [null, 0.6022270250136972, 4.000011111111111], [null, 0.5946119187679038, 4.045464646464646], [null, 0.5864768840100757, 4.090918181818182], [null, 0.5777119891764841, 4.136371717171717], [null, 0.5681604907030179, 4.181825252525252], [null, 0.5575840923177382, 4.227278787878788], [null, 0.5455848317438193, 4.272732323232323], [null, 0.5313879918067201, 4.318185858585859], [null, 0.5129328278114134, 4.363639393939394], [null, 0.45820644970594376, 4.409092929292929], [null, 0.32396745541195, 4.454546464646465], [null, -1.6366352717511745e-12, 4.5]]}