{"dim": 3, "delta": 1.75, "mu": 5.906055070328385, "dmu": 1.2249999999999999, "g": -0.36379223926437015, "k_c": 50, "data": [[0.37536317905183547, 0.49768477079627965, 0.0001], [0.3756342938980653, 0.49761679377703166, 0.017775757575757577], [0.3764466155646817, 0.49741360032581144, 0.03545151515151516], [0.37781909608325137, 0.4970728111194669, 0.05312727272727273], [0.3798122613398451, 0.4965903227148111, 0.07080303030303031], [0.3824947220290478, 0.49596007273267567, 0.08847878787878789], [0.3853217999812855, 0.4951736678562307, 0.10615454545454546], [0.388306561366096, 0.49421981775878854, 0.12383030303030304], [0.39150575845076524, 0.4930834799470295, 0.1415060606060606], [0.39497960352992295, 0.49174453403686913, 0.15918181818181817], [0.3987974268210713, 0.4901756922384829, 0.17685757575757577], [0.403043840412723, 0.4883389988407295, 0.19453333333333334], [0.40782698678422247, 0.4861796387382187, 0.2122090909090909], [0.41329103986551874, 0.48361397249115534, 0.2298848484848485], [0.41963689818017386, 0.48050346618959905, 0.24756060606060606], [0.42715940162794525, 0.4765865229298195, 0.26523636363636366], [0.43632106950267996, 0.47123310423093306, 0.2829121212121212], [0.44830500147480856, 0.4612757718512715, 0.3005878787878788]]}