{"dim": 3, "delta": 1.25, "mu": 5.906055070328385, "dmu": 0.75, "g": -0.3563134090055086, "k_c": 50, "data": [[0.19691866412889675, 0.41431847294506674, 0.0001], [0.19679827020744012, 0.41430307116890663, 0.012725252525252525], [0.19644072888948141, 0.41425731738104155, 0.02535050505050505], [0.19584562308843712, 0.4141811365670731, 0.03797575757575758], [0.19501196743080348, 0.4140743989231496, 0.050601010101010105], [0.19393759742241345, 0.413936924986689, 0.06322626262626263], [0.19261771745707734, 0.4137684793810189, 0.07585151515151516], [0.19104058055634082, 0.41356877091509986, 0.08847676767676768], [0.18915894637771527, 0.4133374503818316, 0.1011020202020202], [0.18700596672027758, 0.41307410618457807, 0.11372727272727273], [0.1848142378999395, 0.41277826189308686, 0.12635252525252524], [0.18257284342154897, 0.412449370393343, 0.13897777777777776], [0.18027217502356385, 0.4120868134408592, 0.1516030303030303], [0.17790345064547797, 0.4116898858185463, 0.16422828282828283], [0.17545840680071623, 0.4112577979364487, 0.17685353535353535], [0.172929099291204, 0.4107896623907204, 0.18947878787878786], [0.170307776034431, 0.4102844847617684, 0.2021040404040404], [0.16758680198867662, 0.40974115182298354, 0.21472929292929294], [0.16475862507605446, 0.40915841697777916, 0.22735454545454545], [0.16181577732923322, 0.4085348857952839, 0.23997979797979796], [0.15875090905349565, 0.40786899061667947, 0.2526050505050505], [0.1555568555419717, 0.4071589725509334, 0.26523030303030304], [0.15222673830599134, 0.4064028488916994, 0.2778555555555555], [0.14875409359222933, 0.4055983758507663, 0.29048080808080806], [0.14513305592485864, 0.4047430103059765, 0.3031060606060606], [0.14135855106298637, 0.403833845643265, 0.31573131313131314], [0.13742654262463216, 0.40286755063458995, 0.3283565656565657], [0.1333343003722565, 0.40184027690272617, 0.34098181818181816], [0.12908069190387658, 0.40074754528404605, 0.3536070707070707], [0.12466648361496516, 0.3995840949737907, 0.36623232323232324], [0.12009463662754986, 0.3983436815238642, 0.3788575757575757], [0.11537057767277223, 0.3970187998448471, 0.39148282828282827], [0.11050242231485065, 0.3956002948862841, 0.4041080808080808], [0.10550112899140995, 0.3940767973320453, 0.41673333333333334], [0.10038056233751684, 0.39243387945297337, 0.4293585858585859], [0.09515745078136023, 0.3906527206685067, 0.44198383838383837], [0.08985122948989514, 0.3887079029928554, 0.4546090909090909], [0.08448377100329006, 0.386563500593576, 0.46723434343434345], [0.07907901464629648, 0.38416529617081613, 0.47985959595959593], [0.073337795530083, 0.38142329081353316, 0.49248484848484847], [0.0668308773098633, 0.3781614837646421, 0.505110101010101], [0.05947834914681822, 0.3738802509960195, 0.5177353535353535], [0.05096610136634686, 0.3655438333565409, 0.5303606060606061], [0.04060123916425207, 0.3565734487828347, 0.5429858585858586], [0.02630358989533458, 0.34821872706290036, 0.5556111111111111], [null, 0.34043045806593664, 0.5682363636363637], [null, 0.3331620613668864, 0.5808616161616161], [null, 0.32636974975895283, 0.5934868686868687], [null, 0.32001261759424704, 0.6061121212121212], [null, 0.31405265684743894, 0.6187373737373737], [null, 0.3084547169187548, 0.6313626262626263], [null, 0.30318641766363646, 0.6439878787878788], [null, 0.2982180278077976, 0.6566131313131314], [null, 0.2935223186804196, 0.6692383838383839], [null, 0.2890744040513131, 0.6818636363636363], [null, 0.2848515700865399, 0.6944888888888889], [null, 0.28083310545796686, 0.7071141414141414], [null, 0.2770001322355351, 0.7197393939393939], [null, 0.2733354441125278, 0.7323646464646465], [null, 0.26982335138964497, 0.744989898989899], [null, 0.26644953567642876, 0.7576151515151515], [null, 0.26320091100970944, 0.7702404040404041], [null, 0.26006551606112954, 0.7828656565656565], [null, 0.2570323635142662, 0.7954909090909091], [null, 0.25409136934665866, 0.8081161616161616], [null, 0.25123323856299645, 0.8207414141414141], [null, 0.2484493793147767, 0.8333666666666667], [null, 0.24573182225770024, 0.8459919191919192], [null, 0.24307314554193243, 0.8586171717171718], [null, 0.24046640608722897, 0.8712424242424243], [null, 0.2379050756557679, 0.8838676767676767], [null, 0.23538298129610497, 0.8964929292929293], [null, 0.2328942481576249, 0.9091181818181818], [null, 0.2304332490666004, 0.9217434343434343], [null, 0.22799454524552037, 0.9343686868686869], [null, 0.2255728424137428, 0.9469939393939394], [null, 0.22316293213296057, 0.9596191919191919], [null, 0.22075964150013674, 0.9722444444444445], [null, 0.21835777395683817, 0.984869696969697], [null, 0.21595204416814795, 0.9974949494949495], [null, 0.21353702207151332, 1.010120202020202], [null, 0.21110702392955985, 1.0227454545454546], [null, 0.20865604588405232, 1.035370707070707], [null, 0.2061776339913806, 1.0479959595959596], [null, 0.20366474534492784, 1.0606212121212122], [null, 0.20110956639349106, 1.0732464646464646], [null, 0.19850327724256384, 1.0858717171717172], [null, 0.1958357372285829, 1.0984969696969697], [null, 0.1930950537529625, 1.1111222222222221], [null, 0.19026697430653866, 1.1237474747474747], [null, 0.18733399165530748, 1.1363727272727273], [null, 0.18427403679543386, 1.14899797979798], [null, 0.18105827098614685, 1.1616232323232323], [null, 0.17764757253079555, 1.1742484848484849], [null, 0.17398601382669718, 1.1868737373737375], [null, 0.16998792972619073, 1.1994989898989898], [null, 0.16550821423618006, 1.2121242424242424], [null, 0.1602571404330325, 1.224749494949495], [null, 0.15342113526349357, 1.2373747474747474], [null, -1.759703494030873e-14, 1.25]]}