{"dim": 3, "delta": 2.75, "mu": 5.906055070328385, "dmu": 0.8250000000000001, "g": -0.37422717504461167, "k_c": 50, "data": [[0.9394364190939678, null, 0.0001], [0.9394203823109467, null, 0.027876767676767673], [0.9393724907359735, null, 0.05565353535353535], [0.9392927186417923, null, 0.08343030303030302], [0.9391810221556792, null, 0.1112070707070707], [0.9390373396668154, null, 0.13898383838383835], [0.9388615919480462, null, 0.16676060606060603], [0.938653681398725, null, 0.1945373737373737], [0.9384134923084922, null, 0.22231414141414138], [0.9381408903119517, null, 0.2500909090909091], [0.9378357222128411, null, 0.2778676767676767], [0.9374978153217373, null, 0.3056444444444444], [0.9371269770993126, null, 0.33342121212121206], [0.9367229947407116, null, 0.36119797979797974], [0.9362856344611461, null, 0.3889747474747474], [0.9358146408961053, null, 0.4167515151515151], [0.9353097363522365, null, 0.4445282828282828], [0.9347706200152409, null, 0.47230505050505045], [0.9341969670758586, null, 0.5000818181818182], [0.9335884277533297, null, 0.5278585858585858], [0.9329446261596954, null, 0.5556353535353534], [0.9322651592946601, null, 0.5834121212121212], [0.9315495955019272, null, 0.6111888888888888], [0.9307974733562462, null, 0.6389656565656565], [0.9300082994081741, null, 0.6667424242424241], [0.9291815486730426, null, 0.6945191919191919], [0.9283166588188959, null, 0.7222959595959595], [0.9274130319092394, null, 0.7500727272727272], [0.9264700302975862, null, 0.7778494949494948], [0.9254869744944845, null, 0.8056262626262626], [0.9244631404944216, null, 0.8334030303030302], [0.9233977566429349, null, 0.8611797979797979], [0.9222900004005602, null, 0.8889565656565656], [0.9211389946138885, null, 0.9167333333333332], [0.9199438035293033, null, 0.9445101010101009], [0.918703427916966, null, 0.9722868686868685], [0.9174168007619921, null, 1.0000636363636364], [0.9160827802594887, null, 1.0278404040404039], [0.9147001446563031, null, 1.0556171717171716], [0.9132675850568268, null, 1.0833939393939394], [0.9117836966098074, null, 1.1111707070707069], [0.9102469700604715, null, 1.1389474747474746], [0.9086557812594048, null, 1.1667242424242423], [0.9070083801826506, null, 1.19450101010101], [0.9053028737431235, null, 1.2222777777777776], [0.9035372173404402, null, 1.2500545454545453], [0.9017091940643991, null, 1.277831313131313], [0.8998163879183844, null, 1.3056080808080808], [0.8978561685044142, null, 1.3333848484848483], [0.8958256593192984, null, 1.361161616161616], [0.8937217047309338, null, 1.3889383838383837], [0.8915408299431613, null, 1.4167151515151513], [0.8892791944825722, null, 1.444491919191919], [0.8869325346361427, null, 1.4722686868686867], [0.8844960938415741, null, 1.5000454545454545], [0.8819645368849549, null, 1.527822222222222], [0.8793318429284611, null, 1.5555989898989897], [0.8765911706499014, null, 1.5833757575757574], [0.8737346855159571, null, 1.6111525252525252], [0.8707533350605517, null, 1.6389292929292927], [0.867636550901581, null, 1.6667060606060604], [0.8643718448816989, null, 1.6944828282828281], [0.8609442475050512, null, 1.7222595959595959], [0.8573355028666174, null, 1.7500363636363634], [0.8535228698880196, null, 1.7778131313131311], [0.8494772568448864, null, 1.8055898989898989], [0.8451601267286504, null, 1.8333666666666664], [0.8405179712453231, null, 1.861143434343434], [0.8354712137168967, null, 1.8889202020202018], [0.8298877454009522, null, 1.9166969696969696], [0.8234950376876704, null, 1.944473737373737], [0.8151355251611182, null, 1.9722505050505048], [0.805532739388527, null, 2.0000272727272725], [0.7959859367819031, null, 2.0278040404040403], [0.7864847806823141, null, 2.055580808080808], [0.7770184414622253, null, 2.0833575757575757], [0.7675754837941295, null, 2.1111343434343435], [0.7581437268517136, null, 2.138911111111111], [0.7487100892387779, null, 2.166687878787879], [0.7392603559889199, null, 2.1944646464646467], [0.7297789426319986, null, 2.222241414141414], [0.7202485502572575, null, 2.2500181818181817], [0.7106497377124731, null, 2.2777949494949494], [0.7009603543904435, null, 2.305571717171717], [0.6911547825860974, null, 2.333348484848485], [0.6812028862134727, null, 2.3611252525252526], [0.6710685400732542, null, 2.3889020202020204], [0.6607075144359831, null, 2.4166787878787876], [0.6500642086200579, null, 2.4444555555555554], [0.6390666464777016, null, 2.472232323232323], [0.6276180649706075, null, 2.500009090909091], [0.6155820107067665, null, 2.5277858585858586], [0.6027532608720461, null, 2.5555626262626263], [0.5887931378790364, null, 2.583339393939394], [0.5730527874665159, null, 2.611116161616162], [0.5538588845130976, null, 2.638892929292929], [0.5102972342142003, null, 2.666669696969697], [0.4164844351715211, null, 2.6944464646464645], [0.29437900237725, null, 2.7222232323232323], [-1.747246791694579e-11, null, 2.75]]}