{"dim": 3, "delta": 1.75, "mu": 5.906055070328385, "dmu": 1.0587499999999999, "g": -0.36379223926437015, "k_c": 50, "data": [[0.28604002631997916, 0.5604522580684153, 0.0001], [0.2858473417941239, 0.5604292007965894, 0.017775757575757577], [0.28527214828576103, 0.5603604988005972, 0.03545151515151516], [0.2843093948064431, 0.560246013295379, 0.05312727272727273], [0.2829474483210893, 0.5600855123030898, 0.07080303030303031], [0.2811574879755197, 0.5598786677389138, 0.08847878787878789], [0.27881052973133114, 0.5596250525685736, 0.10615454545454546], [0.27617390301643335, 0.5593241363280462, 0.12383030303030304], [0.2735139739800088, 0.5589752796475587, 0.1415060606060606], [0.27080987947259116, 0.5585777274927951, 0.15918181818181817], [0.2680446880945215, 0.5581306008605492, 0.17685757575757577], [0.26520378283085694, 0.5576328868183432, 0.19453333333333334], [0.2622739072738095, 0.5570834265763779, 0.2122090909090909], [0.2592425703618841, 0.5564809011218883, 0.2298848484848485], [0.25609765913903787, 0.55582381416268, 0.24756060606060606], [0.2528271807566295, 0.5551104716094977, 0.26523636363636366], [0.2494190921674329, 0.5543389571238017, 0.2829121212121212], [0.24586119486785057, 0.553507102152927, 0.3005878787878788], [0.24214108355827926, 0.5526124500253291, 0.31826363636363636], [0.23824614451439424, 0.5516522130235768, 0.335939393939394], [0.2341636043353737, 0.5506232162463657, 0.35361515151515155], [0.22988063198299433, 0.5495218326303629, 0.3712909090909091], [0.22538450084126133, 0.5483438977930329, 0.3889666666666667], [0.22066281577375646, 0.5470846035091332, 0.40664242424242425], [0.21570381230839453, 0.5457383603436227, 0.4243181818181818], [0.21049673133212518, 0.544298618326129, 0.44199393939393944], [0.20503226980851877, 0.5427576285694424, 0.459669696969697], [0.19930310184547909, 0.5411061199988823, 0.4773454545454546], [0.19330445617484043, 0.539332850565786, 0.49502121212121214], [0.18703472716338987, 0.5374239663145741, 0.5126969696969698], [0.18049608161951575, 0.5353620585500528, 0.5303727272727273], [0.17369502710328602, 0.5331247127812528, 0.5480484848484849], [0.16664287542960904, 0.5306821695375995, 0.5657242424242425], [0.1593560655871321, 0.5279933141604811, 0.5834], [0.15185628654878996, 0.5249981778424736, 0.6010757575757576], [0.14417037531063479, 0.5216022093604447, 0.6187515151515152], [0.1363299725936196, 0.5176368168082509, 0.6364272727272727], [0.12837095011256675, 0.5127227970040638, 0.6541030303030303], [0.1203326428507611, 0.5046619784125368, 0.671778787878788], [0.11225694462802581, 0.49174659884671384, 0.6894545454545455], [0.10418733164371083, 0.47974183275452054, 0.7071303030303031], [0.09595554204701053, 0.4685842542843869, 0.7248060606060607], [0.08640679143451144, 0.4582111945324142, 0.7424818181818182], [0.07531849332310224, 0.4485615548175194, 0.7601575757575758], [0.06202055220605476, 0.4395764877431298, 0.7778333333333334], [0.04466781459169699, 0.4311999051041184, 0.7955090909090909], [0.011109190859684303, 0.42337897426654486, 0.8131848484848485], [null, 0.41606411898062357, 0.8308606060606061], [null, 0.40920936572650973, 0.8485363636363636], [null, 0.4027722312956727, 0.8662121212121213], [null, 0.3967136719583116, 0.8838878787878789], [null, 0.39099794535014454, 0.9015636363636365], [null, 0.38559243438935786, 0.919239393939394], [null, 0.3804674394678389, 0.9369151515151516], [null, 0.37559596278827156, 0.9545909090909092], [null, 0.37095348484604573, 0.9722666666666667], [null, 0.3665177454680184, 0.9899424242424243], [null, 0.3622685327907962, 1.007618181818182], [null, 0.3581874796549817, 1.0252939393939395], [null, 0.35425789482012693, 1.042969696969697], [null, 0.3504645542310388, 1.0606454545454547], [null, 0.3467935774332475, 1.0783212121212122], [null, 0.34323226509134447, 1.0959969696969698], [null, 0.3397689698076683, 1.1136727272727274], [null, 0.33639297607641694, 1.131348484848485], [null, 0.33309438988813117, 1.1490242424242425], [null, 0.3298640403028209, 1.1667], [null, 0.3266933878090547, 1.1843757575757576], [null, 0.32357444146422254, 1.2020515151515152], [null, 0.3204996816631943, 1.2197272727272728], [null, 0.3174619880129529, 1.2374030303030303], [null, 0.3144545725562211, 1.255078787878788], [null, 0.3114709162818637, 1.2727545454545455], [null, 0.30850470626622106, 1.290430303030303], [null, 0.3055497746136488, 1.3081060606060606], [null, 0.3026000370558547, 1.3257818181818184], [null, 0.2996494293400144, 1.343457575757576], [null, 0.29669184017024547, 1.3611333333333335], [null, 0.2937210384886706, 1.378809090909091], [null, 0.2907305925561728, 1.3964848484848487], [null, 0.28771377757635597, 1.4141606060606062], [null, 0.28466346762798933, 1.4318363636363638], [null, 0.28157200595129667, 1.4495121212121214], [null, 0.278431046320634, 1.467187878787879], [null, 0.2752313531280578, 1.4848636363636365], [null, 0.27196254626539407, 1.502539393939394], [null, 0.2686127642369601, 1.5202151515151516], [null, 0.26516821315304, 1.5378909090909092], [null, 0.2616125423911526, 1.5555666666666668], [null, 0.2579259576074328, 1.5732424242424243], [null, 0.25408391626513604, 1.590918181818182], [null, 0.2500551320839038, 1.6085939393939395], [null, 0.24579837288742523, 1.626269696969697], [null, 0.2412570057214285, 1.6439454545454546], [null, 0.23634895183107385, 1.6616212121212122], [null, 0.23094615375814972, 1.6792969696969697], [null, 0.22482564912343994, 1.6969727272727273], [null, 0.21751981524130046, 1.714648484848485], [null, 0.2075281120214983, 1.7323242424242427], [null, 2.018274436466072e-12, 1.75]]}