{"dim": 3, "delta": 2.75, "mu": 5.906055070328385, "dmu": 1.82875, "g": -0.37422717504461167, "k_c": 50, "data": [[0.5512729434774861, 0.7568388673677464, 0.0001], [0.5519136820183497, 0.7567497065373302, 0.027876767676767673], [0.5541044273737106, 0.7564826318621652, 0.05565353535353535], [0.5569366138672944, 0.7560350115052802, 0.08343030303030302], [0.559697030743102, 0.7554023291982678, 0.1112070707070707], [0.5625147363665988, 0.754577967939408, 0.13898383838383835], [0.5654727152403705, 0.7535528709592576, 0.16676060606060603], [0.5686405892545465, 0.7523150552532168, 0.1945373737373737], [0.5720879383093695, 0.7508488590013284, 0.22231414141414138], [0.5758926063071913, 0.7491338855757136, 0.2500909090909091], [0.5801484418277189, 0.7471433725438126, 0.2778676767676767], [0.5849749796049635, 0.7448416685943288, 0.3056444444444444], [0.5905317889820341, 0.7421801328370714, 0.33342121212121206], [0.5970421888921479, 0.7390900711064006, 0.36119797979797974], [0.6048361906066376, 0.7354695952262196, 0.3889747474747474], [0.6144366639868615, 0.7311564363659825, 0.4167515151515151], [0.6267576250396728, 0.7258622192511949, 0.4445282828282828], [0.6436665562587058, 0.718967187598732, 0.47230505050505045], [0.6703339971647714, 0.7084010035907476, 0.5000818181818182]]}