{"dim": 3, "delta": 0.5, "mu": 5.906055070328385, "dmu": 0.25, "g": -0.3372612527736217, "k_c": 50, "data": [[0.006858030942091317, 0.18060574911659336, 0.0001], [0.006605183872291448, 0.18060134938849778, 0.00514949494949495], [0.005804030247524168, 0.18058848188095947, 0.010198989898989898], [0.004152194038748925, 0.18056713618549894, 0.015248484848484848], [null, 0.18053729489696985, 0.020297979797979798], [null, 0.18049893341616044, 0.025347474747474747], [null, 0.18045202127042215, 0.030396969696969697], [null, 0.18039651888819824, 0.03544646464646465], [null, 0.18033238059772655, 0.0404959595959596], [null, 0.18025955290750337, 0.04554545454545455], [null, 0.18017797437879068, 0.0505949494949495], [null, 0.180087575792488, 0.05564444444444445], [null, 0.17998827943508258, 0.0606939393939394], [null, 0.17987999894350815, 0.06574343434343434], [null, 0.1797626389117067, 0.0707929292929293], [null, 0.1796360944349676, 0.07584242424242425], [null, 0.17950024913480975, 0.0808919191919192], [null, 0.17935498206190686, 0.08594141414141414], [null, 0.17920015216158386, 0.0909909090909091], [null, 0.1790356123761849, 0.09604040404040405], [null, 0.17886120200890623, 0.101089898989899], [null, 0.17867674615028858, 0.10613939393939394], [null, 0.1784820556103831, 0.11118888888888889], [null, 0.17827692653762128, 0.11623838383838385], [null, 0.17806113671065915, 0.12128787878787879], [null, 0.17783444628370723, 0.12633737373737372], [null, 0.17759659693755747, 0.13138686868686866], [null, 0.17734730629083542, 0.13643636363636363], [null, 0.1770862700202967, 0.14148585858585858], [null, 0.176813157190119, 0.14653535353535352], [null, 0.17652760825769287, 0.1515848484848485], [null, 0.17622923207092603, 0.15663434343434343], [null, 0.17591760178199325, 0.16168383838383837], [null, 0.17559225139006518, 0.16673333333333332], [null, 0.1752526704475108, 0.17178282828282826], [null, 0.17489829865048415, 0.17683232323232323], [null, 0.17452851905691896, 0.18188181818181817], [null, 0.17414264996892792, 0.18693131313131311], [null, 0.17373993685134914, 0.19198080808080809], [null, 0.17331953811731818, 0.19703030303030303], [null, 0.17288051408977761, 0.20207979797979797], [null, 0.1724218086041886, 0.2071292929292929], [null, 0.17194222817971627, 0.21217878787878786], [null, 0.17144041572726676, 0.21722828282828283], [null, 0.17091481649603676, 0.22227777777777777], [null, 0.17036363534320503, 0.2273272727272727], [null, 0.16978477946399873, 0.23237676767676768], [null, 0.16917578256589974, 0.23742626262626262], [null, 0.16853370108182092, 0.24247575757575757], [null, 0.16785496865335503, 0.2475252525252525], [null, 0.16713518613977255, 0.25257474747474745], [null, 0.166368805965037, 0.2576242424242424], [null, 0.16554863829013394, 0.26267373737373734], [null, 0.16466502808766129, 0.2677232323232323], [null, 0.16370438313344846, 0.2727727272727273], [null, 0.16264624462775193, 0.2778222222222222], [null, 0.16145647312885175, 0.28287171717171716], [null, 0.16006652314427267, 0.28792121212121213], [null, 0.15824026858420925, 0.29297070707070705], [null, 0.15546406867768328, 0.298020202020202], [null, 0.15278143090886517, 0.303069696969697], [null, 0.15019759398299748, 0.3081191919191919], [null, 0.14770568188705976, 0.3131686868686869], [null, 0.14529926528841966, 0.3182181818181818], [null, 0.14297232453915937, 0.32326767676767676], [null, 0.14071921442263532, 0.32831717171717173], [null, 0.13853462991838716, 0.33336666666666664], [null, 0.13641357817352792, 0.3384161616161616], [null, 0.13435134709693453, 0.34346565656565653], [null, 0.13234347872534094, 0.3485151515151515], [null, 0.13038574302788658, 0.35356464646464647], [null, 0.1284741129004253, 0.3586141414141414], [null, 0.12660473984527326, 0.36366363636363636], [null, 0.12477393022767762, 0.3687131313131313], [null, 0.12297812174125419, 0.37376262626262624], [null, 0.12121385971151757, 0.3788121212121212], [null, 0.11947777280693307, 0.3838616161616162], [null, 0.11776654775848651, 0.3889111111111111], [null, 0.11607690225134373, 0.39396060606060607], [null, 0.11440555540966882, 0.399010101010101], [null, 0.1127491948034262, 0.40405959595959595], [null, 0.1111044384923575, 0.4091090909090909], [null, 0.10946779147456283, 0.41415858585858584], [null, 0.10783559275162222, 0.4192080808080808], [null, 0.10620394459628495, 0.4242575757575757], [null, 0.10456863922783216, 0.4293070707070707], [null, 0.10292504431374863, 0.43435656565656566], [null, 0.10126796451373704, 0.4394060606060606], [null, 0.09959144810769381, 0.44445555555555555], [null, 0.09788851740925063, 0.4495050505050505], [null, 0.09615077809046396, 0.45455454545454543], [null, 0.09436783205369431, 0.4596040404040404], [null, 0.09252635501037076, 0.4646535353535354], [null, 0.09060856451143755, 0.4697030303030303], [null, 0.08858948606658204, 0.47475252525252526], [null, 0.08643166844895939, 0.4798020202020202], [null, 0.08407328123445601, 0.48485151515151514], [null, 0.08139606275267237, 0.4899010101010101], [null, 0.07809887682038837, 0.49495050505050503], [null, -3.874123244429484e-13, 0.5]]}