{"dim": 3, "delta": 3, "mu": 5.906055070328385, "dmu": 2.1818181818181817, "g": -0.37628449054250135, "k_c": 50, "data": []}