{"dim": 3, "delta": 8.25, "mu": 5.906055070328385, "dmu": 5.787890625000001, "g": -0.40144176287520056, "k_c": 50, "data": []}