{"dim": 3, "delta": 3, "mu": 5.906055070328385, "dmu": 1.3636363636363635, "g": -0.37628449054250135, "k_c": 50, "data": [[0.9637983339546148, null, 0.0001], [0.9637748254958317, null, 0.0304020202020202], [0.9637045854307822, null, 0.060704040404040406], [0.9635875446638529, null, 0.0910060606060606], [0.963423587640593, null, 0.12130808080808081], [0.9632125520867695, null, 0.151610101010101], [0.9629542274925691, null, 0.1819121212121212], [0.9626483565272304, null, 0.2122141414141414], [0.9622946291529402, null, 0.2425161616161616], [0.961892685077966, null, 0.2728181818181818], [0.9614421126911367, null, 0.303120202020202], [0.9609424413246769, null, 0.33342222222222223], [0.9603931448679315, null, 0.3637242424242424], [0.9597936358663648, null, 0.3940262626262626], [0.9591432631654673, null, 0.42432828282828283], [0.958441307800882, null, 0.454630303030303], [0.9576869793355755, null, 0.4849323232323232], [0.9568794106092636, null, 0.5152343434343434], [0.9560176527439569, null, 0.5455363636363636], [0.9551006691964626, null, 0.5758383838383838], [0.9541273282886599, null, 0.606140404040404], [0.9530963960789565, null, 0.6364424242424243], [0.9520065260245105, null, 0.6667444444444445], [0.9508562512239042, null, 0.6970464646464646], [0.9496439701248596, null, 0.7273484848484848], [0.9483679344047337, null, 0.757650505050505], [0.9470262331441976, null, 0.7879525252525252], [0.945616774784485, null, 0.8182545454545455], [0.94413726619131, null, 0.8485565656565657], [0.9425851879316631, null, 0.8788585858585858], [0.9409577665045025, null, 0.909160606060606], [0.9392519379959152, null, 0.9394626262626262], [0.9374643092660668, null, 0.9697646464646464], [0.9355911098361094, null, 1.0000666666666667], [0.9336281296573703, null, 1.0303686868686868], [0.931570649800716, null, 1.060670707070707], [0.9294133521369456, null, 1.0909727272727272], [0.9271502102934905, null, 1.1212747474747475], [0.9247743446904724, null, 1.1515767676767676], [0.9222778488134972, null, 1.1818787878787878], [0.9196515499302833, null, 1.212180808080808], [0.9168847021217902, null, 1.2424828282828282], [0.9139645642723169, null, 1.2727848484848485], [0.9108758163592983, null, 1.3030868686868686], [0.9075997239870973, null, 1.333388888888889], [0.9041128997545665, null, 1.363690909090909], [0.9003853842885464, null, 1.3939929292929292], [0.8963775014661268, null, 1.4242949494949495], [0.8920343162010987, null, 1.4545969696969696], [0.8872748066080354, null, 1.48489898989899], [0.8819672392281778, null, 1.51520101010101], [0.8758560794154027, null, 1.5455030303030304], [0.8680822309935452, null, 1.5758050505050505], [0.8575451115276317, null, 1.6061070707070706], [0.8472648417191926, null, 1.636409090909091], [0.8372276273327447, null, 1.666711111111111], [0.8274201491476213, null, 1.6970131313131314], [0.8178295363179299, null, 1.7273151515151515], [0.8084433413666456, null, 1.7576171717171716], [0.7992495108158056, null, 1.787919191919192], [0.7902363617096776, null, 1.818221212121212], [0.7813925475180773, null, 1.8485232323232323], [0.7727070341157495, null, 1.8788252525252525], [0.7641690670287694, null, 1.9091272727272728], [0.7557681406946266, null, 1.939429292929293], [0.7474939656568421, null, 1.969731313131313], [0.7393364340946349, null, 2.0000333333333336], [0.7312855833056812, null, 2.030335353535354], [0.7233315568249528, null, 2.0606373737373738], [0.7154645617933026, null, 2.090939393939394], [0.7076748238485531, null, 2.1212414141414144], [0.6999525360253847, null, 2.1515434343434343], [0.6922878020500549, null, 2.1818454545454546], [0.6846705724934498, null, 2.212147474747475], [0.6770905794191452, null, 2.2424494949494953], [0.6695372370568095, null, 2.272751515151515], [0.6619995606916377, null, 2.3030535353535355], [0.6544660427483799, null, 2.333355555555556], [0.6469245161037069, null, 2.3636575757575757], [0.6393619857494517, null, 2.393959595959596], [0.6317644213913121, null, 2.4242616161616164], [0.624116498049935, null, 2.4545636363636367], [0.6164012665349122, null, 2.4848656565656566], [0.6085997277048558, null, 2.515167676767677], [0.6006902722813999, null, 2.5454696969696973], [0.5926479280071439, null, 2.575771717171717], [0.5844433257965781, null, 2.6060737373737375], [0.5760412392877599, null, 2.636375757575758], [0.5673984598251404, null, 2.666677777777778], [0.558460587612691, null, 2.696979797979798], [0.5491569685851787, null, 2.7272818181818184], [0.5393922474460142, null, 2.7575838383838387], [0.5290312475277836, null, 2.7878858585858586], [0.5178692031427652, null, 2.818187878787879], [0.5055646656144006, null, 2.8484898989898992], [0.49145236690527844, null, 2.8787919191919196], [0.47375394618720823, null, 2.9090939393939395], [0.4229767263394525, null, 2.93939595959596], [0.2989825041757896, null, 2.96969797979798], [-1.3472556403826275e-13, null, 3.0]]}