{"dim": 3, "delta": 0.2, "mu": 5.906055070328385, "dmu": 0.1345, "g": -0.32006361602683453, "k_c": 50, "data": [[0.038992358586404756, 0.0650906766199626, 0.0001], [0.03892169016855297, 0.06508676925223729, 0.002119191919191919], [0.03887300861666864, 0.06507574020340216, 0.004138383838383839], [0.03883318371896244, 0.06505755723073763, 0.006157575757575758], [0.038797736197917605, 0.06503216677571398, 0.008176767676767676], [0.03876515445294345, 0.06499949319743896, 0.010195959595959595], [0.03873480188710651, 0.06495943768036617, 0.012215151515151516], [0.038706411597005566, 0.06491187609522843, 0.014234343434343434], [0.0386799112283426, 0.06485666085691337, 0.016253535353535353], [0.03865535018294011, 0.0647936098711161, 0.018272727272727274], [0.03863286682841408, 0.06472251467173834, 0.02029191919191919], [0.03861267419307945, 0.06464312759092072, 0.02231111111111111], [0.038595055827750344, 0.06455516250537872, 0.024330303030303032], [0.038580367991099575, 0.06445828711712726, 0.02634949494949495], [0.03856904715888164, 0.06435211625775503, 0.02836868686868687], [0.03856162205938729, 0.06423620313130415, 0.030387878787878787], [0.038558731246548995, 0.06411002814475145, 0.03240707070707071], [0.038561147086080716, 0.0639729842240791, 0.03442626262626263], [0.038569808235204284, 0.06382436108256885, 0.03644545454545455], [0.03858586371403998, 0.06366331585938949, 0.038464646464646465], [0.03861073319607943, 0.06348884522637097, 0.040483838383838386], [0.038646190853183965, 0.06329974349803463, 0.042503030303030306], [0.03869448415070437, 0.06309453656384495, 0.04452222222222223], [0.03875850616546721, 0.06287139935599594, 0.04654141414141415], [0.03884205282781452, 0.06262802761389943, 0.04856060606060607], [0.03895021974102657, 0.062361442991103876, 0.05057979797979798], [0.039090040084328315, 0.0620676802454441, 0.0525989898989899], [0.03927156260389606, 0.061741252947778734, 0.05461818181818182], [0.03950979201626245, 0.061374169486918435, 0.05663737373737374], [0.03982848482859389, 0.06095396863759937, 0.058656565656565664], [0.04026846350519048, 0.06045883985050613, 0.06067575757575758], [0.04090915604715027, 0.0598429891850214, 0.0626949494949495], [0.041942529210115764, 0.05895681385828506, 0.06471414141414142], [0.04416364974531186, 0.05355428637896932, 0.06673333333333334]]}