{"dim": 3, "delta": 1.25, "mu": 5.906055070328385, "dmu": 0.79375, "g": -0.3563134090055086, "k_c": 50, "data": [[0.2237961279215332, 0.4030037501906262, 0.0001], [0.22359212777946458, 0.40298492871360314, 0.012725252525252525], [0.22295619103991354, 0.402929007866557, 0.02535050505050505], [0.22176425017589224, 0.4028358556505815, 0.03797575757575758], [0.2205406304411226, 0.40270525125455053, 0.050601010101010105], [0.21936540051504638, 0.4025368823126014, 0.06322626262626263], [0.21820946221678952, 0.402330339505232, 0.07585151515151516], [0.21705519169762977, 0.40208511932377466, 0.08847676767676768], [0.21589043728255794, 0.4018006060660687, 0.1011020202020202], [0.2147059194949112, 0.4014760703774631, 0.11372727272727273], [0.2134939343232666, 0.40111066224920766, 0.12635252525252524], [0.21224760313981086, 0.40070339573285446, 0.13897777777777776], [0.21096046903673152, 0.4002531358827957, 0.1516030303030303], [0.20962614931469817, 0.39975858196242803, 0.16422828282828283], [0.20823813407160569, 0.3992182469145411, 0.17685353535353535], [0.2067896006482724, 0.3986304320903816, 0.18947878787878786], [0.2052732551020233, 0.39799319700734026, 0.2021040404040404], [0.20368118244288405, 0.3973043206480835, 0.21472929292929294], [0.20200469974082103, 0.3965612580705331, 0.22735454545454545], [0.2002342045726201, 0.3957610756081812, 0.23997979797979796], [0.19835901836118042, 0.3949003830162626, 0.2526050505050505], [0.19636722259950254, 0.393975235387506, 0.26523030303030304], [0.19424549342782016, 0.3929810111150243, 0.2778555555555555], [0.19197893290112336, 0.3919122477565794, 0.29048080808080806], [0.18955091979428643, 0.39076242444700204, 0.3031060606060606], [0.18694298643871582, 0.3895236598366892, 0.31573131313131314], [0.18413475559734174, 0.38818628749959144, 0.3283565656565657], [0.1811039768827131, 0.38673823787272416, 0.34098181818181816], [0.17782671389649082, 0.38516410784031246, 0.3536070707070707], [0.17427775498960657, 0.38344369403646844, 0.36623232323232324], [0.1704313282838495, 0.38154955204939855, 0.3788575757575757], [0.1662622007604632, 0.37944263001555506, 0.39148282828282827], [0.16174722559041685, 0.3770636646619583, 0.4041080808080808], [0.1568673482620102, 0.3743136972582143, 0.41673333333333334], [0.1516099627277128, 0.3709988740046585, 0.4293585858585859], [0.145971428899606, 0.3665834874700788, 0.44198383838383837], [0.13995935586052946, 0.3560870781394002, 0.4546090909090909], [0.13359422130311205, 0.3428572706132276, 0.46723434343434345], [0.1269098965779129, 0.33088465652908533, 0.47985959595959593], [0.11995282198283658, 0.320089801158649, 0.49248484848484847], [0.11277986304035537, 0.31038402715097824, 0.505110101010101], [0.10545517595740622, 0.3016725507880913, 0.5177353535353535], [0.0980466093846721, 0.29385808446691036, 0.5303606060606061], [0.09062220643344203, 0.28684434321586366, 0.5429858585858586], [0.08324724666024295, 0.28053900591995584, 0.5556111111111111], [0.07598207579827168, 0.2748558926286305, 0.5682363636363637], [0.0688807687668489, 0.2697163074839235, 0.5808616161616161], [0.061990533939774724, 0.26504963792849545, 0.5934868686868687], [0.05535169540272551, 0.2607933798776016, 0.6061121212121212], [0.048146709072305525, 0.25689276444626463, 0.6187373737373737], [0.038781816944925815, 0.25330014514473914, 0.6313626262626263], [0.025638785729134833, 0.2499742724880416, 0.6439878787878788], [null, 0.24687953357218517, 0.6566131313131314], [null, 0.24398522043199525, 0.6692383838383839], [null, 0.24126485275971363, 0.6818636363636363], [null, 0.2386955693003831, 0.6944888888888889], [null, 0.2362575953171004, 0.7071141414141414], [null, 0.23393378049779753, 0.7197393939393939], [null, 0.23170920271163378, 0.7323646464646465], [null, 0.22957082995016356, 0.744989898989899], [null, 0.22750723464069764, 0.7576151515151515], [null, 0.2255083492728679, 0.7702404040404041], [null, 0.2235652616238058, 0.7828656565656565], [null, 0.22167003921629103, 0.7954909090909091], [null, 0.2198155826823303, 0.8081161616161616], [null, 0.21799549554550657, 0.8207414141414141], [null, 0.21620397920665885, 0.8333666666666667], [null, 0.21443573518408163, 0.8459919191919192], [null, 0.21268589599971055, 0.8586171717171718], [null, 0.2109499304670363, 0.8712424242424243], [null, 0.20922360433031756, 0.8838676767676767], [null, 0.2075029113344847, 0.8964929292929293], [null, 0.20578402439084575, 0.9091181818181818], [null, 0.20406324732665168, 0.9217434343434343], [null, 0.202336968121807, 0.9343686868686869], [null, 0.20060161981492586, 0.9469939393939394], [null, 0.1988536238189535, 0.9596191919191919], [null, 0.197089356047299, 0.9722444444444445], [null, 0.19530509108525668, 0.984869696969697], [null, 0.19349694258328162, 0.9974949494949495], [null, 0.1916608357585127, 1.010120202020202], [null, 0.189792368379472, 1.0227454545454546], [null, 0.18788679408886116, 1.035370707070707], [null, 0.18593888375870776, 1.0479959595959596], [null, 0.18394280370469257, 1.0606212121212122], [null, 0.181891949435266, 1.0732464646464646], [null, 0.1797787290465158, 1.0858717171717172], [null, 0.1775942733403129, 1.0984969696969697], [null, 0.17532803759113105, 1.1111222222222221], [null, 0.17296723929102908, 1.1237474747474747], [null, 0.17049603827805157, 1.1363727272727273], [null, 0.1678942952509092, 1.14899797979798], [null, 0.16513560467761138, 1.1616232323232323], [null, 0.1621839983987632, 1.1742484848484849], [null, 0.1589880065930282, 1.1868737373737375], [null, 0.1554688783622646, 1.1994989898989898], [null, 0.15149376440382695, 1.2121242424242424], [null, 0.14679990041055252, 1.224749494949495], [null, 0.1406680659531685, 1.2373747474747474], [null, -1.7985612998927536e-14, 1.25]]}