{"dim": 3, "delta": 0.25, "mu": 5.906055070328385, "dmu": 0.13437500000000002, "g": -0.3240909709653437, "k_c": 50, "data": [[0.02419635970936729, 0.08935729750045586, 0.0001], [0.024174159775836666, 0.08935477602991052, 0.0026242424242424243], [0.024110805414966144, 0.08934757943034273, 0.005148484848484849], [0.024006254139383152, 0.0893357008438377, 0.007672727272727274], [0.0238604306332194, 0.08931912890071118, 0.010196969696969697], [0.023673218832901955, 0.08929784767857825, 0.012721212121212123], [0.023444450430996286, 0.08927183662534904, 0.015245454545454546], [0.023173889312349955, 0.08924107046953218, 0.01776969696969697], [0.022861211180324605, 0.0892055191539103, 0.020293939393939395], [0.022505977475608285, 0.08916514742197496, 0.02281818181818182], [0.022107602057582377, 0.08911991504376529, 0.025342424242424246], [0.021665308878185685, 0.08906977638245869, 0.027866666666666668], [0.021178077835369125, 0.08901468014072242, 0.030390909090909093], [0.020644574902941717, 0.08895456919316505, 0.03291515151515152], [0.020063060757552525, 0.08888938018538536, 0.035439393939393944], [0.019431269165804402, 0.0888190432576967, 0.03796363636363637], [0.018746241622200704, 0.08874348160344786, 0.040487878787878795], [0.018004096419036067, 0.08866261103410769, 0.04301212121212122], [0.01719969599569031, 0.08857633946604895, 0.045536363636363646], [0.016326149567668004, 0.0884845663369759, 0.04806060606060607], [0.015374035645365566, 0.08838718196675939, 0.050584848484848496], [0.01433011852695076, 0.08828406678444985, 0.05310909090909092], [0.013175079345756681, 0.08817509039578071, 0.05563333333333334], [0.011879132219072294, 0.08806011106226148, 0.05815757575757577], [0.01039244053117099, 0.08793897391654364, 0.06068181818181819], [0.008619909626792535, 0.08781151017457932, 0.06320606060606061], [0.006329498507599744, 0.08767753550151945, 0.06573030303030304], [0.0023079069556585933, 0.08753684841741277, 0.06825454545454547], [null, 0.0873892282841793, 0.07077878787878789], [null, 0.08723443309790373, 0.07330303030303031], [null, 0.08707219693857014, 0.07582727272727274], [null, 0.08690222640120619, 0.07835151515151516], [null, 0.08672419764106391, 0.08087575757575759], [null, 0.08653775095664054, 0.08340000000000002], [null, 0.08634248675517477, 0.08592424242424243], [null, 0.08613795805124506, 0.08844848484848486], [null, 0.08592366315443777, 0.09097272727272729], [null, 0.08569903586775728, 0.0934969696969697], [null, 0.0854634334674019, 0.09602121212121213], [null, 0.08521612143955408, 0.09854545454545456], [null, 0.08495625399031376, 0.10106969696969699], [null, 0.08468284868810375, 0.1035939393939394], [null, 0.08439475301391436, 0.10611818181818183], [null, 0.08409059875184616, 0.10864242424242426], [null, 0.08376873983997123, 0.11116666666666668], [null, 0.0834271630987987, 0.1136909090909091], [null, 0.08306335769485683, 0.11621515151515154], [null, 0.08267411574328029, 0.11873939393939395], [null, 0.08225521174780133, 0.12126363636363638], [null, 0.08180085401412428, 0.12378787878787881], [null, 0.08130266487523893, 0.1263121212121212], [null, 0.08074753552443949, 0.12883636363636364], [null, 0.08011220995227418, 0.13136060606060607], [null, 0.07934389118788661, 0.1338848484848485], [null, 0.07814495229240373, 0.13640909090909092], [null, 0.07661867157836175, 0.13893333333333333], [null, 0.07516452751045997, 0.14145757575757575], [null, 0.07377701734957313, 0.14398181818181818], [null, 0.07245106478718956, 0.1465060606060606], [null, 0.07118198522480676, 0.14903030303030304], [null, 0.06996545196762274, 0.15155454545454547], [null, 0.06879746422365808, 0.15407878787878787], [null, 0.06767431823208919, 0.1566030303030303], [null, 0.06659258047330753, 0.15912727272727273], [null, 0.06554906294668031, 0.16165151515151516], [null, 0.06454080062505944, 0.16417575757575759], [null, 0.06356503027264175, 0.16670000000000001], [null, 0.0626191711939606, 0.16922424242424244], [null, 0.06170080716749033, 0.17174848484848484], [null, 0.06080766955043482, 0.17427272727272727], [null, 0.059937621653182734, 0.1767969696969697], [null, 0.05908864372326772, 0.17932121212121213], [null, 0.05825881902797235, 0.18184545454545456], [null, 0.057446319859954735, 0.184369696969697], [null, 0.05664939562449265, 0.1868939393939394], [null, 0.055866357346321595, 0.18941818181818182], [null, 0.05509556707614219, 0.19194242424242425], [null, 0.05433542322427063, 0.19446666666666668], [null, 0.05358434682517583, 0.1969909090909091], [null, 0.05284076647446512, 0.19951515151515153], [null, 0.052103101787970806, 0.20203939393939396], [null, 0.0513697448699684, 0.20456363636363636], [null, 0.05063903855457073, 0.2070878787878788], [null, 0.04990925073764728, 0.20961212121212122], [null, 0.0491785429174599, 0.21213636363636365], [null, 0.04844493100329995, 0.21466060606060608], [null, 0.047706234843618134, 0.2171848484848485], [null, 0.04696001145002523, 0.2197090909090909], [null, 0.04620346468224417, 0.22223333333333334], [null, 0.04543331917964096, 0.22475757575757577], [null, 0.04464563837165692, 0.2272818181818182], [null, 0.04383555222027728, 0.22980606060606062], [null, 0.042996830080015806, 0.23233030303030305], [null, 0.04212117590878077, 0.23485454545454545], [null, 0.04119698000921264, 0.23737878787878788], [null, 0.040206901212886385, 0.2399030303030303], [null, 0.03912255105504038, 0.24242727272727274], [null, 0.03789031428555649, 0.24495151515151517], [null, 0.03637760350808741, 0.2474757575757576], [null, 1.9623191960249642e-13, 0.25]]}