{"dim": 3, "delta": 6.5, "mu": 5.906055070328385, "dmu": 3.367, "g": -0.3952652028291439, "k_c": 50, "data": [[0.8441774893267706, null, 0.0001], [0.8432035739416679, null, 0.06575555555555557], [0.840297290317248, null, 0.13141111111111112], [0.8354866158372467, null, 0.19706666666666667], [0.8288161482037, null, 0.26272222222222225], [0.8203442641949727, null, 0.3283777777777778], [0.8101394572691374, null, 0.39403333333333335], [0.7982760981848157, null, 0.4596888888888889], [0.7848298564440854, null, 0.5253444444444445], [0.7698729915379247, null, 0.5910000000000001], [0.7534696798020462, null, 0.6566555555555557], [0.7356715060506818, null, 0.7223111111111112], [0.7165131973733002, null, 0.7879666666666667], [0.6960086139205508, null, 0.8536222222222223], [0.6741468983961781, null, 0.9192777777777779], [0.6508885114567377, null, 0.9849333333333334], [0.6261606328052431, null, 1.050588888888889], [0.5998510722894024, null, 1.1162444444444446], [0.5717993506129392, null, 1.1819000000000002], [0.5417827999450282, null, 1.2475555555555558], [0.5094939868209928, null, 1.3132111111111113], [0.4745024896059978, null, 1.378866666666667], [0.43618656357994773, null, 1.4445222222222225], [0.39360107477111667, null, 1.510177777777778], [0.3451915902406441, null, 1.5758333333333334], [0.28805786728262983, null, 1.641488888888889], [0.2153883950619375, null, 1.7071444444444446], [0.09700539725051037, null, 1.7728000000000002]]}