{"dim": 3, "delta": 1.75, "mu": 5.906055070328385, "dmu": 0.35, "g": -0.36379223926437015, "k_c": 50, "data": [[0.6432273358871134, null, 0.0001], [0.6432177206250255, null, 0.017775757575757577], [0.6431890858416647, null, 0.03545151515151516], [0.6431414197763619, null, 0.05312727272727273], [0.6430747026421229, null, 0.07080303030303031], [0.6429889069522589, null, 0.08847878787878789], [0.6428839968370527, null, 0.10615454545454546], [0.6427599287083648, null, 0.12383030303030304], [0.6426166506585282, null, 0.1415060606060606], [0.6424541027316524, null, 0.15918181818181817], [0.6422722164111302, null, 0.17685757575757577], [0.6420709129226947, null, 0.19453333333333334], [0.6418501125241607, null, 0.2122090909090909], [0.6416097149388142, null, 0.2298848484848485], [0.6413496159446095, null, 0.24756060606060606], [0.6410697123219689, null, 0.26523636363636366], [0.6407698726425693, null, 0.2829121212121212], [0.6404499684207798, null, 0.3005878787878788], [0.6401098581095176, null, 0.31826363636363636], [0.639749390001575, null, 0.335939393939394], [0.6393684013368126, null, 0.35361515151515155], [0.6389667191167214, null, 0.3712909090909091], [0.6385441585737129, null, 0.3889666666666667], [0.6381005233236641, null, 0.40664242424242425], [0.6376356047653848, null, 0.4243181818181818], [0.6371491816737465, null, 0.44199393939393944], [0.6366410192990339, null, 0.459669696969697], [0.6361108765999534, null, 0.4773454545454546], [0.6355584711881094, null, 0.49502121212121214], [0.6349835445568682, null, 0.5126969696969698], [0.6343857969914144, null, 0.5303727272727273], [0.6337649184940284, null, 0.5480484848484849], [0.6331205815667683, null, 0.5657242424242425], [0.6324524404479249, null, 0.5834], [0.6317601300506415, null, 0.6010757575757576], [0.6310432633575862, null, 0.6187515151515152], [0.6303014371562389, null, 0.6364272727272727], [0.6295342184982362, null, 0.6541030303030303], [0.6287411529036635, null, 0.671778787878788], [0.6279217610151083, null, 0.6894545454545455], [0.6270755349207349, null, 0.7071303030303031], [0.6262019377420013, null, 0.7248060606060607], [0.6253004011756272, null, 0.7424818181818182], [0.6243703233924748, null, 0.7601575757575758], [0.6234110664966941, null, 0.7778333333333334], [0.6224219542867993, null, 0.7955090909090909], [0.6214022684854824, null, 0.8131848484848485], [0.6203512462581545, null, 0.8308606060606061], [0.6192680760598555, null, 0.8485363636363636], [0.6181518943148919, null, 0.8662121212121213], [0.6170017796039821, null, 0.8838878787878789], [0.6158167487941444, null, 0.9015636363636365], [0.6145957510829113, null, 0.919239393939394], [0.6133376616800635, null, 0.9369151515151516], [0.6120412738873787, null, 0.9545909090909092], [0.6107052916320148, null, 0.9722666666666667], [0.6093283202593491, null, 0.9899424242424243], [0.6079088555696234, null, 1.007618181818182], [0.6064452695622068, null, 1.0252939393939395], [0.6049358072614064, null, 1.042969696969697], [0.6033785487157937, null, 1.0606454545454547], [0.6017714120757865, null, 1.0783212121212122], [0.6001121190439569, null, 1.0959969696969698], [0.5983981748773622, null, 1.1136727272727274], [0.5966268308745684, null, 1.131348484848485], [0.5947950531400991, null, 1.1490242424242425], [0.5928994749357684, null, 1.1667], [0.5909363426699078, null, 1.1843757575757576], [0.5889014490327509, null, 1.2020515151515152], [0.5867900497184616, null, 1.2197272727272728], [0.5845967589603264, null, 1.2374030303030303], [0.5823154161103671, null, 1.255078787878788], [0.5799389130185222, null, 1.2727545454545455], [0.5774589665176932, null, 1.290430303030303], [0.5748658122780816, null, 1.3081060606060606], [0.5721477829205012, null, 1.3257818181818184], [0.5692907096055084, null, 1.343457575757576], [0.566277044568605, null, 1.3611333333333335], [0.5630845175305709, null, 1.378809090909091], [0.5596839673588792, null, 1.3964848484848487], [0.5560355896642589, null, 1.4141606060606062], [0.552081789709599, null, 1.4318363636363638], [0.5477314983432205, null, 1.4495121212121214], [0.5428164205039455, null, 1.467187878787879], [0.5368703719806911, null, 1.4848636363636365], [0.5287119986821309, null, 1.502539393939394], [0.5203487517441344, null, 1.5202151515151516], [0.5118760391317341, null, 1.5378909090909092], [0.5032604966963047, null, 1.5555666666666668], [0.49446043892738434, null, 1.5732424242424243], [0.4854221653566539, null, 1.590918181818182], [0.47607386062383106, null, 1.6085939393939395], [0.4663148184287698, null, 1.626269696969697], [0.455994618346447, null, 1.6439454545454546], [0.4448674791989662, null, 1.6616212121212122], [0.4324707811454133, null, 1.6792969696969697], [0.4176636931317845, null, 1.6969727272727273], [0.38708278683797553, null, 1.714648484848485], [0.27353613091203444, null, 1.7323242424242427], [2.0084489626981394e-12, null, 1.75]]}