{"dim": 3, "delta": 2.5, "mu": 5.906055070328385, "dmu": 1.5125000000000002, "g": -0.3719912209058008, "k_c": 50, "data": [[0.41974361939898036, 0.759076902362474, 0.0001], [0.41940706634754366, 0.7590404374517343, 0.02535151515151515], [0.41839340114888685, 0.7589315198031925, 0.0506030303030303], [0.4166651447410898, 0.7587498606213551, 0.07585454545454545], [0.41405646562700077, 0.7584949750736288, 0.1011060606060606], [0.4107475663555976, 0.7581661760671744, 0.12635757575757572], [0.4074700032447977, 0.7577625652356469, 0.1516090909090909], [0.40417423386564183, 0.7572830210167647, 0.17686060606060605], [0.4008254501889769, 0.7567261824590206, 0.2021121212121212], [0.39739655903561283, 0.7560904314274784, 0.22736363636363632], [0.3938646884992834, 0.7553738669131418, 0.25261515151515146], [0.3902092592474106, 0.7545742763178974, 0.27786666666666665], [0.38641082882067385, 0.7536890990930674, 0.3031181818181818], [0.38245035366942265, 0.7527153822532509, 0.3283696969696969], [0.37830869112132937, 0.7516497253370978, 0.3536212121212121], [0.3739662630782529, 0.7504882136147779, 0.37887272727272725], [0.3694028194103744, 0.7492263327101524, 0.4041242424242424], [0.3645972968280438, 0.747858863533811, 0.4293757575757575], [0.3595277564611967, 0.7463797480603608, 0.45462727272727266], [0.35417140935502517, 0.7447819168459651, 0.47987878787878785], [0.34850473726127285, 0.743057064626278, 0.5051303030303029], [0.34250372928434325, 0.7411953536193431, 0.5303818181818182], [0.33614425052649166, 0.7391850122918519, 0.5556333333333333], [0.32940256534950024, 0.7370117823604199, 0.5808848484848484], [0.32225603082621224, 0.7346581367684903, 0.6061363636363636], [0.31468396908467744, 0.732102133994611, 0.6313878787878787], [0.3066687120340058, 0.7293157019669799, 0.6566393939393939], [0.2981967904950418, 0.7262618282029253, 0.681890909090909], [0.2892602144372947, 0.7228900219610778, 0.7071424242424242], [0.2798577578782478, 0.7191278088826064, 0.7323939393939394], [0.2699961409955518, 0.7148637675327868, 0.7576454545454545], [0.2596909818828819, 0.709907552612969, 0.7828969696969696], [0.24896739396247625, 0.7038671465628076, 0.8081484848484848], [0.23786012786684582, 0.6954360546753516, 0.8333999999999999], [0.2264132026577839, 0.6784479581861662, 0.858651515151515], [0.21467902868562336, 0.6617391618349894, 0.8839030303030302], [0.2027170902441812, 0.6462306449886933, 0.9091545454545453], [0.19059230512754477, 0.6318502375062803, 0.9344060606060606], [0.17837321002672898, 0.618522748149261, 0.9596575757575757], [0.1661301272342766, 0.606171638890078, 0.9849090909090908], [0.1539334475235986, 0.5947206071986405, 1.0101606060606059], [0.14185213197239746, 0.5840949751477023, 1.0354121212121212], [0.1295533716959606, 0.5742228223054117, 1.0606636363636364], [0.11498001335109971, 0.5650358396819792, 1.0859151515151515], [0.09762518493017847, 0.5564699041901825, 1.1111666666666666], [0.07588813097138024, 0.5484654182478468, 1.1364181818181818], [0.04387112102530901, 0.5409674357533168, 1.161669696969697], [null, 0.5339256328418932, 1.186921212121212], [null, 0.5272941576197995, 1.2121727272727272], [null, 0.52103139894851, 1.2374242424242423], [null, 0.5150997043296343, 1.2626757575757575], [null, 0.5094650695452042, 1.2879272727272726], [null, 0.5040968292082825, 1.3131787878787877], [null, 0.4989673188196336, 1.3384303030303029], [null, 0.4940516200450321, 1.363681818181818], [null, 0.48932724163169716, 1.3889333333333331], [null, 0.4847738331117583, 1.4141848484848485], [null, 0.4803730106158467, 1.4394363636363636], [null, 0.476108092905502, 1.4646878787878788], [null, 0.47196391447948116, 1.489939393939394], [null, 0.4679266475807412, 1.515190909090909], [null, 0.46398364229854483, 1.5404424242424242], [null, 0.4601232829615253, 1.5656939393939393], [null, 0.45633485913282407, 1.5909454545454544], [null, 0.4526084494350334, 1.6161969696969696], [null, 0.4489348164439701, 1.6414484848484847], [null, 0.44530531156996955, 1.6666999999999998], [null, 0.4417117879670695, 1.691951515151515], [null, 0.4381465140490414, 1.7172030303030301], [null, 0.43460212724568853, 1.7424545454545453], [null, 0.43107150658683346, 1.7677060606060604], [null, 0.4275477598580724, 1.7929575757575755], [null, 0.4240241335902464, 1.8182090909090907], [null, 0.42049394428904385, 1.843460606060606], [null, 0.4169505186941863, 1.8687121212121212], [null, 0.41338711934953903, 1.8939636363636363], [null, 0.4097968697358433, 1.9192151515151514], [null, 0.40617267158021864, 1.9444666666666666], [null, 0.40250711201473, 1.9697181818181817], [null, 0.39879235612142233, 1.9949696969696968], [null, 0.3950200217543217, 2.020221212121212], [null, 0.3911810284585311, 2.0454727272727276], [null, 0.3872654125761309, 2.0707242424242427], [null, 0.3832620961897333, 2.095975757575758], [null, 0.37915859246077366, 2.121227272727273], [null, 0.3749406221396346, 2.146478787878788], [null, 0.3705916033933102, 2.1717303030303032], [null, 0.3660919569112465, 2.1969818181818184], [null, 0.36141813448616156, 2.2222333333333335], [null, 0.35654121875788947, 2.2474848484848486], [null, 0.35142483369519695, 2.2727363636363638], [null, 0.3460217828482202, 2.297987878787879], [null, 0.3402692600891707, 2.323239393939394], [null, 0.3340784278765606, 2.348490909090909], [null, 0.32731768824253876, 2.3737424242424243], [null, 0.3197737896490819, 2.3989939393939395], [null, 0.3110528997272405, 2.4242454545454546], [null, 0.30022784198696845, 2.4494969696969697], [null, 0.282443775099967, 2.474748484848485], [null, 1.3877787807814457e-15, 2.5]]}