{"dim": 3, "delta": 2.75, "mu": 5.906055070328385, "dmu": 0.55, "g": -0.37422717504461167, "k_c": 50, "data": [[0.9551116218936748, null, 0.0001], [0.9550971075009821, null, 0.027876767676767673], [0.9550537647547148, null, 0.05565353535353535], [0.9549815737089935, null, 0.08343030303030302], [0.95488050195958, null, 0.1112070707070707], [0.9547505036267325, null, 0.13898383838383835], [0.9545915196297227, null, 0.16676060606060603], [0.9544034774696463, null, 0.1945373737373737], [0.9541862908767369, null, 0.22231414141414138], [0.9539398609040614, null, 0.2500909090909091], [0.9536640731500481, null, 0.2778676767676767], [0.9533588001229594, null, 0.3056444444444444], [0.9530238995734892, null, 0.33342121212121206], [0.9526592128719147, null, 0.36119797979797974], [0.9522645731412517, null, 0.3889747474747474], [0.9518397877542287, null, 0.4167515151515151], [0.9513846550944072, null, 0.4445282828282828], [0.9508989554866917, null, 0.47230505050505045], [0.9503824524193863, null, 0.5000818181818182], [0.949834891965621, null, 0.5278585858585858], [0.9492560024321129, null, 0.5556353535353534], [0.9486454930828497, null, 0.5834121212121212], [0.9480030542271249, null, 0.6111888888888888], [0.94732835579725, null, 0.6389656565656565], [0.9466210469441477, null, 0.6667424242424241], [0.9458807527770473, null, 0.6945191919191919], [0.9451070836828346, null, 0.7222959595959595], [0.9442996145777292, null, 0.7500727272727272], [0.9434579009449631, null, 0.7778494949494948], [0.9425814757123189, null, 0.8056262626262626], [0.9416698364002382, null, 0.8334030303030302], [0.9407224565684482, null, 0.8611797979797979], [0.9397387770702684, null, 0.8889565656565656], [0.9387182066193371, null, 0.9167333333333332], [0.9376601195744375, null, 0.9445101010101009], [0.936563852917462, null, 0.9722868686868685], [0.9354287050163694, null, 1.0000636363636364], [0.9342539330189062, null, 1.0278404040404039], [0.9330387492590362, null, 1.0556171717171716], [0.9317823191314385, null, 1.0833939393939394], [0.9304837573082533, null, 1.1111707070707069], [0.9291421238824875, null, 1.1389474747474746], [0.9277564207417551, null, 1.1667242424242423], [0.9263255865917305, null, 1.19450101010101], [0.9248484922747844, null, 1.2222777777777776], [0.9233239350146798, null, 1.2500545454545453], [0.9217506322820523, null, 1.277831313131313], [0.9201272147846132, null, 1.3056080808080808], [0.9184522186834988, null, 1.3333848484848483], [0.916724076822937, null, 1.361161616161616], [0.9149411088294237, null, 1.3889383838383837], [0.9131015098324219, null, 1.4167151515151513], [0.911203337942825, null, 1.444491919191919], [0.9092444992627066, null, 1.4722686868686867], [0.9072227315637411, null, 1.5000454545454545], [0.905135584949567, null, 1.527822222222222], [0.9029803995483705, null, 1.5555989898989897], [0.900754279668196, null, 1.5833757575757574], [0.8984540634658235, null, 1.6111525252525252], [0.8960762872491284, null, 1.6389292929292927], [0.89361714314594, null, 1.6667060606060604], [0.8910724294405077, null, 1.6944828282828281], [0.8884374851152147, null, 1.7222595959595959], [0.8857071249375911, null, 1.7500363636363634], [0.8828755394967881, null, 1.7778131313131311], [0.879936187159532, null, 1.8055898989898989], [0.8768816383030846, null, 1.8333666666666664], [0.8737034607118713, null, 1.861143434343434], [0.8703918550358782, null, 1.8889202020202018], [0.8669354788803243, null, 1.9166969696969696], [0.8633209677844992, null, 1.944473737373737], [0.8595323792156682, null, 1.9722505050505048], [0.8555503850201526, null, 2.0000272727272725], [0.8513510849598298, null, 2.0278040404040403], [0.84690418830958, null, 2.055580808080808], [0.8421700662378657, null, 2.0833575757575757], [0.8370946192187748, null, 2.1111343434343435], [0.831599378575671, null, 2.138911111111111], [0.8255593631818822, null, 2.166687878787879], [0.8187380502689783, null, 2.1944646464646467], [0.8103360325576889, null, 2.222241414141414], [0.799654960466267, null, 2.2500181818181817], [0.7888810462613094, null, 2.2777949494949494], [0.7779880414707491, null, 2.305571717171717], [0.766945055508757, null, 2.333348484848485], [0.7557150669546387, null, 2.3611252525252526], [0.7442527678315861, null, 2.3889020202020204], [0.7325013347513508, null, 2.4166787878787876], [0.7203873797226269, null, 2.4444555555555554], [0.7078126274481696, null, 2.472232323232323], [0.6946392375687935, null, 2.500009090909091], [0.6806614783325079, null, 2.5277858585858586], [0.6655436478177288, null, 2.5555626262626263], [0.6486543747963127, null, 2.583339393939394], [0.6284274353381756, null, 2.611116161616162], [0.5894857192632048, null, 2.638892929292929], [0.5102972345833047, null, 2.666669696969697], [0.41648443503942373, null, 2.6944464646464645], [0.29437900239502723, null, 2.7222232323232323], [2.3869795029440866e-15, null, 2.75]]}