{"dim": 3, "delta": 5.0, "mu": 5.906055070328385, "dmu": 2.9342105263157894, "g": -0.38867196341527066, "k_c": 50, "data": [[0.8730604982550865, null, 0.0001], [0.8706655268859508, null, 0.05060404040404041], [0.8670906081626722, null, 0.10110808080808081], [0.8639148523627789, null, 0.1516121212121212], [0.8608251620766743, null, 0.2021161616161616], [0.8576974914014314, null, 0.252620202020202], [0.8544590397464393, null, 0.3031242424242424], [0.8510550102661464, null, 0.35362828282828285], [0.8474364098064974, null, 0.40413232323232323], [0.8435541052958258, null, 0.4546363636363636], [0.8393550972454112, null, 0.5051404040404041], [0.8347795919619908, null, 0.5556444444444445], [0.8297582834279351, null, 0.6061484848484848], [0.8242095860505774, null, 0.6566525252525253], [0.8180367578055213, null, 0.7071565656565657], [0.8111250338779373, null, 0.757660606060606], [0.8033391570047334, null, 0.8081646464646465], [0.7945220651542959, null, 0.8586686868686869], [0.7844960251773063, null, 0.9091727272727272], [0.773068019496613, null, 0.9596767676767677], [0.7600414680471295, null, 1.0101808080808081], [0.745235555093416, null, 1.0606848484848486], [0.7285112017647507, null, 1.111188888888889], [0.7097987139457549, null, 1.1616929292929292], [0.6891187377301549, null, 1.2121969696969697], [0.666588125847918, null, 1.26270101010101], [0.6424075336670503, 0.9984498473545305, 1.3132050505050505], [0.6168351378491409, 0.9830491308833255, 1.363709090909091], [0.5901556825182769, 0.9696437518895545, 1.4142131313131314], [0.5626534981619171, 0.9579389925016861, 1.4647171717171716], [0.5345940095673246, 0.9476631939731945, 1.515221212121212], [0.5062141004216594, 0.938577062944552, 1.5657252525252525], [0.47771923413957135, 0.9304762330867922, 1.616229292929293], [0.44928480377581825, 0.9231896411048236, 1.6667333333333334], [0.4210595915185682, 0.9165758323615507, 1.7172373737373738], [0.3931698836800119, 0.9105185800510299, 1.7677414141414143], [0.36572360086141564, 0.9049225988387809, 1.8182454545454545], [0.338813845672725, 0.8997097311776306, 1.868749494949495], [0.3125219986809867, 0.8948156819111055, 1.9192535353535354], [0.28692006911155715, 0.8901873569902661, 1.9697575757575758], [0.2598903617108427, 0.8857806854700925, 2.0202616161616165], [0.22698777504395068, 0.8815588792162937, 2.0707656565656567], [0.18674330374872564, 0.8774910401888865, 2.1212696969696974], [0.13329880965703292, 0.8735510561853848, 2.1717737373737376], [0.017228255306739507, 0.8697167023475286, 2.2222777777777782], [null, 0.8659689441080342, 2.2727818181818185], [null, 0.8622913598841695, 2.3232858585858587], [null, 0.8586696835367753, 2.3737898989898993], [null, 0.8550914317979752, 2.4242939393939396], [null, 0.8515455986076135, 2.47479797979798], [null, 0.848022406918836, 2.5253020202020204], [null, 0.8445131069421317, 2.575806060606061], [null, 0.8410097966306708, 2.6263101010101013], [null, 0.8375052877446502, 2.6768141414141415], [null, 0.8339929818166597, 2.727318181818182], [null, 0.8304667686121866, 2.7778222222222224], [null, 0.8269209388884483, 2.828326262626263], [null, 0.8233501084250385, 2.8788303030303033], [null, 0.8197491521664776, 2.9293343434343435], [null, 0.8161131450717437, 2.979838383838384], [null, 0.8124373093379771, 3.0303424242424244], [null, 0.8087169659457077, 3.080846464646465], [null, 0.8049474897827241, 3.1313505050505053], [null, 0.8011242661937464, 3.181854545454546], [null, 0.7972426505669181, 3.232358585858586], [null, 0.7932979205902938, 3.2828626262626264], [null, 0.7892852606892738, 3.333366666666667], [null, 0.7851996768845635, 3.3838707070707073], [null, 0.781035978297108, 3.434374747474748], [null, 0.7767887300834031, 3.484878787878788], [null, 0.772452190308033, 3.535382828282829], [null, 0.768020253703333, 3.585886868686869], [null, 0.7634863835389084, 3.6363909090909092], [null, 0.7588435349223577, 3.68689494949495], [null, 0.7540840642962128, 3.73739898989899], [null, 0.7491996236797526, 3.7879030303030308], [null, 0.74418103455409, 3.838407070707071], [null, 0.7390181358367728, 3.888911111111111], [null, 0.7336995987174119, 3.939415151515152], [null, 0.7282126978764223, 3.989919191919192], [null, 0.72254302619391, 4.040423232323232], [null, 0.7166741327580842, 4.0909272727272725], [null, 0.7105870570330793, 4.141431313131313], [null, 0.7042597226486642, 4.191935353535354], [null, 0.6976661268362073, 4.242439393939394], [null, 0.6907752423282255, 4.292943434343434], [null, 0.6835494878002903, 4.3434474747474745], [null, 0.6759425413692408, 4.393951515151515], [null, 0.6678961197269472, 4.444455555555556], [null, 0.6593349887474589, 4.494959595959596], [null, 0.6501589854414634, 4.545463636363636], [null, 0.6402292765787475, 4.5959676767676765], [null, 0.6293428786062313, 4.646471717171717], [null, 0.6171798506073158, 4.696975757575758], [null, 0.6031745773017906, 4.747479797979798], [null, 0.5861028293419529, 4.797983838383838], [null, 0.5614976103629681, 4.8484878787878785], [null, 0.4690426688566043, 4.898991919191919], [null, 0.33165331691011984, 4.94949595959596], [null, 2.4980018054066022e-15, 5.0]]}