{"dim": 3, "delta": 1.25, "mu": 5.906055070328385, "dmu": 0.875, "g": -0.3563134090055086, "k_c": 50, "data": [[0.2632138254719058, 0.3720947680576205, 0.0001], [0.2634358061260132, 0.3720572276524575, 0.012725252525252525], [0.26411907804321433, 0.37194550697802664, 0.02535050505050505], [0.2653982392533495, 0.3717587854769525, 0.03797575757575758], [0.26681614315534685, 0.3714956853202927, 0.050601010101010105], [0.2682335752973582, 0.3711541848248567, 0.06322626262626263], [0.26968954494992753, 0.3707315815423697, 0.07585151515151516], [0.27121311670469384, 0.3702243679267546, 0.08847676767676768], [0.2728299986356276, 0.3696280868259517, 0.1011020202020202], [0.27456581886967174, 0.3689371262003344, 0.11372727272727273], [0.276448311216758, 0.36814442454535706, 0.12635252525252524], [0.27850923911345254, 0.3672410943338858, 0.13897777777777776], [0.28078652786999253, 0.366215761267688, 0.1516030303030303], [0.2833270047715482, 0.36505373813736147, 0.16422828282828283], [0.28619026451243273, 0.36373560416195627, 0.17685353535353535], [0.2894544926883433, 0.3622349472224839, 0.18947878787878786], [0.2932257573628803, 0.3605144311605819, 0.2021040404040404], [0.2976537617228403, 0.35851839383188155, 0.21472929292929294], [0.3029605583981417, 0.35615726852005036, 0.22735454545454545], [0.30949806208036335, 0.35326893063889775, 0.23997979797979796], [0.3178793435144058, 0.3494923476528754, 0.2526050505050505], [0.329344980744649, 0.34348480714919755, 0.26523030303030304]]}