{"dim": 3, "delta": 6.5, "mu": 5.906055070328385, "dmu": 3.6010000000000004, "g": -0.3952652028291439, "k_c": 50, "data": [[0.9978326664324527, null, 0.6566555555555557], [0.9847014918935223, null, 0.7223111111111112], [0.9702062631748457, null, 0.7879666666666667], [0.954218624615738, null, 0.8536222222222223], [0.9366312406724419, null, 0.9192777777777779], [0.9173690063764373, null, 0.9849333333333334], [0.8963995076704385, null, 1.050588888888889], [0.8737403247276353, null, 1.1162444444444446], [0.8494611064939325, null, 1.1819000000000002], [0.8236795713123823, null, 1.2475555555555558], [0.7965522121508788, null, 1.3132111111111113], [0.7682618511130889, null, 1.378866666666667], [0.7390043465659534, null, 1.4445222222222225], [0.7089774367156944, null, 1.510177777777778], [0.6783715881597133, null, 1.5758333333333334], [0.6473645313976285, null, 1.641488888888889], [0.6161183091161114, null, 1.7071444444444446], [0.5847784630660029, null, 1.7728000000000002], [0.5534746328494641, null, 1.8384555555555557], [0.522321972708163, null, 1.9041111111111113], [0.4914229605903136, null, 1.9697666666666669], [0.45993438482535803, null, 2.035422222222223], [0.4238492024654793, null, 2.1010777777777783], [0.3829180354558499, null, 2.1667333333333336], [0.3358428615738392, null, 2.2323888888888894], [0.27978683170929997, null, 2.298044444444445], [0.20779223219535267, null, 2.3637000000000006], [0.08679843308142358, null, 2.429355555555556]]}