{"dim": 3, "delta": 7.5, "mu": 5.906055070328385, "dmu": 5.262931034482759, "g": -0.3989475800260995, "k_c": 50, "data": []}