{"dim": 3, "delta": 0.25, "mu": 5.906055070328385, "dmu": 0.16625, "g": -0.3240909709653437, "k_c": 50, "data": [[0.04792210968517006, 0.08191200345998391, 0.0001], [0.04781783428082107, 0.0819074734287607, 0.0026242424242424243], [0.04768963258633328, 0.08189453691758908, 0.005148484848484849], [0.04758313962543225, 0.08187315640688078, 0.007672727272727274], [0.04748613571441542, 0.08184328330187356, 0.010196969696969697], [0.04739423263724536, 0.0818048281328148, 0.012721212121212123], [0.04730531400842145, 0.08175768835739786, 0.015245454545454546], [0.04721819181979993, 0.08170173216469744, 0.01776969696969697], [0.0471321347751721, 0.08163680015317643, 0.020293939393939395], [0.047046665141644295, 0.0815627024489791, 0.02281818181818182], [0.04696145911375248, 0.0814792170937126, 0.025342424242424246], [0.04687629205426793, 0.08138608396782336, 0.027866666666666668], [0.046791009691345906, 0.08128300316334433, 0.030390909090909093], [0.04670550750641132, 0.08116962801659233, 0.03291515151515152], [0.04661972067096551, 0.08104556128014448, 0.035439393939393944], [0.04653361686108465, 0.08091034329302557, 0.03796363636363637], [0.04644719260390679, 0.08076344470227116, 0.040487878787878795], [0.04636047189493455, 0.08060425312138947, 0.04301212121212122], [0.04627350576586371, 0.08043205787381032, 0.045536363636363646], [0.04618637590616611, 0.0802460293007377, 0.04806060606060607], [0.04609919705680675, 0.0800451926183262, 0.050584848484848496], [0.046012123918588985, 0.07982839316057716, 0.05310909090909092], [0.04592535989141532, 0.07959424974474458, 0.05563333333333334], [0.04583916993560362, 0.07934109032121374, 0.05815757575757577], [0.0457538984062405, 0.07906686161619744, 0.06068181818181819], [0.04566999524844193, 0.0787689972621643, 0.06320606060606061], [0.04558805333043405, 0.07844422126333227, 0.06573030303030304], [0.04550886495183368, 0.07808823772342878, 0.06825454545454547], [0.04543350719848007, 0.0776952181541425, 0.07077878787878789], [0.04536347716082323, 0.077256892266752, 0.07330303030303031], [0.045300914042471045, 0.07676078057948042, 0.07582727272727274], [0.04524898209422505, 0.07618628338943663, 0.07835151515151516], [0.04521257110934566, 0.07549407854071281, 0.08087575757575759], [0.0451996845222723, 0.07458410693929664, 0.08340000000000002], [0.04522448113853564, 0.07208558941574601, 0.08592424242424243], [0.04531500864348217, 0.06612801140352792, 0.08844848484848486], [0.04553799296276138, 0.060422058497073335, 0.09097272727272729], [0.04612461759114575, null, 0.0934969696969697]]}