{"dim": 3, "delta": 0.2, "mu": 5.906055070328385, "dmu": 0.1255, "g": -0.32006361602683453, "k_c": 50, "data": [[0.034380578748055, 0.06777362512318615, 0.0001], [0.03435547661566222, 0.06777071561589237, 0.002119191919191919], [0.03428412272979388, 0.06776250627319234, 0.004138383838383839], [0.03416446943984567, 0.06774898255686203, 0.006157575757575758], [0.03399057193949364, 0.0677301206919512, 0.008176767676767676], [0.033745743908803104, 0.06770588668061228, 0.010195959595959595], [0.03349121140616586, 0.06767623686126051, 0.012215151515151516], [0.03323805434367676, 0.06764111705483457, 0.014234343434343434], [0.032983609229254605, 0.06760046220421087, 0.016253535353535353], [0.03272588367102605, 0.06755419581018349, 0.018272727272727274], [0.03246326740380756, 0.06750222905754918, 0.02029191919191919], [0.03219437263509419, 0.06744445993340259, 0.02231111111111111], [0.03191793827477433, 0.06738077252845379, 0.024330303030303032], [0.03163276824413802, 0.06731103523668501, 0.02634949494949495], [0.031337689243636405, 0.0672350998707431, 0.02836868686868687], [0.031031519797227042, 0.06715279975883914, 0.030387878787878787], [0.03071304670938862, 0.06706394704172657, 0.03240707070707071], [0.030381006071606972, 0.06696833196420482, 0.03442626262626263], [0.030034067649590587, 0.06686571733673652, 0.03644545454545455], [0.02967082180139297, 0.06675583756584677, 0.038464646464646465], [0.029289768959235993, 0.06663839312494681, 0.040483838383838386], [0.0288893116118225, 0.06651304586260705, 0.042503030303030306], [0.028467749523438092, 0.06637941281179181, 0.04452222222222223], [0.028023279194379525, 0.06623705791872748, 0.04654141414141415], [0.02755399854051642, 0.06608548339279843, 0.04856060606060607], [0.027057919115523694, 0.06592411683868199, 0.05057979797979798], [0.026532988124649336, 0.06575229657444956, 0.0525989898989899], [0.025977121050499954, 0.06556925080461555, 0.05461818181818182], [0.02538825108563062, 0.0653740714098165, 0.05663737373737374], [0.02476439446101928, 0.06516567916866481, 0.058656565656565664], [0.0241037359987707, 0.06494277468384042, 0.06067575757575758], [0.023404734900763766, 0.06470377045375644, 0.0626949494949495], [0.022666249521933086, 0.0644466915528607, 0.06471414141414142], [0.021887676554630177, 0.06416902793924349, 0.06673333333333334], [0.02106909648845219, 0.06386750042817943, 0.06875252525252526], [0.02021141174362311, 0.06353767533969197, 0.07077171717171718], [0.019316462840784088, 0.06317327816507716, 0.0727909090909091], [0.01838710387236534, 0.06276485144191839, 0.07481010101010102], [0.017427221829393307, 0.06229674416397289, 0.07682929292929293], [0.01644168958109287, 0.061738719745597616, 0.07884848484848485], [0.015436250387741457, 0.06100958437279693, 0.08086767676767677], [0.014417342265024566, 0.05941449485969769, 0.08288686868686869], [0.013391879324958207, 0.05741552170857491, 0.08490606060606061], [0.012367013092442224, 0.05560359726089591, 0.08692525252525253], [0.011349897938967327, 0.053959861246511844, 0.08894444444444445], [0.010347481824181586, 0.05246676104024408, 0.09096363636363637], [0.009349934897706143, 0.05110810927046833, 0.09298282828282829], [0.008156353090873213, 0.04986910933280199, 0.09500202020202021], [0.006687686364888237, 0.048736345875468684, 0.09702121212121213], [0.004730804265022426, 0.04769774326714253, 0.09904040404040404], [null, 0.04674249817698478, 0.10105959595959596], [null, 0.04586099341881958, 0.10307878787878788], [null, 0.04504470138164153, 0.1050979797979798], [null, 0.04428608186789862, 0.10711717171717172], [null, 0.043578480575833974, 0.10913636363636364], [null, 0.042916031140204695, 0.11115555555555556], [null, 0.04229356347211635, 0.11317474747474748], [null, 0.04170651943444996, 0.1151939393939394], [null, 0.04115087692178461, 0.11721313131313132], [null, 0.04062308113207274, 0.11923232323232323], [null, 0.04011998487120543, 0.12125151515151515], [null, 0.039638794771606645, 0.12327070707070707], [null, 0.039177025816039636, 0.12528989898989898], [null, 0.03873245878867679, 0.1273090909090909], [null, 0.03830310665150138, 0.12932828282828282], [null, 0.03788718249077379, 0.13134747474747474], [null, 0.03748307292202013, 0.13336666666666666], [null, 0.03708931432253299, 0.13538585858585858], [null, 0.03670457217925439, 0.1374050505050505], [null, 0.036327622808579714, 0.13942424242424242], [null, 0.035957337280581016, 0.14144343434343434], [null, 0.03559266675003237, 0.14346262626262626], [null, 0.03523262981013119, 0.14548181818181818], [null, 0.034876300156569964, 0.1475010101010101], [null, 0.034522795921822, 0.14952020202020203], [null, 0.03417126903900243, 0.15153939393939392], [null, 0.033820895378209044, 0.15355858585858584], [null, 0.03347086454899528, 0.15557777777777776], [null, 0.033120369999010454, 0.15759696969696968], [null, 0.032768598233758335, 0.1596161616161616], [null, 0.03241471737880696, 0.16163535353535352], [null, 0.03205786427419808, 0.16365454545454544], [null, 0.0316971296777806, 0.16567373737373736], [null, 0.031331540644921364, 0.16769292929292928], [null, 0.03096003907993036, 0.1697121212121212], [null, 0.030581454790174073, 0.17173131313131312], [null, 0.030194470801233268, 0.17375050505050504], [null, 0.029797577751781396, 0.17576969696969696], [null, 0.029389011439729957, 0.17778888888888889], [null, 0.028966666168019666, 0.1798080808080808], [null, 0.02852796943231248, 0.18182727272727273], [null, 0.02806969378926776, 0.18384646464646465], [null, 0.027587663016766503, 0.18586565656565657], [null, 0.027076266863053727, 0.1878848484848485], [null, 0.026527601603281326, 0.1899040404040404], [null, 0.02592980992081827, 0.19192323232323233], [null, 0.02526343948963109, 0.19394242424242425], [null, 0.02449175882254031, 0.19596161616161614], [null, 0.023524318370337336, 0.19798080808080806], [null, -1.5543122344752192e-15, 0.2]]}