{"dim": 3, "delta": 0.5, "mu": 5.906055070328385, "dmu": 0.15000000000000002, "g": -0.3372612527736217, "k_c": 50, "data": [[0.19111982092847793, null, 0.0001], [0.19111661126066387, null, 0.00514949494949495], [0.19110722539732358, null, 0.010198989898989898], [0.1910916591880945, null, 0.015248484848484848], [0.19106990574333999, null, 0.020297979797979798], [0.19104195540729066, null, 0.025347474747474747], [0.1910077957522252, null, 0.030396969696969697], [0.19096741154010088, null, 0.03544646464646465], [0.1909207847166221, null, 0.0404959595959596], [0.19086789433064444, null, 0.04554545454545455], [0.1908087165224758, null, 0.0505949494949495], [0.19074322445757944, null, 0.05564444444444445], [0.19067138825193936, null, 0.0606939393939394], [0.19059317501501255, null, 0.06574343434343434], [0.19050854855482, null, 0.0707929292929293], [0.19041746951694238, null, 0.07584242424242425], [0.19031989507187969, null, 0.0808919191919192], [0.1902157793875667, null, 0.08594141414141414], [0.1901050724374583, null, 0.0909909090909091], [0.18998772061740227, null, 0.09604040404040405], [0.18986366776984917, null, 0.101089898989899], [0.18973285178388619, null, 0.10613939393939394], [0.18959520779948233, null, 0.11118888888888889], [0.18945066633571944, null, 0.11623838383838385], [0.18929915358257499, null, 0.12128787878787879], [0.18914059093359858, null, 0.12633737373737372], [0.18897489499701492, null, 0.13138686868686866], [0.18880197742009153, null, 0.13643636363636363], [0.18862174427998954, null, 0.14148585858585858], [0.18843409621633053, null, 0.14653535353535352], [0.1882389278792066, null, 0.1515848484848485], [0.18803612771218997, null, 0.15663434343434343], [0.18782557752211113, null, 0.16168383838383837], [0.18760715217539514, null, 0.16673333333333332], [0.18738071908199028, null, 0.17178282828282826], [0.1871461377946348, null, 0.17683232323232323], [0.1869032594712995, null, 0.18188181818181817], [0.18665192632688357, null, 0.18693131313131311], [0.18639197099973218, null, 0.19198080808080809], [0.1861232158988215, null, 0.19703030303030303], [0.185845472438675, null, 0.20207979797979797], [0.18555854020249724, null, 0.2071292929292929], [0.18526220611160718, null, 0.21217878787878786], [0.1849562432445735, null, 0.21722828282828283], [0.1846404098257345, null, 0.22227777777777777], [0.18431444810386574, null, 0.2273272727272727], [0.18397808250643163, null, 0.23237676767676768], [0.1836310184863303, null, 0.23742626262626262], [0.18327294064242705, null, 0.24247575757575757], [0.18290351050213005, null, 0.2475252525252525], [0.1825223644536349, null, 0.25257474747474745], [0.18212911106833143, null, 0.2576242424242424], [0.181723328160537, null, 0.26267373737373734], [0.18130455935069648, null, 0.2677232323232323], [0.18087231016992955, null, 0.2727727272727273], [0.1804260434565384, null, 0.2778222222222222], [0.1799651714437817, null, 0.28287171717171716], [0.17948906345211804, null, 0.28792121212121213], [0.17899701038794696, null, 0.29297070707070705], [0.17848824438754318, null, 0.298020202020202], [0.177961914383108, null, 0.303069696969697], [0.17741707640690035, null, 0.3081191919191919], [0.17685267830145732, null, 0.3131686868686869], [0.17626754142492254, null, 0.3182181818181818], [0.1756603373912612, null, 0.32326767676767676], [0.1750295587284638, null, 0.32831717171717173], [0.17437348247757065, null, 0.33336666666666664], [0.17369012230982686, null, 0.3384161616161616], [0.17297716568827534, null, 0.34346565656565653], [0.1722318897385104, null, 0.3485151515151515], [0.17145104564072436, null, 0.35356464646464647], [0.1706306952933231, null, 0.3586141414141414], [0.1697659736212137, null, 0.36366363636363636], [0.16885072678589466, null, 0.3687131313131313], [0.16787693477889445, null, 0.37376262626262624], [0.1668337323834891, null, 0.3788121212121212], [0.16570557871518418, null, 0.3838616161616162], [0.16446841728417438, null, 0.3889111111111111], [0.163079749760415, null, 0.39396060606060607], [0.1614401593314865, null, 0.399010101010101], [0.15911246660823844, null, 0.40405959595959595], [0.15656188802281523, null, 0.4091090909090909], [0.1540313583235889, null, 0.41415858585858584], [0.1515162816958645, null, 0.4192080808080808], [0.1490117506299839, null, 0.4242575757575757], [0.1465124357772561, null, 0.4293070707070707], [0.14401246213164923, null, 0.43435656565656566], [0.14150522084256098, null, 0.4394060606060606], [0.13898312795291504, null, 0.44445555555555555], [0.13643727837340594, null, 0.4495050505050505], [0.13385694309325025, null, 0.45455454545454543], [0.13122881037028813, null, 0.4596040404040404], [0.12853578508068916, null, 0.4646535353535354], [0.12575498559784493, null, 0.4697030303030303], [0.12285414758792014, null, 0.47475252525252526], [0.11978453550445259, null, 0.4798020202020202], [0.11646495685835975, null, 0.48485151515151514], [0.11273727855121256, null, 0.4899010101010101], [0.10818201508958321, null, 0.49495050505050503], [-2.220446049250313e-16, null, 0.5]]}