{"dim": 3, "delta": 8.75, "mu": 5.906055070328385, "dmu": 5.9577205882352935, "g": -0.40300054335456215, "k_c": 50, "data": []}