{"dim": 3, "delta": 1.25, "mu": 5.906055070328385, "dmu": 0.7562500000000001, "g": -0.3563134090055086, "k_c": 50, "data": [[0.2011515282826387, 0.4128368528263896, 0.0001], [0.20102540716553302, 0.41282105955320053, 0.012725252525252525], [0.20065054652400865, 0.4127741417989354, 0.02535050505050505], [0.2000254814062076, 0.41269601846354464, 0.03797575757575758], [0.19914703974818, 0.41258655220466195, 0.050601010101010105], [0.19800856728652017, 0.4124455492849969, 0.06322626262626263], [0.19659434559079758, 0.4122727578959004, 0.07585151515151516], [0.19483615450966604, 0.4120678659509147, 0.08847676767676768], [0.19282842726830612, 0.4118304982973663, 0.1011020202020202], [0.19079421277306335, 0.4115602132425012, 0.11372727272727273], [0.18872103822072325, 0.4112564985097731, 0.12635252525252524], [0.18659832988737513, 0.4109187661487367, 0.13897777777777776], [0.184416677101416, 0.4105463467585092, 0.1516030303030303], [0.1821673710701355, 0.41013848236376366, 0.16422828282828283], [0.1798421096004996, 0.40969431817155605, 0.17685353535353535], [0.17743280070924733, 0.40921289342936357, 0.18947878787878786], [0.17493143314696163, 0.40869312850803013, 0.2021040404040404], [0.17232999523537598, 0.4081338126282489, 0.21472929292929294], [0.16962043189105966, 0.40753358683130564, 0.22735454545454545], [0.16679463532069735, 0.4068909245986871, 0.23997979797979796], [0.16384446795828647, 0.4062041083490081, 0.2526050505050505], [0.1607618183088855, 0.405471200850361, 0.26523030303030304], [0.15753869258216902, 0.4046900112046938, 0.2778555555555555], [0.15416734416144126, 0.40385805038841505, 0.29048080808080806], [0.15064044664507953, 0.40297247965601923, 0.3031060606060606], [0.14695130023541422, 0.4020300427875249, 0.31573131313131314], [0.1430941084044897, 0.4010269809270989, 0.3283565656565657], [0.13906426248999307, 0.3999589224385104, 0.34098181818181816], [0.13485868878598498, 0.39882073848457594, 0.3536070707070707], [0.13047621035402243, 0.3976063498318632, 0.36623232323232324], [0.1259179195065197, 0.3963084631868372, 0.3788575757575757], [0.12118753670086838, 0.39491820244815523, 0.39148282828282827], [0.11629172840936008, 0.39342457720262825, 0.4041080808080808], [0.11124035404993833, 0.39181369043832387, 0.41673333333333334], [0.10604661228158484, 0.3900675049805029, 0.4293585858585859], [0.10072706152304269, 0.38816181958580936, 0.44198383838383837], [0.09530149865141106, 0.38606271186902413, 0.4546090909090909], [0.08979269037887354, 0.3837196848946632, 0.46723434343434345], [0.08422597149969781, 0.38105060531664575, 0.47985959595959593], [0.07862872742493966, 0.3779009267961078, 0.49248484848484847], [0.0730249317839109, 0.37387683223315016, 0.505110101010101], [0.06677013364963783, 0.3662033155621517, 0.5177353535353535], [0.05960551335485049, 0.3567467734257584, 0.5303606060606061], [0.05128876060315477, 0.3479694547146633, 0.5429858585858586], [0.04118404661974385, 0.3398170579737062, 0.5556111111111111], [0.02742353049380667, 0.33223782017752745, 0.5682363636363637], [null, 0.3251828154011853, 0.5808616161616161], [null, 0.31860615835456985, 0.5934868686868687], [null, 0.3124651100366234, 0.6061121212121212], [null, 0.3067200980691882, 0.6187373737373737], [null, 0.30133466810855125, 0.6313626262626263], [null, 0.29627537974291435, 0.6439878787878788], [null, 0.2915116627231703, 0.6566131313131314], [null, 0.2870156355793112, 0.6692383838383839], [null, 0.2827619701087913, 0.6818636363636363], [null, 0.27872759489328786, 0.6944888888888889], [null, 0.27489160337869994, 0.7071141414141414], [null, 0.2712350130601335, 0.7197393939393939], [null, 0.2677405856765436, 0.7323646464646465], [null, 0.2643926995885562, 0.744989898989899], [null, 0.261177103496409, 0.7576151515151515], [null, 0.25808085603176556, 0.7702404040404041], [null, 0.25509214713256084, 0.7828656565656565], [null, 0.25220018310715603, 0.7954909090909091], [null, 0.24939507463294264, 0.8081161616161616], [null, 0.24666773351200577, 0.8207414141414141], [null, 0.24400978068018495, 0.8333666666666667], [null, 0.24141346099002042, 0.8459919191919192], [null, 0.23887156648271352, 0.8586171717171718], [null, 0.23637736498013862, 0.8712424242424243], [null, 0.23392453541444502, 0.8838676767676767], [null, 0.23150710682278702, 0.8964929292929293], [null, 0.22911940134810063, 0.9091181818181818], [null, 0.22675598043135853, 0.9217434343434343], [null, 0.224411591388972, 0.9343686868686869], [null, 0.22208111537123537, 0.9469939393939394], [null, 0.21975951947188407, 0.9596191919191919], [null, 0.21744179402556554, 0.9722444444444445], [null, 0.21512290430691655, 0.984869696969697], [null, 0.2127977212373682, 0.9974949494949495], [null, 0.21046096725277527, 1.010120202020202], [null, 0.2081071077567439, 1.0227454545454546], [null, 0.20573028591568648, 1.035370707070707], [null, 0.20332419412628971, 1.0479959595959596], [null, 0.20088193637039897, 1.0606212121212122], [null, 0.19839584827946574, 1.0732464646464646], [null, 0.1958572649207206, 1.0858717171717172], [null, 0.1932562079408834, 1.0984969696969697], [null, 0.1905809605362499, 1.1111222222222221], [null, 0.18781746499223187, 1.1237474747474747], [null, 0.18494844509330147, 1.1363727272727273], [null, 0.18195207732676574, 1.14899797979798], [null, 0.17879987993360477, 1.1616232323232323], [null, 0.17545316895627414, 1.1742484848484849], [null, 0.17185665248805695, 1.1868737373737375], [null, 0.16792566148913415, 1.1994989898989898], [null, 0.1635168764682574, 1.2121242424242424], [null, 0.15834455622915536, 1.224749494949495], [null, 0.1516094601583998, 1.2373747474747474], [null, -1.765254609153999e-14, 1.25]]}