{"dim": 3, "delta": 6.75, "mu": 5.906055070328385, "dmu": 3.5697115384615383, "g": -0.3962297169311356, "k_c": 50, "data": [[0.9866842507775342, null, 0.0001], [0.9854885789419522, null, 0.06828080808080808], [0.9819275450058742, null, 0.13646161616161614], [0.9760566970245379, null, 0.20464242424242424], [0.967964320974085, null, 0.2728232323232323], [0.9577655921253369, null, 0.34100404040404036], [0.9455951752732863, null, 0.4091848484848485], [0.9315981967419119, null, 0.47736565656565655], [0.9159162007227439, null, 0.5455464646464646], [0.8986090959566578, null, 0.6137272727272727], [0.8800819954934493, null, 0.6819080808080807], [0.8607376508182081, null, 0.7500888888888888], [0.8405553845543022, null, 0.818269696969697], [0.8195316547531807, null, 0.886450505050505], [0.7976788889681257, null, 0.9546313131313131], [0.7750243004793178, null, 1.022812121212121], [0.7516084935682547, null, 1.0909929292929292], [0.7274838127345254, null, 1.1591737373737374], [0.7025228911863767, null, 1.2273545454545454], [0.6761626881091807, null, 1.2955353535353535], [0.6483552575610326, null, 1.3637161616161615], [0.6189351947185044, null, 1.4318969696969697], [0.5876700867524361, null, 1.5000777777777776], [0.5542520371411587, null, 1.5682585858585858], [0.5182670153086044, null, 1.636439393939394], [0.47913856131022065, null, 1.704620202020202], [0.4360226499148659, null, 1.77280101010101], [0.3875924822361714, null, 1.840981818181818], [0.3315293543948865, null, 1.9091626262626262], [0.26299942044911984, null, 1.9773434343434342], [0.16733408945882347, null, 2.0455242424242424]]}