{"dim": 3, "delta": 0.5, "mu": 5.906055070328385, "dmu": 0.1, "g": -0.3372612527736217, "k_c": 50, "data": [[0.19397996160895223, null, 0.0001], [0.19397699174762478, null, 0.00514949494949495], [0.1939683073223819, null, 0.010198989898989898], [0.19395390505641324, null, 0.015248484848484848], [0.1939337794978671, null, 0.020297979797979798], [0.19390792301918228, null, 0.025347474747474747], [0.1938763257901991, null, 0.030396969696969697], [0.1938389743841735, null, 0.03544646464646465], [0.1937958588156129, null, 0.0404959595959596], [0.19374695828019456, null, 0.04554545454545455], [0.1936922554223588, null, 0.0505949494949495], [0.19363172912691773, null, 0.05564444444444445], [0.19356535581604659, null, 0.0606939393939394], [0.19349310995151217, null, 0.06574343434343434], [0.19341496287100376, null, 0.0707929292929293], [0.19333088390968997, null, 0.07584242424242425], [0.19324083965144656, null, 0.0808919191919192], [0.19314479412440094, null, 0.08594141414141414], [0.19304270863170425, null, 0.0909909090909091], [0.19293454171883795, null, 0.09604040404040405], [0.19282024908060294, null, 0.101089898989899], [0.1926997834752836, null, 0.10613939393939394], [0.19257309456510488, null, 0.11118888888888889], [0.1924401291052764, null, 0.11623838383838385], [0.19230083026381556, null, 0.12128787878787879], [0.19215513807548912, null, 0.12633737373737372], [0.19200298893264486, null, 0.13138686868686866], [0.19184431559185636, null, 0.13643636363636363], [0.19167904733985539, null, 0.14148585858585858], [0.19150710899521636, null, 0.14653535353535352], [0.19132842146896376, null, 0.1515848484848485], [0.19114290137055068, null, 0.15663434343434343], [0.1909504607310707, null, 0.16168383838383837], [0.1907510068321763, null, 0.16673333333333332], [0.19054444162724057, null, 0.17178282828282826], [0.19033066296301007, null, 0.17683232323232323], [0.19010956148793118, null, 0.18188181818181817], [0.18988102293800774, null, 0.18693131313131311], [0.18964492691668466, null, 0.19198080808080809], [0.18940114607453828, null, 0.19703030303030303], [0.18914954636167, null, 0.20207979797979797], [0.18888998629389686, null, 0.2071292929292929], [0.18862231652831055, null, 0.21217878787878786], [0.18834637933808743, null, 0.21722828282828283], [0.18806200824179203, null, 0.22227777777777777], [0.18776902698328943, null, 0.2273272727272727], [0.18746724922561067, null, 0.23237676767676768], [0.18715647785168787, null, 0.23742626262626262], [0.1868365037059115, null, 0.24247575757575757], [0.18650710516513314, null, 0.2475252525252525], [0.18616804691390113, null, 0.25257474747474745], [0.18581907888484717, null, 0.2576242424242424], [0.18545993511869696, null, 0.26267373737373734], [0.18509033220311108, null, 0.2677232323232323], [0.18470996792634445, null, 0.2727727272727273], [0.1843185194757966, null, 0.2778222222222222], [0.18391564158997512, null, 0.28287171717171716], [0.1835009643444481, null, 0.28792121212121213], [0.18307409061449276, null, 0.29297070707070705], [0.18263459338051655, null, 0.298020202020202], [0.18218201257536015, null, 0.303069696969697], [0.18171585143947055, null, 0.3081191919191919], [0.18123557198733053, null, 0.3131686868686869], [0.1807405907043962, null, 0.3182181818181818], [0.18023027260022856, null, 0.32326767676767676], [0.17970392460633422, null, 0.32831717171717173], [0.1791607878486664, null, 0.33336666666666664], [0.17860002852880535, null, 0.3384161616161616], [0.17802072700618027, null, 0.34346565656565653], [0.17742186452362552, null, 0.3485151515151515], [0.17680230745364803, null, 0.35356464646464647], [0.1761607877040487, null, 0.3586141414141414], [0.17549587894719623, null, 0.36366363636363636], [0.17480596620996994, null, 0.3687131313131313], [0.1740892081135545, null, 0.37376262626262624], [0.1733434879773066, null, 0.3788121212121212], [0.17256634978184174, null, 0.3838616161616162], [0.1717549145716745, null, 0.3889111111111111], [0.1709057636017764, null, 0.39396060606060607], [0.1700147782811082, null, 0.399010101010101], [0.16907691297173993, null, 0.40405959595959595], [0.16808583848012623, null, 0.4091090909090909], [0.16703342965407153, null, 0.41415858585858584], [0.16590884566372974, null, 0.4192080808080808], [0.16469698006248135, null, 0.4242575757575757], [0.16337531180100456, null, 0.4293070707070707], [0.16190661198599043, null, 0.43435656565656566], [0.1602163069976798, null, 0.4394060606060606], [0.15800221187972838, null, 0.44445555555555555], [0.15508832542850226, null, 0.4495050505050505], [0.15213805734346747, null, 0.45455454545454543], [0.14913672323995067, null, 0.4596040404040404], [0.14606542508556894, null, 0.4646535353535354], [0.14289876492013542, null, 0.4697030303030303], [0.1396008133316821, null, 0.47475252525252526], [0.1361170281733292, null, 0.4798020202020202], [0.13235591006508807, null, 0.48485151515151514], [0.1281371173084063, null, 0.4899010101010101], [0.12296869753594539, null, 0.49495050505050503], [1.7208456881689926e-15, null, 0.5]]}