{"dim": 3, "delta": 1.25, "mu": 5.906055070328385, "dmu": 0.6812499999999999, "g": -0.3563134090055086, "k_c": 50, "data": [[0.13781262351866627, 0.42841677257387145, 0.0001], [0.13770993005192309, 0.4284044616545689, 0.012725252525252525], [0.13740513219365763, 0.4283678989645847, 0.02535050505050505], [0.1368984618315382, 0.42830704304435563, 0.03797575757575758], [0.13619028688236987, 0.4282218247049256, 0.050601010101010105], [0.1352810841950588, 0.428112146645339, 0.06322626262626263], [0.13417140079483092, 0.4279778828432352, 0.07585151515151516], [0.13286180144192133, 0.4278188779844943, 0.08847676767676768], [0.1313528022993728, 0.42763494641811195, 0.1011020202020202], [0.12964478720447956, 0.42742587118377984, 0.11372727272727273], [0.12773790455571452, 0.4271914026826465, 0.12635252525252524], [0.12563194090572177, 0.42693125689528805, 0.13897777777777776], [0.12332616658515681, 0.4266451151184746, 0.1516030303030303], [0.12081914700671392, 0.4263326189977176, 0.16422828282828283], [0.11810851152834628, 0.42599337109831714, 0.17685353535353535], [0.11519066714870377, 0.42562693082408987, 0.18947878787878786], [0.11206044178386572, 0.4252328116455393, 0.2021040404040404], [0.10871063190209987, 0.4248104775514609, 0.21472929292929294], [0.10513141745392707, 0.4243593392904551, 0.22735454545454545], [0.10130958831705947, 0.42387874907723105, 0.23997979797979796], [0.09722748998445777, 0.42336799689597066, 0.2526050505050505], [0.09286153927931527, 0.42282630182530523, 0.26523030303030304], [0.08818005151151881, 0.42225280792032927, 0.2778555555555555], [0.08313991599440869, 0.42164657404165845, 0.29048080808080806], [0.0776812377264252, 0.4210065654482744, 0.3031060606060606], [0.0717181389195223, 0.420331642392396, 0.31573131313131314], [0.06512165649999314, 0.419620547283675, 0.3283565656565657], [0.05768435342575973, 0.4188718895413922, 0.34098181818181816], [0.04903486699857503, 0.41808412719346366, 0.3536070707070707], [0.03837283873421942, 0.41725554002012033, 0.36623232323232324], [0.023073585897342295, 0.4163842319932797, 0.3788575757575757], [null, 0.41546804159704664, 0.39148282828282827], [null, 0.41450456166472693, 0.4041080808080808], [null, 0.4134910620396204, 0.41673333333333334], [null, 0.4124244356384489, 0.4293585858585859], [null, 0.41130112251303064, 0.44198383838383837], [null, 0.410117012366178, 0.4546090909090909], [null, 0.40886731742209326, 0.46723434343434345], [null, 0.40754640326465175, 0.47985959595959593], [null, 0.4061475595476484, 0.49248484848484847], [null, 0.40466268000279443, 0.505110101010101], [null, 0.4030818116300382, 0.5177353535353535], [null, 0.4013924691329345, 0.5303606060606061], [null, 0.3995786018258216, 0.5429858585858586], [null, 0.3976188943478642, 0.5556111111111111], [null, 0.3954838143653716, 0.5682363636363637], [null, 0.3931299832043703, 0.5808616161616161], [null, 0.3904879345607011, 0.5934868686868687], [null, 0.3874292425027266, 0.6061121212121212], [null, 0.38363069065675653, 0.6187373737373737], [null, 0.37738160298618234, 0.6313626262626263], [null, 0.3704523468151244, 0.6439878787878788], [null, 0.3638406538815869, 0.6566131313131314], [null, 0.35752454535353206, 0.6692383838383839], [null, 0.35148341688668155, 0.6818636363636363], [null, 0.34569796995542623, 0.6944888888888889], [null, 0.3401501406154361, 0.7071141414141414], [null, 0.3348230280690529, 0.7197393939393939], [null, 0.3297008226077222, 0.7323646464646465], [null, 0.32476873464994804, 0.744989898989899], [null, 0.3200129250506179, 0.7576151515151515], [null, 0.315420437417336, 0.7702404040404041], [null, 0.3109791326503241, 0.7828656565656565], [null, 0.30667762535769655, 0.7954909090909091], [null, 0.30250522405810365, 0.8081161616161616], [null, 0.29845187208767165, 0.8207414141414141], [null, 0.294508090814805, 0.8333666666666667], [null, 0.2906649350047166, 0.8459919191919192], [null, 0.2869139227848453, 0.8586171717171718], [null, 0.28324700525091295, 0.8712424242424243], [null, 0.27965650884710014, 0.8838676767676767], [null, 0.2761350901615546, 0.8964929292929293], [null, 0.27267568991618907, 0.9091181818181818], [null, 0.2692714866132652, 0.9217434343434343], [null, 0.26591585015607044, 0.9343686868686869], [null, 0.2626022938472023, 0.9469939393939394], [null, 0.2593244237017491, 0.9596191919191919], [null, 0.256075885764543, 0.9722444444444445], [null, 0.2528503070094579, 0.984869696969697], [null, 0.24964123194928853, 0.9974949494949495], [null, 0.2464420461018918, 1.010120202020202], [null, 0.2432458919563826, 1.0227454545454546], [null, 0.24004556503400984, 1.035370707070707], [null, 0.23683338845068266, 1.0479959595959596], [null, 0.2336010564772548, 1.0606212121212122], [null, 0.2303394346082213, 1.0732464646464646], [null, 0.2270382988175828, 1.0858717171717172], [null, 0.22368598597986855, 1.0984969696969697], [null, 0.2202689146279815, 1.1111222222222221], [null, 0.2167709048432517, 1.1237474747474747], [null, 0.21317218569014637, 1.1363727272727273], [null, 0.2094478836113188, 1.14899797979798], [null, 0.2055656118311465, 1.1616232323232323], [null, 0.2014813974381942, 1.1742484848484849], [null, 0.19713226150279306, 1.1868737373737375], [null, 0.19242126300974802, 1.1994989898989898], [null, 0.18718264769912663, 1.2121242424242424], [null, 0.18107926819875564, 1.224749494949495], [null, 0.17311611378597574, 1.2373747474747474], [null, 1.0502709812953981e-13, 1.25]]}