{"dim": 3, "delta": 3.25, "mu": 5.906055070328385, "dmu": 2.478125, "g": -0.3781904243401935, "k_c": 50, "data": []}