{"dim": 3, "delta": 4.25, "mu": 5.906055070328385, "dmu": 2.4039062500000004, "g": -0.3846719574471317, "k_c": 50, "data": [[0.6530639378698101, null, 0.0001], [0.6525127018886, null, 0.04302828282828283], [0.6508653601004747, null, 0.08595656565656566], [0.6481249332677116, null, 0.1288848484848485], [0.6442934872064686, null, 0.1718131313131313], [0.639364749236329, null, 0.21474141414141412], [0.6332980607493336, null, 0.257669696969697], [0.6258578936064472, null, 0.3005979797979798], [0.6178148683903207, null, 0.3435262626262626], [0.6095294681535395, null, 0.38645454545454544], [0.6009524248285849, null, 0.42938282828282825], [0.5920411115177012, null, 0.4723111111111111], [0.5827574853736994, null, 0.515239393939394], [0.5730670156675591, null, 0.5581676767676768], [0.5629382157234417, null, 0.6010959595959596], [0.5523425770562556, null, 0.6440242424242424], [0.5412547912591619, null, 0.6869525252525253], [0.5296531606404006, null, 0.7298808080808081], [0.517520204237335, null, 0.7728090909090909], [0.5048432940566877, null, 0.8157373737373738], [0.4916153771853294, null, 0.8586656565656565], [0.47783565947266216, null, 0.9015939393939394], [0.4635102141108408, null, 0.9445222222222223], [0.44865245456163433, null, 0.987450505050505], [0.4332834227623316, null, 1.030378787878788], [0.4174318558326473, null, 1.0733070707070707], [0.40113401240674124, null, 1.1162353535353535], [0.38443326034683434, null, 1.1591636363636364], [0.36737944722545907, null, 1.2020919191919193], [0.35002809356780096, null, 1.2450202020202021], [0.33243945978091016, null, 1.2879484848484848], [0.31464329929986595, null, 1.3308767676767677], [0.29524020506947957, null, 1.3738050505050505], [0.27391571734801856, null, 1.4167333333333334], [0.2504101997803651, 0.9915063070202312, 1.4596616161616163], [0.22412535583233634, 0.9780018755885018, 1.502589898989899], [0.19398569559462922, 0.9652631253800702, 1.5455181818181818], [0.15783602740434247, 0.9532311205512926, 1.5884464646464647], [0.10993320697267216, 0.941850073560078, 1.6313747474747475], [null, 0.9310674901454107, 1.6743030303030304], [null, 0.9208342170148702, 1.717231313131313], [null, 0.9111044300983461, 1.760159595959596], [null, 0.9018355479583107, 1.8030878787878788], [null, 0.8929881255723456, 1.8460161616161617], [null, 0.8845256994453212, 1.8889444444444445], [null, 0.8764146195637262, 1.9318727272727274], [null, 0.8686238679604557, 1.97480101010101], [null, 0.8611248722425666, 2.0177292929292934], [null, 0.8538913168898102, 2.0606575757575762], [null, 0.8468989716332417, 2.1035858585858587], [null, 0.8401254962479107, 2.1465141414141415], [null, 0.8335502884026624, 2.1894424242424244], [null, 0.8271543233173221, 2.2323707070707073], [null, 0.8209200025830853, 2.27529898989899], [null, 0.8148310182339651, 2.318227272727273], [null, 0.8088722255888634, 2.361155555555556], [null, 0.8030295236520845, 2.4040838383838388], [null, 0.7972897463960158, 2.4470121212121216], [null, 0.7916405621604085, 2.4899404040404045], [null, 0.7860703788597738, 2.532868686868687], [null, 0.7805682576616251, 2.57579696969697], [null, 0.7751238316782179, 2.6187252525252527], [null, 0.7697272294106197, 2.6616535353535355], [null, 0.7643690041176584, 2.7045818181818184], [null, 0.7590400646305462, 2.7475101010101013], [null, 0.7537316101697038, 2.790438383838384], [null, 0.748435066435537, 2.833366666666667], [null, 0.7431420227686283, 2.87629494949495], [null, 0.7378441693956406, 2.9192232323232328], [null, 0.7325332325403661, 2.9621515151515156], [null, 0.7272009102273549, 3.005079797979798], [null, 0.7218387998844271, 3.048008080808081], [null, 0.7164383249874677, 3.090936363636364], [null, 0.7109906522712507, 3.1338646464646467], [null, 0.7054866001970412, 3.1767929292929296], [null, 0.6999165356154142, 3.2197212121212124], [null, 0.6942702504556761, 3.2626494949494953], [null, 0.6885368273222215, 3.305577777777778], [null, 0.6827044647707541, 3.348506060606061], [null, 0.6767602770870013, 3.391434343434344], [null, 0.6706900412745788, 3.4343626262626263], [null, 0.6644778901901056, 3.477290909090909], [null, 0.6581059007194254, 3.520219191919192], [null, 0.6515535906977619, 3.563147474747475], [null, 0.6447972319778695, 3.606075757575758], [null, 0.6378089353906512, 3.6490040404040407], [null, 0.6305553873180527, 3.6919323232323236], [null, 0.6229960602779568, 3.7348606060606064], [null, 0.6150805974710196, 3.7777888888888893], [null, 0.6067448442031674, 3.820717171717172], [null, 0.5979045455551062, 3.863645454545455], [null, 0.5884447520266105, 3.9065737373737375], [null, 0.5782006523978245, 3.9495020202020203], [null, 0.5669192819020958, 3.992430303030303], [null, 0.5541712686438208, 4.035358585858586], [null, 0.5390949702059964, 4.0782868686868685], [null, 0.5192101013515217, 4.121215151515152], [null, 0.4526565406430636, 4.164143434343434], [null, 0.3200311142432321, 4.207071717171717], [null, -1.2434497875801753e-14, 4.25]]}