{"dim": 3, "delta": 4.5, "mu": 5.906055070328385, "dmu": 2.4485294117647056, "g": -0.38607214965680303, "k_c": 50, "data": [[0.6168795234133357, null, 0.0001], [0.6163695740485752, null, 0.04555353535353536], [0.6148473048506585, null, 0.09100707070707072], [0.6123219512629939, null, 0.13646060606060606], [0.608808644870787, null, 0.18191414141414142], [0.6043280486091492, null, 0.22736767676767677], [0.598905868837888, null, 0.27282121212121213], [0.5925722647252013, null, 0.3182747474747475], [0.5853611715478086, null, 0.36372828282828285], [0.5773095537222829, null, 0.4091818181818182], [0.5684565909528001, null, 0.45463535353535356], [0.5588427835545429, null, 0.5000888888888889], [0.5485089345639812, null, 0.5455424242424243], [0.5374949226697697, null, 0.5909959595959596], [0.5258381279978862, null, 0.636449494949495], [0.5135713349004097, null, 0.6819030303030303], [0.5007199931712111, null, 0.7273565656565657], [0.4872989832050287, null, 0.7728101010101011], [0.47330948097052983, null, 0.8182636363636364], [0.45873673905143103, null, 0.8637171717171718], [0.443549154204897, null, 0.9091707070707071], [0.427698005521769, null, 0.9546242424242425], [0.41111681184349325, null, 1.0000777777777778], [0.3937192958754791, null, 1.045531313131313], [0.37539519533727245, null, 1.0909848484848486], [0.3560029717107174, null, 1.136438383838384], [0.33535784415039693, null, 1.1818919191919193], [0.31321197402317624, null, 1.2273454545454545], [0.28922023418248105, null, 1.27279898989899], [0.2628768583730572, null, 1.3182525252525255], [0.23338583713040575, null, 1.3637060606060607], [0.19935390195654948, null, 1.409159595959596], [0.1578697977349754, null, 1.4546131313131314], [0.10005606539120417, null, 1.5000666666666669]]}