{"dim": 3, "delta": 4.75, "mu": 5.906055070328385, "dmu": 2.96875, "g": -0.38740315711529844, "k_c": 50, "data": [[0.9271822118376977, null, 0.0001], [0.9283550691636734, null, 0.04807878787878788], [0.9319288183811693, null, 0.09605757575757576], [0.9383530642271899, null, 0.14403636363636363], [0.9465177960427245, null, 0.1920151515151515], [0.9554404166323983, null, 0.23999393939393937], [0.9655706555912855, null, 0.28797272727272727], [0.9774927106889028, null, 0.3359515151515151], [0.9921123191189516, null, 0.383930303030303], [1.0110775422253084, null, 0.4319090909090909]]}