{"dim": 3, "delta": 1.25, "mu": 5.906055070328385, "dmu": 0.5, "g": -0.3563134090055086, "k_c": 50, "data": [[0.45329140472591695, null, 0.0001], [0.4532826682632591, null, 0.012725252525252525], [0.45325672630863484, null, 0.02535050505050505], [0.45321356308728444, null, 0.03797575757575758], [0.4531531524896414, null, 0.050601010101010105], [0.4530754578321097, null, 0.06322626262626263], [0.45298043181512154, null, 0.07585151515151516], [0.4528680163747151, null, 0.08847676767676768], [0.45273814248514543, null, 0.1011020202020202], [0.45259072997869343, null, 0.11372727272727273], [0.4524256877358755, null, 0.12635252525252524], [0.45224291119150595, null, 0.13897777777777776], [0.45204228799719604, null, 0.1516030303030303], [0.4518236856316566, null, 0.16422828282828283], [0.4515869682731729, null, 0.17685353535353535], [0.4513319809385943, null, 0.18947878787878786], [0.45105855640597, null, 0.2021040404040404], [0.45076651330372314, null, 0.21472929292929294], [0.4504556551341556, null, 0.22735454545454545], [0.4501257700865041, null, 0.23997979797979796], [0.4497766301409497, null, 0.2526050505050505], [0.4494079897642802, null, 0.26523030303030304], [0.44901958560782407, null, 0.2778555555555555], [0.44861113532540664, null, 0.29048080808080806], [0.44818233622000375, null, 0.3031060606060606], [0.4477328642442157, null, 0.31573131313131314], [0.4472623725935921, null, 0.3283565656565657], [0.4467704901664283, null, 0.34098181818181816], [0.44625681991137955, null, 0.3536070707070707], [0.4457209369110938, null, 0.36623232323232324], [0.44516238651617834, null, 0.3788575757575757], [0.44458068168864595, null, 0.39148282828282827], [0.44397530081952846, null, 0.4041080808080808], [0.4433456846343396, null, 0.41673333333333334], [0.4426912330016469, null, 0.4293585858585859], [0.4420113008318865, null, 0.44198383838383837], [0.4413051966606808, null, 0.4546090909090909], [0.44057217256305636, null, 0.46723434343434345], [0.439811424407342, null, 0.47985959595959593], [0.43902208304560525, null, 0.49248484848484847], [0.43820320807966395, null, 0.505110101010101], [0.43735377989192165, null, 0.5177353535353535], [0.43647269069831873, null, 0.5303606060606061], [0.43555873369463544, null, 0.5429858585858586], [0.4346105909639835, null, 0.5556111111111111], [0.4336268188109057, null, 0.5682363636363637], [0.43260583067048847, null, 0.5808616161616161], [0.4315458767895435, null, 0.5934868686868687], [0.4304450202028018, null, 0.6061121212121212], [0.4293011058956207, null, 0.6187373737373737], [0.4281117260382317, null, 0.6313626262626263], [0.4268741754240665, null, 0.6439878787878788], [0.42558539554816566, null, 0.6566131313131314], [0.4242419031421079, null, 0.6692383838383839], [0.4228397117527093, null, 0.6818636363636363], [0.42137419341563864, null, 0.6944888888888889], [0.41983994747386433, null, 0.7071141414141414], [0.4182305812486678, null, 0.7197393939393939], [0.4165384240038664, null, 0.7323646464646465], [0.4147541194421135, null, 0.744989898989899], [0.4128660135505675, null, 0.7576151515151515], [0.41085922642528827, null, 0.7702404040404041], [0.4087140767880426, null, 0.7828656565656565], [0.4064036834502149, null, 0.7954909090909091], [0.4038883476611166, null, 0.8081161616161616], [0.4011047228619519, null, 0.8207414141414141], [0.3979335424644601, null, 0.8333666666666667], [0.39403788031693, null, 0.8459919191919192], [0.38846200554338445, null, 0.8586171717171718], [0.3828691591747711, null, 0.8712424242424243], [0.3773843066066005, null, 0.8838676767676767], [0.37199973253852764, null, 0.8964929292929293], [0.36670787891004464, null, 0.9091181818181818], [0.3615013076677632, null, 0.9217434343434343], [0.3563726672965137, null, 0.9343686868686869], [0.3513146433414545, null, 0.9469939393939394], [0.3463199184128208, null, 0.9596191919191919], [0.34138111609284016, null, 0.9722444444444445], [0.3364907433063918, null, 0.984869696969697], [0.3316411199567077, null, 0.9974949494949495], [0.3268242969674968, null, 1.010120202020202], [0.3220319581680135, null, 1.0227454545454546], [0.3172552980534352, null, 1.035370707070707], [0.31248487178171963, null, 1.0479959595959596], [0.30771040312285564, null, 1.0606212121212122], [0.302920536042255, null, 1.0732464646464646], [0.29810250527245513, null, 1.0858717171717172], [0.2932416916962997, null, 1.0984969696969697], [0.28832100239812036, null, 1.1111222222222221], [0.2833199858809438, null, 1.1237474747474747], [0.27821352042699077, null, 1.1363727272727273], [0.2729697941297157, null, 1.14899797979798], [0.26754703149505943, null, 1.1616232323232323], [0.26188785687415894, null, 1.1742484848484849], [0.2559087607865368, null, 1.1868737373737375], [0.24947812122158267, null, 1.1994989898989898], [0.24236217972645163, null, 1.2121242424242424], [0.23405016235582848, null, 1.224749494949495], [0.22266445581068853, null, 1.2373747474747474], [2.4646951146678475e-14, null, 1.25]]}