{"dim": 3, "delta": 2.0, "mu": 5.906055070328385, "dmu": 1.1500000000000001, "g": -0.36682995891667614, "k_c": 50, "data": [[0.28646227040702926, 0.6438423049221997, 0.0001], [0.2862833631800968, 0.6438192643253429, 0.0203010101010101], [0.28575064687259416, 0.6437505561606731, 0.040502020202020206], [0.28486560129682104, 0.6436360659722729, 0.06070303030303031], [0.28363067101377515, 0.6434756024201995, 0.08090404040404041], [0.2820492368024433, 0.6432688954917268, 0.10110505050505052], [0.2801255737798959, 0.6430155944739244, 0.12130606060606061], [0.2778647931283547, 0.6427152648553941, 0.1415070707070707], [0.2752727611530375, 0.6423673848246223, 0.1617080808080808], [0.27235598234344344, 0.6419713404895104, 0.1819090909090909], [0.2691214161444547, 0.6415264210745661, 0.20211010101010102], [0.265576150566379, 0.641031811306621, 0.2223111111111111], [0.26172670167531087, 0.6404865847129566, 0.2425121212121212], [0.25757700320741733, 0.6398896940237915, 0.2627131313131313], [0.2531167665446201, 0.6392399608099562, 0.2829141414141414], [0.2483567957408003, 0.6385360622899291, 0.3031151515151515], [0.2434464063944604, 0.6377765067542105, 0.3233161616161616], [0.2383785076661027, 0.6369596675136511, 0.3435171717171717], [0.23314473508711625, 0.6360836584223017, 0.36371818181818183], [0.22773770358313428, 0.6351464129275322, 0.38391919191919194], [0.22215110682927405, 0.6341456026200829, 0.40412020202020205], [0.21637985634819198, 0.6330786120161975, 0.4243212121212121], [0.21042025305710058, 0.6319424953371624, 0.4445222222222222], [0.2042701838658447, 0.6307339238549713, 0.4647232323232323], [0.1979293347975898, 0.6294491209538867, 0.4849242424242424], [0.19139941169270996, 0.6280837813012519, 0.5051252525252525], [0.18468435634989394, 0.6266329690296235, 0.5253262626262626], [0.177790547138027, 0.6250909879143517, 0.5455272727272727], [0.17072696939529566, 0.623451213748741, 0.5657282828282828], [0.16337692865667536, 0.6217058726902354, 0.585929292929293], [0.15557707019949882, 0.6198457464485629, 0.606130303030303], [0.14731199424707353, 0.6178597651483823, 0.6263313131313132], [0.13851063022551868, 0.6157344374445783, 0.6465323232323232], [0.1290685333727148, 0.6134530243208872, 0.6667333333333333], [0.11883580774920201, 0.610994295778696, 0.6869343434343435], [0.10758866976653353, 0.6083305772289049, 0.7071353535353535], [0.0949683269776941, 0.6054244953646029, 0.7273363636363637], [0.08033071339845699, 0.602223148740993, 0.7475373737373737], [0.06226943300599938, 0.5986465286399015, 0.7677383838383839], [0.03594952108436862, 0.5945608126387165, 0.7879393939393939], [null, 0.5896990074596555, 0.8081404040404041], [null, 0.5832258599521123, 0.8283414141414142], [null, 0.5719280598919719, 0.8485424242424242], [null, 0.5607772695523716, 0.8687434343434344], [null, 0.5502325482282242, 0.8889444444444444], [null, 0.5402528314736676, 0.9091454545454546], [null, 0.5307988795841919, 0.9293464646464646], [null, 0.5218333792756933, 0.9495474747474748], [null, 0.5133210031122101, 0.9697484848484849], [null, 0.5052284320631961, 0.9899494949494949], [null, 0.49752434443540056, 1.010150505050505], [null, 0.49017938022932117, 1.0303515151515152], [null, 0.48316608306136705, 1.0505525252525252], [null, 0.47645882597947065, 1.0707535353535353], [null, 0.4700337248059842, 1.0909545454545455], [null, 0.46386854460676796, 1.1111555555555557], [null, 0.4579425993744362, 1.1313565656565656], [null, 0.4522366512442179, 1.1515575757575758], [null, 0.44673280909093954, 1.171758585858586], [null, 0.44141442725705615, 1.1919595959595959], [null, 0.4362660085302059, 1.212160606060606], [null, 0.4312731097991937, 1.2323616161616162], [null, 0.4264222510275711, 1.2525626262626264], [null, 0.42170082964771005, 1.2727636363636363], [null, 0.4170970380601542, 1.2929646464646465], [null, 0.41259978539661407, 1.3131656565656566], [null, 0.4081986241796624, 1.3333666666666666], [null, 0.40388367912829304, 1.3535676767676768], [null, 0.3996455798305429, 1.373768686868687], [null, 0.39547539637431667, 1.393969696969697], [null, 0.3913645758026137, 1.414170707070707], [null, 0.3873048818865234, 1.4343717171717172], [null, 0.3832883332277205, 1.4545727272727274], [null, 0.3793071425266237, 1.4747737373737373], [null, 0.3753536550875949, 1.4949747474747475], [null, 0.3714202817883593, 1.5151757575757576], [null, 0.36749943210835595, 1.5353767676767678], [null, 0.36358343817822, 1.5555777777777777], [null, 0.35966447161134146, 1.575778787878788], [null, 0.3557344501613368, 1.595979797979798], [null, 0.3517849261544016, 1.6161808080808082], [null, 0.3478069582869294, 1.6363818181818182], [null, 0.34379095472912735, 1.6565828282828283], [null, 0.33972647617582324, 1.6767838383838385], [null, 0.33560199127400936, 1.6969848484848484], [null, 0.33140455862907753, 1.7171858585858586], [null, 0.3271194064379504, 1.7373868686868688], [null, 0.3227293643581926, 1.757587878787879], [null, 0.3182140737880782, 1.7777888888888889], [null, 0.3135488574286251, 1.797989898989899], [null, 0.3087030433241071, 1.8181909090909092], [null, 0.303637376854665, 1.8383919191919191], [null, 0.2982998186603246, 1.8585929292929293], [null, 0.2926182763483795, 1.8787939393939395], [null, 0.28648695731173884, 1.8989949494949496], [null, 0.2797376677455757, 1.9191959595959596], [null, 0.27206836910078835, 1.9393969696969697], [null, 0.26280635347942743, 1.95959797979798], [null, 0.24929791088056527, 1.9797989898989898], [null, 2.958744360626042e-14, 2.0]]}