{"dim": 3, "delta": 2.75, "mu": 5.906055070328385, "dmu": 1.9112500000000001, "g": -0.37422717504461167, "k_c": 50, "data": [[0.6345788995535966, 0.6803167127957155, 0.0001], [0.6354154220845909, 0.6797119906619908, 0.027876767676767673], [0.6380492836159488, 0.6777660074933527, 0.05565353535353535], [0.643098654249036, 0.6738473674196528, 0.08343030303030302]]}