{"dim": 3, "delta": 0.25, "mu": 5.906055070328385, "dmu": 0.14375000000000002, "g": -0.3240909709653437, "k_c": 50, "data": [[0.03372024020773, 0.08762175412536598, 0.0001], [0.033699359197799234, 0.08761890823209244, 0.0026242424242424243], [0.03363982415410367, 0.08761078503824991, 0.005148484848484849], [0.03354175618280085, 0.08759737490318617, 0.007672727272727274], [0.03340535445350739, 0.0875786618397876, 0.010196969696969697], [0.033230895295782326, 0.08755462339823528, 0.012721212121212123], [0.03301873093610152, 0.08752523071437596, 0.015245454545454546], [0.032769287786794665, 0.0874904480379553, 0.01776969696969697], [0.032483064267949786, 0.08745023263271003, 0.020293939393939395], [0.03216062809352582, 0.08740453469090295, 0.02281818181818182], [0.03180261276014305, 0.08735329664396456, 0.025342424242424246], [0.03140971328494149, 0.08729645143904269, 0.027866666666666668], [0.030982680444497073, 0.08723393195778624, 0.030390909090909093], [0.030522313976029256, 0.0871656489593034, 0.03291515151515152], [0.030029451844218513, 0.08709151300307107, 0.035439393939393944], [0.02950495779138006, 0.08701142227062006, 0.03796363636363637], [0.028949702152798393, 0.08692526406102992, 0.040487878787878795], [0.02836453548052996, 0.08683291428064448, 0.04301212121212122], [0.02775025103981074, 0.08673423590348589, 0.045536363636363646], [0.027107532455602944, 0.08662907820938895, 0.04806060606060607], [0.026436883150756537, 0.08651727533207376, 0.050584848484848496], [0.025738536913001715, 0.08639864475771318, 0.05310909090909092], [0.025012353859488634, 0.08627298539126968, 0.05563333333333334], [0.02425771270258365, 0.08614007621615373, 0.05815757575757577], [0.023473409493924735, 0.08599967241332489, 0.06068181818181819], [0.022657567517058753, 0.08585150402918623, 0.06320606060606061], [0.021807546972265612, 0.08569527177941372, 0.06573030303030304], [0.020919830235030377, 0.08553064325304796, 0.06825454545454547], [0.019989849126571972, 0.08535724818361705, 0.07077878787878789], [0.019011711048867928, 0.08517467254948688, 0.07330303030303031], [0.01797776161283002, 0.08498245167728818, 0.07582727272727274], [0.016877876747474357, 0.08478006155360125, 0.07835151515151516], [0.015698280330541266, 0.0845669081335037, 0.08087575757575759], [0.014419461726147536, 0.08434231400313214, 0.08340000000000002], [0.013012209942990405, 0.08410550135422533, 0.08592424242424243], [0.01142916985129083, 0.0838555700877964, 0.08844848484848486], [0.009583590622584221, 0.083591469170665, 0.09097272727272729], [0.007278368130012399, 0.08331195849138039, 0.0934969696969697], [0.0037434325811716604, 0.08301555692994624, 0.09602121212121213], [null, 0.08270046989845106, 0.09854545454545456], [null, 0.08236448533923284, 0.10106969696969699], [null, 0.08200481969429968, 0.1035939393939394], [null, 0.08161787748847103, 0.10611818181818183], [null, 0.08119886145805162, 0.10864242424242426], [null, 0.08074108807835252, 0.11116666666666668], [null, 0.08023467825176474, 0.1136909090909091], [null, 0.07966369801431632, 0.11621515151515154], [null, 0.07899847281247098, 0.11873939393939395], [null, 0.07816428893108614, 0.12126363636363638], [null, 0.07669388384903367, 0.12378787878787881], [null, 0.07496728078995156, 0.1263121212121212], [null, 0.07334416016662218, 0.12883636363636364], [null, 0.07181568541409446, 0.13136060606060607], [null, 0.0703737816282752, 0.1338848484848485], [null, 0.06901107162287194, 0.13640909090909092], [null, 0.06772081649719007, 0.13893333333333333], [null, 0.06649685997690301, 0.14145757575757575], [null, 0.06533357728985527, 0.14398181818181818], [null, 0.06422582590128195, 0.1465060606060606], [null, 0.06316890259036825, 0.14903030303030304], [null, 0.06215850144411378, 0.15155454545454547], [null, 0.061190676716925047, 0.15407878787878787], [null, 0.06026180807567036, 0.1566030303030303], [null, 0.05936856907291175, 0.15912727272727273], [null, 0.05850789787400304, 0.16165151515151516], [null, 0.05767697088512276, 0.16417575757575759], [null, 0.0568731787341816, 0.16670000000000001], [null, 0.056094102821098626, 0.16922424242424244], [null, 0.05533749651815425, 0.17174848484848484], [null, 0.054601265265512136, 0.17427272727272727], [null, 0.05388344929893755, 0.1767969696969697], [null, 0.05318220748774783, 0.17932121212121213], [null, 0.05249580213033185, 0.18184545454545456], [null, 0.05182258437196888, 0.184369696969697], [null, 0.051160980621636105, 0.1868939393939394], [null, 0.050509478829465146, 0.18941818181818182], [null, 0.04986661539796847, 0.19194242424242425], [null, 0.049230961356782746, 0.19446666666666668], [null, 0.0486011094563532, 0.1969909090909091], [null, 0.04797565788812218, 0.19951515151515153], [null, 0.047353195349025816, 0.20203939393939396], [null, 0.04673228264605845, 0.20456363636363636], [null, 0.04611143188195934, 0.2070878787878788], [null, 0.04548908311689034, 0.20961212121212122], [null, 0.044863571364491026, 0.21213636363636365], [null, 0.04423309340183042, 0.21466060606060608], [null, 0.04359565686864032, 0.2171848484848485], [null, 0.04294901854680426, 0.2197090909090909], [null, 0.042290598587645986, 0.22223333333333334], [null, 0.04161736344563476, 0.22475757575757577], [null, 0.04092564771711887, 0.2272818181818182], [null, 0.040210904426973317, 0.22980606060606062], [null, 0.039467298045496785, 0.23233030303030305], [null, 0.03868703976419009, 0.23485454545454545], [null, 0.03785921018420204, 0.23737878787878788], [null, 0.0369674795540083, 0.2399030303030303], [null, 0.035985099194211174, 0.24242727272727274], [null, 0.0348615541735223, 0.24495151515151517], [null, 0.033472071907262785, 0.2474757575757576], [null, -8.415490526658687e-14, 0.25]]}