{"dim": 3, "delta": 4.75, "mu": 5.906055070328385, "dmu": 2.5729166666666665, "g": -0.38740315711529844, "k_c": 50, "data": [[0.6515439067673396, null, 0.0001], [0.650986780646201, null, 0.04807878787878788], [0.6493237274045769, null, 0.09605757575757576], [0.6465657212638022, null, 0.14403636363636363], [0.6427307102871894, null, 0.1920151515151515], [0.6378431355054993, null, 0.23999393939393937], [0.6319332929982149, null, 0.28797272727272727], [0.6250365636180645, null, 0.3359515151515151], [0.6171925373466136, null, 0.383930303030303], [0.608444052018839, null, 0.4319090909090909], [0.5988361494748531, null, 0.47988787878787875], [0.5884149287580736, null, 0.5278666666666666], [0.5772262378534035, null, 0.5758454545454545], [0.5653140912409983, null, 0.6238242424242424], [0.5527186564376481, null, 0.6718030303030302], [0.5394736443526839, null, 0.7197818181818182], [0.5256030949965372, null, 0.767760606060606], [0.5111179217954442, null, 0.8157393939393939], [0.4960129845170635, null, 0.8637181818181818], [0.48026537200511865, null, 0.9116969696969697], [0.46383383551117, null, 0.9596757575757575], [0.4466584195324366, null, 1.0076545454545454], [0.4286591916520195, null, 1.0556333333333332], [0.40973311083519487, null, 1.1036121212121213], [0.38974817777564535, null, 1.151590909090909], [0.36853360532709617, null, 1.199569696969697], [0.34586365342909864, null, 1.2475484848484848], [0.32143038164405624, null, 1.2955272727272726], [0.2947951375494345, null, 1.3435060606060605], [0.265294738406159, null, 1.3914848484848485], [0.23183704691838367, null, 1.4394636363636364], [0.19236706361238476, null, 1.4874424242424242], [0.1419538769119903, null, 1.535421212121212], [0.05644025703404113, null, 1.5834]]}