{"dim": 3, "delta": 3.75, "mu": 5.906055070328385, "dmu": 2.15625, "g": -0.38162974782282366, "k_c": 50, "data": [[0.5871189497276608, null, 0.0001], [0.5866448275932432, null, 0.03797777777777778], [0.5852269171177112, null, 0.07585555555555555], [0.5828625642468785, null, 0.11373333333333333], [0.579542674449511, null, 0.15161111111111109], [0.5752380042736938, null, 0.18948888888888887], [0.569819508656095, null, 0.22736666666666663], [0.5633372187876999, null, 0.2652444444444444], [0.5567114019054619, null, 0.3031222222222222], [0.5498998385648218, null, 0.34099999999999997], [0.5428604010804675, null, 0.37887777777777776], [0.5355561652727909, null, 0.4167555555555555], [0.5279535380350857, null, 0.4546333333333333], [0.5200212130098182, null, 0.49251111111111107], [0.5117296342980733, null, 0.5303888888888888], [0.5030508037406212, null, 0.5682666666666666], [0.493958341476521, null, 0.6061444444444444], [0.4844277488899682, null, 0.6440222222222222], [0.4744368380957468, null, 0.6819], [0.4639663024777612, null, 0.7197777777777777], [0.45300039494787464, null, 0.7576555555555555], [0.44152768329633735, null, 0.7955333333333332], [0.42954183474467605, null, 0.833411111111111], [0.41704238807006566, null, 0.8712888888888888], [0.40403544253137447, null, 0.9091666666666666], [0.3905342190808614, null, 0.9470444444444444], [0.37655943162496497, null, 0.9849222222222221], [0.36213942858731846, null, 1.0228], [0.3473100743310045, null, 1.0606777777777776], [0.3321143787412226, null, 1.0985555555555555], [0.31660187142296825, null, 1.1364333333333332], [0.30082778177603137, null, 1.174311111111111], [0.284852063533925, null, 1.2121888888888888], [0.2687383324785148, null, 1.2500666666666664], [0.2522821651090881, null, 1.2879444444444443], [0.233880331282418, null, 1.325822222222222], [0.21339479890749397, 0.8862141133390348, 1.3637], [0.19034264709139045, 0.8733447529008079, 1.4015777777777776], [0.16373291730674225, 0.861222495331047, 1.4394555555555555], [0.13148378134740982, 0.8497893678493386, 1.4773333333333332], [0.0876298475192326, 0.8389904264210561, 1.515211111111111], [null, 0.828773935858552, 1.5530888888888887], [null, 0.81909145243255, 1.5909666666666664], [null, 0.8098978229537205, 1.6288444444444443], [null, 0.8011511335624577, 1.666722222222222], [null, 0.7928125852335024, 1.7046], [null, 0.7848463633084222, 1.7424777777777776], [null, 0.7772194589740199, 1.7803555555555555], [null, 0.7699014929296092, 1.8182333333333331], [null, 0.7628645248785291, 1.8561111111111108], [null, 0.7560828652886625, 1.8939888888888887], [null, 0.7495328904867983, 1.9318666666666664], [null, 0.7431928639116706, 1.9697444444444443], [null, 0.7370427687576945, 2.0076222222222224], [null, 0.731064144034489, 2.0455], [null, 0.7252399393230424, 2.0833777777777778], [null, 0.7195543738847859, 2.1212555555555554], [null, 0.7139928092045851, 2.159133333333333], [null, 0.7085416276604021, 2.1970111111111112], [null, 0.7031881231357333, 2.234888888888889], [null, 0.6979204037697277, 2.2727666666666666], [null, 0.6927272899268906, 2.3106444444444443], [null, 0.6875982324404517, 2.3485222222222224], [null, 0.6825232316286515, 2.3864], [null, 0.6774927569437215, 2.4242777777777778], [null, 0.6724976757433307, 2.4621555555555554], [null, 0.6675291862606193, 2.500033333333333], [null, 0.6625787489268683, 2.5379111111111112], [null, 0.6576380208512951, 2.575788888888889], [null, 0.6526987917609944, 2.6136666666666666], [null, 0.6477529170938916, 2.6515444444444443], [null, 0.6427922511359276, 2.6894222222222224], [null, 0.6378085753466611, 2.7273], [null, 0.6327935231391201, 2.7651777777777777], [null, 0.6277384952128808, 2.8030555555555554], [null, 0.6226345685823087, 2.840933333333333], [null, 0.6174723907707782, 2.878811111111111], [null, 0.6122420585140763, 2.916688888888889], [null, 0.6069329749097084, 2.9545666666666666], [null, 0.6015336783074856, 2.9924444444444442], [null, 0.5960316338599277, 3.0303222222222224], [null, 0.5904129731361438, 3.0682], [null, 0.5846621823275152, 3.1060777777777777], [null, 0.5787616618019423, 3.1439555555555554], [null, 0.5726912023827891, 3.181833333333333], [null, 0.5664272547364532, 3.219711111111111], [null, 0.5599419401013968, 3.257588888888889], [null, 0.5532016690061198, 3.2954666666666665], [null, 0.5461651508553771, 3.333344444444444], [null, 0.5387804255697086, 3.371222222222222], [null, 0.5309802507985014, 3.4091], [null, 0.5226745473136358, 3.4469777777777777], [null, 0.5137372105413125, 3.4848555555555554], [null, 0.5039809937555338, 3.522733333333333], [null, 0.49310359757330735, 3.560611111111111], [null, 0.4805488897475037, 3.598488888888889], [null, 0.4650138348387503, 3.6363666666666665], [null, 0.43950714812154484, 3.674244444444444], [null, 0.3119260622069469, 3.712122222222222], [null, 3.186340080674199e-14, 3.75]]}