{"dim": 3, "delta": 6.25, "mu": 5.906055070328385, "dmu": 5.0390625, "g": -0.39426752038007834, "k_c": 50, "data": []}