{"dim": 3, "delta": 7.25, "mu": 5.906055070328385, "dmu": 4.052232142857143, "g": -0.39806881382767106, "k_c": 50, "data": []}