{"dim": 3, "delta": 4.0, "mu": 5.906055070328385, "dmu": 2.2800000000000002, "g": -0.38319438892130875, "k_c": 50, "data": [[0.6195490083989936, null, 0.0001], [0.6190391120518912, null, 0.040503030303030305], [0.6175148896112059, null, 0.0809060606060606], [0.6149768342804841, null, 0.12130909090909091], [0.6114223068235816, null, 0.1617121212121212], [0.6068363915438587, null, 0.2021151515151515], [0.6011548526699243, null, 0.2425181818181818], [0.5941754020590629, null, 0.28292121212121213], [0.5868325065842098, null, 0.3233242424242424], [0.5792771238571333, null, 0.3637272727272727], [0.5714634878283046, null, 0.404130303030303], [0.5633517653934363, null, 0.44453333333333334], [0.5549060765748965, null, 0.4849363636363636], [0.5460934262926486, null, 0.5253393939393939], [0.536883194201598, null, 0.5657424242424243], [0.527246999722367, null, 0.6061454545454545], [0.5171588404160818, null, 0.6465484848484848], [0.5065954369253636, null, 0.6869515151515151], [0.49553674181448804, null, 0.7273545454545454], [0.4839665676897687, null, 0.7677575757575757], [0.4718732968454645, null, 0.808160606060606], [0.4592506091432309, null, 0.8485636363636363], [0.44609821847793557, null, 0.8889666666666667], [0.43242249136541566, null, 0.929369696969697], [0.4182369616393834, null, 0.9697727272727272], [0.4035626486155738, null, 1.0101757575757575], [0.38842815536807224, null, 1.0505787878787878], [0.3728695233027071, null, 1.090981818181818], [0.3569298408034888, null, 1.1313848484848485], [0.3406586305591745, null, 1.1717878787878788], [0.3241110453601665, null, 1.212190909090909], [0.3073469320347585, null, 1.2525939393939394], [0.29042981650823896, null, 1.2929969696969696], [0.2724298472371598, null, 1.3334], [0.25241152283122503, 0.9545698054288427, 1.3738030303030302], [0.23025503223649846, 0.9405276397489944, 1.4142060606060605], [0.20538321355945924, 0.9273017770264899, 1.4546090909090907], [0.1767165902089058, 0.9148313575508503, 1.4950121212121212], [0.1420215732918806, 0.9030583038832719, 1.5354151515151515], [0.09494680383961436, 0.8919275804773444, 1.5758181818181818], [null, 0.8813873529728666, 1.616221212121212], [null, 0.8713890578836778, 1.6566242424242423], [null, 0.8618874004457665, 1.6970272727272726], [null, 0.8528402862682863, 1.7374303030303029], [null, 0.8442087161289792, 1.7778333333333334], [null, 0.8359566412725056, 1.8182363636363637], [null, 0.828050799250777, 1.858639393939394], [null, 0.820460536128682, 1.8990424242424242], [null, 0.8131576226583601, 1.9394454545454545], [null, 0.8061160698687555, 1.9798484848484847], [null, 0.7993119481423183, 2.0202515151515152], [null, 0.792723212461125, 2.0606545454545455], [null, 0.7863295361524941, 2.101057575757576], [null, 0.7801121536877524, 2.141460606060606], [null, 0.774053713565516, 2.1818636363636363], [null, 0.7681381411702154, 2.2222666666666666], [null, 0.7623505114794854, 2.2626696969696973], [null, 0.7566769311471112, 2.3030727272727276], [null, 0.7511044294632356, 2.343475757575758], [null, 0.7456208574067923, 2.383878787878788], [null, 0.7402147937099053, 2.4242818181818184], [null, 0.7348754596178891, 2.4646848484848487], [null, 0.7295926352243718, 2.505087878787879], [null, 0.7243565852675956, 2.5454909090909092], [null, 0.7191579858234907, 2.5858939393939395], [null, 0.71398785728929, 2.62629696969697], [null, 0.7088374968807302, 2.6667], [null, 0.7036984148009879, 2.7071030303030303], [null, 0.698562269491645, 2.7475060606060606], [null, 0.693420804600415, 2.787909090909091], [null, 0.6882657819088389, 2.828312121212121], [null, 0.6830889133305262, 2.8687151515151514], [null, 0.6778817878759402, 2.9091181818181817], [null, 0.6726357926906654, 2.9495212121212124], [null, 0.6673420258813788, 2.9899242424242427], [null, 0.661991198474565, 3.030327272727273], [null, 0.6565735221242306, 3.0707303030303033], [null, 0.6510785712996743, 3.1111333333333335], [null, 0.6454951629007237, 3.151536363636364], [null, 0.6398110999888662, 3.191939393939394], [null, 0.6340130123269373, 3.2323424242424244], [null, 0.6280860367706776, 3.2727454545454546], [null, 0.6220134632683532, 3.313148484848485], [null, 0.6157762754103018, 3.353551515151515], [null, 0.6093525307953923, 3.3939545454545454], [null, 0.6027165556712324, 3.4343575757575757], [null, 0.5958378206600201, 3.474760606060606], [null, 0.5886793673398814, 3.5151636363636363], [null, 0.581195524070203, 3.555566666666667], [null, 0.5733284708705971, 3.5959696969696973], [null, 0.5650028417576924, 3.6363727272727275], [null, 0.5561167886130859, 3.676775757575758], [null, 0.5465260697723383, 3.717178787878788], [null, 0.5360131071841353, 3.7575818181818184], [null, 0.524218248435533, 3.7979848484848486], [null, 0.510452839070534, 3.838387878787879], [null, 0.49295369967670494, 3.878790909090909], [null, 0.44700245553742723, 3.9191939393939395], [null, 0.31602097242358423, 3.9595969696969697], [null, -7.771561172376096e-15, 4.0]]}