{"dim": 3, "delta": 7.0, "mu": 5.906055070328385, "dmu": 3.694444444444444, "g": -0.39716351980467146, "k_c": 50, "data": [[0.9912443019751376, null, 0.4243363636363636], [0.9756320209804821, null, 0.49504242424242423], [0.9580055386646256, null, 0.5657484848484848], [0.9393454247311096, null, 0.6364545454545454], [0.9197909926795746, null, 0.707160606060606], [0.8993072391138501, null, 0.7778666666666667], [0.8778807942951262, null, 0.8485727272727273], [0.8555183270140589, null, 0.9192787878787878], [0.8322450464752753, null, 0.9899848484848485], [0.8081029485244865, null, 1.0606909090909091], [0.7831486898998065, null, 1.1313969696969697], [0.7574511292404654, null, 1.2021030303030302], [0.7310886711283847, null, 1.2728090909090908], [0.7035060067485311, null, 1.3435151515151516], [0.6741640851297365, null, 1.414221212121212], [0.6430122307054906, null, 1.4849272727272727], [0.6098127086384638, null, 1.5556333333333334], [0.5742279484630761, null, 1.626339393939394], [0.5357928587018148, null, 1.6970454545454545], [0.49384917866975286, null, 1.767751515151515], [0.4474167113930198, null, 1.8384575757575756], [0.39492042053153076, null, 1.9091636363636364], [0.333514551369504, null, 1.979869696969697], [0.25689434057745425, null, 2.050575757575758], [0.14231626419508367, null, 2.1212818181818185]]}