{"dim": 3, "delta": 2.0, "mu": 5.906055070328385, "dmu": 1.33, "g": -0.36682995891667614, "k_c": 50, "data": [[0.3916751818975443, 0.5911633893696827, 0.0001], [0.39251046790718125, 0.5911174122904637, 0.0203010101010101], [0.39327747150128683, 0.5909801450671349, 0.040502020202020206], [0.39394945103221596, 0.5907508739176333, 0.06070303030303031], [0.3946027972232733, 0.5904283903403817, 0.08090404040404041], [0.39526939559428326, 0.5900109619789062, 0.10110505050505052], [0.39596914473892736, 0.5894962874738796, 0.12130606060606061], [0.39671788804260466, 0.5888814338712769, 0.1415070707070707], [0.3975303882225444, 0.5881627515974216, 0.1617080808080808], [0.39842185712583744, 0.587335772408612, 0.1819090909090909], [0.3994090119586174, 0.5863950440700096, 0.20211010101010102], [0.40051103047007847, 0.5853339532565174, 0.2223111111111111], [0.40175060539789187, 0.5841444542930324, 0.2425121212121212], [0.40315526304863913, 0.5828167132177684, 0.2627131313131313], [0.4047591416594508, 0.5813386123211705, 0.2829141414141414], [0.40660551683680146, 0.5796950458360581, 0.3031151515151515], [0.408750544233437, 0.5778668904976848, 0.3233161616161616], [0.4112690464560362, 0.5758294471406228, 0.3435171717171717], [0.4142639002708709, 0.5735499774702789, 0.36371818181818183], [0.41788215053389766, 0.5709835942296194, 0.38391919191919194], [0.4223447670341598, 0.5680659037165176, 0.40412020202020205], [0.42800713145370917, 0.5646985468818297, 0.4243212121212121], [0.4354999588510974, 0.5607167280515132, 0.4445222222222222], [0.4461352290273706, 0.5557994392932555, 0.4647232323232323], [0.4636505663876468, 0.5491014427959806, 0.4849242424242424]]}