{"dim": 3, "delta": 2, "mu": 5.906055070328385, "dmu": 1.2000000000000002, "g": -0.36682995891667614, "k_c": 50, "data": [[0.3231555496934085, 0.6322565674505523, 0.0001], [0.3229367030520816, 0.6322302564430368, 0.0203010101010101], [0.3222832873295019, 0.632151784677819, 0.040502020202020206], [0.32119122999658056, 0.6320209886434542, 0.06070303030303031], [0.3196512115859696, 0.631837594277863, 0.08090404040404041], [0.31764126771838136, 0.6316012142687164, 0.10110505050505052], [0.31508633273626846, 0.631311344102311, 0.12130606060606061], [0.31197339276809166, 0.630967356659369, 0.1415070707070707], [0.3088194636954904, 0.6305684956575803, 0.1617080808080808], [0.3056106869703178, 0.630113867229248, 0.1819090909090909], [0.30232708529633046, 0.6296024298129174, 0.20211010101010102], [0.2989514275838768, 0.6290329817980728, 0.2223111111111111], [0.29546811912680765, 0.6284041473607136, 0.2425121212121212], [0.29186251568929306, 0.6277143577720655, 0.2627131313131313], [0.28812048706270516, 0.6269618308797685, 0.2829141414141414], [0.2842281216232618, 0.6261445455054868, 0.3031151515151515], [0.2801715740413891, 0.6252602108029789, 0.3233161616161616], [0.2759369449679567, 0.6243062289377562, 0.3435171717171717], [0.2715102646130472, 0.6232796499549699, 0.36371818181818183], [0.26687752453425384, 0.6221771158985343, 0.38391919191919194], [0.26202477516735156, 0.6209947922916834, 0.40412020202020205], [0.2569382829772438, 0.6197282819638668, 0.4243212121212121], [0.2516047709817404, 0.6183725167630014, 0.4445222222222222], [0.24601171461306193, 0.6169216178579787, 0.4647232323232323], [0.24014772708871307, 0.6153687159231996, 0.4849242424242424], [0.2340030139834997, 0.6137057125057109, 0.5051252525252525], [0.22756989647055348, 0.6119229592372126, 0.5253262626262626], [0.22084338790287042, 0.6100088179732008, 0.5455272727272727], [0.21382180055956684, 0.6079490357242419, 0.5657282828282828], [0.20650734942514187, 0.6057258412544796, 0.585929292929293], [0.19890671242917962, 0.6033165724055306, 0.606130303030303], [0.19103149837405783, 0.6006915125532831, 0.6263313131313132], [0.18289857563293913, 0.5978102611290923, 0.6465323232323232], [0.1745302167052463, 0.5946151811561339, 0.6667333333333333], [0.16595402756144578, 0.5910182805614842, 0.6869343434343435], [0.15720264736526404, 0.586870642594324, 0.7071353535353535], [0.14831322590057364, 0.5818705240179411, 0.7273363636363637], [0.13932670801075858, 0.5750567793623643, 0.7475373737373737], [0.13028697280859122, 0.5618271575113029, 0.7677383838383839], [0.12123988745862785, 0.5486374343650073, 0.7879393939393939], [0.11174310946777156, 0.5363359369147065, 0.8081404040404041], [0.10076420270984492, 0.5248611954215865, 0.8283414141414142], [0.08811412949340347, 0.5141527650601772, 0.8485424242424242], [0.07305171490232586, 0.5041519310277551, 0.8687434343434344], [0.0536583413641001, 0.49480228009914107, 0.8889444444444444], [0.019925061463716084, 0.4860501580652952, 0.9091454545454546], [null, 0.4778449312632238, 0.9293464646464646], [null, 0.470139212959461, 0.9495474747474748], [null, 0.4628889021392383, 0.9697484848484849], [null, 0.45605318899337627, 0.9899494949494949], [null, 0.4495944650032219, 1.010150505050505], [null, 0.4434781931371648, 1.0303515151515152], [null, 0.4376727415918926, 1.0505525252525252], [null, 0.43214919622048487, 1.0707535353535353], [null, 0.4268811617992516, 1.0909545454545455], [null, 0.4218445611770371, 1.1111555555555557], [null, 0.4170174345344511, 1.1313565656565656], [null, 0.4123797500708128, 1.1515575757575758], [null, 0.4079132197964376, 1.171758585858586], [null, 0.4036011292261746, 1.1919595959595959], [null, 0.39942817819521736, 1.212160606060606], [null, 0.3953803336569363, 1.2323616161616162], [null, 0.3914446948878835, 1.2525626262626264], [null, 0.3876093687910549, 1.2727636363636363], [null, 0.383863357236247, 1.2929646464646465], [null, 0.38019645234352384, 1.3131656565656566], [null, 0.37659914126268895, 1.3333666666666666], [null, 0.3730625189416726, 1.3535676767676768], [null, 0.36957820528616225, 1.373768686868687], [null, 0.36613827109327884, 1.393969696969697], [null, 0.3627351658183606, 1.414170707070707], [null, 0.359361650020733, 1.4343717171717172], [null, 0.3560107296388149, 1.4545727272727274], [null, 0.35267559288117767, 1.4747737373737373], [null, 0.3493495439060025, 1.4949747474747475], [null, 0.34602593928239833, 1.5151757575757576], [null, 0.34269811835822456, 1.5353767676767678], [null, 0.33935932998614987, 1.5555777777777777], [null, 0.3360026517657555, 1.575778787878788], [null, 0.3326208992683355, 1.595979797979798], [null, 0.3292065211841599, 1.6161808080808082], [null, 0.32575147547978, 1.6363818181818182], [null, 0.32224708012986564, 1.6565828282828283], [null, 0.31868382720652033, 1.6767838383838385], [null, 0.315051156365879, 1.6969848484848484], [null, 0.31133714221360115, 1.7171858585858586], [null, 0.30752811101780575, 1.7373868686868688], [null, 0.30360809946401685, 1.757587878787879], [null, 0.29955811550569006, 1.7777888888888889], [null, 0.2953550770642417, 1.797989898989899], [null, 0.2909702486123884, 1.8181909090909092], [null, 0.28636683075763236, 1.8383919191919191], [null, 0.28149606581499725, 1.8585929292929293], [null, 0.27629053890879596, 1.8787939393939395], [null, 0.27065169724768073, 1.8989949494949496], [null, 0.2644238759087896, 1.9191959595959596], [null, 0.25733074107710036, 1.9393969696969697], [null, 0.24877105158929097, 1.95959797979798], [null, 0.2365736346563509, 1.9797989898989898], [null, 2.9976021664879227e-15, 2.0]]}