{"dim": 3, "delta": 1.75, "mu": 5.906055070328385, "dmu": 1.21625, "g": -0.36379223926437015, "k_c": 50, "data": [[0.3692395421663914, 0.5031041123907487, 0.0001], [0.3695329944151122, 0.5030440077455, 0.017775757575757577], [0.37042146203956433, 0.5028644686480618, 0.03545151515151516], [0.3719798238816147, 0.5025637695424064, 0.05312727272727273], [0.3742664152527418, 0.5021389530441079, 0.07080303030303031], [0.3766104207122146, 0.5015856915898568, 0.08847878787878789], [0.379034701841158, 0.5008980748936194, 0.10615454545454546], [0.3815902417526524, 0.5000682926909084, 0.12383030303030304], [0.3843242988072291, 0.4990861768318026, 0.1415060606060606], [0.3872862720485641, 0.4979385266337963, 0.15918181818181817], [0.39053215636138355, 0.49660810307648334, 0.17685757575757577], [0.3941291433773248, 0.4950720800474132, 0.19453333333333334], [0.39816149263658085, 0.4932995609382904, 0.2122090909090909], [0.40273905268503374, 0.49124737623679254, 0.2298848484848485], [0.40801074115921454, 0.48885245028943064, 0.24756060606060606], [0.41418752078409066, 0.48601652993435746, 0.26523636363636366], [0.4215848721226744, 0.48257113036280314, 0.2829121212121212], [0.4307097896498293, 0.4781776064698025, 0.3005878787878788], [0.44246644170649146, 0.471895838701471, 0.31826363636363636]]}