{"dim": 3, "delta": 2.5, "mu": 5.906055070328385, "dmu": 1.6625, "g": -0.3719912209058008, "k_c": 50, "data": [[0.49642294735046655, 0.7058842944927582, 0.0001], [0.49716284003418776, 0.705813852070157, 0.02535151515151515], [0.49924886474276103, 0.7056030983187072, 0.0506030303030303], [0.5011599136222914, 0.7052504191317294, 0.07585454545454545], [0.5030135885756759, 0.7047530629390444, 0.1011060606060606], [0.5048970067654432, 0.7041070399301363, 0.12635757575757572], [0.5068645881452286, 0.7033069649154091, 0.1516090909090909], [0.5089602725117475, 0.7023458375604362, 0.17686060606060605], [0.5112261449493721, 0.7012147285077284, 0.2021121212121212], [0.5137072620703977, 0.6999023416645093, 0.22736363636363632], [0.5164555148431598, 0.6983943931710933, 0.25261515151515146], [0.5195337925336457, 0.6966727180627168, 0.27786666666666665], [0.523021413105175, 0.6947139511229529, 0.3031181818181818], [0.5270220811150714, 0.6924875085209939, 0.3283696969696969], [0.5316764581695809, 0.6899523728903854, 0.3536212121212121], [0.5371835049764804, 0.6870516759701468, 0.37887272727272725], [0.5438395994508912, 0.6837029011083948, 0.4041242424242424], [0.552117661671131, 0.6797783594528487, 0.4293757575757575], [0.5628506818880311, 0.6750605434173584, 0.45462727272727266], [0.5777579162288586, 0.6691152189326756, 0.47987878787878785], [0.6016922508663646, 0.6607417708753591, 0.5051303030303029]]}