{"dim": 3, "delta": 5.5, "mu": 5.906055070328385, "dmu": 3.2607142857142857, "g": -0.39104617407644726, "k_c": 50, "data": [[0.9960096782380529, null, 0.0001], [0.9987071313511119, null, 0.05565454545454546], [1.001133161586657, null, 0.11120909090909091], [1.003416860662956, null, 0.16676363636363634], [1.0057915586474873, null, 0.2223181818181818], [1.0083874973860572, null, 0.27787272727272727], [1.011323191062738, null, 0.3334272727272727], [1.0147365560608366, null, 0.38898181818181815], [1.0188108080154938, null, 0.4445363636363636], [1.0238120873565917, null, 0.5000909090909091], [1.0301604167502871, null, 0.5556454545454546], [1.0385889842457663, null, 0.6112], [1.050584265171853, null, 0.6667545454545454], [1.0701234283938799, null, 0.7223090909090909]]}