{"dim": 3, "delta": 3, "mu": 5.906055070328385, "dmu": 1.909090909090909, "g": -0.37628449054250135, "k_c": 50, "data": [[0.5626837936103657, 0.844427929570735, 0.0001], [0.5622814997058846, 0.8443605368354477, 0.0304020202020202], [0.5620883930815967, 0.8441588616170578, 0.060704040404040406], [0.561939128278382, 0.8438217580678019, 0.0910060606060606], [0.5618193220484302, 0.8433472836103053, 0.12130808080808081], [0.5617269477032727, 0.8427326456862754, 0.151610101010101], [0.561663945995111, 0.8419741223850628, 0.1819121212121212], [0.5616343816530742, 0.841066951437351, 0.2122141414141414], [0.5616439519009336, 0.8400051794561251, 0.2425161616161616], [0.5616999488384345, 0.8387814589961399, 0.2728181818181818], [0.5618114506561803, 0.8373867772326343, 0.303120202020202], [0.5619896892918408, 0.8358100879851811, 0.33342222222222223], [0.5622486080776489, 0.8340378084380395, 0.3637242424242424], [0.5626056660841411, 0.8320531168385091, 0.3940262626262626], [0.5630829959193329, 0.8298349505239704, 0.42432828282828283], [0.5637090938780448, 0.8273565333618675, 0.454630303030303], [0.5645213501451543, 0.8245831330079018, 0.4849323232323232], [0.5655699647263324, 0.8214684893545556, 0.5152343434343434], [0.5669242512371137, 0.8179487942415596, 0.5455363636363636], [0.5686833225527632, 0.8139317698820722, 0.5758383838383838], [0.5709954031171435, 0.8092747733985772, 0.606140404040404], [0.5740958300335351, 0.8037340517727617, 0.6364424242424243], [0.5783911320945203, 0.796816207092447, 0.6667444444444445], [0.5846806889802331, 0.7870718033815335, 0.6970464646464646], [0.5949459772812729, 0.7519762754416935, 0.7273484848484848], [0.6183929919026127, 0.6871813539155407, 0.757650505050505]]}