{"dim": 3, "delta": 2.0, "mu": 5.906055070328385, "dmu": 1.09, "g": -0.36682995891667614, "k_c": 50, "data": [[0.23108604386560957, 0.6558984055926317, 0.0001], [0.2309164325202456, 0.655878165665809, 0.0203010101010101], [0.2304111771502282, 0.6558178159314075, 0.040502020202020206], [0.2295710192568411, 0.6557172759157477, 0.06070303030303031], [0.2283971641052589, 0.6555764114832301, 0.08090404040404041], [0.22689123173171535, 0.6553950332464107, 0.10110505050505052], [0.2250551897486679, 0.6551728959621557, 0.12130606060606061], [0.22289126381077856, 0.6549096944568806, 0.1415070707070707], [0.22040182388244803, 0.6546050725397154, 0.1617080808080808], [0.21758924354860262, 0.6542585987379266, 0.1819090909090909], [0.2144557283198161, 0.6538697853707274, 0.20211010101010102], [0.21100310839433997, 0.6534380729878748, 0.2223111111111111], [0.20723258988288784, 0.6529628301485837, 0.2425121212121212], [0.20314445662926106, 0.6524433475732109, 0.2627131313131313], [0.19873771250275546, 0.6518788328188937, 0.2829141414141414], [0.1940096508202128, 0.6512684038736527, 0.3031151515151515], [0.1889553329163967, 0.6506110816458509, 0.3233161616161616], [0.18356694725082456, 0.6499057817621816, 0.3435171717171717], [0.17783301195720347, 0.6491513036393871, 0.36371818181818183], [0.171737356591849, 0.6483463199705837, 0.38391919191919194], [0.16525778664451424, 0.6474893623743556, 0.40412020202020205], [0.15836427231287273, 0.6465788060292317, 0.4243212121212121], [0.1510163892202311, 0.6456128508313599, 0.4445222222222222], [0.14315956675453081, 0.6445894994677417, 0.4647232323232323], [0.1347192793586796, 0.6435065315959656, 0.4849242424242424], [0.12559159976595677, 0.6423614720854008, 0.5051252525252525], [0.11562676313208196, 0.6411515542523101, 0.5253262626262626], [0.10459810168626547, 0.6398736739356982, 0.5455272727272727], [0.09213640760855424, 0.6385243340966396, 0.5657282828282828], [0.07756616611311735, 0.637099575767569, 0.585929292929293], [0.0593679889212933, 0.6355948933315773, 0.606130303030303], [0.0318533253021553, 0.634005125212219, 0.6263313131313132], [null, 0.6323243155530158, 0.6465323232323232], [null, 0.6305455338047655, 0.6667333333333333], [null, 0.6286606356769074, 0.6869343434343435], [null, 0.6266599403394941, 0.7071353535353535], [null, 0.6245317839165705, 0.7273363636363637], [null, 0.6222618842635542, 0.7475373737373737], [null, 0.6198324072084044, 0.7677383838383839], [null, 0.6172205371569418, 0.7879393939393939], [null, 0.6143961761453781, 0.8081404040404041], [null, 0.611317971188191, 0.8283414141414142], [null, 0.6079260209912178, 0.8485424242424242], [null, 0.604125990401981, 0.8687434343434344], [null, 0.5997490279728581, 0.8889444444444444], [null, 0.5944009146909492, 0.9091454545454546], [null, 0.5859513328296864, 0.9293464646464646], [null, 0.5759485325375364, 0.9495474747474748], [null, 0.5663855854537659, 0.9697484848484849], [null, 0.5572347828029625, 0.9899494949494949], [null, 0.5484697853564152, 1.010150505050505], [null, 0.5400656054567824, 1.0303515151515152], [null, 0.5319985789412918, 1.0505525252525252], [null, 0.5242463276846037, 1.0707535353535353], [null, 0.516787714971932, 1.0909545454545455], [null, 0.5096027947319136, 1.1111555555555557], [null, 0.5026727570818966, 1.1313565656565656], [null, 0.49597987065725724, 1.1515575757575758], [null, 0.48950741777594725, 1.171758585858586], [null, 0.4832396559825437, 1.1919595959595959], [null, 0.47716171337129737, 1.212160606060606], [null, 0.4712595707071465, 1.2323616161616162], [null, 0.4655199800661182, 1.2525626262626264], [null, 0.45993040984744954, 1.2727636363636363], [null, 0.45447898667195713, 1.2929646464646465], [null, 0.44915443862737625, 1.3131656565656566], [null, 0.4439460397880448, 1.3333666666666666], [null, 0.4388435557145018, 1.3535676767676768], [null, 0.4338371897040519, 1.373768686868687], [null, 0.4289175304903927, 1.393969696969697], [null, 0.42407549776861925, 1.414170707070707], [null, 0.41930229071265135, 1.4343717171717172], [null, 0.414589332934948, 1.4545727272727274], [null, 0.40992821683516606, 1.4747737373737373], [null, 0.40531064492665997, 1.4949747474747475], [null, 0.4007283685749143, 1.5151757575757576], [null, 0.3961731145049127, 1.5353767676767678], [null, 0.3916365320457633, 1.5555777777777777], [null, 0.3871100678292219, 1.575778787878788], [null, 0.3825849114672434, 1.595979797979798], [null, 0.3780518575769069, 1.6161808080808082], [null, 0.37350117863203985, 1.6363818181818182], [null, 0.3689224573334092, 1.6565828282828283], [null, 0.364304382874531, 1.6767838383838385], [null, 0.35963448535597237, 1.6969848484848484], [null, 0.3548988033533357, 1.7171858585858586], [null, 0.35008142725330826, 1.7373868686868688], [null, 0.34516389731683356, 1.757587878787879], [null, 0.3401243483586902, 1.7777888888888889], [null, 0.3349362916419267, 1.797989898989899], [null, 0.3295667966364847, 1.8181909090909092], [null, 0.32397367144307454, 1.8383919191919191], [null, 0.31810085708785013, 1.8585929292929293], [null, 0.3118704036379715, 1.8787939393939395], [null, 0.3051672476087412, 1.8989949494949496], [null, 0.297806740925456, 1.9191959595959596], [null, 0.2894519984426501, 1.9393969696969697], [null, 0.2793278227608085, 1.95959797979798], [null, 0.26388676252046966, 1.9797989898989898], [null, 1.7386092565629951e-13, 2.0]]}