{"dim": 3, "delta": 1.0, "mu": 5.906055070328385, "dmu": 0.6950000000000001, "g": -0.3514958709352178, "k_c": 50, "data": [[0.20647596339329805, 0.30561425534331754, 0.0001], [0.20670882169515414, 0.30558858372446235, 0.010199999999999999], [0.2074892043750542, 0.30551242340159285, 0.0203], [0.2083257109080446, 0.3053853564181002, 0.0304], [0.20912275565613164, 0.30520667447322997, 0.0405], [0.20991826944927844, 0.304975361031738, 0.0506], [0.21073420423563607, 0.3046900634581133, 0.060700000000000004], [0.21158665666004406, 0.3043490542044081, 0.0708], [0.2124895653923096, 0.303950178373302, 0.0809], [0.21345649121538574, 0.3034907835261007, 0.091], [0.21450172420786903, 0.302967626908407, 0.1011], [0.21564117339929378, 0.3023767488546485, 0.1112], [0.2168932597684905, 0.3017133041085767, 0.1213], [0.21827996732257834, 0.30097132694469614, 0.1314], [0.21982821055884838, 0.30014340152020874, 0.1415], [0.22157173571562558, 0.29922018579003734, 0.15159999999999998], [0.2235538973378374, 0.2981897014589295, 0.16169999999999998], [0.22583190042825063, 0.29703623377571287, 0.17179999999999998], [0.22848359939893845, 0.2957385408455947, 0.18189999999999998], [0.23161901933663853, 0.2942667533135879, 0.19199999999999998], [0.23540128293308502, 0.2925765628992976, 0.20209999999999997], [0.24008824259493483, 0.29059701159084345, 0.21219999999999997], [0.24612648972919288, 0.2882003527955554, 0.22229999999999997], [0.2544086980482522, 0.2851039512363963, 0.23239999999999997]]}