{"dim": 3, "delta": 2.75, "mu": 5.906055070328385, "dmu": 1.58125, "g": -0.37422717504461167, "k_c": 50, "data": [[0.4086638215835079, 0.8401842223534681, 0.0001], [0.40838832995965224, 0.8401499261887302, 0.027876767676767673], [0.40756658214367975, 0.840047456074507, 0.05565353535353535], [0.40620086859367577, 0.8398765951516242, 0.08343030303030302], [0.40429486807790843, 0.8396369799932365, 0.1112070707070707], [0.40185338531138026, 0.8393280970712386, 0.13898383838383835], [0.39888189555067277, 0.8389492771444003, 0.16676060606060603], [0.39538568269011287, 0.8384996869916347, 0.1945373737373737], [0.3913679834488305, 0.8379783234702, 0.22231414141414138], [0.3868248750465677, 0.8373839990212397, 0.2500909090909091], [0.38171967209514696, 0.8367153295096148, 0.2778676767676767], [0.37602949866020957, 0.835970717399284, 0.3056444444444444], [0.3701551118486617, 0.8351483316372023, 0.33342121212121206], [0.36409479828806174, 0.8342460837567841, 0.36119797979797974], [0.3578303583868079, 0.8332615988270231, 0.3889747474747474], [0.35134506206996813, 0.8321921809701591, 0.4167515151515151], [0.34462348453634983, 0.8310347710970912, 0.4445282828282828], [0.33765147543680174, 0.8297858957521069, 0.47230505050505045], [0.33041623451323404, 0.828441605476261, 0.5000818181818182], [0.3229064696932824, 0.8269973960352297, 0.5278585858585858], [0.31511262548953795, 0.8254481165308278, 0.5556353535353534], [0.3070271671669681, 0.8237878457457128, 0.5834121212121212], [0.2986449091768582, 0.8220097423270659, 0.6111888888888888], [0.2899633704064852, 0.8201058472692003, 0.6389656565656565], [0.28098314118385304, 0.8180668288732929, 0.6667424242424241], [0.2717082408875239, 0.8158816407115068, 0.6945191919191919], [0.2621464444992074, 0.8135370580231865, 0.7222959595959595], [0.2523095548997006, 0.8110170336576948, 0.7500727272727272], [0.2422135988641842, 0.8083017720775529, 0.7778494949494948], [0.23187892649125888, 0.8053663638504832, 0.8056262626262626], [0.22133019929278605, 0.8021786713763414, 0.8334030303030302], [0.21059625815662675, 0.7986958962106767, 0.8611797979797979], [0.19919922927805392, 0.7948586109202632, 0.8889565656565656], [0.1868355219420147, 0.7905794128838081, 0.9167333333333332], [0.17344213599352953, 0.7857184248161918, 0.9445101010101009], [0.15879785596185272, 0.7800184013594474, 0.9722868686868685], [0.14253822562193139, 0.772848095984939, 1.0000636363636364], [0.12404297056040621, 0.760568192107572, 1.0278404040404039], [0.10211447800450199, 0.7461969987910517, 1.0556171717171716], [0.07376069893673953, 0.7326190472653201, 1.0833939393939394], [0.020674312769268753, 0.7197849296089868, 1.1111707070707069], [null, 0.7076464721984753, 1.1389474747474746], [null, 0.6961570493530473, 1.1667242424242423], [null, 0.6852718205866775, 1.19450101010101], [null, 0.6749479301785893, 1.2222777777777776], [null, 0.665144635238115, 1.2500545454545453], [null, 0.6558233804346328, 1.277831313131313], [null, 0.6469478340479003, 1.3056080808080808], [null, 0.6384838775369449, 1.3333848484848483], [null, 0.6303995653334825, 1.361161616161616], [null, 0.6226650571769741, 1.3889383838383837], [null, 0.6152525290744312, 1.4167151515151513], [null, 0.6081361132893133, 1.444491919191919], [null, 0.6012916964120105, 1.4722686868686867], [null, 0.5946969067424425, 1.5000454545454545], [null, 0.5883309456453979, 1.527822222222222], [null, 0.5821744839261224, 1.5555989898989897], [null, 0.576209546661607, 1.5833757575757574], [null, 0.5704194052041607, 1.6111525252525252], [null, 0.5647884706109342, 1.6389292929292927], [null, 0.5593021929864231, 1.6667060606060604], [null, 0.553946965609626, 1.6944828282828281], [null, 0.5487100341184228, 1.7222595959595959], [null, 0.543579411218536, 1.7500363636363634], [null, 0.5385437933433255, 1.7778131313131311], [null, 0.5335924883698522, 1.8055898989898989], [null, 0.5287153339850298, 1.8333666666666664], [null, 0.5239026354680982, 1.861143434343434], [null, 0.5191450938001375, 1.8889202020202018], [null, 0.5144337404266448, 1.9166969696969696], [null, 0.509759872265987, 1.944473737373737], [null, 0.505114986786361, 1.9722505050505048], [null, 0.5004907161562604, 2.0000272727272725], [null, 0.49587875902911094, 2.0278040404040403], [null, 0.4912708050124847, 2.055580808080808], [null, 0.4866584819375888, 2.0833575757575757], [null, 0.48203322176437674, 2.1111343434343435], [null, 0.4773862172059694, 2.138911111111111], [null, 0.4727082898112697, 2.166687878787879], [null, 0.4679897686819915, 2.1944646464646467], [null, 0.4632203450565528, 2.222241414141414], [null, 0.4583888873135227, 2.2500181818181817], [null, 0.4534832242355062, 2.2777949494949494], [null, 0.44848986319082085, 2.305571717171717], [null, 0.4433936323371455, 2.333348484848485], [null, 0.4381772113354836, 2.3611252525252526], [null, 0.43282050291289625, 2.3889020202020204], [null, 0.4272997707619704, 2.4166787878787876], [null, 0.42158642416167963, 2.4444555555555554], [null, 0.41564524967673994, 2.472232323232323], [null, 0.40943174173844643, 2.500009090909091], [null, 0.4028878885552584, 2.5277858585858586], [null, 0.39593514157653714, 2.5555626262626263], [null, 0.38846182247455224, 2.583339393939394], [null, 0.380298326308537, 2.611116161616162], [null, 0.37116124156970387, 2.638892929292929], [null, 0.3604977756837219, 2.666669696969697], [null, 0.3468355069145827, 2.6944464646464645], [null, 0.2943790023919653, 2.7222232323232323], [null, -8.97615315409439e-14, 2.75]]}