{"dim": 3, "delta": 8.0, "mu": 5.906055070328385, "dmu": 4.116129032258065, "g": -0.40063251072160444, "k_c": 50, "data": [[0.9870019465201278, null, 0.8889777777777779], [0.958481732846294, null, 0.9697848484848486], [0.9285080287272212, null, 1.0505919191919193], [0.8969605772383337, null, 1.13139898989899], [0.8636739333001514, null, 1.2122060606060607], [0.8284386762525895, null, 1.2930131313131314], [0.7909925405999733, null, 1.3738202020202022], [0.7510028702447071, null, 1.4546272727272729], [0.7080375040299128, null, 1.5354343434343436], [0.6615166286803064, null, 1.6162414141414143], [0.6106291803882585, null, 1.697048484848485], [0.5541760807943904, null, 1.7778555555555557], [0.4902426403593074, null, 1.8586626262626265], [0.4153957674207751, null, 1.9394696969696972], [0.3221260288368693, null, 2.020276767676768], [0.18433714969593284, null, 2.101083838383839]]}