{"dim": 3, "delta": 5.25, "mu": 5.906055070328385, "dmu": 3.1368750000000003, "g": -0.38988457053455944, "k_c": 50, "data": [[0.9540975636371426, null, 0.0001], [0.9565111817412452, null, 0.053129292929292936], [0.9585660509699688, null, 0.10615858585858587], [0.9604851760594629, null, 0.1591878787878788], [0.9624659900390737, null, 0.21221717171717172], [0.9646142401050205, null, 0.2652464646464647], [0.9670215280286399, null, 0.3182757575757576], [0.9697895082037012, null, 0.3713050505050505], [0.9730469906468743, null, 0.42433434343434345], [0.9769714765454668, null, 0.4773636363636364], [0.9818252374846183, null, 0.5303929292929294], [0.9880261778293207, null, 0.5834222222222223], [0.9963094066526131, null, 0.6364515151515152], [1.0081797150491767, null, 0.6894808080808081], [1.0277414022739426, null, 0.7425101010101011]]}