{"dim": 3, "delta": 0.25, "mu": 5.906055070328385, "dmu": 0.15875, "g": -0.3240909709653437, "k_c": 50, "data": [[0.04407682833010752, 0.08414139601503513, 0.0001], [0.04404191496696634, 0.08413767102001327, 0.0026242424242424243], [0.043940521012314174, 0.08412703600305808, 0.005148484848484849], [0.04376475398635873, 0.08410947068264478, 0.007672727272727274], [0.043491818670112654, 0.08408494141263707, 0.010196969696969697], [0.04321020870912546, 0.0840534008552684, 0.012721212121212123], [0.04293419294365942, 0.08401478753571809, 0.015245454545454546], [0.042659536558110576, 0.08396902525086208, 0.01776969696969697], [0.04238335123521323, 0.08391602240139, 0.020293939393939395], [0.042103467179468605, 0.08385567075078312, 0.02281818181818182], [0.041818119386730926, 0.08378784483434437, 0.025342424242424246], [0.04152577360182183, 0.08371240007317626, 0.027866666666666668], [0.041225020961803846, 0.08362917158398053, 0.030390909090909093], [0.0409145089728289, 0.08353797207544883, 0.03291515151515152], [0.04059289293174203, 0.0834385894329135, 0.035439393939393944], [0.04025879896001593, 0.08333078451594361, 0.03796363636363637], [0.03991079404592478, 0.08321428721836358, 0.040487878787878795], [0.03954736052938122, 0.08308879308257035, 0.04301212121212122], [0.03916686999286188, 0.08295395844425997, 0.045536363636363646], [0.03876756652330496, 0.08280939483036709, 0.04806060606060607], [0.038347540210649546, 0.08265466203913321, 0.050584848484848496], [0.03790470990662332, 0.08248925967961568, 0.05310909090909092], [0.03743680400666568, 0.08231261677533101, 0.05563333333333334], [0.03694134450453523, 0.08212407824654412, 0.05815757575757577], [0.03641563506039772, 0.08192288863354352, 0.06068181818181819], [0.03585675547727932, 0.08170817045861052, 0.06320606060606061], [0.0352615663961357, 0.08147889626228434, 0.06573030303030304], [0.034626727916792256, 0.08123385155724168, 0.06825454545454547], [0.033948738457115275, 0.08097158233616741, 0.07077878787878789], [0.033224000674216124, 0.08069033703874036, 0.07330303030303031], [0.032448925566104486, 0.08038794483821651, 0.07582727272727274], [0.03162005565688913, 0.08006169368700035, 0.07835151515151516], [0.03073429040968674, 0.07970809740454851, 0.08087575757575759], [0.029789086164347275, 0.07932254441732857, 0.08340000000000002], [0.028782751336950678, 0.07889869767369061, 0.08592424242424243], [0.027714743791382786, 0.07842739270341549, 0.08844848484848486], [0.02658596460866067, 0.07789438733953546, 0.09097272727272729], [0.025399005929499875, 0.07727497331144305, 0.0934969696969697], [0.02415830625474655, 0.07651711959858676, 0.09602121212121213], [0.022870174557445673, 0.07544037617720596, 0.09854545454545456], [0.02154265956169676, 0.07278161001497346, 0.10106969696969699], [0.02018526775238991, 0.07014186119851462, 0.1035939393939394], [0.018808563401204674, 0.06776900402977555, 0.10611818181818183], [0.01742369718637091, 0.06563608722722822, 0.10864242424242426], [0.01604193360583259, 0.06371753662459552, 0.11116666666666668], [0.01467422244168019, 0.061989413122154335, 0.1136909090909091], [0.01333085706546258, 0.06042962816396513, 0.11621515151515154], [0.012021235894895425, 0.05901806321620479, 0.11873939393939395], [0.010720826319201272, 0.05773660879748715, 0.12126363636363638], [0.009116785169482318, 0.05656912132531604, 0.12378787878787881], [0.0070549405840612004, 0.05550132443013798, 0.1263121212121212], [0.003936007288370618, 0.05452067199793514, 0.12883636363636364], [null, 0.05361618650474137, 0.13136060606060607], [null, 0.05277828401625699, 0.1338848484848485], [null, 0.051998659046571034, 0.13640909090909092], [null, 0.05127003040934157, 0.13893333333333333], [null, 0.05058609812994225, 0.14145757575757575], [null, 0.049941366409813594, 0.14398181818181818], [null, 0.04933104046254308, 0.1465060606060606], [null, 0.04875092814078017, 0.14903030303030304], [null, 0.048197354087434884, 0.15155454545454547], [null, 0.047667085917042204, 0.15407878787878787], [null, 0.04715727146672902, 0.1566030303030303], [null, 0.04666538298729673, 0.15912727272727273], [null, 0.046189171800112845, 0.16165151515151516], [null, 0.04572662765981852, 0.16417575757575759], [null, 0.045275944161999655, 0.16670000000000001], [null, 0.0448354891154614, 0.16922424242424244], [null, 0.044403779888775106, 0.17174848484848484], [null, 0.043979458575114656, 0.17427272727272727], [null, 0.04356127473271333, 0.1767969696969697], [null, 0.043148066988812475, 0.17932121212121213], [null, 0.042738746948461234, 0.18184545454545456], [null, 0.04233228556720185, 0.184369696969697], [null, 0.04192770340322433, 0.1868939393939394], [null, 0.041524049435974875, 0.18941818181818182], [null, 0.04112039879448652, 0.19194242424242425], [null, 0.04071583599923378, 0.19446666666666668], [null, 0.04030944400928571, 0.1969909090909091], [null, 0.03990029163826375, 0.19951515151515153], [null, 0.03948741959158348, 0.20203939393939396], [null, 0.03906982509102616, 0.20456363636363636], [null, 0.038646444501380176, 0.2070878787878788], [null, 0.03821613025175422, 0.20961212121212122], [null, 0.037777626485593706, 0.21213636363636365], [null, 0.03732953541253613, 0.21466060606060608], [null, 0.03687027510898012, 0.2171848484848485], [null, 0.03639802149143057, 0.2197090909090909], [null, 0.03591063729849566, 0.22223333333333334], [null, 0.03540555509070112, 0.22475757575757577], [null, 0.03487963235119627, 0.2272818181818182], [null, 0.03432891482705125, 0.22980606060606062], [null, 0.03374827443824908, 0.23233030303030305], [null, 0.033130809328438246, 0.23485454545454545], [null, 0.03246678297874691, 0.23737878787878788], [null, 0.03174157087321669, 0.2399030303030303], [null, 0.03093115449389463, 0.24242727272727274], [null, 0.0299901302857189, 0.24495151515151517], [null, 0.028806479787651065, 0.2474757575757576], [null, -7.627232179174825e-14, 0.25]]}