{"dim": 3, "delta": 1.25, "mu": 5.906055070328385, "dmu": 0.8687499999999999, "g": -0.3563134090055086, "k_c": 50, "data": [[0.2595382125523856, 0.3753072236530573, 0.0001], [0.259793885984152, 0.3752727515129412, 0.012725252525252525], [0.26065225649309365, 0.37517019393187645, 0.02535050505050505], [0.26188744382752366, 0.3749988975557106, 0.03797575757575758], [0.26306646306236803, 0.3747577546404519, 0.050601010101010105], [0.2642450636596798, 0.3744451687380482, 0.06322626262626263], [0.2654557586202877, 0.37405900364921796, 0.07585151515151516], [0.2667226637916257, 0.3735965118051788, 0.08847676767676768], [0.26806699108510684, 0.37305423549833405, 0.1011020202020202], [0.26950971084314856, 0.3724278728411954, 0.11372727272727273], [0.2710733088817941, 0.37171209449788056, 0.12635252525252524], [0.2727832711826366, 0.37090029109336836, 0.13897777777777776], [0.2746696735648971, 0.36998421909112766, 0.1516030303030303], [0.27676915588494977, 0.36895349383300124, 0.16422828282828283], [0.27912762686776066, 0.36779484092743314, 0.17685353535353535], [0.281804206410973, 0.36649095476795734, 0.18947878787878786], [0.28487729362807024, 0.36501867473707933, 0.2021040404040404], [0.28845441415808615, 0.36334590910540876, 0.21472929292929294], [0.2926892052020606, 0.3614260535091076, 0.22735454545454545], [0.2978130234868169, 0.3591868313052, 0.23997979797979796], [0.30419998184576863, 0.35650465156262273, 0.2526050505050505], [0.31252137208696223, 0.3531312550542574, 0.26523030303030304], [0.32420524467143347, 0.34837304895203514, 0.2778555555555555]]}