{"dim": 3, "delta": 2.5, "mu": 5.906055070328385, "dmu": 2.5, "g": -0.3719912209058008, "k_c": 50, "data": []}