{"dim": 3, "delta": 5.0, "mu": 5.906055070328385, "dmu": 2.855263157894737, "g": -0.38867196341527066, "k_c": 50, "data": [[0.8221964824844449, null, 0.0001], [0.8212104096011886, null, 0.05060404040404041], [0.8181977079599289, null, 0.10110808080808081], [0.8126707137602016, null, 0.1516121212121212], [0.8058739060977058, null, 0.2021161616161616], [0.7990873103591734, null, 0.252620202020202], [0.7921584632570123, null, 0.3031242424242424], [0.784984138623301, null, 0.35362828282828285], [0.7774833629644824, null, 0.40413232323232323], [0.7695858170419326, null, 0.4546363636363636], [0.7612262033459515, null, 0.5051404040404041], [0.7523413753016528, null, 0.5556444444444445], [0.7428689702454093, null, 0.6061484848484848], [0.7327470193301907, null, 0.6566525252525253], [0.7219143078769941, null, 0.7071565656565657], [0.7103113887201002, null, 0.757660606060606], [0.6978821946312047, null, 0.8081646464646465], [0.684576177556778, null, 0.8586686868686869], [0.6703508813324152, null, 0.9091727272727272], [0.6551747288156305, null, 0.9596767676767677], [0.6390297945115091, null, 1.0101808080808081], [0.6219142234738573, null, 1.0606848484848486], [0.603843966230608, null, 1.111188888888889], [0.5848535654534718, null, 1.1616929292929292], [0.5649958118029287, null, 1.2121969696969697], [0.5443402969543321, null, 1.26270101010101], [0.5229710163767833, null, 1.3132050505050505], [0.50098332588222, null, 1.363709090909091], [0.4784806063226316, null, 1.4142131313131314], [0.455570977788187, null, 1.4647171717171716], [0.4323643772729232, null, 1.515221212121212], [0.40896989361903086, null, 1.5657252525252525], [0.38549426449089436, null, 1.616229292929293], [0.362040150744275, null, 1.6667333333333334], [0.3387054964947463, null, 1.7172373737373738], [0.3145233194871691, null, 1.7677414141414143], [0.2866108080562626, 0.993478775606778, 1.8182454545454545], [0.2546689347818691, 0.9847994895881487, 1.868749494949495], [0.2172626430402481, 0.9766162853779917, 1.9192535353535354], [0.17103719480190915, 0.9688745099439451, 1.9697575757575758], [0.10510781838072823, 0.9615252989834524, 2.0202616161616165], [null, 0.9545250121078901, 2.0707656565656567], [null, 0.9478346825218756, 2.1212696969696974], [null, 0.9414195090067797, 2.1717737373737376], [null, 0.9352483734836099, 2.2222777777777782], [null, 0.9292934203485627, 2.2727818181818185], [null, 0.9235296590417982, 2.3232858585858587], [null, 0.9179346283980685, 2.3737898989898993], [null, 0.9124880846494114, 2.4242939393939396], [null, 0.907171731512899, 2.47479797979798], [null, 0.9019689794727584, 2.5253020202020204], [null, 0.8968647346004026, 2.575806060606061], [null, 0.8918452150768348, 2.6263101010101013], [null, 0.8868977791543023, 2.6768141414141415], [null, 0.8820107867567952, 2.727318181818182], [null, 0.8771734668478282, 2.7778222222222224], [null, 0.8723758028922292, 2.828326262626263], [null, 0.8676084302879654, 2.8788303030303033], [null, 0.8628627120110354, 2.9293343434343435], [null, 0.8581298139798245, 2.979838383838384], [null, 0.8534023114706201, 3.0303424242424244], [null, 0.8486724361814699, 3.080846464646465], [null, 0.8439328523838926, 3.1313505050505053], [null, 0.8391764271147542, 3.181854545454546], [null, 0.8343961669862524, 3.232358585858586], [null, 0.8295851828967219, 3.2828626262626264], [null, 0.8247365901563684, 3.333366666666667], [null, 0.8198434948411004, 3.3838707070707073], [null, 0.8148989124526721, 3.434374747474748], [null, 0.8098957177839666, 3.484878787878788], [null, 0.8048265725719066, 3.535382828282829], [null, 0.7996838525820197, 3.585886868686869], [null, 0.7944595800373757, 3.6363909090909092], [null, 0.7891453275801412, 3.68689494949495], [null, 0.7837321202012464, 3.73739898989899], [null, 0.7782103177147077, 3.7879030303030308], [null, 0.7725694769202942, 3.838407070707071], [null, 0.766798187018734, 3.888911111111111], [null, 0.7608838695003625, 3.939415151515152], [null, 0.7548125326142275, 3.989919191919192], [null, 0.7485684650553003, 4.040423232323232], [null, 0.7421338482670543, 4.0909272727272725], [null, 0.7354882577992168, 4.141431313131313], [null, 0.7286080112759106, 4.191935353535354], [null, 0.7214652981571174, 4.242439393939394], [null, 0.7140269942514493, 4.292943434343434], [null, 0.7062530055298155, 4.3434474747474745], [null, 0.6980938873840863, 4.393951515151515], [null, 0.6894873042270905, 4.444455555555556], [null, 0.6803525449331672, 4.494959595959596], [null, 0.6705815866040193, 4.545463636363636], [null, 0.6600235711326952, 4.5959676767676765], [null, 0.6484554609355258, 4.646471717171717], [null, 0.635519652515098, 4.696975757575758], [null, 0.6205656017274728, 4.747479797979798], [null, 0.6021004233929996, 4.797983838383838], [null, 0.572850180615901, 4.8484878787878785], [null, 0.4690426687237512, 4.898991919191919], [null, 0.3316533212256186, 4.94949595959596], [null, 2.3869795029440866e-15, 5.0]]}