{"dim": 3, "delta": 8.0, "mu": 5.906055070328385, "dmu": 5.122580645161291, "g": -0.40063251072160444, "k_c": 50, "data": []}