{"dim": 3, "delta": 4.5, "mu": 5.906055070328385, "dmu": 2.7661764705882352, "g": -0.38607214965680303, "k_c": 50, "data": [[0.8347673072403886, null, 0.0001], [0.8369631586086718, null, 0.04555353535353536], [0.8391462668610654, null, 0.09100707070707072], [0.8411431839833415, null, 0.13646060606060606], [0.8431613762849461, null, 0.18191414141414142], [0.84530117485951, null, 0.22736767676767677], [0.8476399374527493, null, 0.27282121212121213], [0.8502551221880884, null, 0.3182747474747475], [0.8532366121046486, null, 0.36372828282828285], [0.8566983724566256, null, 0.4091818181818182], [0.8607943282343434, null, 0.45463535353535356], [0.8657444719642923, null, 0.5000888888888889], [0.8718833285627282, null, 0.5455424242424243], [0.8797613662577256, null, 0.5909959595959596], [0.8903934293392931, null, 0.636449494949495], [0.9060401357358624, null, 0.6819030303030303], [0.9343492209318371, null, 0.7273565656565657]]}