{"dim": 3, "delta": 0.5, "mu": 5.906055070328385, "dmu": 0.2, "g": -0.3372612527736217, "k_c": 50, "data": [[0.186813199669828, null, 0.0001], [0.18680956968339021, null, 0.00514949494949495], [0.18679895426303186, null, 0.010198989898989898], [0.1867813474354216, null, 0.015248484848484848], [0.18675673926115083, null, 0.020297979797979798], [0.18672511582200793, null, 0.025347474747474747], [0.18668645917770457, null, 0.030396969696969697], [0.1866407473061522, null, 0.03544646464646465], [0.18658795410462004, null, 0.0404959595959596], [0.186528049196843, null, 0.04554545454545455], [0.18646099795970683, null, 0.0505949494949495], [0.18638676137619403, null, 0.05564444444444445], [0.18630529595212794, null, 0.0606939393939394], [0.18621655360912023, null, 0.06574343434343434], [0.18612048123429867, null, 0.0707929292929293], [0.18601702095719982, null, 0.07584242424242425], [0.1859061101231065, null, 0.0808919191919192], [0.18578768034268264, null, 0.08594141414141414], [0.18566165786991493, null, 0.0909909090909091], [0.18552795352306792, null, 0.09604040404040405], [0.18538651080911703, null, 0.101089898989899], [0.1852372088476026, null, 0.10613939393939394], [0.18507995896668866, null, 0.11118888888888889], [0.18491465565806461, null, 0.11623838383838385], [0.18474118620168598, null, 0.12128787878787879], [0.18455943005232586, null, 0.12633737373737372], [0.18436925843487695, null, 0.13138686868686866], [0.1841705338318661, null, 0.13643636363636363], [0.18396310936063603, null, 0.14148585858585858], [0.1837468282700956, null, 0.14653535353535352], [0.1835215231283147, null, 0.1515848484848485], [0.18328701506425923, null, 0.15663434343434343], [0.18304311303308327, null, 0.16168383838383837], [0.1827896127128021, null, 0.16673333333333332], [0.18252629558771752, null, 0.17178282828282826], [0.1822529276269462, null, 0.17683232323232323], [0.18196925815391726, null, 0.18188181818181817], [0.18167501813131043, null, 0.18693131313131311], [0.1813699186333741, null, 0.19198080808080809], [0.18105364892042064, null, 0.19703030303030303], [0.18072587425865305, null, 0.20207979797979797], [0.18038623359759012, null, 0.2071292929292929], [0.18003433650669048, null, 0.21217878787878786], [0.17966976021171416, null, 0.21722828282828283], [0.17929204579036567, null, 0.22227777777777777], [0.1789006939200039, null, 0.2273272727272727], [0.17849515956360246, null, 0.23237676767676768], [0.17807484679130384, null, 0.23742626262626262], [0.17763910113784143, null, 0.24247575757575757], [0.17718720148721412, null, 0.2475252525252525], [0.17671835105596082, null, 0.25257474747474745], [0.17623166413616598, null, 0.2576242424242424], [0.17572615270936645, null, 0.26267373737373734], [0.17520070834020526, null, 0.2677232323232323], [0.17465408057399803, null, 0.2727727272727273], [0.17408484832073465, null, 0.2778222222222222], [0.17349138556866997, null, 0.28287171717171716], [0.17287181515306588, null, 0.28792121212121213], [0.17222394927243678, null, 0.29297070707070705], [0.17154520812766136, null, 0.298020202020202], [0.17083250986673176, null, 0.303069696969697], [0.17008211386348396, null, 0.3081191919191919], [0.16928939245272787, null, 0.3131686868686869], [0.1684484845840645, null, 0.3182181818181818], [0.167551743223949, null, 0.32326767676767676], [0.1665887956083786, null, 0.32831717171717173], [0.16554480289349233, null, 0.33336666666666664], [0.1643968156640964, null, 0.3384161616161616], [0.16310451906606316, null, 0.34346565656565653], [0.16157583804334083, null, 0.3485151515151515], [0.15937079799014137, null, 0.35356464646464647], [0.15687865871345555, null, 0.3586141414141414], [0.15444014080305932, null, 0.36366363636363636], [0.1520512223230481, null, 0.3687131313131313], [0.14970799594906112, null, 0.37376262626262624], [0.14740664620371088, null, 0.3788121212121212], [0.14514342551161977, null, 0.3838616161616162], [0.1429146288024119, null, 0.3889111111111111], [0.14071656580759923, null, 0.39396060606060607], [0.13854552997703384, null, 0.399010101010101], [0.13639776364870773, null, 0.40405959595959595], [0.13426941778999882, null, 0.4091090909090909], [0.13215650191997813, null, 0.41415858585858584], [0.13005482758797057, null, 0.4192080808080808], [0.1279599352163303, null, 0.4242575757575757], [0.12586699618394143, null, 0.4293070707070707], [0.12377070062760262, null, 0.43435656565656566], [0.12166509170454684, null, 0.4394060606060606], [0.11954334778927307, null, 0.44445555555555555], [0.11739747507443479, null, 0.4495050505050505], [0.11521786165707121, null, 0.45455454545454543], [0.11299260376879022, null, 0.4596040404040404], [0.11070644712535811, null, 0.4646535353535354], [0.10833902150510016, null, 0.4697030303030303], [0.1058616884052569, null, 0.47475252525252526], [0.10323135907369643, null, 0.4798020202020202], [0.10037666025222716, null, 0.48485151515151514], [0.09715995530302811, null, 0.4899010101010101], [0.09322434294603697, null, 0.49495050505050503], [-3.3306690738754696e-16, null, 0.5]]}