{"dim": 3, "delta": 0.2, "mu": 5.906055070328385, "dmu": 0.14350000000000002, "g": -0.32006361602683453, "k_c": 50, "data": [[0.043390384523306784, 0.061197582217186026, 0.0001], [0.04342331996596266, 0.061190883025071745, 0.002119191919191919], [0.04351760919542382, 0.06117194631549922, 0.004138383838383839], [0.04367960683869231, 0.06114063707146935, 0.006157575757575758], [0.043925039953270385, 0.061096728276419605, 0.008176767676767676], [0.04418289238294742, 0.06103988870395884, 0.010195959595959595], [0.04444609510323404, 0.06096968849054424, 0.012215151515151516], [0.04471963779129273, 0.06088555537875263, 0.014234343434343434], [0.04500779108139898, 0.060786769815951144, 0.016253535353535353], [0.04531467268494735, 0.06067242859280628, 0.018272727272727274], [0.045644599107078916, 0.060541399083743015, 0.02029191919191919], [0.04600236751246168, 0.060392257994644, 0.02231111111111111], [0.046393538888080524, 0.06022319049390589, 0.024330303030303032], [0.046824773121101886, 0.06003186508616881, 0.02634949494949495], [0.0473042693280499, 0.05981521895336658, 0.02836868686868687], [0.04784238579434659, 0.05956911276980065, 0.030387878787878787], [0.04845255969945042, 0.05928775233159524, 0.03240707070707071], [0.04915273929924468, 0.05896261845535276, 0.03442626262626263], [0.0499677329123141, 0.058580263908203874, 0.03644545454545455], [0.05093330628956241, 0.05811711454755865, 0.038464646464646465], [0.052103907347095184, 0.05752375737622452, 0.040483838383838386], [0.05356882740632287, 0.05664746534551086, 0.042503030303030306]]}