{"dim": 3, "delta": 0.75, "mu": 5.906055070328385, "dmu": 0.49875, "g": -0.34545454776739287, "k_c": 50, "data": [[0.14433896066455618, 0.2413740756006291, 0.0001], [0.14403359326185208, 0.24136062818160384, 0.007674747474747475], [0.1437499298158921, 0.24132093514045533, 0.015249494949494949], [0.14351585325490748, 0.24125488067103504, 0.022824242424242424], [0.14330399150177645, 0.24116226879013594, 0.030398989898989898], [0.14310480985812984, 0.241042821510316, 0.037973737373737375], [0.14291389521621017, 0.24089617492672719, 0.04554848484848485], [0.14272893303602513, 0.2407218738641475, 0.05312323232323232], [0.14254865778455855, 0.2405193645546263, 0.0606979797979798], [0.14237240805756202, 0.24028798610602145, 0.06827272727272728], [0.1421999132279331, 0.24002695930096507, 0.07584747474747475], [0.14203118489408614, 0.23973537290358962, 0.08342222222222222], [0.14186646114150162, 0.23941216672728763, 0.0909969696969697], [0.14170618141357433, 0.23905611057651366, 0.09857171717171717], [0.14155098102227454, 0.23866577803075134, 0.10614646464646464], [0.14140170078714445, 0.2382395136046318, 0.11372121212121213], [0.14125940991638775, 0.23777539123520133, 0.1212959595959596], [0.14112544347307493, 0.23727116119154823, 0.12887070707070705], [0.14100145564109134, 0.23672418150714988, 0.13644545454545454], [0.14088949496451597, 0.23613132787995667, 0.144020202020202], [0.1407921071292379, 0.23548887377482985, 0.15159494949494948], [0.1407124788796158, 0.23479232636123804, 0.15916969696969696], [0.14065463852929883, 0.2340361994958153, 0.16674444444444442], [0.14062374320023155, 0.23321368643466303, 0.1743191919191919], [0.14062649785678646, 0.23231618010401406, 0.18189393939393939], [0.14067178503382619, 0.2313325305579688, 0.18946868686868684], [0.1407716403949049, 0.2302478516413303, 0.19704343434343433], [0.14094283020900894, 0.22904147273903092, 0.2046181818181818], [0.14120952437930714, 0.22768314264867728, 0.21219292929292927], [0.14160812121485183, 0.22612514634666045, 0.21976767676767675], [0.1421966857125495, 0.22428313902270675, 0.22734242424242423], [0.1430755523815521, 0.22197476217238235, 0.2349171717171717], [0.14444017196144013, 0.21854224449508589, 0.24249191919191918], [0.1467579855983012, 0.2024652983688952, 0.25006666666666666], [0.15183822009606987, 0.18095429645323838, 0.2576414141414141]]}