{"dim": 3, "delta": 5.75, "mu": 5.906055070328385, "dmu": 3.5414772727272728, "g": -0.3921613007980973, "k_c": 50, "data": []}