{"dim": 3, "delta": 6.5, "mu": 5.906055070328385, "dmu": 3.523, "g": -0.3952652028291439, "k_c": 50, "data": [[0.9944786495448716, null, 0.26272222222222225], [0.9823670560412667, null, 0.3283777777777778], [0.9698229395689326, null, 0.39403333333333335], [0.9566895802402455, null, 0.4596888888888889], [0.9428397040913669, null, 0.5253444444444445], [0.9281705274589905, null, 0.5910000000000001], [0.9125972313992265, null, 0.6566555555555557], [0.8960509299871566, null, 0.7223111111111112], [0.8784787554933874, null, 0.7879666666666667], [0.8598450999006997, null, 0.8536222222222223], [0.8401330273214841, null, 0.9192777777777779], [0.8193454276135651, null, 0.9849333333333334], [0.7975054552087293, null, 1.050588888888889], [0.7746560136345713, null, 1.1162444444444446], [0.7508582204000657, null, 1.1819000000000002], [0.7261889672108608, null, 1.2475555555555558], [0.7007378272977028, null, 1.3132111111111113], [0.674603641276189, null, 1.378866666666667], [0.6478911143944884, null, 1.4445222222222225], [0.6207077057221931, null, 1.510177777777778], [0.5931609973204103, null, 1.5758333333333334], [0.5653566435008582, null, 1.641488888888889], [0.5366470382911837, null, 1.7071444444444446], [0.5049398684751556, null, 1.7728000000000002], [0.47027001019356135, null, 1.8384555555555557], [0.43213377640101663, null, 1.9041111111111113], [0.3896159762383735, null, 1.9697666666666669], [0.3411474793364736, null, 2.035422222222223], [0.2837450534257371, null, 2.1010777777777783], [0.21026071418786887, null, 2.1667333333333336], [0.0865527812865897, null, 2.2323888888888894]]}