{"dim": 3, "delta": 0.25, "mu": 5.906055070328385, "dmu": 0.15125000000000002, "g": -0.3240909709653437, "k_c": 50, "data": [[0.03941164977706132, 0.08601140726111949, 0.0001], [0.03938742580574354, 0.08600819936764446, 0.0026242424242424243], [0.03931829177518097, 0.0859990420402061, 0.005148484848484849], [0.03920418192900911, 0.08598392182155201, 0.007672727272727274], [0.0390449467167777, 0.08596281641634801, 0.010196969696969697], [0.038840271284585656, 0.08593569449582115, 0.012721212121212123], [0.038589495983527365, 0.08590251551039435, 0.015245454545454546], [0.038291156922534486, 0.08586322943765849, 0.01776969696969697], [0.03794127143644934, 0.08581777612889256, 0.020293939393939395], [0.037525800691449014, 0.08576608527556835, 0.02281818181818182], [0.037088423339760125, 0.08570807555748033, 0.025342424242424246], [0.03664224565585162, 0.0856436540919583, 0.027866666666666668], [0.03618539257246608, 0.08557271557130744, 0.030390909090909093], [0.03571616263398411, 0.08549514163235564, 0.03291515151515152], [0.035232963882194865, 0.08541079944179744, 0.035439393939393944], [0.03473427202541009, 0.08531954062899343, 0.03796363636363637], [0.034218602445304044, 0.08522119994023862, 0.040487878787878795], [0.033684492453961976, 0.0851155934206539, 0.04301212121212122], [0.033130491217976885, 0.08500251657212345, 0.045536363636363646], [0.032555156250123916, 0.08488174198667722, 0.04806060606060607], [0.031957055453622214, 0.08475301667519114, 0.050584848484848496], [0.03133477551862896, 0.08461605885499653, 0.05310909090909092], [0.0306869356683348, 0.08447055413802598, 0.05563333333333334], [0.030012207642549887, 0.08431615100676303, 0.05815757575757577], [0.029309343408397494, 0.08415245525634464, 0.06068181818181819], [0.028577208217486577, 0.08397902336150223, 0.06320606060606061], [0.027814822187090017, 0.0837953542169317, 0.06573030303030304], [0.02702140774749584, 0.08360087949274887, 0.06825454545454547], [0.026196444778641154, 0.08339495005347451, 0.07077878787878789], [0.02533972890742335, 0.08317682093802944, 0.07330303030303031], [0.024451433670526452, 0.08294563042603449, 0.07582727272727274], [0.023532171816472592, 0.0827003734512943, 0.07835151515151516], [0.022583052530066566, 0.08243986636825777, 0.08087575757575759], [0.021605729406153806, 0.08216269931721185, 0.08340000000000002], [0.02060243527415005, 0.08186717033533833, 0.08592424242424243], [0.019575998242967452, 0.0815511919233207, 0.08844848484848486], [0.018529835927318567, 0.08121215420353042, 0.09097272727272729], [0.017467925603467587, 0.08084671622189554, 0.0934969696969697], [0.016394749768177435, 0.08045047316088279, 0.09602121212121213], [0.015314133978704514, 0.08001739080223184, 0.09854545454545456], [0.01412003475730506, 0.07953877033920943, 0.10106969696969699], [0.012774937315435962, 0.07900111955358585, 0.1035939393939394], [0.01124594933554878, 0.07838103193363655, 0.10611818181818183], [0.009452535858504243, 0.07762877616902719, 0.10864242424242426], [0.007205413368354054, 0.07655420738556473, 0.11116666666666668], [0.003771460437210298, 0.07445793741730124, 0.1136909090909091], [null, 0.07248842986599244, 0.11621515151515154], [null, 0.07066658645753265, 0.11873939393939395], [null, 0.06897831499115331, 0.12126363636363638], [null, 0.06741076711258448, 0.12378787878787881], [null, 0.0659522627869288, 0.1263121212121212], [null, 0.06459220652331325, 0.12883636363636364], [null, 0.06332101291797518, 0.13136060606060607], [null, 0.062130019356535574, 0.1338848484848485], [null, 0.061011409238265826, 0.13640909090909092], [null, 0.05995813489233962, 0.13893333333333333], [null, 0.05896384476422704, 0.14145757575757575], [null, 0.058022814147254236, 0.14398181818181818], [null, 0.05712988342766968, 0.1465060606060606], [null, 0.05628039694597127, 0.14903030303030304], [null, 0.05547015156544699, 0.15155454545454547], [null, 0.054695346708349815, 0.15407878787878787], [null, 0.05395254109009559, 0.1566030303030303], [null, 0.053238612004118724, 0.15912727272727273], [null, 0.05255071952214197, 0.16165151515151516], [null, 0.05188627499394342, 0.16417575757575759], [null, 0.05124291135928484, 0.16670000000000001], [null, 0.05061845748713034, 0.16922424242424244], [null, 0.05001091444560326, 0.17174848484848484], [null, 0.04941843436621723, 0.17427272727272727], [null, 0.04883930121458596, 0.1767969696969697], [null, 0.048271913141827695, 0.17932121212121213], [null, 0.04771476624724999, 0.18184545454545456], [null, 0.04716643953901765, 0.184369696969697], [null, 0.04662558072714618, 0.1868939393939394], [null, 0.046090892632104516, 0.18941818181818182], [null, 0.045561119833972, 0.19194242424242425], [null, 0.045035035517883536, 0.19446666666666668], [null, 0.04451142810082848, 0.1969909090909091], [null, 0.04398908614927921, 0.19951515151515153], [null, 0.04346678422559252, 0.20203939393939396], [null, 0.04294326486507608, 0.20456363636363636], [null, 0.04241721908976532, 0.2070878787878788], [null, 0.04188726344739327, 0.20961212121212122], [null, 0.04135191038174044, 0.21213636363636365], [null, 0.040809534914368076, 0.21466060606060608], [null, 0.04025832702917911, 0.2171848484848485], [null, 0.03969623320275506, 0.2197090909090909], [null, 0.03912087460545358, 0.22223333333333334], [null, 0.03852943361919954, 0.22475757575757577], [null, 0.0379184918211463, 0.2272818181818182], [null, 0.03728378195654813, 0.22980606060606062], [null, 0.036619808031989984, 0.23233030303030305], [null, 0.03591921051851664, 0.23485454545454545], [null, 0.03517164688107961, 0.23737878787878788], [null, 0.034361624169195665, 0.2399030303030303], [null, 0.0334637397782348, 0.24242727272727274], [null, 0.03243000780581252, 0.24495151515151517], [null, 0.031141987174551692, 0.2474757575757576], [null, -8.054668043655511e-14, 0.25]]}