{"dim": 3, "delta": 0.25, "mu": 5.906055070328385, "dmu": 0.14187500000000003, "g": -0.3240909709653437, "k_c": 50, "data": [[0.03208368541940838, 0.08799122783930848, 0.0001], [0.03206305073388969, 0.08798845616592642, 0.0026242424242424243], [0.03200421326715462, 0.08798054497166517, 0.005148484848484849], [0.031907278871374255, 0.08796748530154626, 0.007672727272727274], [0.031772420953129314, 0.08794926231422043, 0.010196969696969697], [0.03159987870622438, 0.08792585519472378, 0.012721212121212123], [0.03138995450628562, 0.08789723706096939, 0.015245454545454546], [0.031143010400118326, 0.08786337478780987, 0.01776969696969697], [0.03085946351419306, 0.08782422889991909, 0.020293939393939395], [0.030539780172483752, 0.08777975306577067, 0.02281818181818182], [0.030184468406338566, 0.08772989422097552, 0.025342424242424246], [0.02979406851412418, 0.08767459194052539, 0.027866666666666668], [0.029369141094280224, 0.08761377836863976, 0.030390909090909093], [0.028910251918325018, 0.08754737727820879, 0.03291515151515152], [0.028417953208973275, 0.08747530410323938, 0.035439393939393944], [0.027892759100595164, 0.08739746506973532, 0.03796363636363637], [0.027335116385454942, 0.0873137566408574, 0.040487878787878795], [0.026745367150756805, 0.08722406459857956, 0.04301212121212122], [0.026123703570118003, 0.08712826373565767, 0.045536363636363646], [0.025470113391163538, 0.08702621599486904, 0.04806060606060607], [0.02478431540685071, 0.08691777000363443, 0.050584848484848496], [0.02406568408680647, 0.08680275954926205, 0.05310909090909092], [0.02331316219161016, 0.08668100193853476, 0.05563333333333334], [0.022525157914156293, 0.0865522969708995, 0.05815757575757577], [0.021699421091470772, 0.08641642344445614, 0.06068181818181819], [0.020832885862425946, 0.08627313837213112, 0.06320606060606061], [0.019921459512825486, 0.08612217314716542, 0.06573030303030304], [0.018959722483338562, 0.08596323079534848, 0.06825454545454547], [0.01794047955201068, 0.08579598173583086, 0.07077878787878789], [0.016854056864017107, 0.08562005930044356, 0.07330303030303031], [0.01568714178201915, 0.08543505404090597, 0.07582727272727274], [0.014420750571078098, 0.08524050687393592, 0.07835151515151516], [0.013026370033368612, 0.08503590072461606, 0.08087575757575759], [0.011457778004806995, 0.08482065011775658, 0.08340000000000002], [0.009630598671820634, 0.08459408820585372, 0.08592424242424243], [0.007354942001579468, 0.08435545029493713, 0.08844848484848486], [0.0039147458043850905, 0.08410385265433416, 0.09097272727272729], [null, 0.08383826488184881, 0.0934969696969697], [null, 0.08355747320313635, 0.09602121212121213], [null, 0.08326003040321414, 0.09854545454545456], [null, 0.08294418657021092, 0.10106969696969699], [null, 0.08260779006458563, 0.1035939393939394], [null, 0.08224813911393548, 0.10611818181818183], [null, 0.08186175756320363, 0.10864242424242426], [null, 0.08144402423140795, 0.11116666666666668], [null, 0.08098853432534339, 0.1136909090909091], [null, 0.08048588594469919, 0.11621515151515154], [null, 0.07992106715124386, 0.11873939393939395], [null, 0.07926658462698019, 0.12126363636363638], [null, 0.07845582314199691, 0.12378787878787881], [null, 0.07707716010876256, 0.1263121212121212], [null, 0.0753977873002579, 0.12883636363636364], [null, 0.07381414150828469, 0.13136060606060607], [null, 0.07231825010530586, 0.1338848484848485], [null, 0.07090281665506945, 0.13640909090909092], [null, 0.06956116349420739, 0.13893333333333333], [null, 0.06828717755946184, 0.14145757575757575], [null, 0.06707526043026679, 0.14398181818181818], [null, 0.06592028447019566, 0.1465060606060606], [null, 0.06481754668871467, 0.14903030303030304], [null, 0.06376273342150679, 0.15155454545454547], [null, 0.06275188215558743, 0.15407878787878787], [null, 0.06178134896022524, 0.1566030303030303], [null, 0.060847778394485345, 0.15912727272727273], [null, 0.059948074817847585, 0.16165151515151516], [null, 0.05907937829029063, 0.16417575757575759], [null, 0.05823903964478962, 0.16670000000000001], [null, 0.05742459967815695, 0.16922424242424244], [null, 0.056633769401701735, 0.17174848484848484], [null, 0.05586441057069709, 0.17427272727272727], [null, 0.05511452034323279, 0.1767969696969697], [null, 0.05438221421672451, 0.17932121212121213], [null, 0.053665710999572, 0.18184545454545456], [null, 0.05296331974681875, 0.184369696969697], [null, 0.05227342443696362, 0.1868939393939394], [null, 0.05159447159365958, 0.18941818181818182], [null, 0.05092495686479197, 0.19194242424242425], [null, 0.05026341146079361, 0.19446666666666668], [null, 0.04960838826367433, 0.1969909090909091], [null, 0.04895844697053609, 0.19951515151515153], [null, 0.04831213798845479, 0.20203939393939396], [null, 0.04766798419832872, 0.20456363636363636], [null, 0.04702445996805008, 0.2070878787878788], [null, 0.046379966995189856, 0.20961212121212122], [null, 0.04573280293497334, 0.21213636363636365], [null, 0.04508112467729817, 0.21466060606060608], [null, 0.04442289939269259, 0.2171848484848485], [null, 0.043755841427189406, 0.2197090909090909], [null, 0.04307732411627028, 0.22223333333333334], [null, 0.04238426435952251, 0.22475757575757577], [null, 0.04167293935424486, 0.2272818181818182], [null, 0.04093873537080249, 0.22980606060606062], [null, 0.040175735615786426, 0.23233030303030305], [null, 0.03937604749948719, 0.23485454545454545], [null, 0.038528611106007596, 0.23737878787878788], [null, 0.03761689163186704, 0.2399030303030303], [null, 0.03661380890048643, 0.24242727272727274], [null, 0.0354682229421581, 0.24495151515151517], [null, 0.034053790229124095, 0.2474757575757576], [null, -8.509859483751825e-14, 0.25]]}