{"dim": 3, "delta": 0.75, "mu": 5.906055070328385, "dmu": 0.44999999999999996, "g": -0.34545454776739287, "k_c": 50, "data": [[0.11660402371572193, 0.25481679366630194, 0.0001], [0.11653512030206134, 0.25480771151935977, 0.007674747474747475], [0.11633195948604456, 0.2547809167940437, 0.015249494949494949], [0.11599453261226259, 0.2547363702460993, 0.022824242424242424], [0.11552274508914664, 0.2546740034123266, 0.030398989898989898], [0.1149162619268066, 0.25459372194116914, 0.037973737373737375], [0.11417418911578134, 0.25449540231605583, 0.04554848484848485], [0.11329434614547755, 0.254378892013537, 0.05312323232323232], [0.11227117119949727, 0.2542440081374216, 0.0606979797979798], [0.1110839930190153, 0.25409053604521703, 0.06827272727272728], [0.10973268472495896, 0.2539182274204855, 0.07584747474747475], [0.10835224972163263, 0.25372679849443464, 0.08342222222222222], [0.10693854952791564, 0.25351592743917845, 0.0909969696969697], [0.1054863881818502, 0.2532852515984916, 0.09857171717171717], [0.10399093138938119, 0.2530343641317924, 0.10614646464646464], [0.10244758019597615, 0.25276281047479726, 0.11372121212121213], [0.10085188971795783, 0.2524700830370394, 0.1212959595959596], [0.09919951974105126, 0.25215561687978627, 0.12887070707070705], [0.09748621001830411, 0.2518187826370807, 0.13644545454545454], [0.09570777722661636, 0.2514588798771489, 0.144020202020202], [0.09386012426745056, 0.2510751284914523, 0.15159494949494948], [0.09193928324795454, 0.2506666575022441, 0.15916969696969696], [0.08994145582360942, 0.25023249404703335, 0.16674444444444442], [0.08786308775023108, 0.24977154803030863, 0.1743191919191919], [0.08570095623398076, 0.24928259448490195, 0.18189393939393939], [0.08345227735656027, 0.24876425195117452, 0.18946868686868684], [0.08111483199120928, 0.24821495562913584, 0.19704343434343433], [0.07868710833504841, 0.2476329248963521, 0.2046181818181818], [0.07616845712373466, 0.24701612020243838, 0.21219292929292927], [0.07355925172102926, 0.24636219192860917, 0.21976767676767675], [0.07086105663645341, 0.24566840972498843, 0.22734242424242423], [0.06807677394516365, 0.24493157395785198, 0.2349171717171717], [0.06521077811321031, 0.2441478955513423, 0.24249191919191918], [0.06226901470783407, 0.2433128298086715, 0.25006666666666666], [0.059259053466175805, 0.24242084787355594, 0.2576414141414141], [0.05619008907747018, 0.2414651036475765, 0.26521616161616157], [0.053072879689859256, 0.24043693752998888, 0.2727909090909091], [0.049919623168453386, 0.23932510248963104, 0.28036565656565654], [0.04667654644982385, 0.23811448892247775, 0.287940404040404], [0.0430465427230229, 0.23678387753835614, 0.2955151515151515], [0.03900039012882982, 0.23530157991824277, 0.30308989898989896], [0.034425095983568306, 0.23361577653549312, 0.3106646464646464], [0.02908862497429651, 0.2316279313109874, 0.31823939393939393], [0.022466645608028992, 0.22907949199097913, 0.3258141414141414], [0.012697613366100178, 0.22420635633336358, 0.33338888888888885], [null, 0.21849538540607802, 0.34096363636363636], [null, 0.2131884436870386, 0.3485383838383838], [null, 0.2082501860158425, 0.35611313131313127], [null, 0.20364786884833722, 0.3636878787878788], [null, 0.19935128659266885, 0.37126262626262624], [null, 0.1953326783284802, 0.3788373737373737], [null, 0.1915666117867037, 0.3864121212121212], [null, 0.18802985077476966, 0.39398686868686866], [null, 0.18470121174022205, 0.4015616161616161], [null, 0.1815614149119534, 0.40913636363636363], [null, 0.17859293463357395, 0.4167111111111111], [null, 0.1757798524873702, 0.42428585858585854], [null, 0.1731077126596193, 0.43186060606060606], [null, 0.17056339180215038, 0.4394353535353535], [null, 0.16813496690225532, 0.44701010101010097], [null, 0.16581159933976564, 0.4545848484848485], [null, 0.16358342491518627, 0.46215959595959594], [null, 0.16144145371503457, 0.4697343434343434], [null, 0.1593774783665305, 0.4773090909090909], [null, 0.157383989515807, 0.48488383838383836], [null, 0.15545410059249642, 0.4924585858585858], [null, 0.15358147749860712, 0.5000333333333333], [null, 0.15176027685714227, 0.5076080808080807], [null, 0.14998508741074804, 0.5151828282828282], [null, 0.14825087809680595, 0.5227575757575758], [null, 0.1465529494246018, 0.5303323232323232], [null, 0.14488689031497448, 0.5379070707070707], [null, 0.14324853370611687, 0.5454818181818182], [null, 0.1416339201746572, 0.5530565656565656], [null, 0.14003925886789326, 0.5606313131313131], [null, 0.13846089207590778, 0.5682060606060606], [null, 0.13689525837835223, 0.575780808080808], [null, 0.1353388559334246, 0.5833555555555555], [null, 0.13378820526582808, 0.590930303030303], [null, 0.1322398080657537, 0.5985050505050504], [null, 0.13069010299433892, 0.6060797979797979], [null, 0.1291354150558208, 0.6136545454545455], [null, 0.1275718973598618, 0.6212292929292929], [null, 0.12599546125488023, 0.6288040404040404], [null, 0.12440169080803629, 0.6363787878787879], [null, 0.12278573523914406, 0.6439535353535353], [null, 0.1211421700097993, 0.6515282828282828], [null, 0.11946481292373695, 0.6591030303030303], [null, 0.11774647376448893, 0.6666777777777777], [null, 0.1159786033779823, 0.6742525252525252], [null, 0.11415078534430993, 0.6818272727272727], [null, 0.11224997128212445, 0.6894020202020201], [null, 0.11025927766406644, 0.6969767676767676], [null, 0.10815598502743222, 0.7045515151515152], [null, 0.10590797028983177, 0.7121262626262626], [null, 0.10346672315436922, 0.7197010101010101], [null, 0.10075176056719286, 0.7272757575757576], [null, 0.09760800027919218, 0.734850505050505], [null, 0.09363535407358402, 0.7424252525252525], [null, -6.854516954035716e-13, 0.75]]}