{"dim": 3, "delta": 2, "mu": 5.906055070328385, "dmu": 0.8, "g": -0.36682995891667614, "k_c": 50, "data": [[0.696519390425002, null, 0.0001], [0.696505632388949, null, 0.0203010101010101], [0.6964646167285575, null, 0.040502020202020206], [0.6963963170222034, null, 0.06070303030303031], [0.696300687823711, null, 0.08090404040404041], [0.6961776650101497, null, 0.10110505050505052], [0.6960271661719112, null, 0.12130606060606061], [0.6958490899573562, null, 0.1415070707070707], [0.6956433158933547, null, 0.1617080808080808], [0.6954097038869212, null, 0.1819090909090909], [0.6951480938058775, null, 0.20211010101010102], [0.6948583049888399, null, 0.2223111111111111], [0.6945401355340921, null, 0.2425121212121212], [0.6941933616451308, null, 0.2627131313131313], [0.6938177373899258, null, 0.2829141414141414], [0.6934129923257764, null, 0.3031151515151515], [0.6929788322178131, null, 0.3233161616161616], [0.6925149370612751, null, 0.3435171717171717], [0.6920209600299725, null, 0.36371818181818183], [0.6914965261316832, null, 0.38391919191919194], [0.6909412308526828, null, 0.40412020202020205], [0.6903546377422393, null, 0.4243212121212121], [0.6897362787796677, null, 0.4445222222222222], [0.6890856490236297, null, 0.4647232323232323], [0.6884022069753529, null, 0.4849242424242424], [0.6876853711481521, null, 0.5051252525252525], [0.6869345173446514, null, 0.5253262626262626], [0.6861489754490042, null, 0.5455272727272727], [0.6853280262184157, null, 0.5657282828282828], [0.6844708972016188, null, 0.585929292929293], [0.6835767465283652, null, 0.606130303030303], [0.6826447174804614, null, 0.6263313131313132], [0.6816738143540854, null, 0.6465323232323232], [0.6806630147811484, null, 0.6667333333333333], [0.6796112034515512, null, 0.6869343434343435], [0.6785171760099987, null, 0.7071353535353535], [0.6773796274983093, null, 0.7273363636363637], [0.6761971537083483, null, 0.7475373737373737], [0.6749682156118678, null, 0.7677383838383839], [0.673691149055489, null, 0.7879393939393939], [0.6723641365564522, null, 0.8081404040404041], [0.6709851910158524, null, 0.8283414141414142], [0.6695521334193761, null, 0.8485424242424242], [0.6680625663874972, null, 0.8687434343434344], [0.6665138429726714, null, 0.8889444444444444], [0.6649030286238398, null, 0.9091454545454546], [0.6632268570753013, null, 0.9293464646464646], [0.6614816720124194, null, 0.9495474747474748], [0.6596633599505985, null, 0.9697484848484849], [0.6577672641208915, null, 0.9899494949494949], [0.6557880749878897, null, 1.010150505050505], [0.6537196905173486, null, 1.0303515151515152], [0.65155503336227, null, 1.0505525252525252], [0.649285807766653, null, 1.0707535353535353], [0.6469021687629697, null, 1.0909545454545455], [0.644392260376561, null, 1.1111555555555557], [0.641741551824622, null, 1.1313565656565656], [0.6389318432116528, null, 1.1515575757575758], [0.6359397176307325, null, 1.171758585858586], [0.6327339582919906, null, 1.1919595959595959], [0.6292709380503357, null, 1.212160606060606], [0.6254853672202191, null, 1.2323616161616162], [0.6212684027541925, null, 1.2525626262626264], [0.6163971878241917, null, 1.2727636363636363], [0.6098993881754893, null, 1.2929646464646465], [0.6019330391919638, null, 1.3131656565656566], [0.5941121751426451, null, 1.3333666666666666], [0.5864274065899386, null, 1.3535676767676768], [0.5788695166433542, null, 1.373768686868687], [0.5714294301275787, null, 1.393969696969697], [0.5640981757968941, null, 1.414170707070707], [0.5568668517353096, null, 1.4343717171717172], [0.5497265825432484, null, 1.4545727272727274], [0.5426684737164842, null, 1.4747737373737373], [0.5356835603879119, null, 1.4949747474747475], [0.5287627486433627, null, 1.5151757575757576], [0.5218967474154513, null, 1.5353767676767678], [0.5150759940571618, null, 1.5555777777777777], [0.5082905529593645, null, 1.575778787878788], [0.5015300125437597, null, 1.595979797979798], [0.4947833455036092, null, 1.6161808080808082], [0.4880387424939043, null, 1.6363818181818182], [0.48128340203030745, null, 1.6565828282828283], [0.47450326575258467, null, 1.6767838383838385], [0.4676826693930439, null, 1.6969848484848484], [0.46080388672048, null, 1.7171858585858586], [0.45384651430533385, null, 1.7373868686868688], [0.44678661557160804, null, 1.757587878787879], [0.4395955093538262, null, 1.7777888888888889], [0.43223798999758745, null, 1.797989898989899], [0.42466960980901686, null, 1.8181909090909092], [0.4168323434110967, null, 1.8383919191919191], [0.40864723513515927, null, 1.8585929292929293], [0.4000009767536745, null, 1.8787939393939395], [0.3907187508514407, null, 1.8989949494949496], [0.38050053464519035, null, 1.9191959595959596], [0.36873119766082624, null, 1.9393969696969697], [0.3535433889667437, null, 1.95959797979798], [0.27922646155746855, null, 1.9797989898989898], [4.2799097599299785e-14, null, 2.0]]}