{"dim": 3, "delta": 3.0, "mu": 5.906055070328385, "dmu": 1.7863636363636366, "g": -0.37628449054250135, "k_c": 50, "data": [[0.4953273538898888, 0.884269301409834, 0.0001], [0.4949209709541549, 0.8842246766782205, 0.0304020202020202], [0.49369906542501146, 0.8840912518289461, 0.060704040404040406], [0.49162991740729356, 0.883868640840547, 0.0910060606060606], [0.48860652093107004, 0.8835561856686609, 0.12130808080808081], [0.48447940399467637, 0.88315295457588, 0.151610101010101], [0.48027826495339776, 0.8826577270926345, 0.1819121212121212], [0.476039828575972, 0.8820689759394448, 0.2122141414141414], [0.47171957906259343, 0.8813848434351713, 0.2425161616161616], [0.4672825724717167, 0.8806031120515895, 0.2728181818181818], [0.4626991026539142, 0.8797211673426117, 0.303120202020202], [0.4579423253832083, 0.8787359524081421, 0.33342222222222223], [0.4529868571446846, 0.8776439104585398, 0.3637242424242424], [0.44780790716010743, 0.8764409148408643, 0.3940262626262626], [0.44238072937701034, 0.8751221810960429, 0.42432828282828283], [0.43668028787258845, 0.873682156034634, 0.454630303030303], [0.4306810829760165, 0.8721143785418446, 0.4849323232323232], [0.4243571150868404, 0.8704113002048557, 0.5152343434343434], [0.4176819776006404, 0.8685640533593103, 0.5455363636363636], [0.41062911328298723, 0.8665621458708989, 0.5758383838383838], [0.40317215316625077, 0.864393050800886, 0.606140404040404], [0.39528550426508885, 0.862041646697563, 0.6364424242424243], [0.3869450401517093, 0.8594894312518502, 0.6667444444444445], [0.37812898604567924, 0.8567133871486717, 0.6970464646464646], [0.36881895529945224, 0.8536842842513727, 0.7273484848484848], [0.35900110507480965, 0.8503640324061051, 0.757650505050505], [0.34866736204247356, 0.8467013191867568, 0.7879525252525252], [0.33781662697552267, 0.8426239080531241, 0.8182545454545455], [0.3264558700957276, 0.8380236998682894, 0.8485565656565657], [0.3146010014518034, 0.8327235584438241, 0.8788585858585858], [0.302277413496759, 0.8263857718481641, 0.909160606060606], [0.2895201165313362, 0.818117862855982, 0.9394626262626262], [0.27637341221776623, 0.8022533910786268, 0.9697646464646464], [0.262890137457165, 0.7840691714420043, 1.0000666666666667], [0.24913049025825496, 0.7671175932177091, 1.0303686868686868], [0.2351605761693789, 0.7513288377131085, 1.060670707070707], [0.22105077239482543, 0.7366301274409061, 1.0909727272727272], [0.20687404571769896, 0.722947174641348, 1.1212747474747475], [0.19270433968144723, 0.7102055833417584, 1.1515767676767676], [0.1786151223289518, 0.6983321126421026, 1.1818787878787878], [0.16389993426180388, 0.6872557421718571, 1.212180808080808], [0.1466382105573944, 0.676908507278581, 1.2424828282828282], [0.12643637927962004, 0.667226100614791, 1.2727848484848485], [0.10179531521399925, 0.6581482399026668, 1.3030868686868686], [0.06822040287401679, 0.6496189785428942, 1.333388888888889], [null, 0.6415865221648054, 1.363690909090909], [null, 0.6340033917986264, 1.3939929292929292], [null, 0.6268261377393474, 1.4242949494949495], [null, 0.6200151526949998, 1.4545969696969696], [null, 0.6135344141805407, 1.48489898989899], [null, 0.6073512242307675, 1.51520101010101], [null, 0.601435886408915, 1.5455030303030304], [null, 0.5957614860513788, 1.5758050505050505], [null, 0.5903035959295325, 1.6061070707070706], [null, 0.5850400341230092, 1.636409090909091], [null, 0.5799506237497409, 1.666711111111111], [null, 0.5750170227605091, 1.6970131313131314], [null, 0.5702224414116004, 1.7273151515151515], [null, 0.5655515535018204, 1.7576171717171716], [null, 0.5609902863900411, 1.787919191919192], [null, 0.5565256886145811, 1.818221212121212], [null, 0.5521457948124042, 1.8485232323232323], [null, 0.54783950634176, 1.8788252525252525], [null, 0.5435964820835427, 1.9091272727272728], [null, 0.5394070392350052, 1.939429292929293], [null, 0.5352620621373639, 1.969731313131313], [null, 0.5311529176098061, 2.0000333333333336], [null, 0.5270713798431611, 2.030335353535354], [null, 0.5230095500453199, 2.0606373737373738], [null, 0.5189597938917234, 2.090939393939394], [null, 0.5149146677180835, 2.1212414141414144], [null, 0.5108668547671122, 2.1515434343434343], [null, 0.5068090966475552, 2.1818454545454546], [null, 0.5027341231434862, 2.212147474747475], [null, 0.49863458237341934, 2.2424494949494953], [null, 0.49450265308477925, 2.272751515151515], [null, 0.4903314958371905, 2.3030535353535355], [null, 0.4861120865802291, 2.333355555555556], [null, 0.48183617791919553, 2.3636575757575757], [null, 0.47749463195565756, 2.393959595959596], [null, 0.47307757703476194, 2.4242616161616164], [null, 0.46857421868283466, 2.4545636363636367], [null, 0.4639726085195694, 2.4848656565656566], [null, 0.45925935070200286, 2.515167676767677], [null, 0.4544192251765835, 2.5454696969696973], [null, 0.4494346924626174, 2.575771717171717], [null, 0.4442852289846696, 2.6060737373737375], [null, 0.4389464135154122, 2.636375757575758], [null, 0.43338863652772847, 2.666677777777778], [null, 0.4275752191575177, 2.696979797979798], [null, 0.4214595677143859, 2.7272818181818184], [null, 0.4149806715060155, 2.7575838383838387], [null, 0.4080555712912247, 2.7878858585858586], [null, 0.40056582241944544, 2.818187878787879], [null, 0.3923307104268063, 2.8484898989898992], [null, 0.38304646427518335, 2.8787919191919196], [null, 0.3721149592154617, 2.9090939393939395], [null, 0.35790740665394705, 2.93939595959596], [null, 0.2989825037256811, 2.96969797979798], [null, -2.2071233729548112e-13, 3.0]]}