{"dim": 3, "delta": 3.75, "mu": 5.906055070328385, "dmu": 2.397321428571429, "g": -0.38162974782282366, "k_c": 50, "data": [[0.7258171429352411, 0.9743690527410996, 0.0001], [0.726961248882116, 0.9742366633706773, 0.03797777777777778], [0.7304361294399367, 0.9738392379457694, 0.07585555555555555], [0.7338447718116429, 0.9731717459608965, 0.11373333333333333], [0.7372332275291723, 0.9722254798224464, 0.15161111111111109], [0.7407629489016625, 0.9709875119697097, 0.18948888888888887], [0.7445495176498884, 0.9694398230878326, 0.22736666666666663], [0.7487019923366335, 0.9675579594787186, 0.2652444444444444], [0.7533420898986838, 0.9653089517472707, 0.3031222222222222], [0.7586205792937303, 0.9626480285335433, 0.34099999999999997], [0.7647384207074318, 0.9595132066434341, 0.37887777777777776], [0.7719809779934497, 0.9558158700956857, 0.4167555555555555], [0.7807817401964655, 0.9514230237371234, 0.4546333333333333], [0.7918576989785209, 0.946119960180012, 0.49251111111111107], [0.8065505546381154, 0.9395176892274821, 0.5303888888888888], [0.8279607872204289, 0.93074989043642, 0.5682666666666666], [0.868021533385529, 0.9165569185384606, 0.6061444444444444]]}