{"dim": 3, "delta": 6.25, "mu": 5.906055070328385, "dmu": 3.3984375, "g": -0.39426752038007834, "k_c": 50, "data": [[0.9694132211541467, null, 0.0001], [0.9682292977787885, null, 0.06323030303030304], [0.9646904974194013, null, 0.12636060606060606], [0.9588042399889947, null, 0.1894909090909091], [0.9505313811770824, null, 0.25262121212121214], [0.9395033996308323, null, 0.31575151515151517], [0.9273522581610285, null, 0.3788818181818182], [0.9147096876225271, null, 0.44201212121212125], [0.9014557253019128, null, 0.5051424242424243], [0.8874945796467371, null, 0.5682727272727273], [0.8727472633266108, null, 0.6314030303030304], [0.8571486908711915, null, 0.6945333333333334], [0.8406470365441218, null, 0.7576636363636364], [0.8232042512346117, null, 0.8207939393939394], [0.804797074831218, null, 0.8839242424242425], [0.7854180807212948, null, 0.9470545454545456], [0.7650763994705465, null, 1.0101848484848486], [0.743797872086733, null, 1.0733151515151516], [0.7216244924850392, null, 1.1364454545454545], [0.6986131219827828, null, 1.1995757575757577], [0.6748335647444854, null, 1.2627060606060607], [0.650366185425234, null, 1.3258363636363637], [0.6252992971847656, null, 1.388966666666667], [0.5997265419016947, null, 1.4520969696969699], [0.5737444638079735, null, 1.5152272727272729], [0.5474504123602865, null, 1.5783575757575758], [0.5206784494924425, null, 1.6414878787878788], [0.4913380671109147, null, 1.704618181818182], [0.4593238943269692, null, 1.767748484848485], [0.42427231451694897, null, 1.830878787878788], [0.38545842123555824, null, 1.8940090909090912], [0.34166461320787084, null, 1.9571393939393942], [0.29069402049438287, null, 2.0202696969696974], [0.2278181835344228, null, 2.0834000000000006], [0.13763114251044403, null, 2.1465303030303033]]}