{"dim": 3, "delta": 5.75, "mu": 5.906055070328385, "dmu": 2.9926136363636364, "g": -0.3921613007980973, "k_c": 50, "data": [[0.7132786717255859, null, 0.0001], [0.7125304920642005, null, 0.058179797979797984], [0.7102958646490931, null, 0.11625959595959597], [0.7065888328893132, null, 0.17433939393939393], [0.7014319305010076, null, 0.23241919191919191], [0.6948549363086968, null, 0.2904989898989899], [0.6868932141998068, null, 0.3485787878787879], [0.6775857069382188, null, 0.40665858585858583], [0.6669726541462373, null, 0.46473838383838384], [0.6550931007661404, null, 0.5228181818181818], [0.6419822500490711, null, 0.5808979797979799], [0.6276686968507813, null, 0.6389777777777778], [0.6121715606546883, null, 0.6970575757575758], [0.5954974951510954, null, 0.7551373737373738], [0.5776375048484301, null, 0.8132171717171717], [0.5585634111553996, null, 0.8712969696969697], [0.5382236757991558, null, 0.9293767676767677], [0.5165380783309692, null, 0.9874565656565657], [0.49339040982517524, null, 1.0455363636363637], [0.4686177578799522, null, 1.1036161616161617], [0.4419939186410915, null, 1.1616959595959597], [0.4132022825958503, null, 1.2197757575757575], [0.3817888959032576, null, 1.2778555555555555], [0.34707489000293196, null, 1.3359353535353535], [0.3079756580319361, null, 1.3940151515151515], [0.26256744538039667, null, 1.4520949494949495], [0.20676327756144305, null, 1.5101747474747476], [0.1276209626179493, null, 1.5682545454545456]]}