{"dim": 3, "delta": 4.75, "mu": 5.906055070328385, "dmu": 2.49375, "g": -0.38740315711529844, "k_c": 50, "data": [[0.5636233407685548, null, 0.0001], [0.5630904134243697, null, 0.04807878787878788], [0.5614981158460542, null, 0.09605757575757576], [0.558852514813336, null, 0.14403636363636363], [0.5551633852444917, null, 0.1920151515151515], [0.5504437213915885, null, 0.23999393939393937], [0.5447090653123203, null, 0.28797272727272727], [0.5379766625858955, null, 0.3359515151515151], [0.5302644554543763, null, 0.383930303030303], [0.5215899208907507, null, 0.4319090909090909], [0.5119687573886735, null, 0.47988787878787875], [0.5014134178096409, null, 0.5278666666666666], [0.48993147565235284, null, 0.5758454545454545], [0.47752379606092127, null, 0.6238242424242424], [0.4641824594925963, null, 0.6718030303030302], [0.44988834486180895, null, 0.7197818181818182], [0.4346082141653159, null, 0.767760606060606], [0.41829103045133714, null, 0.8157393939393939], [0.40086306707368863, null, 0.8637181818181818], [0.382221050106395, null, 0.9116969696969697], [0.36222202487333105, null, 0.9596757575757575], [0.34066756352703376, null, 1.0076545454545454], [0.3172777106690264, null, 1.0556333333333332], [0.2916450274187155, null, 1.1036121212121213], [0.26314631690246226, null, 1.151590909090909], [0.2307519656622414, null, 1.199569696969697], [0.19253523347706564, null, 1.2475484848484848], [0.14396399639992027, null, 1.2955272727272726], [0.06497635891554743, null, 1.3435060606060605]]}