{"dim": 3, "delta": 1.5, "mu": 5.906055070328385, "dmu": 1.0425, "g": -0.3603342691362375, "k_c": 50, "data": [[0.3136637999928868, 0.44129363172311187, 0.0001], [0.3139385224978382, 0.44124814894583175, 0.01525050505050505], [0.31479015666363025, 0.4411125420400813, 0.030401010101010102], [0.31636691062935723, 0.44088577454980665, 0.045551515151515155], [0.3180468961335532, 0.44056608086465665, 0.06070202020202021], [0.31973081858332314, 0.44015090116403865, 0.07585252525252525], [0.32146531465161704, 0.43963678202631806, 0.09100303030303031], [0.32328564772728363, 0.439019237293395, 0.10615353535353536], [0.3252235109381499, 0.4382925418459206, 0.12130404040404041], [0.3273109987103233, 0.4374494596701987, 0.13645454545454544], [0.32958335333441163, 0.4364808442854963, 0.1516050505050505], [0.3320815089316153, 0.43537507251191976, 0.16675555555555555], [0.33485503592099053, 0.43411720627861283, 0.1819060606060606], [0.3379660638376902, 0.4326877183833299, 0.19705656565656565], [0.34149500688604645, 0.4310604660726893, 0.2122070707070707], [0.3455494671706756, 0.4291992983039166, 0.22735757575757576], [0.35027899269460044, 0.42705196486032043, 0.2425080808080808], [0.3559012688513513, 0.42453811119281215, 0.25765858585858586], [0.36275281166411827, 0.42152230991917655, 0.2728090909090909], [0.3713992641077201, 0.41773979064956596, 0.28795959595959597], [0.3829206851265755, 0.4124984111317884, 0.303110101010101]]}