{"dim": 3, "delta": 3.25, "mu": 5.906055070328385, "dmu": 1.7468750000000002, "g": -0.3781904243401935, "k_c": 50, "data": [[0.3840425542343728, 0.9836347268209086, 0.0001], [0.3837364832437326, 0.9835995875382785, 0.03292727272727273], [0.38282272389011396, 0.9834945330469659, 0.06575454545454545], [0.38130348291107474, 0.9833193761558647, 0.09858181818181817], [0.3791823463753626, 0.9830738032947229, 0.1314090909090909], [0.37646414598389855, 0.982757371821906, 0.16423636363636362], [0.3731547705469317, 0.9823695058747397, 0.19706363636363633], [0.3692609208982791, 0.9819094923737497, 0.22989090909090906], [0.3647898056511078, 0.9813764727089599, 0.2627181818181818], [0.35974877397918187, 0.9807694362065573, 0.2955454545454545], [0.3541448801297734, 0.9800872090668112, 0.32837272727272726], [0.3479843727705495, 0.9793284442596701, 0.36119999999999997], [0.34127209900014993, 0.9784916068195589, 0.39402727272727267], [0.33401081149791867, 0.9775749574373902, 0.42685454545454543], [0.32620036032467936, 0.9765765329868579, 0.45968181818181814], [0.31783674530136247, 0.9754941238842738, 0.4925090909090909], [0.3089109924031669, 0.9743252459708173, 0.5253363636363636], [0.2994077957357899, 0.9730671086757665, 0.5581636363636363], [0.2893038362919255, 0.9717165761269804, 0.590990909090909], [0.27856562723590195, 0.9702701190190457, 0.6238181818181818], [0.26714664295219515, 0.9687237592561707, 0.6566454545454545], [0.2549833219697152, 0.9670730003470589, 0.6894727272727272], [0.24198923800356648, 0.9653127425052951, 0.7222999999999999], [0.22804617188647658, 0.9634371773316955, 0.7551272727272726], [0.21298968160106543, 0.9614396555920265, 0.7879545454545454], [0.19658426731444287, 0.9593125194807067, 0.8207818181818182], [0.1784771306398508, 0.9570468865306335, 0.8536090909090909], [0.15810249494391213, 0.9546323668450252, 0.8864363636363636], [0.1344509473598885, 0.952056686311228, 0.9192636363636363], [0.10535667572344597, 0.9493051734527198, 0.952090909090909], [0.06378578886406355, 0.9463600448982848, 0.9849181818181818], [null, 0.9431993735819647, 1.0177454545454545], [null, 0.9397955607050609, 1.0505727272727272], [null, 0.9361129478153846, 1.0834], [null, 0.9321039012606697, 1.1162272727272726], [null, 0.9277017673621678, 1.1490545454545453], [null, 0.9228079859610481, 1.181881818181818], [null, 0.9172604474227751, 1.2147090909090907], [null, 0.9107471379417766, 1.2475363636363637], [null, 0.9023517640400559, 1.2803636363636364], [null, 0.8891945473845865, 1.313190909090909], [null, 0.8761769117549969, 1.3460181818181818], [null, 0.8637015108135808, 1.3788454545454545], [null, 0.85173646848952, 1.4116727272727272], [null, 0.8402512265891648, 1.4445], [null, 0.8292165583412656, 1.4773272727272726], [null, 0.8186045523052377, 1.5101545454545453], [null, 0.8083886861957336, 1.542981818181818], [null, 0.7985436355028568, 1.5758090909090907], [null, 0.7890454143494424, 1.6086363636363636], [null, 0.7798712505705092, 1.6414636363636363], [null, 0.7709995600142887, 1.674290909090909], [null, 0.7624098970566298, 1.7071181818181818], [null, 0.7540829016111941, 1.7399454545454545], [null, 0.746000245265795, 1.7727727272727272], [null, 0.7381445711615711, 1.8055999999999999], [null, 0.7304994387407581, 1.8384272727272726], [null, 0.7230492644953669, 1.8712545454545453], [null, 0.7157792623028985, 1.904081818181818], [null, 0.7086753870786313, 1.936909090909091], [null, 0.7017242772495973, 1.9697363636363636], [null, 0.6949131957281676, 2.0025636363636363], [null, 0.6882299798171366, 2.0353909090909093], [null, 0.6816629809377746, 2.0682181818181817], [null, 0.675201013298083, 2.1010454545454547], [null, 0.668833299688065, 2.1338727272727276], [null, 0.6625494178277819, 2.1667], [null, 0.6563392473260969, 2.199527272727273], [null, 0.6501929141794933, 2.2323545454545455], [null, 0.6441007348105443, 2.2651818181818184], [null, 0.6380531635541846, 2.298009090909091], [null, 0.6320407207839982, 2.330836363636364], [null, 0.6260539396412445, 2.3636636363636363], [null, 0.6200832904719371, 2.3964909090909092], [null, 0.6141191048881369, 2.4293181818181817], [null, 0.6081514898299154, 2.4621454545454546], [null, 0.6021702297093334, 2.4949727272727276], [null, 0.5961646733669177, 2.5278], [null, 0.5901236012144939, 2.560627272727273], [null, 0.5840350664848339, 2.5934545454545455], [null, 0.5778862018813313, 2.6262818181818184], [null, 0.5716629848578578, 2.659109090909091], [null, 0.5653499321979065, 2.691936363636364], [null, 0.5589297245967795, 2.7247636363636363], [null, 0.552382705755283, 2.757590909090909], [null, 0.5456862214567588, 2.7904181818181817], [null, 0.5388137200384623, 2.8232454545454546], [null, 0.5317334970623266, 2.8560727272727275], [null, 0.5244068935332036, 2.8889], [null, 0.5167856155763032, 2.921727272727273], [null, 0.5088075843766843, 2.9545545454545454], [null, 0.5003901736160826, 2.9873818181818184], [null, 0.4914184634028686, 3.020209090909091], [null, 0.48172305251499953, 3.0530363636363638], [null, 0.47103295053769423, 3.0858636363636363], [null, 0.4588564933243695, 3.118690909090909], [null, 0.44407313007750027, 3.1515181818181817], [null, 0.4216576317670098, 3.1843454545454546], [null, 0.3034252876021232, 3.2171727272727275], [null, -3.167133222348184e-11, 3.25]]}