{"dim": 3, "delta": 1.25, "mu": 5.906055070328385, "dmu": 1.01875, "g": -0.3563134090055086, "k_c": 50, "data": []}