{"dim": 3, "delta": 5.5, "mu": 5.906055070328385, "dmu": 3.025, "g": -0.39104617407644726, "k_c": 50, "data": [[0.8396388314555823, null, 0.0001], [0.8387793038335205, null, 0.05565454545454546], [0.8362120574410465, null, 0.11120909090909091], [0.8319508396067543, null, 0.16676363636363634], [0.8260113038675404, null, 0.2223181818181818], [0.8183904712307991, null, 0.27787272727272727], [0.8089276106656215, null, 0.3334272727272727], [0.7979409614473351, null, 0.38898181818181815], [0.7865681769095755, null, 0.4445363636363636], [0.7747285898119828, null, 0.5000909090909091], [0.762355873557283, null, 0.5556454545454546], [0.7493940225528367, null, 0.6112], [0.7357955400725753, null, 0.6667545454545454], [0.7215208522747597, null, 0.7223090909090909], [0.7065384329587484, null, 0.7778636363636363], [0.6908253248498789, null, 0.8334181818181818], [0.674367837849898, null, 0.8889727272727272], [0.6571622462258606, null, 0.9445272727272727], [0.6392153492715901, null, 1.0000818181818183], [0.620544774855063, null, 1.0556363636363637], [0.6011789542481201, null, 1.1111909090909091], [0.5811567275233132, null, 1.1667454545454545], [0.5605265962141811, null, 1.2223], [0.5393456573504386, null, 1.2778545454545454], [0.5176783109120742, null, 1.3334090909090908], [0.49559487500605764, null, 1.3889636363636364], [0.47316990009752924, null, 1.4445181818181818], [0.45039489458407617, null, 1.5000727272727272], [0.42567043072137156, null, 1.5556272727272726], [0.3987828047124874, null, 1.611181818181818], [0.36947883096798684, null, 1.6667363636363637], [0.33721332091125605, null, 1.722290909090909], [0.30108417158027245, null, 1.7778454545454545], [0.25951647828445523, null, 1.8334], [0.2093223402995088, null, 1.8889545454545453], [0.14163689817573794, null, 1.944509090909091]]}