{"dim": 3, "delta": 2.0, "mu": 5.906055070328385, "dmu": 1.27, "g": -0.36682995891667614, "k_c": 50, "data": [[0.3645386072844701, 0.6127398417096578, 0.0001], [0.36405314457322807, 0.6127062115366254, 0.0203010101010101], [0.36249356203854255, 0.6126058756771916, 0.040502020202020206], [0.360986717855464, 0.6124385199099273, 0.06070303030303031], [0.35959171476855173, 0.612203616043833, 0.08090404040404041], [0.35824507639349396, 0.6119004138400793, 0.10110505050505052], [0.35691466966708213, 0.6115279294750566, 0.12130606060606061], [0.3555808532916269, 0.6110849299653595, 0.1415070707070707], [0.3542298755257186, 0.610569912762683, 0.1617080808080808], [0.3528510022380969, 0.6099810804183263, 0.1819090909090909], [0.35143506442940603, 0.6093163080123403, 0.20211010101010102], [0.3499736271309382, 0.6085731032148037, 0.2223111111111111], [0.3484584553523849, 0.6077485561487196, 0.2425121212121212], [0.3468811284743065, 0.606839277208843, 0.2627131313131313], [0.34523272582370484, 0.6058413176935872, 0.2829141414141414], [0.34350354517995046, 0.6047500708585221, 0.3031151515151515], [0.3416827980178395, 0.6035601442633594, 0.3233161616161616], [0.33975834415067746, 0.6022651951399762, 0.3435171717171717], [0.33771631147032083, 0.6008577137810427, 0.36371818181818183], [0.33554072281734576, 0.59932873463633, 0.38391919191919194], [0.3332130346266646, 0.5976674425135912, 0.40412020202020205], [0.3307115873667249, 0.5958606247777165, 0.4243212121212121], [0.32801099155795416, 0.5938918839580734, 0.4445222222222222], [0.32508137678901056, 0.5917404762312417, 0.4647232323232323], [0.3218875711435929, 0.589379519419509, 0.4849242424242424], [0.3183882138644663, 0.5867730957033485, 0.5051252525252525], [0.3145348507840599, 0.583871261461381, 0.5253262626262626], [0.3102711897097323, 0.5806007176463218, 0.5455272727272727], [0.3055327199916957, 0.5768452417286546, 0.5657282828282828], [0.30024710586667025, 0.572396953467645, 0.585929292929293], [0.29433589317809244, 0.5667922941855471, 0.606130303030303], [0.2877182177124538, 0.5579837093889809, 0.6263313131313132], [0.28031713658458357, 0.535511024089204, 0.6465323232323232], [0.27206877683123976, 0.5145656341502819, 0.6667333333333333], [0.2629335312670049, 0.49555220184728566, 0.6869343434343435], [0.2529071926176537, 0.4784590756000298, 0.7071353535353535], [0.24202881721326708, 0.46323196876959666, 0.7273363636363637], [0.23038231303307297, 0.4497722173508395, 0.7475373737373737], [0.21809052005188903, 0.43794255414484734, 0.7677383838383839], [0.20530328619583413, 0.42757891530769626, 0.7879393939393939], [0.19218302016806624, 0.4185048278641815, 0.8081404040404041], [0.1788911931737282, 0.4105447305252292, 0.8283414141414142], [0.16557861397842297, 0.4035338948353566, 0.8485424242424242], [0.1523793235787936, 0.3973242964561144, 0.8687434343434344], [0.1394082564931611, 0.3917869944714958, 0.8889444444444444], [0.12676146367527563, 0.386812060785553, 0.9091454545454546], [0.11451746909683323, 0.38230709340431496, 0.9293464646464646], [0.10273954888752969, 0.37819507861989105, 0.9495474747474748], [0.09147804788309748, 0.3744121037122076, 0.9697484848484849], [0.08062986815981704, 0.3709051930072991, 0.9899494949494949], [0.06707804142065298, 0.36763038788019253, 1.010150505050505], [0.04867650031453987, 0.36455111559940373, 1.0303515151515152], [0.012717476315066933, 0.3616368313724302, 1.0505525252525252], [null, 0.35886189771512383, 1.0707535353535353], [null, 0.3562046890273933, 1.0909545454545455], [null, 0.3536468510896102, 1.1111555555555557], [null, 0.35117271124454397, 1.1313565656565656], [null, 0.3487687993690478, 1.1515575757575758], [null, 0.34642345698525934, 1.171758585858586], [null, 0.34412652391633025, 1.1919595959595959], [null, 0.3418690770454936, 1.212160606060606], [null, 0.33964321973329964, 1.2323616161616162], [null, 0.33744190622866527, 1.2525626262626264], [null, 0.3352587950530899, 1.2727636363636363], [null, 0.3330881271803026, 1.2929646464646465], [null, 0.3309243018615985, 1.3131656565656566], [null, 0.32876339114369957, 1.3333666666666666], [null, 0.32659985706385364, 1.3535676767676768], [null, 0.3244296911019473, 1.373768686868687], [null, 0.3222487508536434, 1.393969696969697], [null, 0.32005302619929854, 1.414170707070707], [null, 0.31783858874527915, 1.4343717171717172], [null, 0.3156015434862148, 1.4545727272727274], [null, 0.31333798154277526, 1.4747737373737373], [null, 0.31104393227790195, 1.4949747474747475], [null, 0.3087153147007621, 1.5151757575757576], [null, 0.30634788329120727, 1.5353767676767678], [null, 0.3039371710705557, 1.5555777777777777], [null, 0.3014784240481982, 1.575778787878788], [null, 0.2989665257893728, 1.595979797979798], [null, 0.29639590858569287, 1.6161808080808082], [null, 0.2937604465231114, 1.6363818181818182], [null, 0.291053324243212, 1.6565828282828283], [null, 0.2882668729223524, 1.6767838383838385], [null, 0.2853923611472364, 1.6969848484848484], [null, 0.28241972520063685, 1.7171858585858586], [null, 0.2793372070927027, 1.7373868686868688], [null, 0.2761308725480384, 1.757587878787879], [null, 0.2727839330004537, 1.7777888888888889], [null, 0.2692757855768508, 1.797989898989899], [null, 0.2655805936740905, 1.8181909090909092], [null, 0.2616651095753509, 1.8383919191919191], [null, 0.2574851759851574, 1.8585929292929293], [null, 0.2529797464290924, 1.8787939393939395], [null, 0.24805985143521408, 1.8989949494949496], [null, 0.24258594599118244, 1.9191959595959596], [null, 0.236313615558989, 1.9393969696969697], [null, 0.22872563774127866, 1.95959797979798], [null, 0.21812040053112322, 1.9797989898989898], [null, 3.3306690738754696e-15, 2.0]]}