{"dim": 3, "delta": 0.2, "mu": 5.906055070328385, "dmu": 0.11050000000000001, "g": -0.32006361602683453, "k_c": 50, "data": [[0.022748505445334077, 0.07101766263313315, 0.0001], [0.022731559715002455, 0.07101551403464545, 0.002119191919191919], [0.022683791739980846, 0.07100945332165642, 0.004138383838383839], [0.022605243226156695, 0.07099947423224207, 0.006157575757575758], [0.022495980691005862, 0.07098556642436002, 0.008176767676767676], [0.02235609230404131, 0.07096771542674864, 0.010195959595959595], [0.02218568334280275, 0.0709459025608562, 0.012215151515151516], [0.02198487011657003, 0.07092010490187727, 0.014234343434343434], [0.021753772134239267, 0.07089029494297537, 0.016253535353535353], [0.021492502276066083, 0.07085644080045662, 0.018272727272727274], [0.02120115459772516, 0.07081850569278456, 0.02029191919191919], [0.02087978935413774, 0.07077644804537049, 0.02231111111111111], [0.02052841468346161, 0.07073022082561592, 0.024330303030303032], [0.020146964271710262, 0.07067977205062351, 0.02634949494949495], [0.01973527009330567, 0.0706250435739672, 0.02836868686868687], [0.01929302907654285, 0.07056597124829575, 0.030387878787878787], [0.01881976206227656, 0.0705024844301942, 0.03240707070707071], [0.018314763119201556, 0.07043450541774822, 0.03442626262626263], [0.01777703576792017, 0.07036194943423159, 0.03644545454545455], [0.01720521136444944, 0.07028472296862529, 0.038464646464646465], [0.016597443350608462, 0.07020272420900299, 0.040483838383838386], [0.015951264977150364, 0.07011584169278082, 0.042503030303030306], [0.01526339297722953, 0.07002395356916942, 0.04452222222222223], [0.014529446012362375, 0.06992692652526168, 0.04654141414141415], [0.013743523823079393, 0.06982461467468883, 0.04856060606060607], [0.012897547276611047, 0.06971685819394093, 0.05057979797979798], [0.011980163050710544, 0.06960348171122221, 0.0525989898989899], [0.010974792537251766, 0.0694842925407326, 0.05461818181818182], [0.009855830948810014, 0.06935907851884597, 0.05663737373737374], [0.008580235349795146, 0.06922760539792333, 0.058656565656565664], [0.007065011852769918, 0.0690896140172787, 0.06067575757575758], [0.005102536022775489, 0.068944816514692, 0.0626949494949495], [0.001413925692572824, 0.06879289250865439, 0.06471414141414142], [null, 0.06863348288306818, 0.06673333333333334], [null, 0.0684661849843092, 0.06875252525252526], [null, 0.06829054322232593, 0.07077171717171718], [null, 0.06810603903898799, 0.0727909090909091], [null, 0.06791208380401259, 0.07481010101010102], [null, 0.06770799209490293, 0.07682929292929293], [null, 0.06749297182652073, 0.07884848484848485], [null, 0.06726609169801004, 0.08086767676767677], [null, 0.06702624521376577, 0.08288686868686869], [null, 0.06677209989592744, 0.08490606060606061], [null, 0.06650202454417628, 0.08692525252525253], [null, 0.0662139827989573, 0.08894444444444445], [null, 0.06590537050099425, 0.09096363636363637], [null, 0.0655727540419673, 0.09298282828282829], [null, 0.065211423347332, 0.09500202020202021], [null, 0.06481455781208138, 0.09702121212121213], [null, 0.06437149057190272, 0.09904040404040404], [null, 0.06386330250533999, 0.10105959595959596], [null, 0.06324734360383046, 0.10307878787878788], [null, 0.062280218087209335, 0.1050979797979798], [null, 0.06099541959625056, 0.10711717171717172], [null, 0.059777406197338984, 0.10913636363636364], [null, 0.05862085087772547, 0.11115555555555556], [null, 0.05752086404432176, 0.11317474747474748], [null, 0.05647295485658276, 0.1151939393939394], [null, 0.05547299577547299, 0.11721313131313132], [null, 0.05451719115869242, 0.11923232323232323], [null, 0.05360204619093504, 0.12125151515151515], [null, 0.052724340252550135, 0.12327070707070707], [null, 0.051881101752846014, 0.12528989898989898], [null, 0.05106958501850828, 0.1273090909090909], [null, 0.05028724964382216, 0.12932828282828282], [null, 0.049531738038030536, 0.13134747474747474], [null, 0.0488008633769614, 0.13336666666666666], [null, 0.04809258757495759, 0.13538585858585858], [null, 0.04740500746470543, 0.1374050505050505], [null, 0.04673634265844612, 0.13942424242424242], [null, 0.046084919778587426, 0.14144343434343434], [null, 0.04544916123156711, 0.14346262626262626], [null, 0.04482757339280078, 0.14548181818181818], [null, 0.04421873514889818, 0.1475010101010101], [null, 0.04362128723280239, 0.14952020202020203], [null, 0.04303392149814509, 0.15153939393939392], [null, 0.042455370349629616, 0.15355858585858584], [null, 0.04188439590272826, 0.15557777777777776], [null, 0.04131977875955421, 0.15759696969696968], [null, 0.040760305990541805, 0.1596161616161616], [null, 0.04020475802303832, 0.16163535353535352], [null, 0.03965189387677919, 0.16365454545454544], [null, 0.03910043411585714, 0.16567373737373736], [null, 0.03854904060292467, 0.16769292929292928], [null, 0.037996291899653575, 0.1697121212121212], [null, 0.0374406523972842, 0.17173131313131312], [null, 0.0368804327940846, 0.17375050505050504], [null, 0.03631373796561413, 0.17576969696969696], [null, 0.03573839631148955, 0.17778888888888889], [null, 0.0351518613578698, 0.1798080808080808], [null, 0.03455106947655639, 0.18182727272727273], [null, 0.033932227320842674, 0.18384646464646465], [null, 0.03329047893111093, 0.18586565656565657], [null, 0.03261935587381013, 0.1878848484848485], [null, 0.03190980476761606, 0.1899040404040404], [null, 0.031148305275270113, 0.19192323232323233], [null, 0.030312738196917207, 0.19394242424242425], [null, 0.02936138729031237, 0.19596161616161614], [null, 0.02819143957624524, 0.19798080808080806], [null, 8.215650382226158e-15, 0.2]]}