{"dim": 3, "delta": 5.75, "mu": 5.906055070328385, "dmu": 4.560795454545454, "g": -0.3921613007980973, "k_c": 50, "data": []}