{"dim": 3, "delta": 3.5, "mu": 5.906055070328385, "dmu": 1.951923076923077, "g": -0.37996643765185917, "k_c": 50, "data": [[0.49125940125148054, null, 0.0001], [0.49090215419507194, null, 0.035452525252525256], [0.48983604178591467, null, 0.07080505050505051], [0.48806585283651954, null, 0.10615757575757577], [0.4855994783173962, null, 0.141510101010101], [0.482447787503397, null, 0.17686262626262625], [0.4786244618351837, null, 0.21221515151515152], [0.47414579045612354, null, 0.24756767676767677], [0.46903043440984576, null, 0.282920202020202], [0.4632991646979513, null, 0.31827272727272726], [0.4569745778821161, null, 0.3536252525252525], [0.45008078710487454, null, 0.38897777777777776], [0.4426430712473223, null, 0.42433030303030306], [0.4346874145719729, null, 0.4596828282828283], [0.42623966859567214, null, 0.49503535353535355], [0.41732259672350963, null, 0.5303878787878787], [0.4079453607487816, null, 0.565740404040404], [0.39822718665405116, null, 0.6010929292929293], [0.38818893460509823, null, 0.6364454545454545], [0.3778247478450099, null, 0.6717979797979798], [0.367131994975433, null, 0.707150505050505], [0.35611150332563996, null, 0.7425030303030303], [0.3447678260553623, null, 0.7778555555555555], [0.3330296726726034, null, 0.8132080808080808], [0.3207783911686573, null, 0.8485606060606061], [0.3079766160797321, null, 0.8839131313131313], [0.29455507327705965, null, 0.9192656565656566], [0.2804246170429397, null, 0.9546181818181818], [0.2654711415854632, null, 0.9899707070707071], [0.24954554237570672, null, 1.0253232323232324], [0.232446800038337, null, 1.0606757575757575], [0.2138924160803548, null, 1.0960282828282828], [0.19346266087374317, 0.9648110794466248, 1.131380808080808], [0.1704832536656557, 0.9581999129718208, 1.1667333333333334], [0.14373498868901585, 0.9498724838967205, 1.2020858585858587], [0.1105125917420783, 0.9360660652161678, 1.2374383838383838], [0.061024985257837554, 0.9208568239775652, 1.272790909090909], [null, 0.9064106425220275, 1.3081434343434344], [null, 0.8926812695720591, 1.3434959595959597], [null, 0.8796239499995573, 1.3788484848484848], [null, 0.8671954757249637, 1.41420101010101], [null, 0.855354444519257, 1.4495535353535354], [null, 0.8440612977455767, 1.4849060606060607], [null, 0.8332783957876588, 1.520258585858586], [null, 0.822970048378599, 1.555611111111111], [null, 0.8131025154886923, 1.5909636363636364], [null, 0.8036439835514092, 1.6263161616161617], [null, 0.79456452086208, 1.661668686868687], [null, 0.7858360165294463, 1.6970212121212123], [null, 0.7774321068021641, 1.7323737373737373], [null, 0.7693280923962543, 1.7677262626262626], [null, 0.7615008485379865, 1.803078787878788], [null, 0.7539287339798042, 1.8384313131313132], [null, 0.7465914947305211, 1.8737838383838383], [null, 0.7394701705873109, 1.9091363636363636], [null, 0.732547001452944, 1.944488888888889], [null, 0.7258053364050123, 1.9798414141414142], [null, 0.7192295452674912, 2.0151939393939395], [null, 0.7128049333528359, 2.050546464646465], [null, 0.7065176597646688, 2.08589898989899], [null, 0.7003546589998356, 2.121251515151515], [null, 0.6943035659734832, 2.1566040404040407], [null, 0.6883526442290411, 2.191956565656566], [null, 0.6824907169737924, 2.2273090909090913], [null, 0.6767071006567829, 2.2626616161616164], [null, 0.6709915408740257, 2.2980141414141415], [null, 0.6653341483430478, 2.333366666666667], [null, 0.6597253415063488, 2.368719191919192], [null, 0.65415577713923, 2.4040717171717176], [null, 0.6486162963439577, 2.4394242424242427], [null, 0.6430978569949876, 2.474776767676768], [null, 0.6375914695681427, 2.5101292929292933], [null, 0.6320881275731973, 2.5454818181818184], [null, 0.6265787333745236, 2.580834343434344], [null, 0.621054016997816, 2.616186868686869], [null, 0.6155044452035623, 2.651539393939394], [null, 0.6099201219168209, 2.6868919191919196], [null, 0.6042906643496125, 2.7222444444444447], [null, 0.5986050699997799, 2.7575969696969698], [null, 0.5928515481270562, 2.7929494949494953], [null, 0.5870173191219449, 2.8283020202020204], [null, 0.5810883659365772, 2.863654545454546], [null, 0.5750491237968149, 2.899007070707071], [null, 0.5688820650451519, 2.934359595959596], [null, 0.5625672255670936, 2.9697121212121216], [null, 0.5560814366797663, 3.0050646464646467], [null, 0.5493974456435762, 3.040417171717172], [null, 0.5424825705195926, 3.0757696969696973], [null, 0.5352968050954297, 3.1111222222222223], [null, 0.5277900017984222, 3.146474747474748], [null, 0.5198974902062906, 3.181827272727273], [null, 0.5115329277774785, 3.2171797979797985], [null, 0.5025758467333783, 3.2525323232323236], [null, 0.4928480386010434, 3.2878848484848486], [null, 0.48206315358455143, 3.323237373737374], [null, 0.4696981552602934, 3.3585898989898992], [null, 0.45454501905049194, 3.3939424242424248], [null, 0.4307575531294188, 3.42929494949495], [null, 0.3077329930609908, 3.464647474747475], [null, 2.930988785010413e-14, 3.5]]}