{"dim": 3, "delta": 1.5, "mu": 5.906055070328385, "dmu": 1.05, "g": -0.3603342691362375, "k_c": 50, "data": [[0.31842230139798666, 0.43711519724085884, 0.0001], [0.31866838121540453, 0.437064922753231, 0.01525050505050505], [0.3194120967941293, 0.4369149636081555, 0.030401010101010102], [0.32071221859566096, 0.4366639736526534, 0.045551515151515155], [0.32264292770991976, 0.43630964863030974, 0.06070202020202021], [0.3246328237299763, 0.43584862967878074, 0.07585252525252525], [0.3266838816587853, 0.4352763473863677, 0.09100303030303031], [0.3288381193969941, 0.43458679349762247, 0.10615353535353536], [0.3311337004906018, 0.43377220029938013, 0.12130404040404041], [0.3336097107837184, 0.4328225693376939, 0.13645454545454544], [0.33630959865056365, 0.4317249835677418, 0.1516050505050505], [0.33928450878332467, 0.4304625714332319, 0.16675555555555555], [0.3425972991646158, 0.4290128932793151, 0.1819060606060606], [0.34632810717497897, 0.42734530236823415, 0.19705656565656565], [0.3505827611694308, 0.4254163745928613, 0.2122070707070707], [0.3555064101330587, 0.423161320927161, 0.22735757575757576], [0.36130721114457015, 0.4204759899316153, 0.2425080808080808], [0.3683010065888947, 0.417172531408149, 0.25765858585858586], [0.3770052449834684, 0.41283649407109513, 0.2728090909090909], [0.3883695571371116, 0.405982442112832, 0.28795959595959597]]}