{"dim": 3, "delta": 0.2, "mu": 5.906055070328385, "dmu": 0.14950000000000002, "g": -0.32006361602683453, "k_c": 50, "data": [[0.048824216197809016, 0.056269331079899204, 0.0001], [0.04885916606719707, 0.05624898111018091, 0.002119191919191919], [0.0489584202958955, 0.056190727352969094, 0.004138383838383839], [0.049124145974289886, 0.05609189502020198, 0.006157575757575758], [0.049360579028810844, 0.05594740990190415, 0.008176767676767676], [0.04967539672378713, 0.05574838992638531, 0.010195959595959595], [0.050083034312805697, 0.05547881258656072, 0.012215151515151516], [0.050614032013092364, 0.055106154032486705, 0.014234343434343434], [0.05135304743140829, 0.05454339735981584, 0.016253535353535353]]}