{"dim": 3, "delta": 9.75, "mu": 5.906055070328385, "dmu": 6.6069078947368425, "g": -0.4059099778189472, "k_c": 50, "data": []}