{"dim": 3, "delta": 1, "mu": 5.906055070328385, "dmu": 0.5, "g": -0.3514958709352178, "k_c": 50, "data": [[0.02445325933302916, 0.3543840567693103, 0.0001], [0.024171067354077397, 0.35437542722473436, 0.010199999999999999], [0.02331644503846215, 0.3543498674936753, 0.0203], [0.021825455510391847, 0.3543073522969646, 0.0304], [0.019558971859065192, 0.35424784843272455, 0.0405], [0.01620445542543584, 0.35417130333250046, 0.0506], [0.010809559648562493, 0.35407765064808105, 0.060700000000000004], [null, 0.3539668087053979, 0.0708], [null, 0.35383868021229786, 0.0809], [null, 0.3536931517740851, 0.091], [null, 0.35353009347300074, 0.1011], [null, 0.3533493582153418, 0.1112], [null, 0.3531507811554417, 0.1213], [null, 0.35293417881270467, 0.1314], [null, 0.3526993482812103, 0.1415], [null, 0.35244606623535957, 0.15159999999999998], [null, 0.35217408771547304, 0.16169999999999998], [null, 0.3518831453573174, 0.17179999999999998], [null, 0.35157294705457565, 0.18189999999999998], [null, 0.3512431752228249, 0.19199999999999998], [null, 0.35089348473697546, 0.20209999999999997], [null, 0.3505235007892114, 0.21219999999999997], [null, 0.35013281681252617, 0.22229999999999997], [null, 0.34972099178605603, 0.23239999999999997], [null, 0.3492875475413163, 0.2425], [null, 0.3488319651759953, 0.2526], [null, 0.3483536812703452, 0.2627], [null, 0.3478520851409132, 0.2728], [null, 0.3473265107411576, 0.2829], [null, 0.34677623440268696, 0.293], [null, 0.3462004666068742, 0.3031], [null, 0.34559834490447117, 0.3132], [null, 0.34496892553729436, 0.3233], [null, 0.3443111726978912, 0.3334], [null, 0.34362394712064875, 0.34349999999999997], [null, 0.3429059916301771, 0.35359999999999997], [null, 0.34215591451120336, 0.36369999999999997], [null, 0.34137216904189593, 0.37379999999999997], [null, 0.34055302921077296, 0.38389999999999996], [null, 0.3396965595270152, 0.39399999999999996], [null, 0.3388005785722238, 0.40409999999999996], [null, 0.3378626121452446, 0.41419999999999996], [null, 0.33687983576251396, 0.42429999999999995], [null, 0.33584899975953525, 0.43439999999999995], [null, 0.33476633228828967, 0.44449999999999995], [null, 0.333627410768412, 0.45459999999999995], [null, 0.33242698849122876, 0.46469999999999995], [null, 0.3311587510047339, 0.47479999999999994], [null, 0.3298149842024593, 0.4849], [null, 0.3283860481881427, 0.495], [null, 0.32685962074909025, 0.5051], [null, 0.3252194314860416, 0.5152], [null, 0.3234430907566894, 0.5253], [null, 0.3214979750220312, 0.5354], [null, 0.3193323568800623, 0.5455], [null, 0.3168518290203252, 0.5556], [null, 0.3138230257860595, 0.5657], [null, 0.30911372569642437, 0.5758], [null, 0.30397139637027587, 0.5859], [null, 0.2990130997980229, 0.596], [null, 0.29422674495829126, 0.6061], [null, 0.28960094988868074, 0.6162], [null, 0.28512499187585855, 0.6263], [null, 0.2807887588064445, 0.6364], [null, 0.2765827021487975, 0.6465], [null, 0.272497784043816, 0.6566], [null, 0.2685254851024226, 0.6667], [null, 0.26465765890489834, 0.6768], [null, 0.2608865975406594, 0.6869], [null, 0.25720494011740347, 0.697], [null, 0.2536056457556697, 0.7071], [null, 0.25008195621430884, 0.7172], [null, 0.24662735913755945, 0.7273], [null, 0.24323555075988013, 0.7373999999999999], [null, 0.23990039781627306, 0.7474999999999999], [null, 0.23661589899798952, 0.7575999999999999], [null, 0.2333761412754302, 0.7676999999999999], [null, 0.23017525961177487, 0.7777999999999999], [null, 0.22700738452105518, 0.7878999999999999], [null, 0.2238665890583362, 0.7979999999999999], [null, 0.22074682647081967, 0.8080999999999999], [null, 0.21764185721199936, 0.8181999999999999], [null, 0.21454516969907197, 0.8282999999999999], [null, 0.21144984513169077, 0.8383999999999999], [null, 0.20834847334158563, 0.8484999999999999], [null, 0.2052329440966762, 0.8585999999999999], [null, 0.20209424450483549, 0.8686999999999999], [null, 0.19892216065586132, 0.8787999999999999], [null, 0.1957048756819471, 0.8888999999999999], [null, 0.19242839992306454, 0.8989999999999999], [null, 0.18907573897374932, 0.9090999999999999], [null, 0.18562563177055155, 0.9191999999999999], [null, 0.18205054431606998, 0.9292999999999999], [null, 0.17831329380842897, 0.9393999999999999], [null, 0.1743609305965676, 0.9494999999999999], [null, 0.17011250007546974, 0.9595999999999999], [null, 0.16543084813567474, 0.9697], [null, 0.16004126324129045, 0.9798], [null, 0.15316412784292419, 0.9899], [null, -3.751672861262989e-10, 1.0]]}