{"dim": 3, "delta": 4.5, "mu": 5.906055070328385, "dmu": 3.401470588235294, "g": -0.38607214965680303, "k_c": 50, "data": []}