{"dim": 3, "delta": 0.2, "mu": 5.906055070328385, "dmu": 0.11950000000000002, "g": -0.32006361602683453, "k_c": 50, "data": [[0.03046424190721987, 0.06921069854647614, 0.0001], [0.030445562302432453, 0.06920817014123025, 0.002119191919191919], [0.03039290789889501, 0.0692010372173843, 0.004138383838383839], [0.03030632631663452, 0.06918928990046153, 0.006157575757575758], [0.03018588760010815, 0.06917291190793654, 0.008176767676767676], [0.03003166952742629, 0.0691518803546593, 0.010195959595959595], [0.02984373052603568, 0.06912616574759063, 0.012215151515151516], [0.029622058074401183, 0.06909573146360717, 0.014234343434343434], [0.02936646033046618, 0.06906053391211367, 0.016253535353535353], [0.029076292536879954, 0.06902052187201181, 0.018272727272727274], [0.028749452104358888, 0.06897563648090098, 0.02029191919191919], [0.028377390807368875, 0.06892581033665716, 0.02231111111111111], [0.027986486416724694, 0.06887096732029288, 0.024330303030303032], [0.027585727032915012, 0.06881102181525889, 0.02634949494949495], [0.027173849666886307, 0.06874587809809819, 0.02836868686868687], [0.026749667811441193, 0.06867542946138552, 0.030387878787878787], [0.026312049050044844, 0.06859955728259899, 0.03240707070707071], [0.025859901581946648, 0.06851812989780943, 0.03442626262626263], [0.02539216745502364, 0.06843100132522821, 0.03644545454545455], [0.024907821291927593, 0.06833800972935797, 0.038464646464646465], [0.02440587399849847, 0.06823897574724458, 0.040483838383838386], [0.023885380188066165, 0.06813370026072896, 0.042503030303030306], [0.023345452208297982, 0.06802196213455536, 0.04452222222222223], [0.02278527555722095, 0.06790351517509369, 0.04654141414141415], [0.0222041313176499, 0.0677780846670876, 0.04856060606060607], [0.02160142158707171, 0.06764536328111743, 0.05057979797979798], [0.020976699350338995, 0.06750500602060812, 0.0525989898989899], [0.020329701829426984, 0.0673566240168597, 0.05461818181818182], [0.019660385938157467, 0.06719977688613807, 0.05663737373737374], [0.018968966641369687, 0.06703396354203006, 0.058656565656565664], [0.018255952507215675, 0.06685860971532138, 0.06067575757575758], [0.01752218055564476, 0.0666730532886689, 0.0626949494949495], [0.016768845273525932, 0.06647652420931403, 0.06471414141414142], [0.01599751991098093, 0.0662681186618302, 0.06673333333333334], [0.015210167976588529, 0.06604676331299587, 0.06875252525252526], [0.014409141842712726, 0.06581117148972329, 0.07077171717171718], [0.01359716798190523, 0.06555976711622208, 0.0727909090909091], [0.012722644467291658, 0.06529059531370177, 0.07481010101010102], [0.01175978664283818, 0.06500117033849988, 0.07682929292929293], [0.010697982890672418, 0.06468824248758227, 0.07884848484848485], [0.009508296006123821, 0.06434741334779788, 0.08086767676767677], [0.008137218530861155, 0.06397243035824614, 0.08288686868686869], [0.0064722260609438136, 0.06355380714030584, 0.08490606060606061], [0.004177157356398499, 0.06307562670385373, 0.08692525252525253], [null, 0.06250615390783038, 0.08894444444444445], [null, 0.061749852457629685, 0.09096363636363637], [null, 0.060266613762930535, 0.09298282828282829], [null, 0.05873669988527935, 0.09500202020202021], [null, 0.05731509292450839, 0.09702121212121213], [null, 0.05599171421626374, 0.09904040404040404], [null, 0.05475739567701933, 0.10105959595959596], [null, 0.05360379942790101, 0.10307878787878788], [null, 0.05252335689895339, 0.1050979797979798], [null, 0.051509206107040295, 0.10711717171717172], [null, 0.050555131789139875, 0.10913636363636364], [null, 0.04965550466540164, 0.11115555555555556], [null, 0.04880524152870393, 0.11317474747474748], [null, 0.04799972600399919, 0.1151939393939394], [null, 0.04723478909787153, 0.11721313131313132], [null, 0.04650665198981176, 0.11923232323232323], [null, 0.045811888467914105, 0.12125151515151515], [null, 0.045147388384392195, 0.12327070707070707], [null, 0.044510324454519155, 0.12528989898989898], [null, 0.04389812189784912, 0.1273090909090909], [null, 0.04330843132611238, 0.12932828282828282], [null, 0.042739103911596084, 0.13134747474747474], [null, 0.04218816902507397, 0.13336666666666666], [null, 0.041653813797853, 0.13538585858585858], [null, 0.04113436617175612, 0.1374050505050505], [null, 0.04062827630234376, 0.13942424242424242], [null, 0.040134101870112744, 0.14144343434343434], [null, 0.03965049523996382, 0.14346262626262626], [null, 0.039176189647932326, 0.14548181818181818], [null, 0.03870998774881826, 0.1475010101010101], [null, 0.03825074892131623, 0.14952020202020203], [null, 0.03779737979309953, 0.15153939393939392], [null, 0.0373488227320856, 0.15355858585858584], [null, 0.03690404525920522, 0.15557777777777776], [null, 0.036462029046164274, 0.15759696969696968], [null, 0.0360217583466213, 0.1596161616161616], [null, 0.035582207471615085, 0.16163535353535352], [null, 0.0351423268179087, 0.16365454545454544], [null, 0.03470102682959656, 0.16567373737373736], [null, 0.03425715906626827, 0.16769292929292928], [null, 0.0338094931726996, 0.1697121212121212], [null, 0.03335668814404087, 0.17173131313131312], [null, 0.03289725548283838, 0.17375050505050504], [null, 0.032429510601790175, 0.17576969696969696], [null, 0.03195150722942568, 0.17778888888888889], [null, 0.03146094538312553, 0.1798080808080808], [null, 0.03095503931065071, 0.18182727272727273], [null, 0.03043031944293804, 0.18384646464646465], [null, 0.029882322202254154, 0.18586565656565657], [null, 0.0293050787118064, 0.1878848484848485], [null, 0.02869020492728239, 0.1899040404040404], [null, 0.02802517439221438, 0.19192323232323233], [null, 0.02728943194021474, 0.19394242424242425], [null, 0.026444224465824846, 0.19596161616161614], [null, 0.025394094705566216, 0.19798080808080806], [null, -1.6653345369377348e-15, 0.2]]}