{"dim": 3, "delta": 0.2, "mu": 5.906055070328385, "dmu": 0.1315, "g": -0.32006361602683453, "k_c": 50, "data": [[0.03761948683730559, 0.06607450065191747, 0.0001], [0.037564829424035794, 0.06607101353080161, 0.002119191919191919], [0.0374153987373778, 0.06606117178711367, 0.004138383838383839], [0.037284073489485314, 0.06604495180119288, 0.006157575757575758], [0.037163705635735234, 0.0660223151707837, 0.008176767676767676], [0.037048788276412864, 0.06599320527642971, 0.010195959595959595], [0.03693657717460891, 0.06595755027195555, 0.012215151515151516], [0.036825451045575344, 0.06591526047814318, 0.014234343434343434], [0.03671433258724059, 0.065866226323707, 0.016253535353535353], [0.0366024364687325, 0.06581032024625219, 0.018272727272727274], [0.03648914339078077, 0.0657473910064883, 0.02029191919191919], [0.036373930202724045, 0.06567726438268331, 0.02231111111111111], [0.03625632794494443, 0.06559973804629615, 0.024330303030303032], [0.03613588840827895, 0.0655145814615865, 0.02634949494949495], [0.036012173471552375, 0.06542153037228607, 0.02836868686868687], [0.035884727583302335, 0.06532028204894379, 0.030387878787878787], [0.03575306909238942, 0.06521049014892066, 0.03240707070707071], [0.035616673319693246, 0.06509175762314415, 0.03442626262626263], [0.03547495775428178, 0.06496362781698861, 0.03644545454545455], [0.03532726458353014, 0.06482557362531093, 0.038464646464646465], [0.035172840420603924, 0.06467698340503102, 0.040483838383838386], [0.03501081185990626, 0.06451714305945243, 0.042503030303030306], [0.034840155262499124, 0.06434521238201306, 0.04452222222222223], [0.034659658892888134, 0.06416019406602451, 0.04654141414141415], [0.03446787484798064, 0.06396088981214104, 0.04856060606060607], [0.034263057371044285, 0.0637458447457677, 0.05057979797979798], [0.034043083128754335, 0.06351325889818647, 0.0525989898989899], [0.03380534768306425, 0.06326086596634918, 0.05461818181818182], [0.033546630500163405, 0.06298574303586482, 0.05663737373737374], [0.033262919059387684, 0.06268400636940338, 0.058656565656565664], [0.032949182402568486, 0.06235029139783469, 0.06067575757575758], [0.032599078948375326, 0.06197680412828933, 0.0626949494949495], [0.032204607590877087, 0.06155135270347517, 0.06471414141414142], [0.03175569410797655, 0.061052651773695066, 0.06673333333333334], [0.031239791809844732, 0.06043561455351354, 0.06875252525252526], [0.03064163029072907, 0.05954632101643773, 0.07077171717171718], [0.02994341733625266, 0.05650566520695087, 0.0727909090909091], [0.029125988087110765, 0.053183023677126656, 0.07481010101010102], [0.028171485781206155, 0.05026403216490763, 0.07682929292929293], [0.027067758793360853, 0.04774124428852188, 0.07884848484848485], [0.025813493533773196, 0.04559835059665547, 0.08086767676767677], [0.024421626646158632, 0.04380653437983155, 0.08288686868686869], [0.02291859522882227, 0.042325026613561446, 0.08490606060606061], [0.021339334459853577, 0.04110593606157859, 0.08692525252525253], [0.01972065949237202, 0.04010072142752796, 0.08894444444444445], [0.018095993601965406, 0.039265324993313686, 0.09096363636363637], [0.016492715556631038, 0.03856272317630252, 0.09298282828282829], [0.014931673563676107, 0.03796330596898312, 0.09500202020202021], [0.013427914092966398, 0.03744406507351547, 0.09702121212121213], [0.011991827815305263, 0.03698737072734047, 0.09904040404040404], [0.010630284654157995, 0.036579771080332696, 0.10105959595959596], [0.009347589327325427, 0.03621097665332627, 0.10307878787878788], [0.008146223448556335, 0.035873084635954317, 0.1050979797979798], [0.007016141483533925, 0.03555994570195068, 0.10711717171717172], [0.005562683182152889, 0.035266754497921576, 0.10913636363636364], [0.0033572539580391417, 0.03498970407604652, 0.11115555555555556], [null, 0.034725750075376136, 0.11317474747474748], [null, 0.03447242883523984, 0.1151939393939394], [null, 0.034227727320834095, 0.11721313131313132], [null, 0.03398998174350858, 0.11923232323232323], [null, 0.03375780255010469, 0.12125151515151515], [null, 0.03353001581738101, 0.12327070707070707], [null, 0.033305619516246956, 0.12528989898989898], [null, 0.03308374878478203, 0.1273090909090909], [null, 0.032863647296706114, 0.12932828282828282], [null, 0.03264464699001624, 0.13134747474747474], [null, 0.0324261492606249, 0.13336666666666666], [null, 0.03220761358617614, 0.13538585858585858], [null, 0.031988540063653995, 0.1374050505050505], [null, 0.03176846524204148, 0.13942424242424242], [null, 0.03154695076046744, 0.14144343434343434], [null, 0.03132357651724826, 0.14346262626262626], [null, 0.031097934106641748, 0.14548181818181818], [null, 0.03086962056593299, 0.1475010101010101], [null, 0.03063823281439601, 0.14952020202020203], [null, 0.03040336177728282, 0.15153939393939392], [null, 0.030164586692141067, 0.15355858585858584], [null, 0.02992146902889278, 0.15557777777777776], [null, 0.029673545889963276, 0.15759696969696968], [null, 0.029420322577603943, 0.1596161616161616], [null, 0.02916126412966332, 0.16163535353535352], [null, 0.028895785260988096, 0.16365454545454544], [null, 0.028623238218502062, 0.16567373737373736], [null, 0.028342897844103432, 0.16769292929292928], [null, 0.028053942766916303, 0.1697121212121212], [null, 0.02775543125359126, 0.17173131313131312], [null, 0.027446269590208034, 0.17375050505050504], [null, 0.027125170013521153, 0.17576969696969696], [null, 0.026790592447090533, 0.17778888888888889], [null, 0.026440664026119748, 0.1798080808080808], [null, 0.026073059823030414, 0.18182727272727273], [null, 0.025684827182737846, 0.18384646464646465], [null, 0.025272107659128424, 0.18586565656565657], [null, 0.02482967863622955, 0.1878848484848485], [null, 0.02435014158793276, 0.1899040404040404], [null, 0.023822353908426984, 0.19192323232323233], [null, 0.023227988862639746, 0.19394242424242425], [null, 0.022532395887623704, 0.19596161616161614], [null, 0.02165023340995355, 0.19798080808080806], [null, -1.942890293094024e-15, 0.2]]}