{"dim": 3, "delta": 0.25, "mu": 5.906055070328385, "dmu": 0.17562500000000003, "g": -0.3240909709653437, "k_c": 50, "data": [[0.05208539122247224, 0.07829965104587593, 0.0001], [0.052145777841965786, 0.07829308942766709, 0.0026242424242424243], [0.05234017170454021, 0.0782743361711243, 0.005148484848484849], [0.05254528285004399, 0.07824329897548113, 0.007672727272727274], [0.052740260132432645, 0.07819982279569196, 0.010196969696969697], [0.05293427216926592, 0.07814368662658648, 0.012721212121212123], [0.0531325863706613, 0.0780745978088025, 0.015245454545454546], [0.0533390064670986, 0.07799218413809066, 0.01776969696969697], [0.05355676243334807, 0.07789598593293623, 0.020293939393939395], [0.05378893179874618, 0.07778543957508252, 0.02281818181818182], [0.05403869134708913, 0.07765986332340626, 0.025342424242424246], [0.054309507332947426, 0.07751843004376649, 0.027866666666666668], [0.05460531374229829, 0.07736014260920306, 0.030390909090909093], [0.05493070959425291, 0.07718378918234257, 0.03291515151515152], [0.0552912023002938, 0.07698788824890099, 0.035439393939393944], [0.05569353019714709, 0.0767706105310238, 0.03796363636363637], [0.05614611117561134, 0.07652966715981366, 0.040487878787878795], [0.05665969282114044, 0.07626214454091317, 0.04301212121212122], [0.05724833191907246, 0.07596425111290629, 0.045536363636363646], [0.057930934614135364, 0.07563091121868176, 0.04806060606060607], [0.058733801769486255, 0.07525507203197494, 0.050584848484848496], [0.059695101745900765, 0.07482644292304802, 0.05310909090909092], [0.06087337395521464, 0.07432891266675921, 0.05563333333333334], [0.06236552344287315, 0.07373449575032284, 0.05815757575757577], [0.06435124379253672, 0.07298530491442028, 0.06068181818181819], [0.06723396320845364, 0.07190641810646703, 0.06320606060606061]]}