{"dim": 3, "delta": 0.75, "mu": 5.906055070328385, "dmu": 0.52125, "g": -0.34545454776739287, "k_c": 50, "data": [[0.15419603242385596, 0.23266440237463273, 0.0001], [0.154398672920412, 0.2326461102216423, 0.007674747474747475], [0.1549843783642167, 0.23259207502610985, 0.015249494949494949], [0.15551954901777257, 0.23250203587710905, 0.022824242424242424], [0.1560290851502921, 0.23237554636431793, 0.030398989898989898], [0.15653736681193484, 0.23221196777863967, 0.037973737373737375], [0.15705846096363063, 0.23201045359796996, 0.04554848484848485], [0.15760261912938778, 0.2317699279779718, 0.05312323232323232], [0.1581786411893074, 0.23148905702447145, 0.0606979797979798], [0.15879499904237235, 0.23116621103393112, 0.06827272727272728], [0.1594605171888977, 0.23079941472008447, 0.07584747474747475], [0.16018489809349118, 0.2303862819532766, 0.08342222222222222], [0.16097922631553127, 0.22992392885064467, 0.0909969696969697], [0.1618565375172281, 0.22940885739102224, 0.09857171717171717], [0.1628325315717475, 0.22883679628741888, 0.10614646464646464], [0.1639265290473647, 0.2282024792181263, 0.11372121212121213], [0.16516281673730565, 0.22749932909321277, 0.1212959595959596], [0.16657263250829352, 0.22671899071147233, 0.12887070707070705], [0.16819711034033905, 0.22585062110791565, 0.13644545454545454], [0.17009221116942363, 0.22487975300011767, 0.144020202020202], [0.17233667915797998, 0.22378637508497937, 0.15159494949494948], [0.17504665311452294, 0.22254143904013224, 0.15916969696969696], [0.1784042091046864, 0.2210998412492916, 0.16674444444444442], [0.18272057412848178, 0.2193841719394536, 0.1743191919191919], [0.18860364232258456, 0.21723753884046743, 0.18189393939393939], [0.1975637691739861, 0.21420937377018545, 0.18946868686868684]]}