{"dim": 3, "delta": 3.75, "mu": 5.906055070328385, "dmu": 1.9955357142857142, "g": -0.38162974782282366, "k_c": 50, "data": [[0.4384016190316092, null, 0.0001], [0.4380288380609239, null, 0.03797777777777778], [0.43691540476903085, null, 0.07585555555555555], [0.43506425023736767, null, 0.11373333333333333], [0.4324801166652878, null, 0.15161111111111109], [0.4291693483961435, null, 0.18948888888888887], [0.42513959920278677, null, 0.22736666666666663], [0.4203994550607288, null, 0.2652444444444444], [0.4149579705672666, null, 0.3031222222222222], [0.40882411573783595, null, 0.34099999999999997], [0.40200612775315153, null, 0.37887777777777776], [0.39451075909541183, null, 0.4167555555555555], [0.3863424096387301, null, 0.4546333333333333], [0.377502123770908, null, 0.49251111111111107], [0.3679864225980722, null, 0.5303888888888888], [0.3577859335894658, null, 0.5682666666666666], [0.34688374410123113, null, 0.6061444444444444], [0.3352533404472967, null, 0.6440222222222222], [0.3228560287310259, null, 0.6819], [0.30963744039893193, null, 0.7197777777777777], [0.29552268877710597, null, 0.7576555555555555], [0.28040928030832524, null, 0.7955333333333332], [0.2641562214634354, null, 0.833411111111111], [0.24656633215684332, null, 0.8712888888888888], [0.22735562022063494, null, 0.9091666666666666], [0.20609580170485545, null, 0.9470444444444444], [0.18209392677135505, null, 0.9849222222222221], [0.15409720412283293, null, 1.0228], [0.11935150694386507, null, 1.0606777777777776], [0.06826259484248785, null, 1.0985555555555555]]}