{"dim": 3, "delta": 4.0, "mu": 5.906055070328385, "dmu": 2.92, "g": -0.38319438892130875, "k_c": 50, "data": []}