{"dim": 3, "delta": 4.25, "mu": 5.906055070328385, "dmu": 2.2445312499999996, "g": -0.3846719574471317, "k_c": 50, "data": [[0.4981511146106555, null, 0.0001], [0.4977033867521131, null, 0.04302828282828283], [0.4963657583860176, null, 0.08595656565656566], [0.4941423632171659, null, 0.1288848484848485], [0.4910398722376304, null, 0.1718131313131313], [0.4870671747071721, null, 0.21474141414141412], [0.4822349350724718, null, 0.257669696969697], [0.47655502812601613, null, 0.3005979797979798], [0.4700398539719458, null, 0.3435262626262626], [0.4627015319839514, null, 0.38645454545454544], [0.4545509713931333, null, 0.42938282828282825], [0.44559680920672673, null, 0.4723111111111111], [0.4358442024302311, null, 0.515239393939394], [0.42529344835758665, null, 0.5581676767676768], [0.41393839629650353, null, 0.6010959595959596], [0.4017645716438399, null, 0.6440242424242424], [0.3887469213468894, null, 0.6869525252525253], [0.37484697971662434, null, 0.7298808080808081], [0.36000916550573, null, 0.7728090909090909], [0.34415570361715325, null, 0.8157373737373738], [0.3271793101113925, null, 0.8586656565656565], [0.30893210801168, null, 0.9015939393939394], [0.28920790246039496, null, 0.9445222222222223], [0.2677120456930984, null, 0.987450505050505], [0.2440061931700528, null, 1.030378787878788], [0.21739643801954311, null, 1.0733070707070707], [0.18667224714128514, null, 1.1162353535353535], [0.14934372867692128, null, 1.1591636363636364], [0.09818076595267243, null, 1.2020919191919193]]}