{"dim": 3, "delta": 10.0, "mu": 5.906055070328385, "dmu": 5.961538461538462, "g": -0.4065993875435963, "k_c": 50, "data": []}