{"dim": 3, "delta": 4.25, "mu": 5.906055070328385, "dmu": 2.6429687500000005, "g": -0.3846719574471317, "k_c": 50, "data": [[0.797113427235973, null, 0.0001], [0.7992167578029797, null, 0.04302828282828283], [0.8017825102939862, null, 0.08595656565656566], [0.8041148123982766, null, 0.1288848484848485], [0.8064563663567544, null, 0.1718131313131313], [0.8089212907132727, null, 0.21474141414141412], [0.8115948180398439, null, 0.257669696969697], [0.8145600800555556, null, 0.3005979797979798], [0.8179117341062969, null, 0.3435262626262626], [0.8217681422784163, null, 0.38645454545454544], [0.826287372159683, null, 0.42938282828282825], [0.8316929509751372, null, 0.4723111111111111], [0.8383209363149989, null, 0.515239393939394], [0.8467167565577558, null, 0.5581676767676768], [0.8578671098980294, null, 0.6010959595959596], [0.8739023769885783, null, 0.6440242424242424], [0.9014930007544142, null, 0.6869525252525253]]}