{"dim": 3, "delta": 1.75, "mu": 5.906055070328385, "dmu": 1.1637500000000003, "g": -0.36379223926437015, "k_c": 50, "data": [[0.34104578951444575, 0.5279808570808342, 0.0001], [0.34153791481523577, 0.5279435259717649, 0.017775757575757577], [0.3418581904152825, 0.5278322024853244, 0.03545151515151516], [0.34214365442910827, 0.5276463891760472, 0.05312727272727273], [0.3424274000636157, 0.5273852466720883, 0.07080303030303031], [0.3427240647985043, 0.5270475748499864, 0.08847878787878789], [0.3430434009601856, 0.526631789475137, 0.10615454545454546], [0.34339360885218684, 0.5261358793207632, 0.12383030303030304], [0.3437826094789929, 0.525557364454583, 0.1415060606060606], [0.3442187148036961, 0.5248932293535493, 0.15918181818181817], [0.34471110290398704, 0.5241398380893, 0.17685757575757577], [0.3452702523324076, 0.5232928470611085, 0.19453333333333334], [0.34590841682765144, 0.5223470271961521, 0.2122090909090909], [0.34664020388586125, 0.5212961176042675, 0.2298848484848485], [0.347483326342822, 0.5201325628695621, 0.24756060606060606], [0.34845963811412917, 0.51884718001514, 0.26523636363636366], [0.3495964832990418, 0.5174286960382781, 0.2829121212121212], [0.3509289271186061, 0.5158630858998651, 0.3005878787878788], [0.3525026941546991, 0.514132602699989, 0.31826363636363636], [0.3543790701104594, 0.5122143008656577, 0.335939393939394], [0.35664273601843616, 0.510077685159333, 0.35361515151515155], [0.359415292841354, 0.5076807490645716, 0.3712909090909091], [0.3628803005735432, 0.5049627913617017, 0.3889666666666667], [0.36733432217742795, 0.5018300319360585, 0.40664242424242425], [0.373306183856628, 0.49812239320059515, 0.4243181818181818], [0.3819016150642987, 0.49351709621645323, 0.44199393939393944], [0.39629074459009594, 0.48708511235964724, 0.459669696969697]]}