{"dim": 3, "delta": 2.0, "mu": 5.906055070328385, "dmu": 1.4500000000000002, "g": -0.36682995891667614, "k_c": 50, "data": []}