{"dim": 3, "delta": 5.5, "mu": 5.906055070328385, "dmu": 3.1035714285714286, "g": -0.39104617407644726, "k_c": 50, "data": [[0.90259722294397, null, 0.0001], [0.9013924712930309, null, 0.05565454545454546], [0.8976845657929738, null, 0.11120909090909091], [0.890906001794111, null, 0.16676363636363634], [0.8834302160634487, null, 0.2223181818181818], [0.8758940391608098, null, 0.27787272727272727], [0.8681294048952232, null, 0.3334272727272727], [0.8600185837192514, null, 0.38898181818181815], [0.8514661107807198, null, 0.4445363636363636], [0.8423868524382919, null, 0.5000909090909091], [0.8327004247004948, null, 0.5556454545454546], [0.8223286586708644, null, 0.6112], [0.8111948419746778, null, 0.6667545454545454], [0.7992242113955177, null, 0.7223090909090909], [0.7863454592143415, null, 0.7778636363636363], [0.7724931043301448, null, 0.8334181818181818], [0.7576105586540486, null, 0.8889727272727272], [0.7416536348116654, null, 0.9445272727272727], [0.7245941349134954, null, 1.0000818181818183], [0.7064230548726067, null, 1.0556363636363637], [0.6871529357914297, null, 1.1111909090909091], [0.6668189217072127, null, 1.1667454545454545], [0.6454783083421084, null, 1.2223], [0.6232085757711169, null, 1.2778545454545454], [0.6001041694360603, null, 1.3334090909090908], [0.576272472911437, null, 1.3889636363636364], [0.5518294865687914, null, 1.4445181818181818], [0.5268956904992188, null, 1.5000727272727272], [0.5015924413919962, null, 1.5556272727272726], [0.4760391047576125, null, 1.611181818181818], [0.4503509808887447, null, 1.6667363636363637], [0.4246379660750606, null, 1.722290909090909], [0.3990038430642323, null, 1.7778454545454545], [0.3733715491078625, null, 1.8334], [0.3444496595433954, null, 1.8889545454545453], [0.3115909571690047, null, 1.944509090909091], [0.2738939540136031, null, 2.0000636363636364], [0.22921370649286602, null, 2.055618181818182], [0.17236577264450262, null, 2.1111727272727276], [0.08104017656205277, null, 2.166727272727273]]}