{"dim": 3, "delta": 3.5, "mu": 5.906055070328385, "dmu": 2.6788461538461545, "g": -0.37996643765185917, "k_c": 50, "data": []}