{"dim": 3, "delta": 4.75, "mu": 5.906055070328385, "dmu": 2.652083333333333, "g": -0.38740315711529844, "k_c": 50, "data": [[0.7236726656935982, null, 0.0001], [0.7230209948632277, null, 0.04807878787878788], [0.7210741495112762, null, 0.09605757575757576], [0.7178395969780271, null, 0.14403636363636363], [0.7133266504757477, null, 0.1920151515151515], [0.7075389763907072, null, 0.23999393939393937], [0.7004494887455183, null, 0.28797272727272727], [0.6918247337800488, null, 0.3359515151515151], [0.6824205076484721, null, 0.383930303030303], [0.6727018126885108, null, 0.4319090909090909], [0.6626126085716261, null, 0.47988787878787875], [0.6521048887768573, null, 0.5278666666666666], [0.6411365700538524, null, 0.5758454545454545], [0.6296704955039965, null, 0.6238242424242424], [0.6176741120245957, null, 0.6718030303030302], [0.6051195845246309, null, 0.7197818181818182], [0.5919841952705311, null, 0.767760606060606], [0.5782509222509923, null, 0.8157393939393939], [0.5639091037769649, null, 0.8637181818181818], [0.5489551084324042, null, 0.9116969696969697], [0.5333929350732337, null, 0.9596757575757575], [0.5172346699490701, null, 1.0076545454545454], [0.5005007455030311, null, 1.0556333333333332], [0.4832199580312196, null, 1.1036121212121213], [0.46542923038669026, null, 1.151590909090909], [0.4471731167081914, null, 1.199569696969697], [0.42850308539255605, null, 1.2475484848484848], [0.40947662487599784, null, 1.2955272727272726], [0.39015622517291493, null, 1.3435060606060605], [0.37054899928313145, null, 1.3914848484848485], [0.34924443918329856, null, 1.4394636363636364], [0.32600841566942046, null, 1.4874424242424242], [0.30059920980043303, null, 1.535421212121212], [0.27248795534357895, null, 1.5834], [0.2407754950510603, null, 1.6313787878787878], [0.20381971847760932, null, 1.6793575757575756], [0.15801013810334158, null, 1.7273363636363637], [0.0908460921484677, null, 1.7753151515151515]]}