{"dim": 3, "delta": 4.5, "mu": 5.906055070328385, "dmu": 2.8455882352941173, "g": -0.38607214965680303, "k_c": 50, "data": [[0.8892822297216921, null, 0.0001], [0.8903220930299627, null, 0.04555353535353536], [0.8934686178588229, null, 0.09100707070707072], [0.8988920805688914, null, 0.13646060606060606], [0.9067491251664632, null, 0.18191414141414142], [0.9154266775697036, null, 0.22736767676767677], [0.925178555267924, null, 0.27282121212121213], [0.9365087248266929, null, 0.3182747474747475], [0.9501628707107183, null, 0.36372828282828285], [0.9674172935775337, null, 0.4091818181818182], [0.9908934419410876, null, 0.45463535353535356]]}