{"dim": 3, "delta": 2.75, "mu": 5.906055070328385, "dmu": 1.1, "g": -0.37422717504461167, "k_c": 50, "data": [[0.9154179603034314, null, 0.0001], [0.9153991077080875, null, 0.027876767676767673], [0.9153428053230775, null, 0.05565353535353535], [0.9152490118008634, null, 0.08343030303030302], [0.9151176566738148, null, 0.1112070707070707], [0.9149486418565544, null, 0.13898383838383835], [0.9147418406367009, null, 0.16676060606060603], [0.9144970970291338, null, 0.1945373737373737], [0.9142142254231398, null, 0.22231414141414138], [0.913893010097095, null, 0.2500909090909091], [0.9135332038409733, null, 0.2778676767676767], [0.9131345276519609, null, 0.3056444444444444], [0.9126966692782875, null, 0.33342121212121206], [0.9122192821782948, null, 0.36119797979797974], [0.9117019840806517, null, 0.3889747474747474], [0.9111443524989041, null, 0.4167515151515151], [0.9105459377861663, null, 0.4445282828282828], [0.9099062318004256, null, 0.47230505050505045], [0.9092246948940969, null, 0.5000818181818182], [0.9085007392348137, null, 0.5278585858585858], [0.9077337285546402, null, 0.5556353535353534], [0.9069229756287852, null, 0.5834121212121212], [0.9060677386596637, null, 0.6111888888888888], [0.9051672175751201, null, 0.6389656565656565], [0.9042205498256793, null, 0.6667424242424241], [0.9032268059669163, null, 0.6945191919191919], [0.9021849839174924, null, 0.7222959595959595], [0.9010940034619499, null, 0.7500727272727272], [0.899952699402164, null, 0.7778494949494948], [0.8987598143078691, null, 0.8056262626262626], [0.8975139895882042, null, 0.8334030303030302], [0.8962137560475659, null, 0.8611797979797979], [0.8948575227124088, null, 0.8889565656565656], [0.8934435648721853, null, 0.9167333333333332], [0.8919700077393955, null, 0.9445101010101009], [0.8904348128216438, null, 0.9722868686868685], [0.8888357539962385, null, 1.0000636363636364], [0.8871703993051105, null, 1.0278404040404039], [0.8854360810675355, null, 1.0556171717171716], [0.8836298655081111, null, 1.0833939393939394], [0.8817485154438944, null, 1.1111707070707069], [0.8797884450208386, null, 1.1389474747474746], [0.8777456648850218, null, 1.1667242424242423], [0.8756157171893698, null, 1.19450101010101], [0.873393592770848, null, 1.2222777777777776], [0.8710736286525637, null, 1.2500545454545453], [0.8686493861294371, null, 1.277831313131313], [0.8661134735332191, null, 1.3056080808080808], [0.8634573519358852, null, 1.3333848484848483], [0.8606710322424267, null, 1.361161616161616], [0.8577427096828726, null, 1.3889383838383837], [0.8546582269275782, null, 1.4167151515151513], [0.8514003195417469, null, 1.444491919191919], [0.8479474967125002, null, 1.4722686868686867], [0.8442723094341269, null, 1.5000454545454545], [0.8403385155417414, null, 1.527822222222222], [0.8360960827471622, null, 1.5555989898989897], [0.8314714233806848, null, 1.5833757575757574], [0.8263450912662046, null, 1.6111525252525252], [0.8204847794150856, null, 1.6389292929292927], [0.8130428372816086, null, 1.6667060606060604], [0.8034476636702022, null, 1.6944828282828281], [0.7940186289690235, null, 1.7222595959595959], [0.7847456621836697, null, 1.7500363636363634], [0.7756188767039431, null, 1.7778131313131311], [0.7666285365416634, null, 1.8055898989898989], [0.7577650315051054, null, 1.8333666666666664], [0.749018843150499, null, 1.861143434343434], [0.7403805072237759, null, 1.8889202020202018], [0.7318405801521156, null, 1.9166969696969696], [0.7233895941176043, null, 1.944473737373737], [0.7150180106762989, null, 1.9722505050505048], [0.7067161686486588, null, 2.0000272727272725], [0.6984742228481788, null, 2.0278040404040403], [0.6902820756214875, null, 2.055580808080808], [0.6821292958950933, null, 2.0833575757575757], [0.6740050213558519, null, 2.1111343434343435], [0.6658978602688246, null, 2.138911111111111], [0.6577957250244921, null, 2.166687878787879], [0.6496856952440617, null, 2.1944646464646467], [0.6415537963789218, null, 2.222241414141414], [0.6333847435707204, null, 2.2500181818181817], [0.6251616108313514, null, 2.2777949494949494], [0.616865402411922, null, 2.305571717171717], [0.6084744873639965, null, 2.333348484848485], [0.5999638361377782, null, 2.3611252525252526], [0.5913039686606582, null, 2.3889020202020204], [0.5824594632968413, null, 2.4166787878787876], [0.5733867769647525, null, 2.4444555555555554], [0.5640309372520412, null, 2.472232323232323], [0.5543202881935438, null, 2.500009090909091], [0.5441576594570657, null, 2.5277858585858586], [0.5334043944540581, null, 2.5555626262626263], [0.5218484636979617, null, 2.583339393939394], [0.5091310803481077, null, 2.611116161616162], [0.4945346069406497, null, 2.638892929292929], [0.47600864418502975, null, 2.666669696969697], [0.4164844351682608, null, 2.6944464646464645], [0.2943790023844261, null, 2.7222232323232323], [-6.811218256075335e-14, null, 2.75]]}