{"dim": 3, "delta": 5.5, "mu": 5.906055070328385, "dmu": 2.867857142857143, "g": -0.39104617407644726, "k_c": 50, "data": [[0.673374024116533, null, 0.0001], [0.6726868127136334, null, 0.05565454545454546], [0.6706339495170979, null, 0.11120909090909091], [0.6672267329785425, null, 0.16676363636363634], [0.6624833176968508, null, 0.2223181818181818], [0.6564277424169261, null, 0.27787272727272727], [0.6490886243204358, null, 0.3334272727272727], [0.6404975617132312, null, 0.38898181818181815], [0.6306872923719169, null, 0.4445363636363636], [0.6196896496469994, null, 0.5000909090909091], [0.6075333505634032, null, 0.5556454545454546], [0.5942416389610896, null, 0.6112], [0.5798297844103392, null, 0.6667545454545454], [0.5643024174705938, null, 0.7223090909090909], [0.547650630569482, null, 0.7778636363636363], [0.5298487079114932, null, 0.8334181818181818], [0.5108502358957927, null, 0.8889727272727272], [0.49058315884663617, null, 0.9445272727272727], [0.4689430653034677, null, 1.0000818181818183], [0.44578347026145315, null, 1.0556363636363637], [0.4209009475856161, null, 1.1111909090909091], [0.39401112513226816, null, 1.1667454545454545], [0.3647075680148435, null, 1.2223], [0.33238604024810614, null, 1.2778545454545454], [0.2960906489759753, null, 1.3334090909090908], [0.254153831015198, null, 1.3889636363636364], [0.20314099234654062, null, 1.4445181818181818], [0.13302657290242897, null, 1.5000727272727272]]}