{"dim": 3, "delta": 1.75, "mu": 5.906055070328385, "dmu": 1.11125, "g": -0.36379223926437015, "k_c": 50, "data": [[0.3169679227982085, 0.546017790106629, 0.0001], [0.3166101163024259, 0.5459896384794617, 0.017775757575757577], [0.3153660235894929, 0.5459057344481484, 0.03545151515151516], [0.31384208801166624, 0.545765842469643, 0.05312727272727273], [0.3124342275542839, 0.5455695652052213, 0.07080303030303031], [0.3110774532888114, 0.5453163403774511, 0.08847878787878789], [0.30973889332703947, 0.5450054318309006, 0.10615454545454546], [0.3083985014283897, 0.5446359189376067, 0.12383030303030304], [0.30704230352653666, 0.544206684901936, 0.1415060606060606], [0.30565946477502487, 0.5437163961890394, 0.15918181818181817], [0.30424081294112787, 0.5431634849336551, 0.17685757575757577], [0.30277800121551235, 0.5425461211527113, 0.19453333333333334], [0.3012629797370696, 0.541862180817613, 0.2122090909090909], [0.2996876243570337, 0.5411092061982312, 0.2298848484848485], [0.29804344570172847, 0.5402843566520986, 0.24756060606060606], [0.29632133732520327, 0.5393843472704918, 0.26523636363636366], [0.29451133579333527, 0.5384053723077382, 0.2829121212121212], [0.29260237670612543, 0.5373430070211186, 0.3005878787878788], [0.29058203425496126, 0.5361920832218408, 0.31826363636363636], [0.2884362339571154, 0.5349465152485569, 0.335939393939394], [0.2861489318756315, 0.5335991427559742, 0.35361515151515155], [0.2837017545075505, 0.5321413285199025, 0.3712909090909091], [0.2810735985234453, 0.5305626772162814, 0.3889666666666667], [0.2782401942991082, 0.5288504221230138, 0.40664242424242425], [0.2751736480069513, 0.5269886305009782, 0.4243181818181818], [0.2718419936025563, 0.5249569937749321, 0.44199393939393944], [0.2682088101684195, 0.5227289312764866, 0.459669696969697], [0.2642329986919221, 0.5202684571651022, 0.4773454545454546], [0.259868863264374, 0.5175246204056176, 0.49502121212121214], [0.25506669240318436, 0.5144206989853151, 0.5126969696969698], [0.24977413067830725, 0.5108301935200369, 0.5303727272727273], [0.24393858856357217, 0.506511085015211, 0.5480484848484849], [0.23751097361336018, 0.5008353630260304, 0.5657242424242425], [0.2304507567436322, 0.48784339259263193, 0.5834], [0.22273204361172827, 0.4689199922880408, 0.6010757575757576], [0.21434978469351945, 0.4517051825836297, 0.6187515151515152], [0.2053247896964306, 0.436156877617407, 0.6364272727272727], [0.19570609349487383, 0.42220525502553335, 0.6541030303030303], [0.1855696924924843, 0.40975392278325934, 0.671778787878788], [0.17501365199218322, 0.39868474339597954, 0.6894545454545455], [0.16415064564894788, 0.3888652520389706, 0.7071303030303031], [0.15309960454268887, 0.38015698572237694, 0.7248060606060607], [0.14197809317506505, 0.3724231048034672, 0.7424818181818182], [0.13089646299758229, 0.36553425160873715, 0.7601575757575758], [0.11995413358951716, 0.35937229338576154, 0.7778333333333334], [0.10923781337207603, 0.3538321387512, 0.7955090909090909], [0.09882120171104736, 0.34882207828756634, 0.8131848484848485], [0.0887656657641105, 0.3442631614532342, 0.8308606060606061], [0.07912146235973022, 0.34008803509200974, 0.8485363636363636], [0.06953387713321148, 0.33623955573481995, 0.8662121212121213], [0.05724015831127201, 0.33266937598090524, 0.8838878787878789], [0.04043007165858095, 0.32933661695374583, 0.9015636363636365], [null, 0.3262066824313171, 0.919239393939394], [null, 0.3232502275812189, 0.9369151515151516], [null, 0.3204422852838015, 0.9545909090909092], [null, 0.31776153031059284, 0.9722666666666667], [null, 0.3151896678300424, 0.9899424242424243], [null, 0.312710928180306, 1.007618181818182], [null, 0.3103116402435792, 1.0252939393939395], [null, 0.3079798911614131, 1.042969696969697], [null, 0.3057052344087363, 1.0606454545454547], [null, 0.30347845180584665, 1.0783212121212122], [null, 0.30129135362673815, 1.0959969696969698], [null, 0.2991366114682057, 1.1136727272727274], [null, 0.29700761873475034, 1.131348484848485], [null, 0.29489836913784484, 1.1490242424242425], [null, 0.2928033575482768, 1.1667], [null, 0.29071749033543853, 1.1843757575757576], [null, 0.2886360098544659, 1.2020515151515152], [null, 0.286554424952401, 1.2197272727272728], [null, 0.2844684528602727, 1.2374030303030303], [null, 0.28237396202152454, 1.255078787878788], [null, 0.28026692047267104, 1.2727545454545455], [null, 0.278143346494999, 1.290430303030303], [null, 0.27599925947493736, 1.3081060606060606], [null, 0.27383063083380205, 1.3257818181818184], [null, 0.2716333324503397, 1.343457575757576], [null, 0.2694030815418462, 1.3611333333333335], [null, 0.26713537979526564, 1.378809090909091], [null, 0.2648254443337073, 1.3964848484848487], [null, 0.2624681275455476, 1.4141606060606062], [null, 0.26005782165726393, 1.4318363636363638], [null, 0.2575883429437415, 1.4495121212121214], [null, 0.2550527877426942, 1.467187878787879], [null, 0.2524433489918866, 1.4848636363636365], [null, 0.24975108975979451, 1.502539393939394], [null, 0.24696561630133002, 1.5202151515151516], [null, 0.24407467740458075, 1.5378909090909092], [null, 0.2410635781876229, 1.5555666666666668], [null, 0.23791436062451415, 1.5732424242424243], [null, 0.23460459734453082, 1.590918181818182], [null, 0.2311055502566257, 1.6085939393939395], [null, 0.2273792258726548, 1.626269696969697], [null, 0.22337337983582092, 1.6439454545454546], [null, 0.21901237974847382, 1.6616212121212122], [null, 0.21417868664606765, 1.6792969696969697], [null, 0.2086693043634196, 1.6969727272727273], [null, 0.20206580811138475, 1.714648484848485], [null, 0.19309218646018386, 1.7323242424242427], [null, 2.0181634141636096e-12, 1.75]]}