{"dim": 3, "delta": 7.5, "mu": 5.906055070328385, "dmu": 3.94396551724138, "g": -0.3989475800260995, "k_c": 50, "data": [[0.9817911577014926, null, 0.8334222222222223], [0.9575006230737497, null, 0.9091787878787879], [0.9320360248176413, null, 0.9849353535353536], [0.905465699240798, null, 1.0606919191919193], [0.8778790934388478, null, 1.1364484848484848], [0.8493819242908944, null, 1.2122050505050506], [0.8200905398381201, null, 1.2879616161616163], [0.7901270430261783, null, 1.3637181818181818], [0.7596149151619852, null, 1.4394747474747476], [0.7274717043870866, null, 1.515231313131313], [0.6927671113790261, null, 1.5909878787878788], [0.6554797734268927, null, 1.6667444444444446], [0.6152338865642434, null, 1.74250101010101], [0.5714515104841328, null, 1.8182575757575759], [0.523275428950272, null, 1.8940141414141416], [0.4693768663189534, null, 1.9697707070707071], [0.4075104450924485, null, 2.045527272727273], [0.3332867948273534, null, 2.121283838383839], [0.23531137058321902, null, 2.1970404040404046]]}