{"dim": 3, "delta": 1.5, "mu": 5.906055070328385, "dmu": 0.6, "g": -0.3603342691362375, "k_c": 50, "data": [[0.5371001652738907, null, 0.0001], [0.5370897526721816, null, 0.01525050505050505], [0.5370587797509568, null, 0.030401010101010102], [0.53700722731563, null, 0.045551515151515155], [0.5369350631064652, null, 0.06070202020202021], [0.5368422419446935, null, 0.07585252525252525], [0.5367287057078216, null, 0.09100303030303031], [0.5365943828544332, null, 0.10615353535353536], [0.5364391883894218, null, 0.12130404040404041], [0.5362630235293618, null, 0.13645454545454544], [0.5360657755569977, null, 0.1516050505050505], [0.5358473171701984, null, 0.16675555555555555], [0.535607506378293, null, 0.1819060606060606], [0.5353461857135756, null, 0.19705656565656565], [0.5350631807124838, null, 0.2122070707070707], [0.5347583070198823, null, 0.22735757575757576], [0.5344313528194385, null, 0.2425080808080808], [0.53408209581337, null, 0.25765858585858586], [0.5337102934491776, null, 0.2728090909090909], [0.5333156836557921, null, 0.28795959595959597], [0.5328979819111942, null, 0.303110101010101], [0.5324568913842855, null, 0.3182606060606061], [0.5319920789950495, null, 0.3334111111111111], [0.5315031965183679, null, 0.3485616161616162], [0.5309898695909874, null, 0.3637121212121212], [0.530451694998608, null, 0.3788626262626263], [0.5298882420030788, null, 0.3940131313131313], [0.5292990491271298, null, 0.4091636363636364], [0.5286836220813449, null, 0.4243141414141414], [0.5280414312888445, null, 0.4394646464646465], [0.5273719097481934, null, 0.4546151515151515], [0.526674448928958, null, 0.4697656565656566], [0.5259483952389622, null, 0.48491616161616163], [0.5251930522576364, null, 0.5000666666666667], [0.5244076631288329, null, 0.5152171717171717], [0.5235914203264969, null, 0.5303676767676768], [0.5227434512214655, null, 0.5455181818181818], [0.52186281534137, null, 0.5606686868686869], [0.5209484964130378, null, 0.575819191919192], [0.5199993948824534, null, 0.590969696969697], [0.5190143180228364, null, 0.606120202020202], [0.5179919697052849, null, 0.6212707070707071], [0.5169309379249182, null, 0.6364212121212122], [0.5158296805440022, null, 0.6515717171717172], [0.5146865075877473, null, 0.6667222222222222], [0.5134995623884822, null, 0.6818727272727273], [0.512266796715027, null, 0.6970232323232324], [0.5109859426017895, null, 0.7121737373737375], [0.5096544779759224, null, 0.7273242424242424], [0.5082695840450348, null, 0.7424747474747475], [0.5068280936839151, null, 0.7576252525252526], [0.5053264267665748, null, 0.7727757575757576], [0.5037605082459403, null, 0.7879262626262626], [0.5021256635557217, null, 0.8030767676767677], [0.5004164843117643, null, 0.8182272727272728], [0.498626644946965, null, 0.8333777777777778], [0.49674866394765116, null, 0.8485282828282829], [0.49477356273890416, null, 0.8636787878787879], [0.49269038747119537, null, 0.878829292929293], [0.4904854971384698, null, 0.893979797979798], [0.48814146734616043, null, 0.9091303030303031], [0.48563530365457913, null, 0.9242808080808081], [0.4829353164656457, null, 0.9394313131313132], [0.47999508690134485, null, 0.9545818181818182], [0.476739994384031, null, 0.9697323232323233], [0.47302879165188694, null, 0.9848828282828284], [0.46844960860220064, null, 1.0000333333333333], [0.4619812517607218, null, 1.0151838383838385], [0.45554444603974537, null, 1.0303343434343435], [0.4492279070306334, null, 1.0454848484848485], [0.44302323421651796, null, 1.0606353535353537], [0.4369221826939099, null, 1.0757858585858586], [0.4309166270488327, null, 1.0909363636363636], [0.42499852238696745, null, 1.1060868686868688], [0.419159862154245, null, 1.1212373737373738], [0.41339263043878716, null, 1.136387878787879], [0.40768874899845264, null, 1.151538383838384], [0.40204001883844787, null, 1.1666888888888889], [0.3964380473063585, null, 1.181839393939394], [0.3908741666440346, null, 1.196989898989899], [0.38533933698206824, null, 1.212140404040404], [0.37982402490175, null, 1.2272909090909092], [0.3743180566996539, null, 1.2424414141414142], [0.36881043179097966, null, 1.2575919191919191], [0.36328908530159354, null, 1.2727424242424243], [0.35774057773152734, null, 1.2878929292929293], [0.3521496818448585, null, 1.3030434343434345], [0.34649881902872537, null, 1.3181939393939395], [0.3407672715806003, null, 1.3333444444444444], [0.3349300450035902, null, 1.3484949494949496], [0.3289561714792791, null, 1.3636454545454546], [0.3228060649283333, null, 1.3787959595959596], [0.3164271830765515, null, 1.3939464646464648], [0.30974642704674166, null, 1.4090969696969697], [0.30265562912392246, null, 1.424247474747475], [0.2949802695171998, null, 1.43939797979798], [0.2863986464868367, null, 1.4545484848484849], [0.27615361591803544, null, 1.46969898989899], [0.2602818355015302, null, 1.484849494949495], [1.9079182678183315e-13, null, 1.5]]}