{"dim": 3, "delta": 5.25, "mu": 5.906055070328385, "dmu": 2.9006250000000002, "g": -0.38988457053455944, "k_c": 50, "data": [[0.7995471441761205, null, 0.0001], [0.798766307445447, null, 0.053129292929292936], [0.7964340156595788, null, 0.10615858585858587], [0.7925620726932954, null, 0.1591878787878788], [0.7871651796476383, null, 0.21221717171717172], [0.7802481909244802, null, 0.2652464646464647], [0.7717524395950669, null, 0.3182757575757576], [0.7615278105293506, null, 0.3713050505050505], [0.7508025326502863, null, 0.42433434343434345], [0.7396686021228636, null, 0.4773636363636364], [0.7280632187710553, null, 0.5303929292929294], [0.7159330782226706, null, 0.5834222222222223], [0.7032323958954096, null, 0.6364515151515152], [0.6899221312861517, null, 0.6894808080808081], [0.6759699254572178, null, 0.7425101010101011], [0.6613504666533112, null, 0.795539393939394], [0.6460460913126642, null, 0.8485686868686869], [0.6300474721872354, null, 0.9015979797979798], [0.6133542631622986, null, 0.9546272727272728], [0.5959756092432239, null, 1.0076565656565657], [0.5779304112534195, null, 1.0606858585858587], [0.5592473119030817, null, 1.1137151515151515], [0.5399643615506888, null, 1.1667444444444446], [0.5201283771529944, null, 1.2197737373737374], [0.49979403208774903, null, 1.2728030303030304], [0.4790227420343171, null, 1.3258323232323233], [0.4578814257686571, null, 1.3788616161616163], [0.4364412224964478, null, 1.431890909090909], [0.4141555075789786, null, 1.4849202020202021], [0.3897399147395004, null, 1.537949494949495], [0.36320057336912404, null, 1.590978787878788], [0.33415608340175124, null, 1.6440080808080808], [0.30194499637771793, null, 1.6970373737373738], [0.26545541938571027, null, 1.7500666666666669], [0.22262193211357123, null, 1.8030959595959597], [0.1687048535679699, null, 1.8561252525252527], [0.08470681911083615, null, 1.9091545454545455]]}