{"dim": 3, "delta": 0.5, "mu": 5.906055070328385, "dmu": 0.30250000000000005, "g": -0.3372612527736217, "k_c": 50, "data": [[0.07908246430026883, 0.17089443362186663, 0.0001], [0.07903508556665995, 0.1708882162462916, 0.00514949494949495], [0.0788965084531145, 0.17087002855632819, 0.010198989898989898], [0.07866655652228725, 0.17083984306928487, 0.015248484848484848], [0.0783448387626366, 0.17079761403778024, 0.020297979797979798], [0.07793054875883498, 0.17074327703454376, 0.025347474747474747], [0.07742200603649704, 0.1706767485332129, 0.030396969696969697], [0.07681539805493053, 0.17059792523681935, 0.03544646464646465], [0.07609910055922074, 0.1705066833096546, 0.0404959595959596], [0.0752549770710769, 0.17040287737894558, 0.04554545454545455], [0.07438727555749408, 0.170286339273123, 0.0505949494949495], [0.07350167795327663, 0.17015687714919261, 0.05564444444444445], [0.07259442644682433, 0.17001427280680179, 0.0606939393939394], [0.0716621026566948, 0.1698582808151168, 0.06574343434343434], [0.07070150375301543, 0.16968862573172358, 0.0707929292929293], [0.06970954280946441, 0.16950499961751, 0.07584242424242425], [0.06868322508795108, 0.16930705891536335, 0.0808919191919192], [0.0676195810358278, 0.16909442083303458, 0.08594141414141414], [0.06651566230394018, 0.16886665928661324, 0.0909909090909091], [0.06536853167070339, 0.16862329971826187, 0.09604040404040405], [0.06417526816525189, 0.1683638135130349, 0.101089898989899], [0.06293298379104338, 0.16808761065811395, 0.10613939393939394], [0.06163885284577048, 0.16779403179660826, 0.11118888888888889], [0.06029015292621193, 0.16748233762491546, 0.11623838383838385], [0.05888432176508868, 0.16715169899416898, 0.12128787878787879], [0.057419026388637905, 0.1668011780369381, 0.12633737373737372], [0.05589224840282817, 0.16642971382246224, 0.13138686868686866], [0.054302383168698246, 0.16603609823827467, 0.13643636363636363], [0.052648351888871785, 0.16561894763574328, 0.14148585858585858], [0.05092972363781575, 0.1651766668856257, 0.14653535353535352], [0.04914684264321323, 0.16470740242145657, 0.1515848484848485], [0.047300954333088736, 0.1642089811640536, 0.15663434343434343], [0.04539432205441654, 0.16367882816011747, 0.16168383838383837], [0.04343032475709646, 0.16311385451945845, 0.16673333333333332], [0.04141352596835847, 0.16251030019385215, 0.17178282828282826], [0.0393497029995884, 0.1618635069915597, 0.17683232323232323], [0.03724583370576568, 0.16116757940267293, 0.18188181818181817], [0.03511002903373702, 0.16041485544524078, 0.18693131313131311], [0.03295141859161933, 0.15959503449618825, 0.19198080808080809], [0.030779990163846933, 0.1586936393255042, 0.19703030303030303], [0.028435942614591835, 0.15768902379804695, 0.20207979797979797], [0.02577641886414567, 0.15654578642112124, 0.2071292929292929], [0.02275454570543488, 0.155196514553983, 0.21217878787878786], [0.019219696225556193, 0.15346471125607494, 0.21722828282828283], [0.014821629848833156, 0.15009181699071497, 0.22227777777777777], [0.008297320567180879, 0.14606483230881068, 0.2273272727272727], [null, 0.14233941039010345, 0.23237676767676768], [null, 0.1388877081328523, 0.23742626262626262], [null, 0.13568411454716955, 0.24247575757575757], [null, 0.13270517717544575, 0.2475252525252525], [null, 0.12992948588159406, 0.25257474747474745], [null, 0.1273375578297311, 0.2576242424242424], [null, 0.1249117086633631, 0.26267373737373734], [null, 0.12263591603127927, 0.2677232323232323], [null, 0.12049568871885145, 0.2727727272727273], [null, 0.11847793286402208, 0.2778222222222222], [null, 0.11657082439053207, 0.28287171717171716], [null, 0.11476368947593085, 0.28792121212121213], [null, 0.11304688627384528, 0.29297070707070705], [null, 0.11141170657349593, 0.298020202020202], [null, 0.10985027298932189, 0.303069696969697], [null, 0.10835545572695848, 0.3081191919191919], [null, 0.10692078587855249, 0.3131686868686869], [null, 0.1055403865701164, 0.3182181818181818], [null, 0.10420890588950858, 0.32326767676767676], [null, 0.10292145774117394, 0.32831717171717173], [null, 0.10167356784802117, 0.33336666666666664], [null, 0.1004611258235772, 0.3384161616161616], [null, 0.0992803413556175, 0.34346565656565653], [null, 0.09812770463261904, 0.3485151515151515], [null, 0.09699995038789984, 0.35356464646464647], [null, 0.09589402482538312, 0.3586141414141414], [null, 0.0948070551837827, 0.36366363636363636], [null, 0.09373632118742413, 0.3687131313131313], [null, 0.0926792281493523, 0.37376262626262624], [null, 0.09163328099555518, 0.3788121212121212], [null, 0.09059605883316302, 0.3838616161616162], [null, 0.08956518936023049, 0.3889111111111111], [null, 0.0885383236994778, 0.39396060606060607], [null, 0.08751310396356116, 0.399010101010101], [null, 0.0864871415556209, 0.40405959595959595], [null, 0.08545797742031248, 0.4091090909090909], [null, 0.08442304132418307, 0.41415858585858584], [null, 0.08337960804041729, 0.4192080808080808], [null, 0.082324745095046, 0.4242575757575757], [null, 0.08125523392199484, 0.4293070707070707], [null, 0.08016748425147958, 0.43435656565656566], [null, 0.0790574109645614, 0.4394060606060606], [null, 0.07792027156128511, 0.44445555555555555], [null, 0.07675043717011337, 0.4495050505050505], [null, 0.07554106197586008, 0.45455454545454543], [null, 0.07428358843204191, 0.4596040404040404], [null, 0.07296696738034539, 0.4646535353535354], [null, 0.07157637227452285, 0.4697030303030303], [null, 0.07009091259670777, 0.47475252525252526], [null, 0.06847919077046839, 0.4798020202020202], [null, 0.06668948429317205, 0.48485151515151514], [null, 0.06462333017992464, 0.4899010101010101], [null, 0.062033559903008566, 0.49495050505050503], [null, 1.5287771049088406e-13, 0.5]]}