{"dim": 3, "delta": 5.0, "mu": 5.906055070328385, "dmu": 3.0921052631578947, "g": -0.38867196341527066, "k_c": 50, "data": [[0.9671636495906456, null, 0.0001], [0.9684706823001767, null, 0.05060404040404041], [0.9724738127507842, null, 0.10110808080808081], [0.9796971349696604, null, 0.1516121212121212], [0.9882992735657858, null, 0.2021161616161616], [0.9978047067717879, null, 0.252620202020202], [1.0087447139387211, null, 0.3031242424242424], [1.021852475916745, null, 0.35362828282828285], [1.0383445984570236, null, 0.40413232323232323]]}