{"dim": 3, "delta": 0.75, "mu": 5.906055070328385, "dmu": 0.40875000000000006, "g": -0.34545454776739287, "k_c": 50, "data": [[0.0806148078618308, 0.2631105525879505, 0.0001], [0.08055348373622101, 0.2631031687028719, 0.007674747474747475], [0.08037269320007323, 0.2630813877254539, 0.015249494949494949], [0.0800725124410834, 0.2630451874152349, 0.022824242424242424], [0.07965305745675044, 0.26299452973271575, 0.030398989898989898], [0.07911446798413184, 0.2629293614448161, 0.037973737373737375], [0.0784568843298037, 0.2628496134303796, 0.04554848484848485], [0.07768041629406205, 0.26275519230101757, 0.05312323232323232], [0.07678510315915336, 0.26264602173502705, 0.0606979797979798], [0.07577086330076296, 0.2625219580563779, 0.06827272727272728], [0.07463743158494615, 0.26238287348643163, 0.07584747474747475], [0.07338428203707564, 0.2622286134183044, 0.08342222222222222], [0.07201053262522734, 0.2620590030810381, 0.0909969696969697], [0.07051482753486067, 0.261873851286842, 0.09857171717171717], [0.06889519136623806, 0.2616729393788971, 0.10614646464646464], [0.06714884632540842, 0.26145603002766965, 0.11372121212121213], [0.06527198062145255, 0.26122286058085764, 0.1212959595959596], [0.0632594500603108, 0.2609731423981425, 0.12887070707070705], [0.0611043859648916, 0.26070655890219646, 0.13644545454545454], [0.058797665861969266, 0.2604227633355542, 0.144020202020202], [0.05632718092681749, 0.2601213762307096, 0.15159494949494948], [0.053676778441523555, 0.25980198251873743, 0.15916969696969696], [0.050824687040359855, 0.2594641282268264, 0.16674444444444442], [0.047741042852169194, 0.25910731644227164, 0.1743191919191919], [0.0443837890494511, 0.25873100349373673, 0.18189393939393939], [0.040691381952880995, 0.2583345928813889, 0.18946868686868684], [0.036568576067340146, 0.25791743029705855, 0.19704343434343433], [0.031854989898296625, 0.25747879619486896, 0.2046181818181818], [0.026240925751612985, 0.2570178979312184, 0.21219292929292927], [0.018950349455190987, 0.25653385992690775, 0.21976767676767675], [0.005158384498029842, 0.2560257106659257, 0.22734242424242423], [null, 0.2554923785393216, 0.2349171717171717], [null, 0.2549326564159764, 0.24249191919191918], [null, 0.25434520016971335, 0.25006666666666666], [null, 0.25372849894826566, 0.2576414141414141], [null, 0.25308083854064867, 0.26521616161616157], [null, 0.25240027234755097, 0.2727909090909091], [null, 0.25168456906332654, 0.28036565656565654], [null, 0.25093115315826586, 0.287940404040404], [null, 0.25013702367038276, 0.2955151515151515], [null, 0.24929864845251368, 0.30308989898989896], [null, 0.24841181972406026, 0.3106646464646464], [null, 0.24747145259485157, 0.31823939393939393], [null, 0.2464712974341577, 0.3258141414141414], [null, 0.2454035123703208, 0.33338888888888885], [null, 0.24425800534631745, 0.34096363636363636], [null, 0.24302135513413828, 0.3485383838383838], [null, 0.24167494007685308, 0.35611313131313127], [null, 0.24019135000117822, 0.3636878787878788], [null, 0.238526563501151, 0.37126262626262624], [null, 0.23659884274793463, 0.3788373737373737], [null, 0.23420076839578702, 0.3864121212121212], [null, 0.2302102740336319, 0.39398686868686866], [null, 0.22578138285502283, 0.4015616161616161], [null, 0.22156344195401217, 0.40913636363636363], [null, 0.21754083529489748, 0.4167111111111111], [null, 0.2136990752785218, 0.42428585858585854], [null, 0.21002471962545347, 0.43186060606060606], [null, 0.20650529673857895, 0.4394353535353535], [null, 0.20312922908342193, 0.44701010101010097], [null, 0.19988576449094353, 0.4545848484848485], [null, 0.19676491017269906, 0.46215959595959594], [null, 0.19375737036332175, 0.4697343434343434], [null, 0.1908544881099241, 0.4773090909090909], [null, 0.18804819002825987, 0.48488383838383836], [null, 0.18533093531538078, 0.4924585858585858], [null, 0.18269566673378548, 0.5000333333333333], [null, 0.1801357664543989, 0.5076080808080807], [null, 0.17764501203768812, 0.5151828282828282], [null, 0.17521753642142757, 0.5227575757575758], [null, 0.17284778983204935, 0.5303323232323232], [null, 0.17053050258803662, 0.5379070707070707], [null, 0.1682606496023752, 0.5454818181818182], [null, 0.1660334169804787, 0.5530565656565656], [null, 0.16384416582786543, 0.5606313131313131], [null, 0.16168839978313643, 0.5682060606060606], [null, 0.15956172940206073, 0.575780808080808], [null, 0.15745983692775403, 0.5833555555555555], [null, 0.155378435321161, 0.590930303030303], [null, 0.1533132289882147, 0.5985050505050504], [null, 0.15125986487579443, 0.6060797979797979], [null, 0.14921387998924854, 0.6136545454545455], [null, 0.14717063571310318, 0.6212292929292929], [null, 0.145125253278109, 0.6288040404040404], [null, 0.14307249894827884, 0.6363787878787879], [null, 0.14100668783935955, 0.6439535353535353], [null, 0.1389215213021204, 0.6515282828282828], [null, 0.13680988706943442, 0.6591030303030303], [null, 0.13466358415996674, 0.6666777777777777], [null, 0.132472937095056, 0.6742525252525252], [null, 0.13022623524106725, 0.6818272727272727], [null, 0.12790888952449458, 0.6894020202020201], [null, 0.1255021027526912, 0.6969767676767676], [null, 0.12298065169700235, 0.7045515151515152], [null, 0.12030892332630386, 0.7121262626262626], [null, 0.11743312176063436, 0.7197010101010101], [null, 0.11426377396070779, 0.7272757575757576], [null, 0.11062741586703483, 0.734850505050505], [null, 0.10606935411118741, 0.7424252525252525], [null, -6.946110353567292e-13, 0.75]]}