{"dim": 3, "delta": 3.5, "mu": 5.906055070328385, "dmu": 2.19423076923077, "g": -0.37996643765185917, "k_c": 50, "data": [[0.6499033822613111, 0.9534393175292404, 0.0001], [0.6495768956255744, 0.9533551780530387, 0.035452525252525256], [0.6494320287350145, 0.9531031462181215, 0.07080505050505051], [0.6493252466728535, 0.9526815259810013, 0.10615757575757577], [0.6492479927730344, 0.9520874335350457, 0.141510101010101], [0.6492012861802142, 0.951316702897714, 0.17686262626262625], [0.6491895426057808, 0.9503637440747249, 0.21221515151515152], [0.6492193311744537, 0.9492213418502105, 0.24756767676767677], [0.6492991831668411, 0.9478803771119209, 0.282920202020202], [0.6494397977797702, 0.946329443481841, 0.31827272727272726], [0.6496545050460526, 0.9445543172133162, 0.3536252525252525], [0.649959989343533, 0.9425372177661512, 0.38897777777777776], [0.6503773512854943, 0.9402557309832659, 0.42433030303030306], [0.6509336611812782, 0.9376812870458654, 0.4596828282828283], [0.6516642770903136, 0.9347767629384385, 0.49503535353535355], [0.6526163947736021, 0.9314927644210099, 0.5303878787878787], [0.6538547096682104, 0.9277613698613535, 0.565740404040404], [0.6554708630916243, 0.9234849150421633, 0.6010929292929293], [0.6576001959046005, 0.9185138517683012, 0.6364454545454545], [0.6604538569853889, 0.9125966169815823, 0.6717979797979798], [0.6643872332426269, 0.9052386203300058, 0.707150505050505], [0.6700701037021882, 0.8950934482511499, 0.7425030303030303], [0.6790306659651406, 0.8636719550138535, 0.7778555555555555], [0.6966211184901465, 0.8019509106547826, 0.8132080808080808]]}