{"dim": 3, "delta": 0.5, "mu": 5.906055070328385, "dmu": 0.34750000000000003, "g": -0.3372612527736217, "k_c": 50, "data": [[0.10247833131397936, 0.15696107904047532, 0.0001], [0.1026406252373995, 0.1569492310912497, 0.00514949494949495], [0.10300057604668388, 0.1569145375358608, 0.010198989898989898], [0.1033101847471084, 0.15685684260308175, 0.015248484848484848], [0.10360502758334574, 0.15677588317112573, 0.020297979797979798], [0.10389924612394147, 0.1566712890565028, 0.025347474747474747], [0.10420100791188218, 0.15654256270684072, 0.030396969696969697], [0.10451625703400719, 0.1563890797466808, 0.03544646464646465], [0.10485007744855548, 0.15621006779828253, 0.0404959595959596], [0.10520733712225269, 0.15600458785939683, 0.04554545454545455], [0.10559307173875848, 0.1557715089042258, 0.0505949494949495], [0.10601277517516035, 0.15550947287889522, 0.05564444444444445], [0.106472668183555, 0.1552168539197818, 0.0606939393939394], [0.10697999478937663, 0.15489169777005268, 0.06574343434343434], [0.10754338314000314, 0.15453164574054576, 0.0707929292929293], [0.10817331807926396, 0.1541338294045985, 0.07584242424242425], [0.1088827883283233, 0.1536947243257656, 0.0808919191919192], [0.10968820925411056, 0.15320994183531464, 0.08594141414141414], [0.11061078630224679, 0.15267392330516918, 0.0909909090909091], [0.1116786038611051, 0.15207947472115832, 0.09604040404040405], [0.1129299905910641, 0.15141702571291826, 0.101089898989899], [0.11441920444810155, 0.1506733818019222, 0.10613939393939394], [0.11622673938202731, 0.1498294656468116, 0.11118888888888889], [0.11847977087330527, 0.14885580889987554, 0.11623838383838385], [0.12139794947208028, 0.1477022116551777, 0.12128787878787879], [0.12541716644082326, 0.14626819310998174, 0.12633737373737372], [0.13165362947314396, 0.14427348833440792, 0.13138686868686866]]}