{"dim": 3, "delta": 5.5, "mu": 5.906055070328385, "dmu": 3.8107142857142855, "g": -0.39104617407644726, "k_c": 50, "data": []}