{"dim": 3, "delta": 1.75, "mu": 5.906055070328385, "dmu": 1.00625, "g": -0.36379223926437015, "k_c": 50, "data": [[0.2478082225580784, 0.5725396680410691, 0.0001], [0.24765611557372624, 0.5725198830528551, 0.017775757575757577], [0.2472036031100965, 0.5724609401020266, 0.03545151515151516], [0.2464518897274967, 0.5723627476108426, 0.05312727272727273], [0.24540296958458072, 0.5722251523115127, 0.07080303030303031], [0.24405961078809196, 0.5720479381743009, 0.08847878787878789], [0.24242533327415677, 0.571830824669212, 0.10615454545454546], [0.24050437995456328, 0.5715734648799117, 0.12383030303030304], [0.23830167981969008, 0.5712754422454406, 0.1415060606060606], [0.23582280158525493, 0.5709362676339487, 0.15918181818181817], [0.23307389306296608, 0.5705553751655529, 0.17685757575757577], [0.23006159682889032, 0.5701321173938876, 0.19453333333333334], [0.22679291878250699, 0.5696657596414243, 0.2122090909090909], [0.22327498606747176, 0.5691554734570222, 0.2298848484848485], [0.2195144810290994, 0.5686003285499063, 0.24756060606060606], [0.2155156967011311, 0.5679992839280621, 0.26523636363636366], [0.21126482252949888, 0.5673511771150461, 0.2829121212121212], [0.20682993008394082, 0.5666547114908191, 0.3005878787878788], [0.2022557019526816, 0.5659084415600326, 0.31826363636363636], [0.19753585332679585, 0.5651107559247855, 0.335939393939394], [0.19266501184729865, 0.5642598558483941, 0.35361515151515155], [0.18763882535420012, 0.563353731505215, 0.3712909090909091], [0.18245409848866195, 0.5623901315719649, 0.3889666666666667], [0.17710895164379406, 0.5613665269195443, 0.40664242424242425], [0.17160299561926223, 0.5602800739122553, 0.4243181818181818], [0.1659375145506832, 0.5591275472694449, 0.44199393939393944], [0.16011564837751643, 0.5579052881764175, 0.459669696969697], [0.15414149939422386, 0.5566091147291148, 0.4773454545454546], [0.1478911102109051, 0.555234218595865, 0.49502121212121214], [0.14132043325359933, 0.553775030806101, 0.5126969696969698], [0.13439926291566553, 0.5522250453317799, 0.5303727272727273], [0.12707454599761595, 0.5505765862595665, 0.5480484848484849], [0.11927360461635036, 0.5488204899511702, 0.5657242424242425], [0.11089665678527631, 0.5469456657580444, 0.5834], [0.10180181419268383, 0.5449384632603345, 0.6010757575757576], [0.09177584441514677, 0.5427817423647519, 0.6187515151515152], [0.08047124669435245, 0.5404534350215031, 0.6364272727272727], [0.06724588321478281, 0.5379242133957314, 0.6541030303030303], [0.050615349071682, 0.5351534474763919, 0.671778787878788], [0.024398367985333753, 0.5320815473807969, 0.6894545454545455], [null, 0.5286135100043323, 0.7071303030303031], [null, 0.5245757906133185, 0.7248060606060607], [null, 0.5195498957534742, 0.7424818181818182], [null, 0.5110299987076731, 0.7601575757575758], [null, 0.5007127362802688, 0.7778333333333334], [null, 0.4909630941149368, 0.7955090909090909], [null, 0.48174174281645643, 0.8131848484848485], [null, 0.47301127440195145, 0.8308606060606061], [null, 0.46473626229821685, 0.8485363636363636], [null, 0.4568832878215624, 0.8662121212121213], [null, 0.4494209327127028, 0.8838878787878789], [null, 0.44231974652444034, 0.9015636363636365], [null, 0.4355521937673676, 0.919239393939394], [null, 0.4290925791998461, 0.9369151515151516], [null, 0.422916966655497, 0.9545909090909092], [null, 0.41700308466722913, 0.9722666666666667], [null, 0.4113302311848976, 0.9899424242424243], [null, 0.40587916792273715, 1.007618181818182], [null, 0.4006320240736789, 1.0252939393939395], [null, 0.39557219346293376, 1.042969696969697], [null, 0.39068423884197545, 1.0606454545454547], [null, 0.3859537944994753, 1.0783212121212122], [null, 0.3813674786919808, 1.0959969696969698], [null, 0.3769128056635114, 1.1136727272727274], [null, 0.3725781043209177, 1.131348484848485], [null, 0.3683524394777975, 1.1490242424242425], [null, 0.3642255389553918, 1.1667], [null, 0.36018772303828966, 1.1843757575757576], [null, 0.35622983825394955, 1.2020515151515152], [null, 0.3523431927585903, 1.2197272727272728], [null, 0.3485194967578312, 1.2374030303030303], [null, 0.3447508000596187, 1.255078787878788], [null, 0.341029436655043, 1.2727545454545455], [null, 0.33734796444702025, 1.290430303030303], [null, 0.333699106683226, 1.3081060606060606], [null, 0.3300756921234746, 1.3257818181818184], [null, 0.3264705897908947, 1.343457575757576], [null, 0.3228766417197324, 1.3611333333333335], [null, 0.3192865872293171, 1.378809090909091], [null, 0.3156929784508886, 1.3964848484848487], [null, 0.31208808321284925, 1.4141606060606062], [null, 0.3084637706333011, 1.4318363636363638], [null, 0.30481137399504254, 1.4495121212121214], [null, 0.3011215207954428, 1.467187878787879], [null, 0.2973839210190081, 1.4848636363636365], [null, 0.29358709347034406, 1.502539393939394], [null, 0.2897180067112175, 1.5202151515151516], [null, 0.2857615942364662, 1.5378909090909092], [null, 0.2817000897362957, 1.5555666666666668], [null, 0.27751206399427136, 1.5732424242424243], [null, 0.2731710282632769, 1.590918181818182], [null, 0.26864327163289314, 1.6085939393939395], [null, 0.26388438465229525, 1.626269696969697], [null, 0.25883330416192235, 1.6439454545454546], [null, 0.25340127446598626, 1.6616212121212122], [null, 0.24744904745152385, 1.6792969696969697], [null, 0.24073173884389715, 1.6969727272727273], [null, 0.23272539004889248, 1.714648484848485], [null, 0.22163927927088425, 1.7323242424242427], [null, 2.2780111130771274e-12, 1.75]]}