{"dim": 3, "delta": 1, "mu": 5.906055070328385, "dmu": 0.1, "g": -0.3514958709352178, "k_c": 50, "data": [[0.38441859605693807, null, 0.0001], [0.3844131306282932, null, 0.010199999999999999], [0.38439694461066287, null, 0.0203], [0.3843700322612174, null, 0.0304], [0.38433238399737424, null, 0.0405], [0.3842839863858355, null, 0.0506], [0.3842248221563958, null, 0.060700000000000004], [0.3841548701250432, null, 0.0708], [0.38407410519940244, null, 0.0809], [0.3839824983109537, null, 0.091], [0.38388001603404764, null, 0.1011], [0.3837666222786125, null, 0.1112], [0.3836422747089381, null, 0.1213], [0.38350692820518556, null, 0.1314], [0.3833605329895585, null, 0.1415], [0.3832030350064285, null, 0.15159999999999998], [0.38303437550018626, null, 0.16169999999999998], [0.38285449184207426, null, 0.17179999999999998], [0.38266331573981205, null, 0.18189999999999998], [0.3824607747824736, null, 0.19199999999999998], [0.3822467914792503, null, 0.20209999999999997], [0.3820212832758722, null, 0.21219999999999997], [0.38178416240425694, null, 0.22229999999999997], [0.3815353357217815, null, 0.23239999999999997], [0.38127470446983436, null, 0.2425], [0.38100216433016726, null, 0.2526], [0.38071760487569256, null, 0.2627], [0.38042090941740586, null, 0.2728], [0.38011195517029506, null, 0.2829], [0.3797906123807902, null, 0.293], [0.37945674454407513, null, 0.3031], [0.37911020777699034, null, 0.3132], [0.3787508507413497, null, 0.3233], [0.3783785142031163, null, 0.3334], [0.3779930306494837, null, 0.34349999999999997], [0.3775942239310902, null, 0.35359999999999997], [0.3771819087943117, null, 0.36369999999999997], [0.37675589046172636, null, 0.37379999999999997], [0.37631596398579625, null, 0.38389999999999996], [0.375861914389989, null, 0.39399999999999996], [0.3753935147270364, null, 0.40409999999999996], [0.37491052645247525, null, 0.41419999999999996], [0.3744126999228915, null, 0.42429999999999995], [0.37389977003065594, null, 0.43439999999999995], [0.3733714593546938, null, 0.44449999999999995], [0.3728274749183861, null, 0.45459999999999995], [0.3722675082686747, null, 0.46469999999999995], [0.37169123390784387, null, 0.47479999999999994], [0.371098308577984, null, 0.4849], [0.3704883695737588, null, 0.495], [0.3698610338580163, null, 0.5051], [0.36921589632703167, null, 0.5152], [0.3685525282242858, null, 0.5253], [0.367870475401561, null, 0.5354], [0.36716925617096297, null, 0.5455], [0.3664483595243892, null, 0.5556], [0.365707242009691, null, 0.5657], [0.3649453257481781, null, 0.5758], [0.3641619949836622, null, 0.5859], [0.3633565928625341, null, 0.596], [0.36252841762603594, null, 0.6061], [0.3616767183960972, null, 0.6162], [0.36080069033422674, null, 0.6263], [0.35989946921763816, null, 0.6364], [0.35897212504064624, null, 0.6465], [0.35801765637004523, null, 0.6566], [0.35703497955371993, null, 0.6667], [0.35602292198750474, null, 0.6768], [0.354980210416595, null, 0.6869], [0.3539054584941834, null, 0.697], [0.352797152356665, null, 0.7071], [0.3516536334579688, null, 0.7172], [0.35047307887475754, null, 0.7273], [0.3492534763710028, null, 0.7373999999999999], [0.3479925965280535, null, 0.7474999999999999], [0.3466879575258589, null, 0.7575999999999999], [0.345336782752003, null, 0.7676999999999999], [0.3439359480920744, null, 0.7777999999999999], [0.3424819187034581, null, 0.7878999999999999], [0.34097066426313843, null, 0.7979999999999999], [0.3393975549290883, null, 0.8080999999999999], [0.3377572360644548, null, 0.8181999999999999], [0.3360434236457856, null, 0.8282999999999999], [0.33424868468637864, null, 0.8383999999999999], [0.33236410694772156, null, 0.8484999999999999], [0.33037881834695176, null, 0.8585999999999999], [0.3282793068866152, null, 0.8686999999999999], [0.32604837945904014, null, 0.8787999999999999], [0.3236635013838852, null, 0.8888999999999999], [0.3210939757686928, null, 0.8989999999999999], [0.3182957369325554, null, 0.9090999999999999], [0.3152005016943312, null, 0.9191999999999999], [0.3116885243204182, null, 0.9292999999999999], [0.30748988749513806, null, 0.9393999999999999], [0.30128115009900525, null, 0.9494999999999999], [0.29356432937443167, null, 0.9595999999999999], [0.2850140960541448, null, 0.9697], [0.2748674710562869, null, 0.9798], [0.2528941591066167, null, 0.9899], [1.6653345369377348e-16, null, 1.0]]}