{"dim": 3, "delta": 4.75, "mu": 5.906055070328385, "dmu": 3.5229166666666667, "g": -0.38740315711529844, "k_c": 50, "data": []}