{"dim": 3, "delta": 0.25, "mu": 5.906055070328385, "dmu": 0.156875, "g": -0.3240909709653437, "k_c": 50, "data": [[0.04299123908164858, 0.08463769077536569, 0.0001], [0.04296032117379126, 0.08463411488220418, 0.0026242424242424243], [0.042871388919612445, 0.0846239060428189, 0.005148484848484849], [0.04272184523792539, 0.08460704610493064, 0.007672727272727274], [0.042504082597417815, 0.08458350498392664, 0.010196969696969697], [0.04219766411336261, 0.08455324037786055, 0.012721212121212123], [0.04188026644945094, 0.08451619740537261, 0.015245454545454546], [0.04156458305285581, 0.08447230810140041, 0.01776969696969697], [0.04124729839947507, 0.08442149087442022, 0.020293939393939395], [0.04092591587336702, 0.08436364945065834, 0.02281818181818182], [0.04059842247859467, 0.08429867243207771, 0.025342424242424246], [0.04026308366106583, 0.08422643174045889, 0.027866666666666668], [0.03991832197727851, 0.08414678161786743, 0.030390909090909093], [0.03956264267156105, 0.084059556882456, 0.03291515151515152], [0.039194577897915174, 0.08396457121567766, 0.035439393939393944], [0.03881264951329101, 0.08386161276440664, 0.03796363636363637], [0.03841533916461349, 0.08375045192321788, 0.040487878787878795], [0.038001064530553824, 0.08363081794885094, 0.04301212121212122], [0.03756815951618742, 0.08350241534876561, 0.045536363636363646], [0.037114858211484615, 0.08336490954774814, 0.04806060606060607], [0.03663928117461621, 0.08321792358350198, 0.050584848484848496], [0.036139425536264744, 0.08306103162057109, 0.05310909090909092], [0.035613158956665635, 0.08289375107945986, 0.05563333333333334], [0.035058218183197896, 0.08271553286352896, 0.05815757575757577], [0.03447221594745885, 0.08252574920240452, 0.06068181818181819], [0.03385265544794409, 0.08232367831701357, 0.06320606060606061], [0.033196957188098765, 0.0821084846790401, 0.06573030303030304], [0.03250250171330558, 0.08187919364620942, 0.06825454545454547], [0.03176668982101177, 0.08163465777333398, 0.07077878787878789], [0.03098702555534765, 0.08137351166786476, 0.07330303030303031], [0.030161223574890313, 0.08109411014126351, 0.07582727272727274], [0.029287342239962467, 0.08079444023083286, 0.07835151515151516], [0.028363940774995385, 0.0804719947505763, 0.08087575757575759], [0.027390254542248426, 0.0801235806686305, 0.08340000000000002], [0.02636637794450445, 0.0797450179541427, 0.08592424242424243], [0.025293438945717773, 0.07933063821905145, 0.08844848484848486], [0.024173744650490124, 0.07887238792129478, 0.09097272727272729], [0.023010876144260436, 0.07835805970889684, 0.0934969696969697], [0.02180971240678361, 0.0777672782504504, 0.09602121212121213], [0.020576370405286995, 0.07706006553222798, 0.09854545454545456], [0.019318058662781423, 0.0761245553345577, 0.10106969696969699], [0.018042856234841028, 0.07402551382219567, 0.1035939393939394], [0.016759436528665836, 0.07154792427113925, 0.10611818181818183], [0.015476767401256093, 0.0693017561257697, 0.10864242424242426], [0.014203816381647633, 0.06726374470388725, 0.11116666666666668], [0.012949288616838322, 0.0654122132425437, 0.1136909090909091], [0.011703496593131397, 0.06372715425186558, 0.11621515151515154], [0.010216018184164557, 0.06219026693528348, 0.11873939393939395], [0.008385793199582183, 0.06078495255183353, 0.12126363636363638], [0.00595126091386766, 0.059496263095498055, 0.12378787878787881], [null, 0.05831082239997401, 0.1263121212121212], [null, 0.05721672429797222, 0.12883636363636364], [null, 0.056203404156335034, 0.13136060606060607], [null, 0.055261523488799806, 0.1338848484848485], [null, 0.054382839773213634, 0.13640909090909092], [null, 0.05356008566829787, 0.13893333333333333], [null, 0.05278685561773681, 0.14145757575757575], [null, 0.052057502332804456, 0.14398181818181818], [null, 0.051367041963705784, 0.1465060606060606], [null, 0.05071106970323861, 0.14903030303030304], [null, 0.05008568517796527, 0.15155454545454547], [null, 0.049487426848895524, 0.15407878787878787], [null, 0.048913213716481094, 0.1566030303030303], [null, 0.0483602955409072, 0.15912727272727273], [null, 0.0478262085508023, 0.16165151515151516], [null, 0.04730873716119925, 0.16417575757575759], [null, 0.04680588052614267, 0.16670000000000001], [null, 0.04631582327482426, 0.16922424242424244], [null, 0.04583690987143867, 0.17174848484848484], [null, 0.04536762188735435, 0.17427272727272727], [null, 0.04490655815447971, 0.1767969696969697], [null, 0.04445241639622074, 0.17932121212121213], [null, 0.04400397851432921, 0.18184545454545456], [null, 0.04356009316848398, 0.184369696969697], [null, 0.04311966472347332, 0.1868939393939394], [null, 0.04268163894877977, 0.18941818181818182], [null, 0.042244990872968645, 0.19194242424242425], [null, 0.04180871232355493, 0.19446666666666668], [null, 0.04137179933620426, 0.1969909090909091], [null, 0.04093323898938496, 0.19951515151515153], [null, 0.040491994872817405, 0.20203939393939396], [null, 0.04004699141804745, 0.20456363636363636], [null, 0.0395970945895525, 0.2070878787878788], [null, 0.039141090080967764, 0.20961212121212122], [null, 0.038677659385038206, 0.21213636363636365], [null, 0.03820534000392687, 0.21466060606060608], [null, 0.0377224879133605, 0.2171848484848485], [null, 0.037227216554453706, 0.2197090909090909], [null, 0.036717324403029605, 0.22223333333333334], [null, 0.036190176899128616, 0.22475757575757577], [null, 0.03564255871323282, 0.2272818181818182], [null, 0.03507043409150802, 0.22980606060606062], [null, 0.03446857665597392, 0.23233030303030305], [null, 0.033829975785458405, 0.23485454545454545], [null, 0.033144731362585715, 0.23737878787878788], [null, 0.03239800134242744, 0.2399030303030303], [null, 0.031565417094812184, 0.24242727272727274], [null, 0.030600923907540486, 0.24495151515151517], [null, 0.029390887911439324, 0.2474757575757576], [null, -7.743805596760467e-14, 0.25]]}