{"dim": 3, "delta": 0.5, "mu": 5.906055070328385, "dmu": 0.36250000000000004, "g": -0.3372612527736217, "k_c": 50, "data": [[0.11155494546474075, 0.14899957285868798, 0.0001], [0.11162435877014991, 0.1489798119740506, 0.00514949494949495], [0.11182781848112228, 0.1489218347653913, 0.010198989898989898], [0.11216702060899544, 0.1488250405336678, 0.015248484848484848], [0.11264570428638485, 0.1486884013062955, 0.020297979797979798], [0.11327317694605579, 0.14851040978491342, 0.025347474747474747], [0.11408144302591704, 0.14828899810739915, 0.030396969696969697], [0.11496629050636777, 0.14802141737291324, 0.03544646464646465], [0.11590072091551445, 0.1477040579659371, 0.0404959595959596], [0.11689886074703897, 0.1473321843667825, 0.04554545454545455], [0.11797584342317413, 0.1468995277276733, 0.0505949494949495], [0.11914887874605226, 0.14639764098590385, 0.05564444444444445], [0.12043841177329818, 0.14581482975006335, 0.0606939393939394], [0.1218695937233548, 0.1451342568883546, 0.06574343434343434], [0.12347434165832079, 0.1443302885982905, 0.0707929292929293], [0.12529442556295303, 0.14336054081864405, 0.07584242424242425], [0.12738635056088535, 0.14214512735839327, 0.0808919191919192], [0.12982965139188793, 0.14049230653876227, 0.08594141414141414], [0.13322495469178383, 0.1374581551193879, 0.0909909090909091]]}