{"dim": 3, "delta": 1, "mu": 5.906055070328385, "dmu": 0.30000000000000004, "g": -0.3514958709352178, "k_c": 50, "data": [[0.37544782047443975, null, 0.0001], [0.3754416212410327, null, 0.010199999999999999], [0.37542326144012067, null, 0.0203], [0.37539273266689577, null, 0.0304], [0.37535002090415226, null, 0.0405], [0.3752951065461571, null, 0.0506], [0.37522796421637017, null, 0.060700000000000004], [0.3751485629528719, null, 0.0708], [0.3750568659479734, null, 0.0809], [0.37495283048951095, null, 0.091], [0.37483640793527934, null, 0.1011], [0.3747075433937248, null, 0.1112], [0.37456617642848833, null, 0.1213], [0.37441223932226914, null, 0.1314], [0.37424565849215446, null, 0.1415], [0.3740663534924792, null, 0.15159999999999998], [0.3738742366207258, null, 0.16169999999999998], [0.37366921493254135, null, 0.17179999999999998], [0.3734511854575752, null, 0.18189999999999998], [0.37322003948895033, null, 0.19199999999999998], [0.372975660077769, null, 0.20209999999999997], [0.3727179221211655, null, 0.21219999999999997], [0.3724466921943159, null, 0.22229999999999997], [0.37216182793239344, null, 0.23239999999999997], [0.37186317717193923, null, 0.2425], [0.3715505808958806, null, 0.2526], [0.37122386602869795, null, 0.2627], [0.3708828515305512, null, 0.2728], [0.3705273446159457, null, 0.2829], [0.37015714085456436, null, 0.293], [0.36977202351538624, null, 0.3031], [0.36937176277055817, null, 0.3132], [0.36895611512747684, null, 0.3233], [0.36852482233959283, null, 0.3334], [0.36807761068098876, null, 0.34349999999999997], [0.36761418619018393, null, 0.35359999999999997], [0.36713425194861743, null, 0.36369999999999997], [0.3666374701294704, null, 0.37379999999999997], [0.36612349740553013, null, 0.38389999999999996], [0.36559196508502506, null, 0.39399999999999996], [0.36504248116888155, null, 0.40409999999999996], [0.3644746285289947, null, 0.41419999999999996], [0.3638879629517895, null, 0.42429999999999995], [0.3632820107831711, null, 0.43439999999999995], [0.36265626656550226, null, 0.44449999999999995], [0.3620101901306928, null, 0.45459999999999995], [0.3613432034084604, null, 0.46469999999999995], [0.3606546874132407, null, 0.47479999999999994], [0.35994397727093175, null, 0.4849], [0.35921035835847204, null, 0.495], [0.35845306131028104, null, 0.5051], [0.3576712553188327, null, 0.5152], [0.35686404235017916, null, 0.5253], [0.3560304483037425, null, 0.5354], [0.35516941470815294, null, 0.5455], [0.3542797877766778, null, 0.5556], [0.3533603059172779, null, 0.5657], [0.352409585541892, null, 0.5758], [0.3514261035401016, null, 0.5859], [0.3504081751994765, null, 0.596], [0.3493539309276319, null, 0.6061], [0.34826128454268135, null, 0.6162], [0.3471278955049641, null, 0.6263], [0.3459511222844067, null, 0.6364], [0.3447279627900829, null, 0.6465], [0.3434549790608083, null, 0.6566], [0.3421281988795861, null, 0.6667], [0.34074298608594755, null, 0.6768], [0.3392938653952977, null, 0.6869], [0.3377742801978146, null, 0.697], [0.3361762477740269, null, 0.7071], [0.33448985118199037, null, 0.7172], [0.3327024575413784, null, 0.7273], [0.3307974493810609, null, 0.7373999999999999], [0.32875201327700415, null, 0.7474999999999999], [0.3265328948834897, null, 0.7575999999999999], [0.3240869903666144, null, 0.7676999999999999], [0.3213147585932286, null, 0.7777999999999999], [0.3179334159947084, null, 0.7878999999999999], [0.3132045564522311, null, 0.7979999999999999], [0.3084341032885239, null, 0.8080999999999999], [0.30369557125327534, null, 0.8181999999999999], [0.2989810205958273, null, 0.8282999999999999], [0.29428192490886645, null, 0.8383999999999999], [0.2895890391073822, null, 0.8484999999999999], [0.28489214284419095, null, 0.8585999999999999], [0.2801797944257243, null, 0.8686999999999999], [0.2754389005944103, null, 0.8787999999999999], [0.27065418875456226, null, 0.8888999999999999], [0.2658074248210006, null, 0.8989999999999999], [0.2608762628201032, null, 0.9090999999999999], [0.2558324703053912, null, 0.9191999999999999], [0.2506390667073606, null, 0.9292999999999999], [0.2452454028332708, null, 0.9393999999999999], [0.23957800643068236, null, 0.9494999999999999], [0.23352158524689223, null, 0.9595999999999999], [0.2268727488758302, null, 0.9697], [0.21919268858936633, null, 0.9798], [0.20893759946288204, null, 0.9899], [-9.298117831235686e-14, null, 1.0]]}