{"dim": 3, "delta": 3.0, "mu": 5.906055070328385, "dmu": 1.9500000000000002, "g": -0.37628449054250135, "k_c": 50, "data": [[0.581499836414337, 0.8269079974089382, 0.0001], [0.5828117411080008, 0.826824678607174, 0.0304020202020202], [0.5847498886621084, 0.8265751598333647, 0.060704040404040406], [0.5864651980709158, 0.826157457128524, 0.0910060606060606], [0.588144206467574, 0.8255681836507063, 0.12130808080808081], [0.5898664217864946, 0.8248024258372257, 0.151610101010101], [0.5916835583934856, 0.8238535311905056, 0.1819121212121212], [0.5936392069850859, 0.8227128347916248, 0.2122141414141414], [0.5957767340200374, 0.8213692466709185, 0.2425161616161616], [0.5981440218061589, 0.8198086796450103, 0.2728181818181818], [0.6007976244337865, 0.8180132302512866, 0.303120202020202], [0.6038076066929587, 0.8159599824896967, 0.33342222222222223], [0.6072642154037471, 0.8136192381692016, 0.3637242424242424], [0.6112880549437077, 0.8109517053775609, 0.3940262626262626], [0.6160468138908622, 0.807904009976382, 0.42432828282828283], [0.6217848820321007, 0.8044008447607687, 0.454630303030303], [0.6288806157975799, 0.8003302649081258, 0.4849323232323232], [0.6379708813508734, 0.7955128079057853, 0.5152343434343434], [0.6502730704801237, 0.7896249545878826, 0.5455363636363636], [0.6687014488832964, 0.7819478558313, 0.5758383838383838], [0.7058265306017384, 0.7697392695229469, 0.606140404040404]]}