{"dim": 3, "delta": 0.5, "mu": 5.906055070328385, "dmu": 0.28750000000000003, "g": -0.3372612527736217, "k_c": 50, "data": [[0.06774452598932039, 0.1741310989294523, 0.0001], [0.067703954365486, 0.17412559767192035, 0.00514949494949495], [0.06758541547810931, 0.1741095064091407, 0.010198989898989898], [0.0673891575865604, 0.1740828055638905, 0.015248484848484848], [0.06711559109948703, 0.17404546254935088, 0.020297979797979798], [0.06676528677230252, 0.17399743154379402, 0.025347474747474747], [0.06633897314780832, 0.17393865325253746, 0.030396969696969697], [0.06583753318649037, 0.17386905453509885, 0.03544646464646465], [0.06526199996525005, 0.17378854794048537, 0.0404959595959596], [0.06461355145037603, 0.1736970311763989, 0.04554545454545455], [0.06389350381245207, 0.17359438623226683, 0.0505949494949495], [0.06310330333229465, 0.17348047965141858, 0.05564444444444445], [0.06224451602913683, 0.17335515955978242, 0.0606939393939394], [0.06131881426976136, 0.17321825612137295, 0.06574343434343434], [0.060327958953661644, 0.17306958217225105, 0.0707929292929293], [0.059273774927311375, 0.17290892626960955, 0.07584242424242425], [0.05815811649239549, 0.17273605682984705, 0.0808919191919192], [0.056982817194828915, 0.17255071768178012, 0.08594141414141414], [0.05574961688805441, 0.17235262593099712, 0.0909909090909091], [0.05446005601964376, 0.17214147014585, 0.09604040404040405], [0.053115327846556884, 0.17191690722648884, 0.101089898989899], [0.05171608466232825, 0.17167855914143568, 0.10613939393939394], [0.05026220853276885, 0.1714260090068495, 0.11118888888888889], [0.04875257518751474, 0.17115879778565843, 0.11623838383838385], [0.04718484510423058, 0.17087641639984866, 0.12128787878787879], [0.045555295621503525, 0.17057830303958396, 0.12633737373737372], [0.043858667973350536, 0.17026383307725224, 0.13138686868686866], [0.042087970721739816, 0.16993231174921003, 0.13643636363636363], [0.040234165052603965, 0.1695829635478792, 0.14148585858585858], [0.0382856516961325, 0.16921491946721712, 0.14653535353535352], [0.03622743591702325, 0.16882720147120608, 0.1515848484848485], [0.03403978006727699, 0.1684187035535094, 0.15663434343434343], [0.03169596065834324, 0.16798816802840688, 0.16168383838383837], [0.029158348835658612, 0.1675341554559813, 0.16673333333333332], [0.026371018318389942, 0.16705500636718837, 0.17178282828282826], [0.02324422921348381, 0.16654879161256084, 0.17683232323232323], [0.019616207746040188, 0.1660132465701361, 0.18188181818181817], [0.015130432436174273, 0.16544568285229383, 0.18693131313131311], [0.00852597935409335, 0.16484286641473303, 0.19198080808080809], [null, 0.16420084528524542, 0.19703030303030303], [null, 0.16351469720529113, 0.20207979797979797], [null, 0.1627781525554766, 0.2071292929292929], [null, 0.16198297739105494, 0.21217878787878786], [null, 0.16111796016989952, 0.21722828282828283], [null, 0.16016703413323818, 0.22227777777777777], [null, 0.15910546779462595, 0.2273272727272727], [null, 0.15789072046106842, 0.23237676767676768], [null, 0.15643326313279457, 0.23742626262626262], [null, 0.15438064615413796, 0.24247575757575757], [null, 0.1508883658943355, 0.2475252525252525], [null, 0.14759897146620515, 0.25257474747474745], [null, 0.14450182654029758, 0.2576242424242424], [null, 0.1415808791416978, 0.26267373737373734], [null, 0.1388213989606527, 0.2677232323232323], [null, 0.13620987789482628, 0.2727727272727273], [null, 0.1337339340728231, 0.2778222222222222], [null, 0.13138222052512813, 0.28287171717171716], [null, 0.1291443388363948, 0.28792121212121213], [null, 0.1270107578006593, 0.29297070707070705], [null, 0.12497273684713037, 0.298020202020202], [null, 0.1230222554708868, 0.303069696969697], [null, 0.12115194711446062, 0.3081191919191919], [null, 0.11935503825672406, 0.3131686868686869], [null, 0.11762529202027422, 0.3182181818181818], [null, 0.11595695554304171, 0.32326767676767676], [null, 0.11434471635042893, 0.32831717171717173], [null, 0.11278364996217295, 0.33336666666666664], [null, 0.11126918895025224, 0.3384161616161616], [null, 0.10979707696041947, 0.34346565656565653], [null, 0.10836334162330542, 0.3485151515151515], [null, 0.10696425754171883, 0.35356464646464647], [null, 0.10559631710596996, 0.3586141414141414], [null, 0.10425620520155385, 0.36366363636363636], [null, 0.10294076551440269, 0.3687131313131313], [null, 0.10164698014694552, 0.37376262626262624], [null, 0.1003719448067496, 0.3788121212121212], [null, 0.09911283798872758, 0.3838616161616162], [null, 0.09786689913603912, 0.3889111111111111], [null, 0.09663140088862064, 0.39396060606060607], [null, 0.09540362019208086, 0.399010101010101], [null, 0.09418080654332137, 0.40405959595959595], [null, 0.09296014728933069, 0.4091090909090909], [null, 0.09173872970138534, 0.41415858585858584], [null, 0.0905134756690535, 0.4192080808080808], [null, 0.08928111255258318, 0.4242575757575757], [null, 0.08803807043980923, 0.4293070707070707], [null, 0.08678039960437607, 0.43435656565656566], [null, 0.08550363856448173, 0.4394060606060606], [null, 0.08420264851284814, 0.44445555555555555], [null, 0.08287136145631753, 0.4495050505050505], [null, 0.08150244264841834, 0.45455454545454543], [null, 0.08008676284803515, 0.4596040404040404], [null, 0.07861258007752911, 0.4646535353535354], [null, 0.07706418145343845, 0.4697030303030303], [null, 0.07541947141488368, 0.47475252525252526], [null, 0.073645278613469, 0.4798020202020202], [null, 0.07168696892733341, 0.48485151515151514], [null, 0.06944043120308334, 0.4899010101010101], [null, 0.06664339506747284, 0.49495050505050503], [null, 1.6792123247455493e-13, 0.5]]}