{"dim": 3, "delta": 2.75, "mu": 5.906055070328385, "dmu": 2.75, "g": -0.37422717504461167, "k_c": 50, "data": []}