{"dim": 3, "delta": 0.2, "mu": 5.906055070328385, "dmu": 0.12250000000000001, "g": -0.32006361602683453, "k_c": 50, "data": [[0.032515804402138644, 0.06851975786495396, 0.0001], [0.03249478511329779, 0.06851705643098879, 0.002119191919191919], [0.032435431773014015, 0.06850943471485428, 0.004138383838383839], [0.03233747353612682, 0.06849688160453078, 0.006157575757575758], [0.032200345321828874, 0.0684793767617057, 0.008176767676767676], [0.03202290440571108, 0.06845689304138361, 0.010195959595959595], [0.03180254674529551, 0.06842939469810452, 0.012215151515151516], [0.03152845468538418, 0.0683968377605323, 0.014234343434343434], [0.031214036140096105, 0.06835916977265469, 0.016253535353535353], [0.030896207928860907, 0.06831632880205263, 0.018272727272727274], [0.030573039185869403, 0.06826824143300443, 0.02029191919191919], [0.030242902594691635, 0.06821483083700955, 0.02231111111111111], [0.029904357139200217, 0.06815599932008481, 0.024330303030303032], [0.02955607461611104, 0.0680916435117288, 0.02634949494949495], [0.02919679152937631, 0.06802164644579543, 0.02836868686868687], [0.0288252764492146, 0.06794587626865346, 0.030387878787878787], [0.02844030749093885, 0.06786418398078263, 0.03240707070707071], [0.028040656911806832, 0.06777641169173904, 0.03442626262626263], [0.027625081136450087, 0.06768237064705385, 0.03644545454545455], [0.027192315389573958, 0.06758185877050167, 0.038464646464646465], [0.026741072747439126, 0.067474648587476, 0.040483838383838386], [0.026270046815780542, 0.06736048556466619, 0.042503030303030306], [0.025777921026669898, 0.06723908457119335, 0.04452222222222223], [0.025263380729849568, 0.06711012540385368, 0.04654141414141415], [0.024725132919016943, 0.06697324678844314, 0.04856060606060607], [0.024161933225084538, 0.0668280402710381, 0.05057979797979798], [0.023572617730103378, 0.06667404134970678, 0.0525989898989899], [0.022956145757687337, 0.06651071904813269, 0.05461818181818182], [0.022311648529006432, 0.06633746270958504, 0.05663737373737374], [0.021638486718349278, 0.0661535640605184, 0.058656565656565664], [0.02093631310519762, 0.06595819643716103, 0.06067575757575758], [0.020205139529216543, 0.06575038304235524, 0.0626949494949495], [0.01944540401771605, 0.06552895861642337, 0.06471414141414142], [0.018658033838358574, 0.06529251162708627, 0.06673333333333334], [0.017844495422014432, 0.06503930600809676, 0.06875252525252526], [0.01700683641785727, 0.06476716338811696, 0.07077171717171718], [0.016147695196993904, 0.06447328269423368, 0.0727909090909091], [0.015270292952980939, 0.06415395158952814, 0.07481010101010102], [0.014378394337648386, 0.06380404988574721, 0.07682929292929293], [0.013476241447444264, 0.06341612865137836, 0.07884848484848485], [0.012568464098107855, 0.06297849019598119, 0.08086767676767677], [0.0116599725903671, 0.0624704287052267, 0.08288686868686869], [0.01071244935507355, 0.061846226287692894, 0.08490606060606061], [0.009611567944514017, 0.06087985042039414, 0.08692525252525253], [0.008334339262245341, 0.059081166234178105, 0.08894444444444445], [0.00679579414242962, 0.05742919303008038, 0.09096363636363637], [0.004757538664022808, 0.05590967992032515, 0.09298282828282829], [null, 0.05450956743364571, 0.09500202020202021], [null, 0.05321693907137207, 0.09702121212121213], [null, 0.05202096508326184, 0.09904040404040404], [null, 0.05091183868764843, 0.10105959595959596], [null, 0.049880706986045034, 0.10307878787878788], [null, 0.04891959680068439, 0.1050979797979798], [null, 0.04802135004569419, 0.10711717171717172], [null, 0.04717953379782246, 0.10913636363636364], [null, 0.046388389331685674, 0.11115555555555556], [null, 0.04564275224328077, 0.11317474747474748], [null, 0.04493799992744516, 0.1151939393939394], [null, 0.04426998387542252, 0.11721313131313132], [null, 0.04363498572145805, 0.11923232323232323], [null, 0.04302966540394723, 0.12125151515151515], [null, 0.04245101845226064, 0.12327070707070707], [null, 0.041896337828657725, 0.12528989898989898], [null, 0.041363178482476316, 0.1273090909090909], [null, 0.04084932704528967, 0.12932828282828282], [null, 0.04035277391060986, 0.13134747474747474], [null, 0.03987168865833026, 0.13336666666666666], [null, 0.039404397944424234, 0.13538585858585858], [null, 0.03894936662298666, 0.1374050505050505], [null, 0.038505178567470884, 0.13942424242424242], [null, 0.038070522359053435, 0.14144343434343434], [null, 0.03764417605787916, 0.14346262626262626], [null, 0.037224994309458005, 0.14548181818181818], [null, 0.036811895916401535, 0.1475010101010101], [null, 0.036403852623883515, 0.14952020202020203], [null, 0.035999878232686626, 0.15153939393939392], [null, 0.03559901786180176, 0.15355858585858584], [null, 0.035200337618181386, 0.15557777777777776], [null, 0.03480291381045067, 0.15759696969696968], [null, 0.03440582172205288, 0.1596161616161616], [null, 0.03400812346028897, 0.16163535353535352], [null, 0.03360885445458884, 0.16365454545454544], [null, 0.0332070079111781, 0.16567373737373736], [null, 0.03280151646479366, 0.16769292929292928], [null, 0.03239122985287283, 0.1697121212121212], [null, 0.03197488639104445, 0.17173131313131312], [null, 0.03155108026384181, 0.17375050505050504], [null, 0.031118208049843492, 0.17576969696969696], [null, 0.030674411065738243, 0.17778888888888889], [null, 0.0302174826599587, 0.1798080808080808], [null, 0.029744740175436105, 0.18182727272727273], [null, 0.029252831754062812, 0.18384646464646465], [null, 0.028737434474137073, 0.18586565656565657], [null, 0.028192755516383478, 0.1878848484848485], [null, 0.027610650311298727, 0.1899040404040404], [null, 0.026978916746398966, 0.19192323232323233], [null, 0.026277553373545235, 0.19394242424242425], [null, 0.025468809911144565, 0.19596161616161614], [null, 0.024459721394721735, 0.19798080808080806], [null, -1.9984014443252818e-15, 0.2]]}