{"dim": 3, "delta": 8.5, "mu": 5.906055070328385, "dmu": 4.443181818181818, "g": -0.4022307001799819, "k_c": 50, "data": []}