{"dim": 3, "delta": 5.75, "mu": 5.906055070328385, "dmu": 3.227840909090909, "g": -0.3921613007980973, "k_c": 50, "data": [[0.9448321432728529, null, 0.0001], [0.9434767597544721, null, 0.058179797979797984], [0.9392619713287489, null, 0.11625959595959597], [0.9318198034553676, null, 0.17433939393939393], [0.9241249610126311, null, 0.23241919191919191], [0.916321194209207, null, 0.2904989898989899], [0.9082340634855732, null, 0.3485787878787879], [0.8997383769187953, null, 0.40665858585858583], [0.8907302529190281, null, 0.46473838383838384], [0.8811153449993455, null, 0.5228181818181818], [0.8708035091717908, null, 0.5808979797979799], [0.8597066598615012, null, 0.6389777777777778], [0.8477385814408737, null, 0.6970575757575758], [0.8348161924180053, null, 0.7551373737373738], [0.8208620015786252, null, 0.8132171717171717], [0.8058075671385178, null, 0.8712969696969697], [0.7895976206945603, null, 0.9293767676767677], [0.7721944416084137, null, 0.9874565656565657], [0.7535818966913672, null, 1.0455363636363637], [0.7337684801013771, null, 1.1036161616161617], [0.7127887981470223, null, 1.1616959595959597], [0.6907031411251365, null, 1.2197757575757575], [0.6675951235046219, null, 1.2778555555555555], [0.6435677622233144, null, 1.3359353535353535], [0.6187385233551729, null, 1.3940151515151515], [0.593234081802851, null, 1.4520949494949495], [0.567185368122571, null, 1.5101747474747476], [0.5407233658926569, null, 1.5682545454545456], [0.5139758612447225, null, 1.6263343434343434], [0.48706519924931935, null, 1.6844141414141414], [0.46010694464245805, null, 1.7424939393939394], [0.4332092741771759, null, 1.8005737373737374], [0.4064729241806202, null, 1.8586535353535354], [0.37767344173658784, null, 1.9167333333333334], [0.3447204251766611, null, 1.9748131313131314], [0.3072117612126158, null, 2.0328929292929296], [0.2634968555323123, null, 2.0909727272727276], [0.20991382127917463, null, 2.1490525252525257], [0.13537177281772375, null, 2.2071323232323237]]}