{"dim": 3, "delta": 3.75, "mu": 5.906055070328385, "dmu": 2.0758928571428568, "g": -0.38162974782282366, "k_c": 50, "data": [[0.520840687897847, null, 0.0001], [0.5204500457653575, null, 0.03797777777777778], [0.5192841209002482, null, 0.07585555555555555], [0.5173485589194085, null, 0.11373333333333333], [0.5146526537235557, null, 0.15161111111111109], [0.5112091894574902, null, 0.18948888888888887], [0.5070342279373317, null, 0.22736666666666663], [0.5021468507708663, null, 0.2652444444444444], [0.4965688667478934, null, 0.3031222222222222], [0.4903244888697477, null, 0.34099999999999997], [0.4834400014249693, null, 0.37887777777777776], [0.47594341520606825, null, 0.4167555555555555], [0.4678641225274902, null, 0.4546333333333333], [0.4592325528178777, null, 0.49251111111111107], [0.4500798139384383, null, 0.5303888888888888], [0.4404372802073344, null, 0.5682666666666666], [0.43033598514935034, null, 0.6061444444444444], [0.4198053789653973, null, 0.6440222222222222], [0.408870188984254, null, 0.6819], [0.397543512329018, null, 0.7197777777777777], [0.38581891228568294, null, 0.7576555555555555], [0.3736702181293398, null, 0.7955333333333332], [0.3610571235061347, null, 0.833411111111111], [0.3479283805538797, null, 0.8712888888888888], [0.3342214516802823, null, 0.9091666666666666], [0.31985995989115984, null, 0.9470444444444444], [0.30474930196018724, null, 0.9849222222222221], [0.2887698812922058, null, 1.0228], [0.27176656845392083, null, 1.0606777777777776], [0.25353159250607477, null, 1.0985555555555555], [0.23377513891575755, null, 1.1364333333333332], [0.2120706713701365, null, 1.174311111111111], [0.1877420477732786, null, 1.2121888888888888], [0.15959184705400098, null, 1.2500666666666664], [0.12506359252643526, 0.9916154793887717, 1.2879444444444443], [0.07589901034758721, 0.9760410336164653, 1.325822222222222], [null, 0.9612398535719269, 1.3637], [null, 0.9471650490322985, 1.4015777777777776], [null, 0.9337712656430747, 1.4394555555555555], [null, 0.9210148395317481, 1.4773333333333332], [null, 0.9088539177904194, 1.515211111111111], [null, 0.8972485449534309, 1.5530888888888887], [null, 0.8861607136181148, 1.5909666666666664], [null, 0.8755543991251974, 1.6288444444444443], [null, 0.8653955300579962, 1.666722222222222], [null, 0.8556519845243903, 1.7046], [null, 0.8462935301818657, 1.7424777777777776], [null, 0.8372917635411548, 1.7803555555555555], [null, 0.828620034942534, 1.8182333333333331], [null, 0.8202533649621031, 1.8561111111111108], [null, 0.8121683549720056, 1.8939888888888887], [null, 0.8043430943379112, 1.9318666666666664], [null, 0.7967570667958161, 1.9697444444444443], [null, 0.7893910527226287, 2.0076222222222224], [null, 0.7822270432022944, 2.0455], [null, 0.7752481422274892, 2.0833777777777778], [null, 0.768438482189238, 2.1212555555555554], [null, 0.7617831385312344, 2.159133333333333], [null, 0.7552680474348529, 2.1970111111111112], [null, 0.7488799295035976, 2.234888888888889], [null, 0.7426062134268882, 2.2727666666666666], [null, 0.7364349653396296, 2.3106444444444443], [null, 0.7303548200878993, 2.3485222222222224], [null, 0.7243549148123294, 2.3864], [null, 0.7184248271186777, 2.4242777777777778], [null, 0.7125545100234496, 2.4621555555555554], [null, 0.7067342317558163, 2.500033333333333], [null, 0.7009545169469288, 2.5379111111111112], [null, 0.6952060840841142, 2.575788888888889], [null, 0.6894797847409732, 2.6136666666666666], [null, 0.6837665390386396, 2.6515444444444443], [null, 0.6780572695469572, 2.6894222222222224], [null, 0.6723428295733231, 2.7273], [null, 0.6666139266839304, 2.7651777777777777], [null, 0.6608610359175834, 2.8030555555555554], [null, 0.6550743053954611, 2.840933333333333], [null, 0.6492434459338652, 2.878811111111111], [null, 0.6433576037256902, 2.916688888888889], [null, 0.6374052096546619, 2.9545666666666666], [null, 0.6313737977318535, 2.9924444444444442], [null, 0.6252497844362092, 3.0303222222222224], [null, 0.619018193013017, 3.0682], [null, 0.6126623061366306, 3.1060777777777777], [null, 0.6061632212758352, 3.1439555555555554], [null, 0.5994992612623932, 3.181833333333333], [null, 0.5926451957633618, 3.219711111111111], [null, 0.5855711671613314, 3.257588888888889], [null, 0.5782411848687851, 3.2954666666666665], [null, 0.5706109432103845, 3.333344444444444], [null, 0.562624545259981, 3.371222222222222], [null, 0.5542093663354837, 3.4091], [null, 0.545267557829128, 3.4469777777777777], [null, 0.5356609971700168, 3.4848555555555554], [null, 0.5251820969379386, 3.522733333333333], [null, 0.51348936850783, 3.560611111111111], [null, 0.49993398640848336, 3.598488888888889], [null, 0.48288325823841705, 3.6363666666666665], [null, 0.44122867671199234, 3.674244444444444], [null, 0.3119260631151555, 3.712122222222222], [null, -1.915134717478395e-14, 3.75]]}