{"dim": 3, "delta": 5.5, "mu": 5.906055070328385, "dmu": 3.182142857142857, "g": -0.39104617407644726, "k_c": 50, "data": [[0.9546989132104549, null, 0.0001], [0.9518457783222087, null, 0.05565454545454546], [0.9481257397354439, null, 0.11120909090909091], [0.9447712935405207, null, 0.16676363636363634], [0.9414627574010256, null, 0.2223181818181818], [0.9380685570165207, null, 0.27787272727272727], [0.9345066753583727, null, 0.3334272727272727], [0.9307108444100952, null, 0.38898181818181815], [0.926617701060242, null, 0.4445363636363636], [0.9221600447354389, null, 0.5000909090909091], [0.9172621369796575, null, 0.5556454545454546], [0.9118356007620565, null, 0.6112], [0.9057753796109503, null, 0.6667545454545454], [0.8989556412991044, null, 0.7223090909090909], [0.8912258981239829, null, 0.7778636363636363], [0.8824081490322422, null, 0.8334181818181818], [0.8722965633383198, null, 0.8889727272727272], [0.8606621657751791, null, 0.9445272727272727], [0.8472656031661856, null, 1.0000818181818183], [0.8318805114364878, null, 1.0556363636363637], [0.8143274135229951, null, 1.1111909090909091], [0.7945105635796605, null, 1.1667454545454545], [0.7724475928185411, null, 1.2223], [0.7482770723914813, null, 1.2778545454545454], [0.7222405473384245, null, 1.3334090909090908], [0.6946458800090507, null, 1.3889636363636364], [0.6658260913758386, null, 1.4445181818181818], [0.6361057760030467, null, 1.5000727272727272], [0.6057802125500577, null, 1.5556272727272726], [0.5751062713214443, null, 1.611181818181818], [0.5443013987647068, null, 1.6667363636363637], [0.5135473188792608, null, 1.722290909090909], [0.48299524538854016, 0.9972287475565678, 1.7778454545454545], [0.45277158812751167, 0.991336737897084, 1.8334], [0.4229830574342822, 0.9858908568227017, 1.8889545454545453], [0.3937210023399264, 0.9808123042494385, 1.944509090909091], [0.3650649366187616, 0.9760368737212863, 2.0000636363636364], [0.3370853277790377, 0.9715119642385056, 2.055618181818182], [0.30822749135068056, 0.9671942155216406, 2.1111727272727276], [0.27357309194912033, 0.9630476487793405, 2.166727272727273], [0.23206672750866933, 0.959042171133502, 2.2222818181818185], [0.17966965760803974, 0.9551525596543263, 2.277836363636364], [0.10115991718068196, 0.9513572861333314, 2.3333909090909093], [null, 0.9476380589778253, 2.3889454545454547], [null, 0.9439791225925109, 2.4445], [null, 0.9403668143711782, 2.5000545454545455], [null, 0.9367892037903046, 2.555609090909091], [null, 0.9332357878231062, 2.6111636363636364], [null, 0.9296972470455231, 2.6667181818181818], [null, 0.9261652452261563, 2.7222727272727276], [null, 0.9226322627675788, 2.777827272727273], [null, 0.9190914589529363, 2.8333818181818184], [null, 0.9155365556326717, 2.888936363636364], [null, 0.9119617391891996, 2.9444909090909093], [null, 0.9083615766460259, 3.0000454545454547], [null, 0.9047309433832293, 3.0556], [null, 0.9010649599116219, 3.1111545454545455], [null, 0.8973589362872191, 3.166709090909091], [null, 0.8936083220513422, 3.2222636363636363], [null, 0.8898086603475218, 3.277818181818182], [null, 0.8859555480675886, 3.3333727272727276], [null, 0.8820445889416566, 3.388927272727273], [null, 0.8780713728306719, 3.4444818181818184], [null, 0.8740314100293549, 3.500036363636364], [null, 0.8699201196290275, 3.5555909090909092], [null, 0.8657327792837607, 3.6111454545454547], [null, 0.8614644846221842, 3.6667], [null, 0.8571101091125977, 3.7222545454545455], [null, 0.852664255908265, 3.777809090909091], [null, 0.8481212049438387, 3.8333636363636363], [null, 0.8434748646329394, 3.888918181818182], [null, 0.8387186886877542, 3.9444727272727276], [null, 0.8338456192632951, 4.000027272727273], [null, 0.8288479892260125, 4.0555818181818175], [null, 0.8237174248206907, 4.111136363636363], [null, 0.8184447221615812, 4.166690909090909], [null, 0.8130197019802586, 4.222245454545455], [null, 0.8074310326513535, 4.2778], [null, 0.8016660130272077, 4.3333545454545455], [null, 0.7957103026629692, 4.388909090909091], [null, 0.7895475824719517, 4.444463636363636], [null, 0.7831591218828658, 4.500018181818182], [null, 0.7765232183432487, 4.555572727272727], [null, 0.7696144590824361, 4.6111272727272725], [null, 0.7624027300302646, 4.666681818181818], [null, 0.7548518558734771, 4.722236363636363], [null, 0.7469176864759409, 4.777790909090909], [null, 0.7385453226609288, 4.833345454545454], [null, 0.7296649512677504, 4.8889], [null, 0.720185315876046, 4.944454545454545], [null, 0.7099829224297106, 5.00000909090909], [null, 0.6988829279540781, 5.055563636363636], [null, 0.6866220674656472, 5.111118181818181], [null, 0.6727668035808682, 5.166672727272727], [null, 0.6564923078849141, 5.222227272727272], [null, 0.6357099824971115, 5.2777818181818175], [null, 0.5873525358137024, 5.333336363636363], [null, 0.4795894294994461, 5.388890909090909], [null, 0.3391339208225436, 5.444445454545455], [null, -2.5146551507759796e-14, 5.5]]}