{"dim": 3, "delta": 1, "mu": 5.906055070328385, "dmu": 0.4, "g": -0.3514958709352178, "k_c": 50, "data": [[0.3668422524253107, null, 0.0001], [0.36683520209622206, null, 0.010199999999999999], [0.3668143208099902, null, 0.0203], [0.36677959626688766, null, 0.0304], [0.366731008008109, null, 0.0405], [0.366668527321479, null, 0.0506], [0.36659211716100376, null, 0.060700000000000004], [0.36650173216885196, null, 0.0708], [0.3663973182806854, null, 0.0809], [0.36627881340280805, null, 0.091], [0.3661461441560357, null, 0.1011], [0.365999231587015, null, 0.1112], [0.36583798513562016, null, 0.1213], [0.36566230507423525, null, 0.1314], [0.36547208179622126, null, 0.1415], [0.36526719547280184, null, 0.15159999999999998], [0.3650475155691429, null, 0.16169999999999998], [0.3648129001788075, null, 0.17179999999999998], [0.3645631971507346, null, 0.18189999999999998], [0.3642982403036964, null, 0.19199999999999998], [0.36401785225919664, null, 0.20209999999999997], [0.36372184185785994, null, 0.21219999999999997], [0.3634100041210097, null, 0.22229999999999997], [0.3630821193387881, null, 0.23239999999999997], [0.3627379522738266, null, 0.2425], [0.36237725125620124, null, 0.2526], [0.3619997468800808, null, 0.2627], [0.36160515139905774, null, 0.2728], [0.36119315709879557, null, 0.2829], [0.3607634349453525, null, 0.293], [0.3603156331334495, null, 0.3031], [0.3598493753256379, null, 0.3132], [0.3593642588112107, null, 0.3233], [0.3588598522687342, null, 0.3334], [0.35833569364777246, null, 0.34349999999999997], [0.35779128697329826, null, 0.35359999999999997], [0.3572260999992033, null, 0.36369999999999997], [0.35663956035444394, null, 0.37379999999999997], [0.3560310518083394, null, 0.38389999999999996], [0.3553999100277461, null, 0.39399999999999996], [0.3547454175166696, null, 0.40409999999999996], [0.35406679789126605, null, 0.41419999999999996], [0.3533632083274862, null, 0.42429999999999995], [0.3526337372482613, null, 0.43439999999999995], [0.3518773849632032, null, 0.44449999999999995], [0.3510930639472927, null, 0.45459999999999995], [0.35027958151241934, null, 0.46469999999999995], [0.3494356265176476, null, 0.47479999999999994], [0.348559752657086, null, 0.4849], [0.3476503575513498, null, 0.495], [0.34670565854622254, null, 0.5051], [0.34572366242777935, null, 0.5152], [0.34470212777824605, null, 0.5253], [0.34363852091344393, null, 0.5354], [0.3425299528495404, null, 0.5455], [0.34137310868999277, null, 0.5556], [0.3401641477741177, null, 0.5657], [0.33889857433911713, null, 0.5758], [0.3375710623188764, null, 0.5859], [0.3361752110937309, null, 0.596], [0.334703196814784, null, 0.6061], [0.33314525598478567, null, 0.6162], [0.3314888851742074, null, 0.6263], [0.3297175349809069, null, 0.6364], [0.3278083072626533, null, 0.6465], [0.32572749568980663, null, 0.6566], [0.32342054507440643, null, 0.6667], [0.3207830071585675, null, 0.6768], [0.3175008462600056, null, 0.6869], [0.3128182468076464, null, 0.697], [0.3081769680556861, null, 0.7071], [0.3036278332072616, null, 0.7172], [0.2991640759972465, null, 0.7273], [0.29477907956198346, null, 0.7373999999999999], [0.29046634246800995, null, 0.7474999999999999], [0.2862194419119454, null, 0.7575999999999999], [0.2820319939075981, null, 0.7676999999999999], [0.2778976093282474, null, 0.7777999999999999], [0.27380984393530705, null, 0.7878999999999999], [0.26976214170866203, null, 0.7979999999999999], [0.2657477683079328, null, 0.8080999999999999], [0.2617597318362658, null, 0.8181999999999999], [0.2577906863913171, null, 0.8282999999999999], [0.25383282000751967, null, 0.8383999999999999], [0.24987768471062027, null, 0.8484999999999999], [0.24591603167180454, null, 0.8585999999999999], [0.24193753846563795, null, 0.8686999999999999], [0.23793047469986028, null, 0.8787999999999999], [0.23388122983646745, null, 0.8888999999999999], [0.22977364506477294, null, 0.8989999999999999], [0.2255880308062344, null, 0.9090999999999999], [0.22129966630986803, null, 0.9191999999999999], [0.21687639601872585, null, 0.9292999999999999], [0.21227454732795736, null, 0.9393999999999999], [0.20743144229890378, null, 0.9494999999999999], [0.20225017408465903, null, 0.9595999999999999], [0.19656365020697802, null, 0.9697], [0.1900263288956112, null, 0.9798], [0.18156992122758953, null, 0.9899], [-1.849779218687786e-10, null, 1.0]]}