{"dim": 3, "delta": 6.25, "mu": 5.906055070328385, "dmu": 3.3203125, "g": -0.39426752038007834, "k_c": 50, "data": [[0.8920910621360373, null, 0.0001], [0.891121844000059, null, 0.06323030303030304], [0.8882323632400296, null, 0.12636060606060606], [0.883458097677523, null, 0.1894909090909091], [0.8768561573204932, null, 0.25262121212121214], [0.8685025345227748, null, 0.31575151515151517], [0.8584886852762723, null, 0.3788818181818182], [0.8469177730262967, null, 0.44201212121212125], [0.8339008911564202, null, 0.5051424242424243], [0.8195535231569067, null, 0.5682727272727273], [0.8039924435508294, null, 0.6314030303030304], [0.7873331082931343, null, 0.6945333333333334], [0.7696876512724843, null, 0.7576636363636364], [0.7511633112928344, null, 0.8207939393939394], [0.7318597364100832, null, 0.8839242424242425], [0.7118348431261908, null, 0.9470545454545456], [0.6910490178519458, null, 1.0101848484848486], [0.6694239639306879, null, 1.0733151515151516], [0.6468680898585089, null, 1.1364454545454545], [0.62327401614182, null, 1.1995757575757577], [0.5985136166033145, null, 1.2627060606060607], [0.5724310309257271, null, 1.3258363636363637], [0.5448325744907024, null, 1.388966666666667], [0.5154716067164853, null, 1.4520969696969699], [0.48402480977151396, null, 1.5152272727272729], [0.45005296207912254, null, 1.5783575757575758], [0.4129317036758625, null, 1.6414878787878788], [0.37171689642275013, null, 1.704618181818182], [0.32485388905934887, null, 1.767748484848485], [0.26941012829097877, null, 1.830878787878788], [0.19831543239453395, null, 1.8940090909090912], [0.07597291551292853, null, 1.9571393939393942]]}