{"dim": 3, "delta": 0.75, "mu": 5.906055070328385, "dmu": 0.15, "g": -0.34545454776739287, "k_c": 50, "data": [[0.2886609625762571, null, 0.0001], [0.2886566034250787, null, 0.007674747474747475], [0.2886437486033562, null, 0.015249494949494949], [0.28862239317798544, null, 0.022824242424242424], [0.2885925289406232, null, 0.030398989898989898], [0.2885541444046577, null, 0.037973737373737375], [0.28850722481701985, null, 0.04554848484848485], [0.2884517520376485, null, 0.05312323232323232], [0.2883877045996448, null, 0.0606979797979798], [0.28831505762244436, null, 0.06827272727272728], [0.28823378279772477, null, 0.07584747474747475], [0.2881438482963377, null, 0.08342222222222222], [0.28804521876416433, null, 0.0909969696969697], [0.28793785517993636, null, 0.09857171717171717], [0.28782171486639124, null, 0.10614646464646464], [0.2876967510668691, null, 0.11372121212121213], [0.28756291432788, null, 0.1212959595959596], [0.2874201494877844, null, 0.12887070707070705], [0.2872683984851745, null, 0.13644545454545454], [0.2871075987697207, null, 0.144020202020202], [0.2869376835111131, null, 0.15159494949494948], [0.2867585814545795, null, 0.15916969696969696], [0.286570216675744, null, 0.16674444444444442], [0.2863725085623242, null, 0.1743191919191919], [0.28616537157784994, null, 0.18189393939393939], [0.28594871325260673, null, 0.18946868686868684], [0.28572244307676664, null, 0.19704343434343433], [0.2854864540591903, null, 0.2046181818181818], [0.2852406409325548, null, 0.21219292929292927], [0.28498489009712374, null, 0.21976767676767675], [0.2847190826570077, null, 0.22734242424242423], [0.2844430919297092, null, 0.2349171717171717], [0.2841567850405862, null, 0.24249191919191918], [0.28386002193586785, null, 0.25006666666666666], [0.2835526545857459, null, 0.2576414141414141], [0.28323452720510534, null, 0.26521616161616157], [0.2829054755204655, null, 0.2727909090909091], [0.28256532627514, null, 0.28036565656565654], [0.28221389687993764, null, 0.287940404040404], [0.28185099466766184, null, 0.2955151515151515], [0.281476416394096, null, 0.30308989898989896], [0.28108994766818324, null, 0.3106646464646464], [0.2806913619753399, null, 0.31823939393939393], [0.2802804201139623, null, 0.3258141414141414], [0.2798568692569491, null, 0.33338888888888885], [0.27942044201803834, null, 0.34096363636363636], [0.27897085200501576, null, 0.3485383838383838], [0.2785078095163417, null, 0.35611313131313127], [0.27803098616774075, null, 0.3636878787878788], [0.27754004977766744, null, 0.37126262626262624], [0.2770346400834074, null, 0.3788373737373737], [0.2765143777263142, null, 0.3864121212121212], [0.2759788572484164, null, 0.39398686868686866], [0.2754276462659762, null, 0.4015616161616161], [0.2748602834854378, null, 0.40913636363636363], [0.2742762758819873, null, 0.4167111111111111], [0.2736750961705723, null, 0.42428585858585854], [0.2730561784098811, null, 0.43186060606060606], [0.27241891469515245, null, 0.4394353535353535], [0.27176265066379357, null, 0.44701010101010097], [0.2710866807991738, null, 0.4545848484848485], [0.2703902421658573, null, 0.46215959595959594], [0.26967250775685836, null, 0.4697343434343434], [0.2689325792935888, null, 0.4773090909090909], [0.26816947814432557, null, 0.48488383838383836], [0.2673821341811663, null, 0.4924585858585858], [0.2665693741157042, null, 0.5000333333333333], [0.2657299064048941, null, 0.5076080808080807], [0.26486230324865506, null, 0.5151828282828282], [0.26396498148761904, null, 0.5227575757575758], [0.26303617242494753, null, 0.5303323232323232], [0.2620738944729073, null, 0.5379070707070707], [0.26107591124896756, null, 0.5454818181818182], [0.2600396825875564, null, 0.5530565656565656], [0.25896230121998126, null, 0.5606313131313131], [0.25784041074383235, null, 0.5682060606060606], [0.2566700982864735, null, 0.575780808080808], [0.2554467485268828, null, 0.5833555555555555], [0.254164845290323, null, 0.590930303030303], [0.25281768876378685, null, 0.5985050505050504], [0.25139698288293627, null, 0.6060797979797979], [0.24989220672258758, null, 0.6136545454545455], [0.2482896063257346, null, 0.6212292929292929], [0.2465704684457306, null, 0.6288040404040404], [0.24470788462968368, null, 0.6363787878787879], [0.24265984329043583, null, 0.6439535353535353], [0.24035099727702228, null, 0.6515282828282828], [0.23759702217115586, null, 0.6591030303030303], [0.23365658433739414, null, 0.6666777777777777], [0.2293951295863638, null, 0.6742525252525252], [0.22507178841482262, null, 0.6818272727272727], [0.22066375007277628, null, 0.6894020202020201], [0.2161413027063705, null, 0.6969767676767676], [0.2114640231242723, null, 0.7045515151515152], [0.20657376413795278, null, 0.7121262626262626], [0.20138032792240934, null, 0.7197010101010101], [0.19572738950944873, null, 0.7272757575757576], [0.18928864278760563, null, 0.734850505050505], [0.18102831254112756, null, 0.7424252525252525], [1.609823385706477e-15, null, 0.75]]}