{"dim": 3, "delta": 7.0, "mu": 5.906055070328385, "dmu": 3.772222222222222, "g": -0.39716351980467146, "k_c": 50, "data": [[0.9985258929620111, null, 0.707160606060606], [0.9799226535650757, null, 0.7778666666666667], [0.9599574246633586, null, 0.8485727272727273], [0.9386062929602051, null, 0.9192787878787878], [0.9158775495047133, null, 0.9899848484848485], [0.891812217750886, null, 1.0606909090909091], [0.8664822261629394, null, 1.1313969696969697], [0.8399863166786473, null, 1.2021030303030302], [0.8124442489112718, null, 1.2728090909090908], [0.7839901578366953, null, 1.3435151515151516], [0.7547659460377005, null, 1.414221212121212], [0.7249154381112364, null, 1.4849272727272727], [0.6945797123809566, null, 1.5556333333333334], [0.6638937829069336, null, 1.626339393939394], [0.6329845362184822, null, 1.6970454545454545], [0.6019697387876792, null, 1.767751515151515], [0.5688278347985563, null, 1.8384575757575756], [0.5320549246277092, null, 1.9091636363636364], [0.49154709111513517, null, 1.979869696969697], [0.44649199910976567, null, 2.050575757575758], [0.39545255072879504, null, 2.1212818181818185], [0.33579168798168096, null, 2.191987878787879], [0.2617477816201099, null, 2.2626939393939396], [0.15387305787356997, null, 2.3334]]}