{"dim": 3, "delta": 9.5, "mu": 5.906055070328385, "dmu": 6.945270270270271, "g": -0.4052062225143336, "k_c": 50, "data": []}