{"dim": 3, "delta": 9.25, "mu": 5.906055070328385, "dmu": 6.359375, "g": -0.4044873218861489, "k_c": 50, "data": []}