{"dim": 3, "delta": 0.75, "mu": 5.906055070328385, "dmu": 0.375, "g": -0.34545454776739287, "k_c": 50, "data": [[0.014470039371703982, 0.2685984960718032, 0.0001], [0.014203139550611171, 0.26859198456933614, 0.007674747474747475], [0.013386194906358574, 0.26857277383825623, 0.015249494949494949], [0.011909725991952799, 0.26854086154458306, 0.022824242424242424], [0.00947676626895927, 0.268496207911424, 0.030398989898989898], [0.004823535595275444, 0.2684387808130792, 0.037973737373737375], [null, 0.26836852950689977, 0.04554848484848485], [null, 0.26828539704905724, 0.05312323232323232], [null, 0.26818931217727754, 0.0606979797979798], [null, 0.2680801923367666, 0.06827272727272728], [null, 0.267957943293959, 0.07584747474747475], [null, 0.2678224583001313, 0.08342222222222222], [null, 0.267673617831817, 0.0909969696969697], [null, 0.2675112888680888, 0.09857171717171717], [null, 0.2673353244524106, 0.10614646464646464], [null, 0.26714556284244523, 0.11372121212121213], [null, 0.26694182690766294, 0.1212959595959596], [null, 0.26672392307182463, 0.12887070707070705], [null, 0.26649164046840895, 0.13644545454545454], [null, 0.26624474981230706, 0.144020202020202], [null, 0.2659830020813855, 0.15159494949494948], [null, 0.2657061272489755, 0.15916969696969696], [null, 0.26541383260134876, 0.16674444444444442], [null, 0.2651058010608396, 0.1743191919191919], [null, 0.2647816890622478, 0.18189393939393939], [null, 0.2644411245249107, 0.18946868686868684], [null, 0.2640837040452024, 0.19704343434343433], [null, 0.2637089901626669, 0.2046181818181818], [null, 0.2633165079699627, 0.21219292929292927], [null, 0.2629057412387587, 0.21976767676767675], [null, 0.2624761286641152, 0.22734242424242423], [null, 0.26202705750526867, 0.2349171717171717], [null, 0.2615578593396296, 0.24249191919191918], [null, 0.26106780211329883, 0.25006666666666666], [null, 0.26055608283514264, 0.2576414141414141], [null, 0.2600218180125176, 0.26521616161616157], [null, 0.25946403258064876, 0.2727909090909091], [null, 0.25888164677958014, 0.28036565656565654], [null, 0.2582734601698547, 0.287940404040404], [null, 0.25763813251248263, 0.2955151515151515], [null, 0.25697416008963947, 0.30308989898989896], [null, 0.2562798468486459, 0.3106646464646464], [null, 0.2555532676663561, 0.31823939393939393], [null, 0.2547922226977162, 0.3258141414141414], [null, 0.2539941781350125, 0.33338888888888885], [null, 0.25315618923736105, 0.34096363636363636], [null, 0.2522747980196581, 0.3485383838383838], [null, 0.25134589447413536, 0.35611313131313127], [null, 0.2503645236852444, 0.3636878787878788], [null, 0.24932460986666335, 0.37126262626262624], [null, 0.24821854746510313, 0.3788373737373737], [null, 0.2470365669292227, 0.3864121212121212], [null, 0.24576571587823326, 0.39398686868686866], [null, 0.2443880359805699, 0.4015616161616161], [null, 0.24287712849297888, 0.40913636363636363], [null, 0.2411905340122963, 0.4167111111111111], [null, 0.2392487771053305, 0.42428585858585854], [null, 0.2368414278259914, 0.43186060606060606], [null, 0.23304938513197204, 0.4394353535353535], [null, 0.22908537909491733, 0.44701010101010097], [null, 0.22526592388730027, 0.4545848484848485], [null, 0.2215812293869634, 0.46215959595959594], [null, 0.21802211165925925, 0.4697343434343434], [null, 0.21457994944019396, 0.4773090909090909], [null, 0.21124663738013758, 0.48488383838383836], [null, 0.20801454058103405, 0.4924585858585858], [null, 0.2048764696307649, 0.5000333333333333], [null, 0.2018256138829718, 0.5076080808080807], [null, 0.19885553020775965, 0.5151828282828282], [null, 0.19596010910188483, 0.5227575757575758], [null, 0.19313351376459117, 0.5303323232323232], [null, 0.1903701778125035, 0.5379070707070707], [null, 0.1876647588844777, 0.5454818181818182], [null, 0.18501210845962893, 0.5530565656565656], [null, 0.18240724145686074, 0.5606313131313131], [null, 0.17984530337159976, 0.5682060606060606], [null, 0.177321536348833, 0.575780808080808], [null, 0.17483124408034387, 0.5833555555555555], [null, 0.17236975291377776, 0.590930303030303], [null, 0.1699323691023752, 0.5985050505050504], [null, 0.1675143314796986, 0.6060797979797979], [null, 0.1651107554629564, 0.6136545454545455], [null, 0.1627165674281988, 0.6212292929292929], [null, 0.16032642517253823, 0.6288040404040404], [null, 0.15793461936232042, 0.6363787878787879], [null, 0.15553494859596437, 0.6439535353535353], [null, 0.15312055723140033, 0.6515282828282828], [null, 0.15068371962887134, 0.6591030303030303], [null, 0.14821554544097673, 0.6666777777777777], [null, 0.1457055581526056, 0.6742525252525252], [null, 0.14314112818652405, 0.6818272727272727], [null, 0.14050649331490142, 0.6894020202020201], [null, 0.13778139544465193, 0.6969767676767676], [null, 0.13493864461987565, 0.7045515151515152], [null, 0.13193982859344142, 0.7121262626262626], [null, 0.12872682791364448, 0.7197010101010101], [null, 0.12520266593630683, 0.7272757575757576], [null, 0.12117814210374542, 0.734850505050505], [null, 0.11614962911759644, 0.7424252525252525], [null, -6.943334796005729e-13, 0.75]]}