{"dim": 3, "delta": 1.5, "mu": 5.906055070328385, "dmu": 1.0875000000000001, "g": -0.3603342691362375, "k_c": 50, "data": [[0.3528529329168323, 0.4058790956452641, 0.0001], [0.3531088981202981, 0.405736809133822, 0.01525050505050505], [0.3538753435314051, 0.4053068980782547, 0.030401010101010102], [0.3551692796751436, 0.4045677033607254, 0.045551515151515155], [0.3570247044143287, 0.403477230145416, 0.06070202020202021], [0.35950526078165207, 0.4019601581735224, 0.07585252525252525], [0.36273628198002705, 0.3998754559467911, 0.09100303030303031], [0.36700423961107115, 0.3969167708402129, 0.10615353535353536], [0.37325733405245315, 0.3921121352763474, 0.12130404040404041]]}