{"dim": 3, "delta": 7.75, "mu": 5.906055070328385, "dmu": 3.99125, "g": -0.39980160619524535, "k_c": 50, "data": [[0.9914361206855528, null, 0.7046363636363637], [0.9675756040435998, null, 0.7829181818181818], [0.9421968438230091, null, 0.8612000000000001], [0.9153516095832555, null, 0.9394818181818183], [0.8870291511812183, null, 1.0177636363636364], [0.857161251139677, null, 1.0960454545454545], [0.8256277413479628, null, 1.1743272727272729], [0.7922579953947777, null, 1.252609090909091], [0.756825991269261, null, 1.3308909090909091], [0.7190372955860969, null, 1.4091727272727275], [0.6785051350459007, null, 1.4874545454545456], [0.6347092827964498, null, 1.5657363636363637], [0.5869240859741348, null, 1.644018181818182], [0.5340843921209859, null, 1.7223000000000002], [0.4745098647866, null, 1.8005818181818183], [0.40524758732186167, null, 1.8788636363636366], [0.32007794271485196, null, 1.9571454545454547], [0.1995964590300166, null, 2.035427272727273]]}