{"dim": 3, "delta": 3.5, "mu": 5.906055070328385, "dmu": 2.032692307692308, "g": -0.37996643765185917, "k_c": 50, "data": [[0.5556810656438288, null, 0.0001], [0.555236921469436, null, 0.035452525252525256], [0.5539076399244738, null, 0.07080505050505051], [0.5516860500675366, null, 0.10615757575757577], [0.5485526391447881, null, 0.141510101010101], [0.5444484387893839, null, 0.17686262626262625], [0.5391190069530687, null, 0.21221515151515152], [0.533347172701856, null, 0.24756767676767677], [0.5274597140858994, null, 0.282920202020202], [0.5214108143982704, null, 0.31827272727272726], [0.5151621767737078, null, 0.3536252525252525], [0.5086799519143711, null, 0.38897777777777776], [0.5019329995155465, null, 0.42433030303030306], [0.4948918865026703, null, 0.4596828282828283], [0.4875283374658679, null, 0.49503535353535355], [0.47981499061174104, null, 0.5303878787878787], [0.4717253838990035, null, 0.565740404040404], [0.4632341289148735, null, 0.6010929292929293], [0.4543172504197183, null, 0.6364454545454545], [0.4449526752384157, null, 0.6717979797979798], [0.435120854206687, null, 0.707150505050505], [0.4248054971854465, null, 0.7425030303030303], [0.41399439105198976, null, 0.7778555555555555], [0.40268026095331155, null, 0.8132080808080808], [0.39086162318011985, null, 0.8485606060606061], [0.37854356950370754, null, 0.8839131313131313], [0.3657384179986377, null, 0.9192656565656566], [0.35246616737255004, null, 0.9546181818181818], [0.3387547063688263, null, 0.9899707070707071], [0.32463973314987626, null, 1.0253232323232324], [0.31016439290288333, null, 1.0606757575757575], [0.2953786290503881, null, 1.0960282828282828], [0.28033831132223674, null, 1.131380808080808], [0.2651041772994338, null, 1.1667333333333334], [0.2497406754993738, null, 1.2020858585858587], [0.2343147794208137, null, 1.2374383838383838], [0.21807172006729933, null, 1.272790909090909], [0.19962773975281028, null, 1.3081434343434344], [0.1788201522989794, 0.8157354079909113, 1.3434959595959597], [0.1548561727861716, 0.804060626242745, 1.3788484848484848], [0.12603842292873116, 0.7930674482248127, 1.41420101010101], [0.08778292809119398, 0.7827002567684129, 1.4495535353535354], [null, 0.7729067654412392, 1.4849060606060607], [null, 0.7636381149567312, 1.520258585858586], [null, 0.754848873018753, 1.555611111111111], [null, 0.7464969634626548, 1.5909636363636364], [null, 0.7385435543867375, 1.6263161616161617], [null, 0.7309528749235281, 1.661668686868687], [null, 0.7236920589981825, 1.6970212121212123], [null, 0.7167309339574639, 1.7323737373737373], [null, 0.7100418171478439, 1.7677262626262626], [null, 0.7035993412982542, 1.803078787878788], [null, 0.6973802055879429, 1.8384313131313132], [null, 0.6913630411827842, 1.8737838383838383], [null, 0.6855282073137144, 1.9091363636363636], [null, 0.6798576299391195, 1.944488888888889], [null, 0.6743346471701577, 1.9798414141414142], [null, 0.6689438657483527, 2.0151939393939395], [null, 0.6636710287481485, 2.050546464646465], [null, 0.6585028936952256, 2.08589898989899], [null, 0.65342712038412, 2.121251515151515], [null, 0.6484321674935747, 2.1566040404040407], [null, 0.6435071971501874, 2.191956565656566], [null, 0.6386419858866683, 2.2273090909090913], [null, 0.633826845713917, 2.2626616161616164], [null, 0.62905253880906, 2.2980141414141415], [null, 0.6243102159084588, 2.333366666666667], [null, 0.6195913360900815, 2.368719191919192], [null, 0.6148876040771576, 2.4040717171717176], [null, 0.6101909046266756, 2.4394242424242427], [null, 0.6054932215427852, 2.474776767676768], [null, 0.6007866351419281, 2.5101292929292933], [null, 0.5960631249644123, 2.5454818181818184], [null, 0.591314623665429, 2.580834343434344], [null, 0.5865328739286179, 2.616186868686869], [null, 0.5817093537985273, 2.651539393939394], [null, 0.5768351784629961, 2.6868919191919196], [null, 0.5719009876743801, 2.7222444444444447], [null, 0.5668968143796423, 2.7575969696969698], [null, 0.561811928414441, 2.7929494949494953], [null, 0.5566346474182479, 2.8283020202020204], [null, 0.5513521040189834, 2.863654545454546], [null, 0.5459499540976732, 2.899007070707071], [null, 0.540412004599376, 2.934359595959596], [null, 0.5347197300878996, 2.9697121212121216], [null, 0.5288516311786707, 3.0050646464646467], [null, 0.5227823649039353, 3.040417171717172], [null, 0.5164815355144219, 3.0757696969696973], [null, 0.5099119653435499, 3.1111222222222223], [null, 0.5030271352327743, 3.146474747474748], [null, 0.49576724648437626, 3.181827272727273], [null, 0.48805285141442395, 3.2171797979797985], [null, 0.47977389989620933, 3.2525323232323236], [null, 0.47076931843303643, 3.2878848484848486], [null, 0.46078447680104123, 3.323237373737374], [null, 0.4493668026429293, 3.3585898989898992], [null, 0.4355276582456225, 3.3939424242424248], [null, 0.4155918565808711, 3.42929494949495], [null, 0.3077329930635528, 3.464647474747475], [null, 1.4876988529977098e-14, 3.5]]}