{"dim": 3, "delta": 1.0, "mu": 5.906055070328385, "dmu": 0.7250000000000001, "g": -0.3514958709352178, "k_c": 50, "data": [[0.22688152929919647, 0.2875725560825919, 0.0001], [0.2270185059341098, 0.2875228277527638, 0.010199999999999999], [0.2274243916434099, 0.28737478597900873, 0.0203], [0.2281000224515987, 0.2871260488239115, 0.0304], [0.22904674900531502, 0.286772455135051, 0.0405], [0.23026656258554076, 0.2863077316179141, 0.0506], [0.23176203323301725, 0.28572293761178263, 0.060700000000000004], [0.23353645895587308, 0.285005563961855, 0.0708], [0.23559420309691673, 0.2841380463566374, 0.0809], [0.23794377654264942, 0.28309519618419166, 0.091], [0.24057678477471037, 0.28183953156661196, 0.1011], [0.243473990319733, 0.2803116661891886, 0.1112], [0.24669739437678234, 0.2784082144218236, 0.1213], [0.2504374219027224, 0.275917283678515, 0.1314], [0.25535280117400266, 0.2722288495093, 0.1415]]}