{"dim": 3, "delta": 6.5, "mu": 5.906055070328385, "dmu": 3.6790000000000003, "g": -0.3952652028291439, "k_c": 50, "data": []}