{"dim": 3, "delta": 1, "mu": 5.906055070328385, "dmu": 0.6000000000000001, "g": -0.3514958709352178, "k_c": 50, "data": [[0.15642507462935928, 0.3358744076459031, 0.0001], [0.15633140451465022, 0.3358622298179131, 0.010199999999999999], [0.15605399988196303, 0.33582615017947887, 0.0203], [0.15559272491437956, 0.3357661115510077, 0.0304], [0.15494720112848528, 0.33568201849122814, 0.0405], [0.15411650279827718, 0.3355737363876832, 0.0506], [0.15309849088258726, 0.3354410907058224, 0.060700000000000004], [0.15188813498330458, 0.33528386517605896, 0.0708], [0.1504714717962333, 0.3351018003996581, 0.0809], [0.1487926736147805, 0.33489459155310974, 0.091], [0.14701172317072608, 0.3346618858588806, 0.1011], [0.14519269963096218, 0.33440327950415893, 0.1112], [0.14332792781242046, 0.3341183140146846, 0.1213], [0.141410437866706, 0.3338064720215485, 0.1314], [0.13943371269193297, 0.3334671722208523, 0.1415], [0.13739152043327907, 0.33309976357816046, 0.15159999999999998], [0.13527781489309718, 0.3327035184125078, 0.16169999999999998], [0.13308666858037693, 0.3322776243152721, 0.17179999999999998], [0.13081224005724748, 0.3318211747467901, 0.18189999999999998], [0.12844877651473283, 0.3313331575471068, 0.19199999999999998], [0.1259906331674758, 0.3308124418346303, 0.20209999999999997], [0.1234323220051439, 0.33025776186602457, 0.21219999999999997], [0.12076858470918402, 0.3296676979115856, 0.22229999999999997], [0.11799449193161891, 0.329040652858743, 0.23239999999999997], [0.11510556824020395, 0.32837482366856335, 0.2425], [0.11209794660097899, 0.32766816934906406, 0.2526], [0.10896854490434595, 0.3269183607505339, 0.2627], [0.10571526789731209, 0.32612273323386415, 0.2728], [0.10233722538630331, 0.3252782138152943, 0.2829], [0.0988349599054624, 0.324381231779914, 0.293], [0.09521067227174027, 0.323427601241362, 0.3031], [0.09146843157144953, 0.3224123638754553, 0.3132], [0.08761435251137939, 0.321329573917555, 0.3233], [0.08365672474820693, 0.3201719972848575, 0.3334], [0.07960607600228212, 0.31893067802280023, 0.34349999999999997], [0.07547515808242491, 0.31759429064422956, 0.35359999999999997], [0.07127884678677791, 0.31614813081784077, 0.36369999999999997], [0.06703395501369112, 0.31457245570511905, 0.37379999999999997], [0.06274813008104935, 0.3128395590409394, 0.38389999999999996], [0.058008267352836144, 0.3109081129881701, 0.39399999999999996], [0.05270089708055562, 0.30871064943828985, 0.40409999999999996], [0.04670455803073881, 0.3061192632120629, 0.41419999999999996], [0.039737574698964925, 0.30280079146321726, 0.42429999999999995], [0.031174872274500207, 0.29649216354031854, 0.43439999999999995], [0.018985395345491055, 0.28905036176481264, 0.44449999999999995], [null, 0.2821272768336701, 0.45459999999999995], [null, 0.2756795480812004, 0.46469999999999995], [null, 0.26966656844299, 0.47479999999999994], [null, 0.26405052296681286, 0.4849], [null, 0.25879637137041167, 0.495], [null, 0.2538717831623157, 0.5051], [null, 0.24924703815646918, 0.5152], [null, 0.24489489887574534, 0.5253], [null, 0.24079046153752637, 0.5354], [null, 0.23691101522573654, 0.5455], [null, 0.23323584743632986, 0.5556], [null, 0.2297461137395419, 0.5657], [null, 0.22642466362497957, 0.5758], [null, 0.22325589557084158, 0.5859], [null, 0.22022559456404164, 0.596], [null, 0.21732082428307764, 0.6061], [null, 0.21452977890232092, 0.6162], [null, 0.21184168757005517, 0.6263], [null, 0.2092466844062223, 0.6364], [null, 0.2067357265855869, 0.6465], [null, 0.20430050154697676, 0.6566], [null, 0.20193334562464726, 0.6667], [null, 0.19962716986567106, 0.6768], [null, 0.19737539215405117, 0.6869], [null, 0.19517187495203325, 0.697], [null, 0.19301086773103485, 0.7071], [null, 0.1908869533436979, 0.7172], [null, 0.18879500144345684, 0.7273], [null, 0.18673010796917713, 0.7373999999999999], [null, 0.18468756774467324, 0.7474999999999999], [null, 0.18266281449586969, 0.7575999999999999], [null, 0.18065139197665148, 0.7676999999999999], [null, 0.17864888730683304, 0.7777999999999999], [null, 0.17665089749648716, 0.7878999999999999], [null, 0.17465297225011267, 0.7979999999999999], [null, 0.17265055672250812, 0.8080999999999999], [null, 0.17063892544319567, 0.8181999999999999], [null, 0.16861310315854433, 0.8282999999999999], [null, 0.166567814965436, 0.8383999999999999], [null, 0.1644972478030388, 0.8484999999999999], [null, 0.16239506531238346, 0.8585999999999999], [null, 0.16025411902899764, 0.8686999999999999], [null, 0.15806623314496154, 0.8787999999999999], [null, 0.15582186051778207, 0.8888999999999999], [null, 0.15350960710532954, 0.8989999999999999], [null, 0.15111554022871182, 0.9090999999999999], [null, 0.148622143033962, 0.9191999999999999], [null, 0.1460066665126017, 0.9292999999999999], [null, 0.14323836825094272, 0.9393999999999999], [null, 0.1402735673787163, 0.9494999999999999], [null, 0.13704587285773082, 0.9595999999999999], [null, 0.13344410300461482, 0.9697], [null, 0.12925060332300858, 0.9798], [null, 0.12388286809840858, 0.9899], [null, 6.033507027325413e-13, 1.0]]}