{"dim": 3, "delta": 5.0, "mu": 5.906055070328385, "dmu": 2.697368421052632, "g": -0.38867196341527066, "k_c": 50, "data": [[0.6876395190241074, null, 0.0001], [0.6870306896319905, null, 0.05060404040404041], [0.6852134305758052, null, 0.10110808080808081], [0.6822008595623704, null, 0.1516121212121212], [0.6780143883745585, null, 0.2021161616161616], [0.6726830911056764, null, 0.252620202020202], [0.6662428691931024, null, 0.3031242424242424], [0.6587354530573287, null, 0.35362828282828285], [0.6502072774956794, null, 0.40413232323232323], [0.6407082598255042, null, 0.4546363636363636], [0.6302904834907518, null, 0.5051404040404041], [0.6190067649305594, null, 0.5556444444444445], [0.6069090054452692, null, 0.6061484848484848], [0.5940462139843272, null, 0.6566525252525253], [0.5804619663263937, null, 0.7071565656565657], [0.5661911968030318, null, 0.757660606060606], [0.5512564271036893, null, 0.8081646464646465], [0.535664085767625, null, 0.8586686868686869], [0.5194018731883341, null, 0.9091727272727272], [0.5024376514498399, null, 0.9596767676767677], [0.4847192834428105, null, 1.0101808080808081], [0.4661741619142205, null, 1.0606848484848486], [0.4467072428129188, null, 1.111188888888889], [0.42619667000500794, null, 1.1616929292929292], [0.4044859910158512, null, 1.2121969696969697], [0.38137125775522496, null, 1.26270101010101], [0.3565796738330831, null, 1.3132050505050505], [0.3297328769924734, null, 1.363709090909091], [0.30027947457939536, null, 1.4142131313131314], [0.26735853985680347, null, 1.4647171717171716], [0.2294816065658598, null, 1.515221212121212], [0.18360543959565567, null, 1.5657252525252525], [0.12094507437867671, null, 1.616229292929293]]}