{"dim": 3, "delta": 4.0, "mu": 5.906055070328385, "dmu": 2.44, "g": -0.38319438892130875, "k_c": 50, "data": [[0.7216599204005598, null, 0.0001], [0.7198328441871182, null, 0.040503030303030305], [0.7180978659861632, null, 0.0809060606060606], [0.7165936668859104, null, 0.12130909090909091], [0.7151656955012333, null, 0.1617121212121212], [0.7137567594903844, null, 0.2021151515151515], [0.7123368649761899, null, 0.2425181818181818], [0.7108864847020097, null, 0.28292121212121213], [0.7093906112957603, null, 0.3233242424242424], [0.7078360587288242, null, 0.3637272727272727], [0.7062099544818518, null, 0.404130303030303], [0.7044986977898688, null, 0.44453333333333334], [0.7026870653867152, null, 0.4849363636363636], [0.7007572896534947, null, 0.5253393939393939], [0.6986879745055075, null, 0.5657424242424243], [0.6964527129671445, null, 0.6061454545454545], [0.6940182368756596, null, 0.6465484848484848], [0.6913418639389686, null, 0.6869515151515151], [0.6883679063817929, null, 0.7273545454545454], [0.6850225560487, null, 0.7677575757575757], [0.681206569019089, null, 0.808160606060606], [0.6767848798928957, null, 0.8485636363636363], [0.6715722782439683, null, 0.8889666666666667], [0.665315058100638, null, 0.929369696969697], [0.6576715124776159, null, 0.9697727272727272], [0.6482021216983012, null, 1.0101757575757575], [0.6363942801061849, null, 1.0505787878787878], [0.6217571654723427, null, 1.090981818181818], [0.6039927807329637, null, 1.1313848484848485], [0.5831580946754428, 0.7704498958433454, 1.1717878787878788], [0.5596801072778677, 0.7563192485971553, 1.212190909090909], [0.5342017692622028, 0.745084149494066, 1.2525939393939394], [0.5073887604486844, 0.7360761965823736, 1.2929969696969696], [0.47981150750006907, 0.7287251497507593, 1.3334], [0.4519125343131189, 0.7225912876301075, 1.3738030303030302], [0.424019708707334, 0.7173518688865362, 1.4142060606060605], [0.39637267042723806, 0.7127745709117653, 1.4546090909090907], [0.36914758420453186, 0.7086922542808747, 1.4950121212121212], [0.34247619097203563, 0.7049839158214729, 1.5354151515151515], [0.31645936248367, 0.7015608068671264, 1.5758181818181818], [0.2911764324517806, 0.698356831383311, 1.616221212121212], [0.26669155012286033, 0.6953220825955608, 1.6566242424242423], [0.24305799677137516, 0.6924183217810282, 1.6970272727272726], [0.22032113432794825, 0.6896156411642625, 1.7374303030303029], [0.19852043220588877, 0.686890489621636, 1.7778333333333334], [0.17636089030849883, 0.6842239732239781, 1.8182363636363637], [0.1482258230617202, 0.6816007435949044, 1.858639393939394], [0.11126073382549603, 0.6790081668337223, 1.8990424242424242], [0.04973416144513439, 0.67643570762383, 1.9394454545454545], [null, 0.6738744689228147, 1.9798484848484847], [null, 0.6713168386472694, 2.0202515151515152], [null, 0.668756222332756, 2.0606545454545455], [null, 0.6661868336376564, 2.101057575757576], [null, 0.663603528073735, 2.141460606060606], [null, 0.6610016747736874, 2.1818636363636363], [null, 0.6583770478606237, 2.2222666666666666], [null, 0.6557257421998637, 2.2626696969696973], [null, 0.6530441018513743, 2.3030727272727276], [null, 0.6503286604216918, 2.343475757575758], [null, 0.6475760896732847, 2.383878787878788], [null, 0.6447831575076368, 2.4242818181818184], [null, 0.6419466861817197, 2.4646848484848487], [null, 0.6390635169572934, 2.505087878787879], [null, 0.6361304801596586, 2.5454909090909092], [null, 0.6331443614143463, 2.5858939393939395], [null, 0.6301018724327405, 2.62629696969697], [null, 0.6269996200860574, 2.6667], [null, 0.6238340757464195, 2.7071030303030303], [null, 0.6206015424132008, 2.7475060606060606], [null, 0.6172981198598017, 2.787909090909091], [null, 0.6139196664096308, 2.828312121212121], [null, 0.6104617565522177, 2.8687151515151514], [null, 0.6069196330810185, 2.9091181818181817], [null, 0.6032881523599335, 2.9495212121212124], [null, 0.5995617209149187, 2.9899242424242427], [null, 0.5957342211215323, 3.030327272727273], [null, 0.5917989231866173, 3.0707303030303033], [null, 0.587748379517691, 3.1111333333333335], [null, 0.5835742972476695, 3.151536363636364], [null, 0.5792673815983498, 3.191939393939394], [null, 0.5748171422476909, 3.2323424242424244], [null, 0.5702116482804843, 3.2727454545454546], [null, 0.5654372297387807, 3.313148484848485], [null, 0.560478055085659, 3.353551515151515], [null, 0.5553156469709747, 3.3939545454545454], [null, 0.549928140028742, 3.4343575757575757], [null, 0.5442893664652602, 3.474760606060606], [null, 0.538367510488385, 3.5151636363636363], [null, 0.5321232033863109, 3.555566666666667], [null, 0.5255066887897749, 3.5959696969696973], [null, 0.518453439000824, 3.6363727272727275], [null, 0.5108770312440996, 3.676775757575758], [null, 0.5026568195455376, 3.717178787878788], [null, 0.4936147620766144, 3.7575818181818184], [null, 0.48346659330193237, 3.7979848484848486], [null, 0.47169977767203414, 3.838387878787879], [null, 0.45716418078315607, 3.878790909090909], [null, 0.4350912406636928, 3.9191939393939395], [null, 0.31602097242635246, 3.9595969696969697], [null, -7.549516567451064e-15, 4.0]]}