{"dim": 3, "delta": 7.5, "mu": 5.906055070328385, "dmu": 3.8663793103448274, "g": -0.3989475800260995, "k_c": 50, "data": [[0.9833321798993825, null, 0.5303959595959596], [0.964623975414352, null, 0.6061525252525253], [0.9441342859497999, null, 0.6819090909090909], [0.9220016743013767, null, 0.7576656565656565], [0.8983264676608076, null, 0.8334222222222223], [0.8731641754353888, null, 0.9091787878787879], [0.846522170936702, null, 0.9849353535353536], [0.8183591195925021, null, 1.0606919191919193], [0.7885853495899892, null, 1.1364484848484848], [0.7570617336916633, null, 1.2122050505050506], [0.723594717848324, null, 1.2879616161616163], [0.6879251736896932, null, 1.3637181818181818], [0.6497079050003144, null, 1.4394747474747476], [0.6084760648090148, null, 1.515231313131313], [0.5635786990244012, null, 1.5909878787878788], [0.5140650869423093, null, 1.6667444444444446], [0.4584501860800155, null, 1.74250101010101], [0.3941683039471507, null, 1.8182575757575759], [0.31598332234407256, null, 1.8940141414141416], [0.20883761597348952, null, 1.9697707070707071]]}