{"dim": 3, "delta": 2, "mu": 5.906055070328385, "dmu": 1.125, "g": -0.36682995891667614, "k_c": 50, "data": [[0.26522678481634215, 0.6490821575790959, 0.0001], [0.2650559133387263, 0.6490604006251537, 0.0203010101010101], [0.26454711102428263, 0.6489955237073238, 0.040502020202020206], [0.2637017519219756, 0.6488874288882087, 0.06070303030303031], [0.2625221073816205, 0.6487359524365797, 0.08090404040404041], [0.26101132239292674, 0.6485408635591241, 0.10110505050505052], [0.2591733821474223, 0.6483018626444416, 0.12130606060606061], [0.2570130682638981, 0.6480185794251566, 0.1415070707070707], [0.25453590396202846, 0.6476905690531345, 0.1617080808080808], [0.251748086733738, 0.6473173095792303, 0.1819090909090909], [0.24865640577782, 0.6468982013485185, 0.20211010101010102], [0.24526814162872118, 0.6464325472068152, 0.2223111111111111], [0.2415909419196331, 0.645919571501158, 0.2425121212121212], [0.23763266515527434, 0.6453583912490245, 0.2627131313131313], [0.23340118337998828, 0.6447480184100308, 0.2829141414141414], [0.2289041279724558, 0.6440873482423479, 0.3031151515151515], [0.22414855998728517, 0.6433751487407022, 0.3233161616161616], [0.2191405546877801, 0.6426100478193276, 0.3435171717171717], [0.21388467260988325, 0.641790518037922, 0.36371818181818183], [0.20838332958516612, 0.640914859238103, 0.38391919191919194], [0.2026360728549832, 0.6399811776984137, 0.40412020202020205], [0.19663880172005074, 0.6389873542572265, 0.4243212121212121], [0.19038296752818257, 0.6379309874591944, 0.4445222222222222], [0.18385475702061616, 0.6368095987447175, 0.4647232323232323], [0.17703420765995287, 0.6356200390693107, 0.4849242424242424], [0.16989410717271664, 0.6343590212671243, 0.5051252525252525], [0.16239846045153483, 0.633022752492857, 0.5253262626262626], [0.15450017730357823, 0.6316069158287557, 0.5455272727272727], [0.14613746735475958, 0.6301065691521524, 0.5657282828282828], [0.13722802087153393, 0.628516015591349, 0.585929292929293], [0.1276593153935212, 0.626828637127811, 0.606130303030303], [0.1172714645591036, 0.6250366736960145, 0.6263313131313132], [0.10582451144185988, 0.6231309292462145, 0.6465323232323232], [0.09292859574511872, 0.6211003664006587, 0.6667333333333333], [0.07786758486613704, 0.6189315381733905, 0.6869343434343435], [0.059006548794125056, 0.6166077610301571, 0.7071353535353535], [0.029849079138863126, 0.6141078710479508, 0.7273363636363637], [null, 0.6114042613377358, 0.7475373737373737], [null, 0.6084596026725672, 0.7677383838383839], [null, 0.6052209291048424, 0.7879393939393939], [null, 0.6016077924699722, 0.8081404040404041], [null, 0.5974844951926563, 0.8283414141414142], [null, 0.5925748905615703, 0.8485424242424242], [null, 0.5859190348032696, 0.8687434343434344], [null, 0.5750343857778903, 0.8889444444444444], [null, 0.5645970447226402, 0.9091454545454546], [null, 0.5546741827130421, 0.9293464646464646], [null, 0.5452317987139602, 0.9495474747474748], [null, 0.5362375539160054, 0.9697484848484849], [null, 0.5276607918144297, 0.9899494949494949], [null, 0.5194725297158486, 1.010150505050505], [null, 0.5116454358842765, 1.0303515151515152], [null, 0.5041537902046102, 1.0505525252525252], [null, 0.4969734297939497, 1.0707535353535353], [null, 0.49008168770147215, 1.0909545454545455], [null, 0.48345732186094165, 1.1111555555555557], [null, 0.47708044179372133, 1.1313565656565656], [null, 0.47093242329440144, 1.1515575757575758], [null, 0.46499584098490565, 1.171758585858586], [null, 0.4592543770887202, 1.1919595959595959], [null, 0.4536927477421107, 1.212160606060606], [null, 0.44829659009100076, 1.2323616161616162], [null, 0.443052558077904, 1.2525626262626264], [null, 0.43794790712750853, 1.2727636363636363], [null, 0.43297076567545484, 1.2929646464646465], [null, 0.42810989694525486, 1.3131656565656566], [null, 0.4233546670022031, 1.3333666666666666], [null, 0.4186949819556913, 1.3535676767676768], [null, 0.4141212270835985, 1.373768686868687], [null, 0.4096242071691219, 1.393969696969697], [null, 0.4051950881884312, 1.414170707070707], [null, 0.40082533955294253, 1.4343717171717172], [null, 0.39650667619877983, 1.4545727272727274], [null, 0.39223099971059944, 1.4747737373737373], [null, 0.3879903375686544, 1.4949747474747475], [null, 0.38377677922949016, 1.5151757575757576], [null, 0.3795824076908555, 1.5353767676767678], [null, 0.3753992245584941, 1.5555777777777777], [null, 0.37121906643031294, 1.575778787878788], [null, 0.3670335094523717, 1.595979797979798], [null, 0.36283375805185225, 1.6161808080808082], [null, 0.3586105126561996, 1.6363818181818182], [null, 0.35435380881581446, 1.6565828282828283], [null, 0.3500528179096916, 1.6767838383838385], [null, 0.345695594320892, 1.6969848484848484], [null, 0.34126874921374883, 1.7171858585858586], [null, 0.336757018387936, 1.7373868686868688], [null, 0.3321426770380846, 1.757587878787879], [null, 0.3274047254303345, 1.7777888888888889], [null, 0.32251772139724405, 1.797989898989899], [null, 0.3174500468330673, 1.8181909090909092], [null, 0.3121612256797388, 1.8383919191919191], [null, 0.3065975583922298, 1.8585929292929293], [null, 0.3006845508068329, 1.8787939393939395], [null, 0.29431263216198794, 1.8989949494949496], [null, 0.2873069568656826, 1.9191959595959596], [null, 0.27935155305233134, 1.9393969696969697], [null, 0.2697335001903563, 1.95959797979798], [null, 0.2554829572247075, 1.9797989898989898], [null, 3.0142555118573e-14, 2.0]]}