{"dim": 3, "delta": 5.0, "mu": 5.906055070328385, "dmu": 2.776315789473684, "g": -0.38867196341527066, "k_c": 50, "data": [[0.7609157168019558, null, 0.0001], [0.7602036082879405, null, 0.05060404040404041], [0.7580764365795492, null, 0.10110808080808081], [0.7545438495797107, null, 0.1516121212121212], [0.7496181668199298, null, 0.2021161616161616], [0.743305216526917, null, 0.252620202020202], [0.7355715358740044, null, 0.3031242424242424], [0.726181493016448, null, 0.35362828282828285], [0.7161122905113226, null, 0.40413232323232323], [0.7056847854787047, null, 0.4546363636363636], [0.6948395860227861, null, 0.5051404040404041], [0.6835260305984233, null, 0.5556444444444445], [0.6717001529777503, null, 0.6061484848484848], [0.6593237379493824, null, 0.6566525252525253], [0.6463641295527331, null, 0.7071565656565657], [0.6327944575034978, null, 0.757660606060606], [0.618594136514101, null, 0.8081646464646465], [0.603749507981743, null, 0.8586686868686869], [0.5882545157767342, null, 0.9091727272727272], [0.5721113236141628, null, 0.9596767676767677], [0.5553307850290191, null, 1.0101808080808081], [0.5379327034308321, null, 1.0606848484848486], [0.5199458295009353, null, 1.111188888888889], [0.5014075797913742, null, 1.1616929292929292], [0.4823634795433287, null, 1.2121969696969697], [0.4628663646399458, null, 1.26270101010101], [0.4429753967948453, null, 1.3132050505050505], [0.42275495697564575, null, 1.363709090909091], [0.4022734911029912, null, 1.4142131313131314], [0.38038329371396, null, 1.4647171717171716], [0.35647423570900905, null, 1.515221212121212], [0.3304215167542132, null, 1.5657252525252525], [0.30176148267514924, null, 1.616229292929293], [0.26971389626921066, null, 1.6667333333333334], [0.23291808125685493, null, 1.7172373737373738], [0.18864210085467664, null, 1.7677414141414143], [0.12945112028160963, null, 1.8182454545454545]]}