{"dim": 3, "delta": 3, "mu": 5.906055070328385, "dmu": 1.0909090909090908, "g": -0.37628449054250135, "k_c": 50, "data": [[0.9940763169612616, null, 0.0001], [0.9940571231348267, null, 0.0304020202020202], [0.9939997804002267, null, 0.060704040404040406], [0.993904249752629, null, 0.0910060606060606], [0.9937704661243038, null, 0.12130808080808081], [0.9935983399049161, null, 0.151610101010101], [0.9933877481263721, null, 0.1819121212121212], [0.9931385509285094, null, 0.2122141414141414], [0.9928505742346694, null, 0.2425161616161616], [0.9925236180987633, null, 0.2728181818181818], [0.9921574531250995, null, 0.303120202020202], [0.9917518210546781, null, 0.33342222222222223], [0.9913064330218999, null, 0.3637242424242424], [0.9908209689144067, null, 0.3940262626262626], [0.990295076059402, null, 0.42432828282828283], [0.9897283681622815, null, 0.454630303030303], [0.9891204235556631, null, 0.4849323232323232], [0.9884707839380491, null, 0.5152343434343434], [0.9877789524151994, null, 0.5455363636363636], [0.9870443916083703, null, 0.5758383838383838], [0.9862665214623935, null, 0.606140404040404], [0.9854447169057244, null, 0.6364424242424243], [0.9845783050241874, null, 0.6667444444444445], [0.9836665621987386, null, 0.6970464646464646], [0.982708710784582, null, 0.7273484848484848], [0.9817039154128517, null, 0.757650505050505], [0.9806512789287574, null, 0.7879525252525252], [0.9795498361952282, null, 0.8182545454545455], [0.9783985569785648, null, 0.8485565656565657], [0.9771963244124097, null, 0.8788585858585858], [0.9759419442292856, null, 0.909160606060606], [0.9746341298647845, null, 0.9394626262626262], [0.9732714957830184, null, 0.9697646464646464], [0.9718525483141666, null, 1.0000666666666667], [0.970375675002047, null, 1.0303686868686868], [0.968839133055447, null, 1.060670707070707], [0.9672410351669734, null, 1.0909727272727272], [0.9655793341282419, null, 1.1212747474747475], [0.9638518047438316, null, 1.1515767676767676], [0.9620560225104543, null, 1.1818787878787878], [0.9601893392479491, null, 1.212180808080808], [0.9582488542087365, null, 1.2424828282828282], [0.9562313805166965, null, 1.2727848484848485], [0.9541334031398614, null, 1.3030868686868686], [0.9519510325179694, null, 1.333388888888889], [0.9496799439712919, null, 1.363690909090909], [0.9473153035613513, null, 1.3939929292929292], [0.94485169794591, null, 1.4242949494949495], [0.9422829887830952, null, 1.4545969696969696], [0.9396022074310528, null, 1.48489898989899], [0.9368013626273786, null, 1.51520101010101], [0.9338712106641098, null, 1.5455030303030304], [0.9308009487579748, null, 1.5758050505050505], [0.9275777986919144, null, 1.6061070707070706], [0.9241864276297231, null, 1.636409090909091], [0.9206081174894778, null, 1.666711111111111], [0.916819528358872, null, 1.6970131313131314], [0.9127907716984657, null, 1.7273151515151515], [0.9084822229115074, null, 1.7576171717171716], [0.9038388254424642, null, 1.787919191919192], [0.8987786915966688, null, 1.818221212121212], [0.8931660689675289, null, 1.8485232323232323], [0.8867229162572965, null, 1.8788252525252525], [0.8782629299127377, null, 1.9091272727272728], [0.868396098465528, null, 1.939429292929293], [0.8586555766794676, null, 1.969731313131313], [0.8490320350430768, null, 2.0000333333333336], [0.8395161558841789, null, 2.030335353535354], [0.8300985946795691, null, 2.0606373737373738], [0.8207699383767719, null, 2.090939393939394], [0.8115206639358485, null, 2.1212414141414144], [0.8023410749401977, null, 2.1515434343434343], [0.7932212532506884, null, 2.1818454545454546], [0.7841509824154512, null, 2.212147474747475], [0.7751196747332643, null, 2.2424494949494953], [0.7661162634200722, null, 2.272751515151515], [0.7571291013993818, null, 2.3030535353535355], [0.7481458209023107, null, 2.333355555555556], [0.7391531623650636, null, 2.3636575757575757], [0.7301367744337466, null, 2.393959595959596], [0.7210809532103257, null, 2.4242616161616164], [0.711968315676455, null, 2.4545636363636367], [0.7027793777146969, null, 2.4848656565656566], [0.6934920003920478, null, 2.515167676767677], [0.6840806492838672, null, 2.5454696969696973], [0.6745153815713464, null, 2.575771717171717], [0.6647604254387028, null, 2.6060737373737375], [0.6547721299492372, null, 2.636375757575758], [0.6444958981441523, null, 2.666677777777778], [0.6338614068419336, null, 2.696979797979798], [0.6227747545665433, null, 2.7272818181818184], [0.611104681243586, null, 2.7575838383838387], [0.598656160155924, null, 2.7878858585858586], [0.5851131498743098, null, 2.818187878787879], [0.5698887092894145, null, 2.8484898989898992], [0.5515721505755294, null, 2.8787919191919196], [0.5182263537540434, null, 2.9090939393939395], [0.4229767261573904, null, 2.93939595959596], [0.29898250426460876, null, 2.96969797979798], [-8.154588115871775e-14, null, 3.0]]}