{"dim": 3, "delta": 5.75, "mu": 5.906055070328385, "dmu": 3.071022727272727, "g": -0.3921613007980973, "k_c": 50, "data": [[0.805198835808271, null, 0.0001], [0.8043994565400203, null, 0.058179797979797984], [0.8020146973845181, null, 0.11625959595959597], [0.7980678700353756, null, 0.17433939393939393], [0.7925967594443806, null, 0.23241919191919191], [0.785652146321123, null, 0.2904989898989899], [0.7772959139831862, null, 0.3485787878787879], [0.7675988738827879, null, 0.40665858585858583], [0.7566384621540644, null, 0.46473838383838384], [0.7444963401714746, null, 0.5228181818181818], [0.7312560378375255, null, 0.5808979797979799], [0.7170004535094663, null, 0.6389777777777778], [0.7018090097057782, null, 0.6970575757575758], [0.6857539043851445, null, 0.7551373737373738], [0.6688947161575054, null, 0.8132171717171717], [0.6512711650249932, null, 0.8712969696969697], [0.632895947082268, null, 0.9293767676767677], [0.6137514218680006, null, 0.9874565656565657], [0.5937914096625974, null, 1.0455363636363637], [0.5729447773847474, null, 1.1036161616161617], [0.5511170502961303, null, 1.1616959595959597], [0.5281886078320177, null, 1.2197757575757575], [0.5040092014779575, null, 1.2778555555555555], [0.4783881617843885, null, 1.3359353535353535], [0.4510784613040276, null, 1.3940151515151515], [0.42175061085298626, null, 1.4520949494949495], [0.38994795824016437, null, 1.5101747474747476], [0.3550045445367083, null, 1.5682545454545456], [0.31587841776903935, null, 1.6263343434343434], [0.2707611527552979, null, 1.6844141414141414], [0.21592833963588692, null, 1.7424939393939394], [0.14042519314186191, null, 1.8005737373737374]]}