{"dim": 3, "delta": 1.25, "mu": 5.906055070328385, "dmu": 0.90625, "g": -0.3563134090055086, "k_c": 50, "data": [[0.2876540668872877, 0.3502407045410652, 0.0001], [0.2878339303731728, 0.35016258664840083, 0.012725252525252525], [0.2883686890501004, 0.34992883738464226, 0.02535050505050505], [0.2892607585487945, 0.34953382543935274, 0.03797575757575758], [0.2905145359480382, 0.34896747282773033, 0.050601010101010105], [0.2921371512642188, 0.34821399127835956, 0.06322626262626263], [0.294140022567121, 0.3472495927714594, 0.07585151515151516], [0.29654216594861804, 0.34603828696622685, 0.08847676767676768], [0.29937763648570537, 0.3445236198635629, 0.1011020202020202], [0.3027135183710321, 0.34261067163967224, 0.11372727272727273], [0.30669870037099484, 0.3401190074867211, 0.12635252525252524], [0.3117357002669883, 0.33661487377712523, 0.13897777777777776], [0.31989647355792455, 0.3300000923436592, 0.1516030303030303]]}