{"dim": 3, "delta": 2.25, "mu": 5.906055070328385, "dmu": 1.36125, "g": -0.3695412280249876, "k_c": 50, "data": [[0.3742839736075009, 0.6959430419451375, 0.0001], [0.3740038173257702, 0.695911489161835, 0.022826262626262625], [0.37316335003234813, 0.6958173059684416, 0.045552525252525254], [0.3717443277464599, 0.6956602662414865, 0.06827878787878788], [0.36969465291651, 0.695439990702638, 0.0910050505050505], [0.366813895012036, 0.6951559424337339, 0.11373131313131313], [0.36369745375689266, 0.6948074205593532, 0.13645757575757575], [0.36057219863101925, 0.6943935535382176, 0.15918383838383837], [0.35740522588872853, 0.6939132795374626, 0.181910101010101], [0.35417127521714453, 0.6933653504475799, 0.20463636363636362], [0.3508493480274535, 0.6927482977993864, 0.22736262626262624], [0.34742084935483153, 0.6920604208548706, 0.25008888888888886], [0.3438684833099967, 0.6912997609995337, 0.2728151515151515], [0.34017555488721213, 0.6904640706564416, 0.2955414141414141], [0.3363255085822145, 0.6895507778672468, 0.31826767676767675], [0.33230161602271513, 0.6885569409613416, 0.34099393939393935], [0.3280867674369626, 0.6874791945012098, 0.363720202020202], [0.32366334349191794, 0.6863136814407884, 0.38644646464646465], [0.3190131590629071, 0.6850559695122903, 0.40917272727272724], [0.31411747799989254, 0.6837009450157382, 0.4318989898989899], [0.3089571053076651, 0.6822426785166771, 0.4546252525252525], [0.30351256646718, 0.6806742516890308, 0.47735151515151514], [0.29776438694033575, 0.6789875299648818, 0.5000777777777777], [0.291693485202051, 0.6771728617118911, 0.5228040404040404], [0.28528169147574933, 0.6752186652423738, 0.545530303030303], [0.27851239718129117, 0.6731108597037957, 0.5682565656565657], [0.2713713345490046, 0.6708320474885339, 0.5909828282828282], [0.26384747000555203, 0.6683603051024966, 0.6137090909090909], [0.25593397514720523, 0.6656673230232809, 0.6364353535353535], [0.24762922571363347, 0.6627153927980655, 0.6591616161616162], [0.23893775317765, 0.6594522079566264, 0.6818878787878787], [0.22987106151475994, 0.6558010891626037, 0.7046141414141414], [0.22044821777032336, 0.6516402742372099, 0.727340404040404], [0.2106961315977665, 0.6467501662416867, 0.7500666666666667], [0.20064946406007303, 0.6406249450439574, 0.7727929292929293], [0.19035014247645796, 0.6300674285469084, 0.7955191919191918], [0.17984650227869692, 0.6141351406036021, 0.8182454545454545], [0.1691921196839549, 0.599325705652889, 0.8409717171717171], [0.1584444313889609, 0.5855709246858848, 0.8636979797979798], [0.14766325762984353, 0.572800599610891, 0.8864242424242423], [0.13690933844209568, 0.5609438881800927, 0.909150505050505], [0.12624298521185934, 0.549930572804415, 0.9318767676767676], [0.1148438892392335, 0.5396921673349745, 0.9546030303030303], [0.10133203675279691, 0.530162817152156, 0.9773292929292929], [0.08524233819433574, 0.5212799984360862, 1.0000555555555555], [0.06486935116313579, 0.5129848820189489, 1.0227818181818182], [0.03325066781165656, 0.5052227955333984, 1.0455080808080808], [null, 0.49794311981596795, 1.0682343434343433], [null, 0.4910993778950765, 1.090960606060606], [null, 0.4846490770591959, 1.1136868686868686], [null, 0.47855351643254257, 1.1364131313131314], [null, 0.47277754866785465, 1.159139393939394], [null, 0.46728932058798767, 1.1818656565656565], [null, 0.4620599823040246, 1.2045919191919192], [null, 0.4570634515051227, 1.2273181818181818], [null, 0.45227611463040956, 1.2500444444444443], [null, 0.4476765974377173, 1.272770707070707], [null, 0.4432455287912876, 1.2954969696969696], [null, 0.4389653256652693, 1.3182232323232324], [null, 0.4348199981145671, 1.340949494949495], [null, 0.4307949700536171, 1.3636757575757574], [null, 0.426876918114727, 1.3864020202020202], [null, 0.42305362470817637, 1.4091282828282827], [null, 0.4193138473224725, 1.4318545454545455], [null, 0.41564719757711344, 1.454580808080808], [null, 0.41204403487294583, 1.4773070707070706], [null, 0.40849536591602775, 1.5000333333333333], [null, 0.4049927568911717, 1.5227595959595959], [null, 0.40152825049785196, 1.5454858585858586], [null, 0.3980942879959337, 1.5682121212121212], [null, 0.39468363856282207, 1.5909383838383837], [null, 0.3912893299548413, 1.6136646464646465], [null, 0.3879045821750651, 1.636390909090909], [null, 0.3845227419669209, 1.6591171717171718], [null, 0.3811372147344471, 1.6818434343434343], [null, 0.3777414061449363, 1.7045696969696968], [null, 0.37432863133349376, 1.7272959595959596], [null, 0.37089205525998103, 1.7500222222222221], [null, 0.36742459762734486, 1.7727484848484847], [null, 0.36391883604557956, 1.7954747474747474], [null, 0.36036689147605794, 1.81820101010101], [null, 0.35676029184371666, 1.8409272727272727], [null, 0.35308980614997904, 1.8636535353535353], [null, 0.3493452382581881, 1.8863797979797978], [null, 0.34551516531465676, 1.9091060606060606], [null, 0.34158659727116825, 1.9318323232323231], [null, 0.3375445361055044, 1.9545585858585859], [null, 0.3333713509588051, 1.9772848484848484], [null, 0.32904594668219156, 2.000011111111111], [null, 0.3245425401219445, 2.0227373737373737], [null, 0.31982885686172857, 2.0454636363636367], [null, 0.31486333899936186, 2.0681898989898992], [null, 0.3095906025985067, 2.090916161616162], [null, 0.303933564116784, 2.1136424242424243], [null, 0.2977786091979365, 2.136368686868687], [null, 0.29094426813753343, 2.15909494949495], [null, 0.2831027250392202, 2.1818212121212124], [null, 0.2735161732292122, 2.204547474747475], [null, 0.25914998508998965, 2.2272737373737375], [null, -1.857403120197887e-13, 2.25]]}