{"dim": 3, "delta": 0.2, "mu": 5.906055070328385, "dmu": 0.1405, "g": -0.32006361602683453, "k_c": 50, "data": [[0.041655292416099235, 0.06271289316817023, 0.0001], [0.0417049902956071, 0.06270757013308077, 0.002119191919191919], [0.04186164252563605, 0.06269253679832677, 0.004138383838383839], [0.04202374795910625, 0.06266771831662156, 0.006157575757575758], [0.04217792585851658, 0.0626329920253694, 0.008176767676767676], [0.04233138213142481, 0.06258818201192949, 0.010195959595959595], [0.042488266172141104, 0.0625330596948818, 0.012215151515151516], [0.04265157909646396, 0.06246732964243804, 0.014234343434343434], [0.04282387061087714, 0.06239062955457244, 0.016253535353535353], [0.043007570401265925, 0.06230251150369216, 0.018272727272727274], [0.04320518622548769, 0.06220243861406828, 0.02029191919191919], [0.04341945292636813, 0.06208976040117485, 0.02231111111111111], [0.04365347251335934, 0.061963690785016096, 0.024330303030303032], [0.043910868422990156, 0.061823276238315475, 0.02634949494949495], [0.04419597797573603, 0.06166735258460309, 0.02836868686868687], [0.04451409386945547, 0.06149448408131249, 0.030387878787878787], [0.04487183298280488, 0.06130287764853067, 0.03240707070707071], [0.045277621518679444, 0.06109025508257012, 0.03442626262626263], [0.045742463089478616, 0.060853659471152885, 0.03644545454545455], [0.046281125128139936, 0.06058914486891631, 0.038464646464646465], [0.04691409457360588, 0.060291252295216716, 0.040483838383838386], [0.047670996194401884, 0.05995205677782302, 0.042503030303030306], [0.048597048500626766, 0.05955925363713719, 0.04452222222222223], [0.049766586898403145, 0.05909173254208237, 0.04654141414141415], [0.05131596905092662, 0.05850676514172451, 0.04856060606060607], [null, 0.057682338042968385, 0.05057979797979798]]}