{"dim": 3, "delta": 4.75, "mu": 5.906055070328385, "dmu": 2.8895833333333334, "g": -0.38740315711529844, "k_c": 50, "data": [[0.8735161530397607, null, 0.0001], [0.8757228131376494, null, 0.04807878787878788], [0.8776826501101691, null, 0.09605757575757576], [0.8794875897153805, null, 0.14403636363636363], [0.8813248655833696, null, 0.1920151515151515], [0.8832879998355153, null, 0.23999393939393937], [0.885451789873661, null, 0.28797272727272727], [0.8878933589415542, null, 0.3359515151515151], [0.8907045056656248, null, 0.383930303030303], [0.8940038349358254, null, 0.4319090909090909], [0.8979546194042998, null, 0.47988787878787875], [0.9027950434383408, null, 0.5278666666666666], [0.908896432634747, null, 0.5758454545454545], [0.9168906462134413, null, 0.6238242424242424], [0.928003353638641, null, 0.6718030303030302], [0.9452329327169791, null, 0.7197818181818182], [0.9823102140557683, null, 0.767760606060606]]}