{"dim": 3, "delta": 7.5, "mu": 5.906055070328385, "dmu": 4.4094827586206895, "g": -0.3989475800260995, "k_c": 50, "data": []}