{"dim": 3, "delta": 7.75, "mu": 5.906055070328385, "dmu": 4.921250000000001, "g": -0.39980160619524535, "k_c": 50, "data": []}