{"dim": 3, "delta": 2.25, "mu": 5.906055070328385, "dmu": 1.2262499999999998, "g": -0.3695412280249876, "k_c": 50, "data": [[0.26441621700479745, 0.7260058699464316, 0.0001], [0.2642223480000335, 0.7259827561955594, 0.022826262626262625], [0.2636444679186286, 0.7259137856752637, 0.045552525252525254], [0.26268359348507553, 0.7257988604994077, 0.06827878787878788], [0.26134138064962403, 0.72563781718794, 0.0910050505050505], [0.25962006835811097, 0.7254304252457807, 0.11373131313131313], [0.25752239853785297, 0.7251763858004818, 0.13645757575757575], [0.2550515105076497, 0.7248753293001852, 0.15918383838383837], [0.2522108071678166, 0.7245268129809095, 0.181910101010101], [0.24900379061958391, 0.7241303175942244, 0.20463636363636362], [0.24543386199745354, 0.7236852435277578, 0.22736262626262624], [0.2415040816986638, 0.7231909062175318, 0.25008888888888886], [0.23721688289294818, 0.7226465306586387, 0.2728151515151515], [0.23257373064629636, 0.7220512450187513, 0.2955414141414141], [0.2275747164198395, 0.7214040745128328, 0.31826767676767675], [0.2222180747011138, 0.7207039301109625, 0.34099393939393935], [0.2164996037522766, 0.7199496014189054, 0.363720202020202], [0.21041196446637792, 0.7191397436898433, 0.38644646464646465], [0.20394381885065135, 0.7182728645554223, 0.40917272727272724], [0.19707874801146735, 0.7173473084935285, 0.4318989898989899], [0.18979385413647004, 0.7163612379843474, 0.4546252525252525], [0.18205789070556566, 0.7153126117280815, 0.47735151515151514], [0.17382865216382026, 0.7141991590310964, 0.5000777777777777], [0.16504924145929528, 0.7130183489309261, 0.5228040404040404], [0.1556422265979184, 0.7117673530329176, 0.545530303030303], [0.14550050500735598, 0.7104430014474541, 0.5682565656565657], [0.13447151583795028, 0.7090417279876257, 0.5909828282828282], [0.12232825203987693, 0.707559504187934, 0.6137090909090909], [0.10871011906237608, 0.7059917553663336, 0.6364353535353535], [0.09298337229747285, 0.7043332594197448, 0.6591616161616162], [0.07382494554390644, 0.7025780120675235, 0.6818878787878787], [0.04724561566864292, 0.7007190590613097, 0.7046141414141414], [null, 0.698748272890492, 0.727340404040404], [null, 0.6966560556389058, 0.7500666666666667], [null, 0.6944309342099945, 0.7727929292929293], [null, 0.692058988229949, 0.7955191919191918], [null, 0.6895230566544652, 0.8182454545454545], [null, 0.6868014730337033, 0.8409717171717171], [null, 0.683866201729759, 0.8636979797979798], [null, 0.6806796743786581, 0.8864242424242423], [null, 0.6771892062478805, 0.909150505050505], [null, 0.6733160393525331, 0.9318767676767676], [null, 0.6689304270787154, 0.9546030303030303], [null, 0.6637790776976804, 0.9773292929292929], [null, 0.6571004980292251, 1.0000555555555555], [null, 0.6463497431416613, 1.0227818181818182], [null, 0.6357120417584416, 1.0455080808080808], [null, 0.6255349955337925, 1.0682343434343433], [null, 0.615790043965731, 1.090960606060606], [null, 0.6064499710974228, 1.1136868686868686], [null, 0.5974889018503055, 1.1364131313131314], [null, 0.588882275678969, 1.159139393939394], [null, 0.5806068224657152, 1.1818656565656565], [null, 0.5726405229098521, 1.2045919191919192], [null, 0.5649625623612947, 1.2273181818181818], [null, 0.5575532823462733, 1.2500444444444443], [null, 0.5503941226444733, 1.272770707070707], [null, 0.5434675673135512, 1.2954969696969696], [null, 0.5367570840038154, 1.3182232323232324], [null, 0.5302470640984114, 1.340949494949495], [null, 0.523922762583264, 1.3636757575757574], [null, 0.5177702376460548, 1.3864020202020202], [null, 0.5117762931903724, 1.4091282828282827], [null, 0.5059284165586488, 1.4318545454545455], [null, 0.5002147249726165, 1.454580808080808], [null, 0.4946239072975695, 1.4773070707070706], [null, 0.4891451685676896, 1.5000333333333333], [null, 0.48376817642939907, 1.5227595959595959], [null, 0.47848300409979855, 1.5454858585858586], [null, 0.47328008750048933, 1.5682121212121212], [null, 0.46815015036935453, 1.5909383838383837], [null, 0.463084170256589, 1.6136646464646465], [null, 0.458073311914652, 1.636390909090909], [null, 0.4531088707652944, 1.6591171717171718], [null, 0.4481822108745651, 1.6818434343434343], [null, 0.443284698376389, 1.7045696969696968], [null, 0.4384076285935391, 1.7272959595959596], [null, 0.4335421438230076, 1.7500222222222221], [null, 0.42867914133616947, 1.7727484848484847], [null, 0.423809165072078, 1.7954747474747474], [null, 0.41892227839936563, 1.81820101010101], [null, 0.4140079136061977, 1.8409272727272727], [null, 0.4090546800796632, 1.8636535353535353], [null, 0.4040501293155512, 1.8863797979797978], [null, 0.3989804577613562, 1.9091060606060606], [null, 0.39383011284656255, 1.9318323232323231], [null, 0.3885812724417852, 1.9545585858585859], [null, 0.38321313379737953, 1.9772848484848484], [null, 0.3777009170556191, 2.000011111111111], [null, 0.3720144251666579, 2.0227373737373737], [null, 0.3661158865507814, 2.0454636363636367], [null, 0.359956580809847, 2.0681898989898992], [null, 0.3534712736771648, 2.090916161616162], [null, 0.34656839774613846, 2.1136424242424243], [null, 0.33911110897227303, 2.136368686868687], [null, 0.33087586779557765, 2.15909494949495], [null, 0.3214427660982716, 2.1818212121212124], [null, 0.3097844965045165, 2.204547474747475], [null, 0.2845499076230775, 2.2272737373737375], [null, 4.7406523151494184e-14, 2.25]]}