{"dim": 3, "delta": 2.5, "mu": 5.906055070328385, "dmu": 0.5, "g": -0.3719912209058008, "k_c": 50, "data": [[0.881046196162305, null, 0.0001], [0.8810328846873186, null, 0.02535151515151515], [0.8809931516338938, null, 0.0506030303030303], [0.8809269801606754, null, 0.07585454545454545], [0.8808343407584814, null, 0.1011060606060606], [0.8807151925725442, null, 0.12635757575757572], [0.8805694825736674, null, 0.1516090909090909], [0.8803971459047422, null, 0.17686060606060605], [0.8801981055263509, null, 0.2021121212121212], [0.8799722721401512, null, 0.22736363636363632], [0.8797195440547834, null, 0.25261515151515146], [0.8794398069359174, null, 0.27786666666666665], [0.8791329334942417, null, 0.3031181818181818], [0.8787987833211703, null, 0.3283696969696969], [0.8784372025320949, null, 0.3536212121212121], [0.8780480234610908, null, 0.37887272727272725], [0.8776310642862525, null, 0.4041242424242424], [0.8771861286305116, null, 0.4293757575757575], [0.8767130050702492, null, 0.45462727272727266], [0.8762114669160125, null, 0.47987878787878785], [0.8756812710749243, null, 0.5051303030303029], [0.8751221584798099, null, 0.5303818181818182], [0.8745338522449998, null, 0.5556333333333333], [0.8739160581191175, null, 0.5808848484848484], [0.8732684629945807, null, 0.6061363636363636], [0.8725907345089461, null, 0.6313878787878787], [0.8718825200654552, null, 0.6566393939393939], [0.8711434458951078, null, 0.681890909090909], [0.8703731159031084, null, 0.7071424242424242], [0.8695711114643496, null, 0.7323939393939394], [0.8687369883993746, null, 0.7576454545454545], [0.8678702775510638, null, 0.7828969696969696], [0.8669704824365246, null, 0.8081484848484848], [0.8660370778201231, null, 0.8333999999999999], [0.8650695080060632, null, 0.858651515151515], [0.8640671866237581, null, 0.8839030303030302], [0.8630294890520248, null, 0.9091545454545453], [0.8619557627393055, null, 0.9344060606060606], [0.8608453058521772, null, 0.9596575757575757], [0.8596973826468075, null, 0.9849090909090908], [0.858511210881272, null, 1.0101606060606059], [0.857285961482457, null, 1.0354121212121212], [0.856020754539068, null, 1.0606636363636364], [0.854714656000149, null, 1.0859151515151515], [0.8533666726666042, null, 1.1111666666666666], [0.8519757479355934, null, 1.1364181818181818], [0.8505407569295578, null, 1.161669696969697], [0.8490604999104877, null, 1.186921212121212], [0.8475336962340679, null, 1.2121727272727272], [0.8459589776172317, null, 1.2374242424242423], [0.8443348725889254, null, 1.2626757575757575], [0.8426598273596286, null, 1.2879272727272726], [0.8409321375950253, null, 1.3131787878787877], [0.8391499935131534, null, 1.3384303030303029], [0.837311437948773, null, 1.363681818181818], [0.8354143562206288, null, 1.3889333333333331], [0.8334564581202887, null, 1.4141848484848485], [0.8314352574388431, null, 1.4394363636363636], [0.8293480475264209, null, 1.4646878787878788], [0.8271918724475392, null, 1.489939393939394], [0.8249634944397722, null, 1.515190909090909], [0.8226593537731935, null, 1.5404424242424242], [0.820275521557543, null, 1.5656939393939393], [0.8178076427692273, null, 1.5909454545454544], [0.8152508670314114, null, 1.6161969696969696], [0.812599763679961, null, 1.6414484848484847], [0.8098482164081607, null, 1.6666999999999998], [0.8069892909750065, null, 1.691951515151515], [0.8040150667919863, null, 1.7172030303030301], [0.8009164187486101, null, 1.7424545454545453], [0.7976827327184611, null, 1.7677060606060604], [0.7943015158145804, null, 1.7929575757575755], [0.7907578729284458, null, 1.8182090909090907], [0.7870337496298887, null, 1.843460606060606], [0.7831068371208718, null, 1.8687121212121212], [0.7789488880099867, null, 1.8939636363636363], [0.7745230015795536, null, 1.9192151515151514], [0.7697789214733773, null, 1.9444666666666666], [0.764644054809834, null, 1.9697181818181817], [0.7590036175204463, null, 1.9949696969696968], [0.7526442032785596, null, 2.020221212121212], [0.7449370424449836, null, 2.0454727272727276], [0.7347729469949494, null, 2.0707242424242427], [0.7244849768281105, null, 2.095975757575758], [0.714079477986463, null, 2.121227272727273], [0.7035247568589729, null, 2.146478787878788], [0.6927825018755085, null, 2.1717303030303032], [0.6818053352898001, null, 2.1969818181818184], [0.670533073549405, null, 2.2222333333333335], [0.658886736883303, null, 2.2474848484848486], [0.6467583713182614, null, 2.2727363636363638], [0.6339923722291673, null, 2.297987878787879], [0.6203474198036952, null, 2.323239393939394], [0.605406004417048, null, 2.348490909090909], [0.5882970502872455, null, 2.3737424242424243], [0.5661879842501608, null, 2.3989939393939395], [0.5020337956106191, null, 2.4242454545454546], [0.4097189643811765, null, 2.4494969696969697], [0.28958218658582563, null, 2.474748484848485], [5.551115123125783e-17, null, 2.5]]}