{"dim": 3, "delta": 1.5, "mu": 5.906055070328385, "dmu": 0.8625, "g": -0.3603342691362375, "k_c": 50, "data": [[0.21012566769087546, 0.4983018936710166, 0.0001], [0.20999844794559383, 0.4982851886810674, 0.01525050505050505], [0.2096204257638248, 0.4982354829834179, 0.030401010101010102], [0.20899255889046842, 0.4981527044603622, 0.045551515151515155], [0.20811643448410272, 0.4980367320796302, 0.06070202020202021], [0.20699425980309905, 0.49788739462575626, 0.07585252525252525], [0.20562884931784697, 0.49770447041095583, 0.09100303030303031], [0.2040236084002021, 0.497487685173738, 0.10615353535353536], [0.20218251362177994, 0.4972367102703316, 0.12130404040404041], [0.20011008985758727, 0.49695115993407535, 0.13645454545454544], [0.19781138402717116, 0.49663058853926567, 0.1516050505050505], [0.1952919346755657, 0.4962744869522046, 0.16675555555555555], [0.19255773743937182, 0.4958822784328307, 0.1819060606060606], [0.1896152012070678, 0.4954533136597615, 0.19705656565656565], [0.1864710891545976, 0.4949868652620581, 0.2122070707070707], [0.1831324208495675, 0.49448212100575, 0.22735757575757576], [0.17960625727709698, 0.4939381760820097, 0.2425080808080808], [0.17589897038212135, 0.4933540242943101, 0.25765858585858586], [0.17200956863879074, 0.4927285472729649, 0.2728090909090909], [0.1679719745290921, 0.4920605030803375, 0.28795959595959597], [0.16380957124751236, 0.49134850964117954, 0.303110101010101], [0.15951870797613, 0.49059102985720815, 0.3182606060606061], [0.15509668500640048, 0.48978634993534137, 0.3334111111111111], [0.15054188024797951, 0.48893255544507735, 0.3485616161616162], [0.1458538901658249, 0.4880275017611369, 0.3637121212121212], [0.14103367890104726, 0.4870687787365547, 0.3788626262626263], [0.13604694507375106, 0.48605366708113995, 0.3940131313131313], [0.13084490819445624, 0.4849790846785303, 0.4091636363636364], [0.12541141089990307, 0.4838415196287731, 0.4243141414141414], [0.11971623757029368, 0.4826369457040229, 0.4394646464646465], [0.11372017649332834, 0.4813607141443033, 0.4546151515151515], [0.10737256026631573, 0.4800074131716232, 0.4697656565656566], [0.10060645085719322, 0.47857068245269496, 0.48491616161616163], [0.09333038899967162, 0.47704296283601944, 0.5000666666666667], [0.08541362727769519, 0.47541515174278437, 0.5152171717171717], [0.07665736150474223, 0.47367611419012334, 0.5303676767676768], [0.0667313386964989, 0.4718119727185148, 0.5455181818181818], [0.05500522814025429, 0.4698050166052418, 0.5606686868686869], [0.03992234428602999, 0.4676319826352397, 0.575819191919192], [0.012556441233168814, 0.4652611276613788, 0.590969696969697], [null, 0.4626468740413098, 0.606120202020202], [null, 0.4597188338004917, 0.6212707070707071], [null, 0.4563552179764544, 0.6364212121212122], [null, 0.45229613174990624, 0.6515717171717172], [null, 0.44634924304066576, 0.6667222222222222], [null, 0.4370326269353435, 0.6818727272727273], [null, 0.4282371324825608, 0.6970232323232324], [null, 0.419925530719033, 0.7121737373737375], [null, 0.4120626143086399, 0.7273242424242424], [null, 0.404615215702025, 0.7424747474747475], [null, 0.3975521945750233, 0.7576252525252526], [null, 0.3908443983346675, 0.7727757575757576], [null, 0.38446459392857996, 0.7879262626262626], [null, 0.37838744267117586, 0.8030767676767677], [null, 0.3725893140655294, 0.8182272727272728], [null, 0.3670482906106603, 0.8333777777777778], [null, 0.3617440182434461, 0.8485282828282829], [null, 0.356657614771162, 0.8636787878787879], [null, 0.35177156729743403, 0.878829292929293], [null, 0.34706963164329746, 0.893979797979798], [null, 0.3425367341076448, 0.9091303030303031], [null, 0.33815887740780626, 0.9242808080808081], [null, 0.33392305028944463, 0.9394313131313132], [null, 0.3298171392889628, 0.9545818181818182], [null, 0.3258298505714312, 0.9697323232323233], [null, 0.32195063019214304, 0.9848828282828284], [null, 0.31816959245894355, 1.0000333333333333], [null, 0.3144774509774224, 1.0151838383838385], [null, 0.3108654529510972, 1.0303343434343435], [null, 0.30732531783654055, 1.0454848484848485], [null, 0.3038491777387827, 1.0606353535353537], [null, 0.3004295203577997, 1.0757858585858586], [null, 0.2970591333990309, 1.0909363636363636], [null, 0.29373104955252644, 1.1060868686868688], [null, 0.29043849103979746, 1.1212373737373738], [null, 0.2871748168145278, 1.136387878787879], [null, 0.28393345812874793, 1.151538383838384], [null, 0.28070786273462917, 1.1666888888888889], [null, 0.27749142559609796, 1.181839393939394], [null, 0.27427741396536104, 1.196989898989899], [null, 0.27105888299276193, 1.212140404040404], [null, 0.2678285768799693, 1.2272909090909092], [null, 0.2645788104436323, 1.2424414141414142], [null, 0.26130132484259533, 1.2575919191919191], [null, 0.2579871053749875, 1.2727424242424243], [null, 0.2546261592449821, 1.2878929292929293], [null, 0.25120719703966715, 1.3030434343434345], [null, 0.24771724428376898, 1.3181939393939395], [null, 0.24414107562340875, 1.3333444444444444], [null, 0.24046042349943988, 1.3484949494949496], [null, 0.23665282734876764, 1.3636454545454546], [null, 0.23268984416596253, 1.3787959595959596], [null, 0.22853423410038728, 1.3939464646464648], [null, 0.22413514115803262, 1.4090969696969697], [null, 0.21941927913433132, 1.424247474747475], [null, 0.21427301997158507, 1.43939797979798], [null, 0.20850011992495293, 1.4545484848484849], [null, 0.20169451680953165, 1.46969898989899], [null, 0.19260138704360524, 1.484849494949495], [null, 8.576472865229334e-14, 1.5]]}