{"dim": 3, "delta": 1.0, "mu": 5.906055070328385, "dmu": 0.665, "g": -0.3514958709352178, "k_c": 50, "data": [[0.19299874198994818, 0.3176308762265224, 0.0001], [0.192636442476402, 0.31761247171130264, 0.010199999999999999], [0.1923639921717368, 0.31755791500660335, 0.0203], [0.19214061274637287, 0.3174670321997394, 0.0304], [0.19194035349726757, 0.3173395315762715, 0.0405], [0.1917544670235625, 0.3171749988549275, 0.0506], [0.19157916492946384, 0.3169728907290663, 0.060700000000000004], [0.19141272108846383, 0.316732526130651, 0.0708], [0.19125447456339126, 0.31645307471904494, 0.0809], [0.19110441601148392, 0.3161335425886399, 0.091], [0.19096299835215044, 0.31577275399395255, 0.1011], [0.19083105148486948, 0.3153693287661696, 0.1112], [0.190709752308471, 0.31492165371888425, 0.1213], [0.19060062949038412, 0.31442784839974064, 0.1314], [0.1905055966840971, 0.3138857182640711, 0.1415], [0.19042700790701095, 0.3132927002382321, 0.15159999999999998], [0.19036774309748647, 0.31264578909375923, 0.16169999999999998], [0.1903313263475515, 0.3119414435424416, 0.17179999999999998], [0.19032208865313263, 0.3111754622833133, 0.18189999999999998], [0.19034539187538554, 0.31034281800680674, 0.19199999999999998], [0.1904079406094067, 0.3094374306272899, 0.20209999999999997], [0.1905182217479641, 0.30845185003232, 0.21219999999999997], [0.1906871420219264, 0.30737679982831756, 0.22229999999999997], [0.19092897080043922, 0.30620049932821963, 0.23239999999999997], [0.19126278345590716, 0.30490761328632293, 0.2425], [0.19171475539860133, 0.3034775451094354, 0.2526], [0.19232199148810813, 0.30188147707121027, 0.2627], [0.19313928534724062, 0.3000767986590586, 0.2728], [0.19425202532031433, 0.2979953174765248, 0.2829], [0.19580348685479707, 0.2955136327815296, 0.293], [0.19806180821592115, 0.2923525256372632, 0.3031], [0.20162858139302986, 0.2873013489960175, 0.3132], [0.208493735733187, 0.2604740098911743, 0.3233]]}