{"dim": 3, "delta": 1.5, "mu": 5.906055070328385, "dmu": 0.44999999999999996, "g": -0.3603342691362375, "k_c": 50, "data": [[0.55002124405496, null, 0.0001], [0.5500121577254575, null, 0.01525050505050505], [0.5499851312217555, null, 0.030401010101010102], [0.5499401515286994, null, 0.045551515151515155], [0.5498771970668682, null, 0.06070202020202021], [0.5497962375277035, null, 0.07585252525252525], [0.5496972339577213, null, 0.09100303030303031], [0.5495801381573586, null, 0.10615353535353536], [0.5494448940711377, null, 0.12130404040404041], [0.5492914350487036, null, 0.13645454545454544], [0.5491196861756251, null, 0.1516050505050505], [0.5489295629917177, null, 0.16675555555555555], [0.5487209712696756, null, 0.1819060606060606], [0.5484938070564612, null, 0.19705656565656565], [0.5482479564778441, null, 0.2122070707070707], [0.5479832942042632, null, 0.22735757575757576], [0.5476996868599784, null, 0.2425080808080808], [0.5473969869522983, null, 0.25765858585858586], [0.5470750376838859, null, 0.2728090909090909], [0.5467336696461171, null, 0.28795959595959597], [0.546372701442582, null, 0.303110101010101], [0.5459919389390195, null, 0.3182606060606061], [0.5455911747789364, null, 0.3334111111111111], [0.5451701878118945, null, 0.3485616161616162], [0.5447287424117117, null, 0.3637121212121212], [0.5442665878424462, null, 0.3788626262626263], [0.5437834573959746, null, 0.3940131313131313], [0.543279068079751, null, 0.4091636363636364], [0.5427531187247494, null, 0.4243141414141414], [0.5422052899919276, null, 0.4394646464646465], [0.5416352428339203, null, 0.4546151515151515], [0.5410426172557464, null, 0.4697656565656566], [0.5404270319396736, null, 0.48491616161616163], [0.5397880810620517, null, 0.5000666666666667], [0.5391253343028034, null, 0.5152171717171717], [0.5384383213427381, null, 0.5303676767676768], [0.5377265937812336, null, 0.5455181818181818], [0.5369896068347261, null, 0.5606686868686869], [0.5362268127349584, null, 0.575819191919192], [0.5354376316483944, null, 0.590969696969697], [0.5346214413510954, null, 0.606120202020202], [0.5337775784176478, null, 0.6212707070707071], [0.5329053347755919, null, 0.6364212121212122], [0.5320039538697761, null, 0.6515717171717172], [0.5310726214204702, null, 0.6667222222222222], [0.5301104846251228, null, 0.6818727272727273], [0.5291165988327404, null, 0.6970232323232324], [0.5280899689353684, null, 0.7121737373737375], [0.5270295185474971, null, 0.7273242424242424], [0.5259340865301254, null, 0.7424747474747475], [0.524802417956328, null, 0.7576252525252526], [0.5236331528670876, null, 0.7727757575757576], [0.5224248150991256, null, 0.7879262626262626], [0.5211757959412742, null, 0.8030767676767677], [0.5198843389999881, null, 0.8182272727272728], [0.5185485194596291, null, 0.8333777777777778], [0.517166220714569, null, 0.8485282828282829], [0.5157351061569019, null, 0.8636787878787879], [0.5142525852599283, null, 0.878829292929293], [0.5127157723578871, null, 0.893979797979798], [0.5111214360718689, null, 0.9091303030303031], [0.5094659365842701, null, 0.9242808080808081], [0.5077451468402093, null, 0.9394313131313132], [0.505954352638809, null, 0.9545818181818182], [0.5040881226025865, null, 0.9697323232323233], [0.5021401385089064, null, 0.9848828282828284], [0.5001029664015842, null, 1.0000333333333333], [0.49796774396126536, null, 1.0151838383838385], [0.4957237353439416, null, 1.0303343434343435], [0.49335768654922013, null, 1.0454848484848485], [0.4908528406053779, null, 1.0606353535353537], [0.4881873634339426, null, 1.0757858585858586], [0.4853316504019147, null, 1.0909363636363636], [0.4822432850555189, null, 1.1060868686868688], [0.47885627068607134, null, 1.1212373737373738], [0.4750525341621559, null, 1.136387878787879], [0.4705417378801068, null, 1.151538383838384], [0.46425815878359383, null, 1.1666888888888889], [0.45766174490787903, null, 1.181839393939394], [0.45110729806098904, null, 1.196989898989899], [0.4445852012254212, null, 1.212140404040404], [0.4380852131007465, null, 1.2272909090909092], [0.43159629774811076, null, 1.2424414141414142], [0.4251064089776751, null, 1.2575919191919191], [0.4186022119220492, null, 1.2727424242424243], [0.4120687152808014, null, 1.2878929292929293], [0.4054887786504215, null, 1.3030434343434345], [0.3988424335038479, null, 1.3181939393939395], [0.39210592388005594, null, 1.3333444444444444], [0.38525030777257024, null, 1.3484949494949496], [0.3782393413671266, null, 1.3636454545454546], [0.3710261321580249, null, 1.3787959595959596], [0.36354754685071655, null, 1.3939464646464648], [0.355714159757771, null, 1.4090969696969697], [0.34739042025930533, null, 1.424247474747475], [0.33834977176886993, null, 1.43939797979798], [0.3281489866938382, null, 1.4545484848484849], [0.31559675858444275, null, 1.46969898989899], [0.2673720355753287, null, 1.484849494949495], [4.385380947269368e-15, null, 1.5]]}