{"dim": 3, "delta": 0.75, "mu": 5.906055070328385, "dmu": 0.22499999999999998, "g": -0.34545454776739287, "k_c": 50, "data": [[0.2843779935806231, null, 0.0001], [0.28437327544508323, null, 0.007674747474747475], [0.28435936165866704, null, 0.015249494949494949], [0.28433624596863205, null, 0.022824242424242424], [0.28430391795998633, null, 0.030398989898989898], [0.28426236307815717, null, 0.037973737373737375], [0.28421156253073965, null, 0.04554848484848485], [0.28415149328789874, null, 0.05312323232323232], [0.2840821280158286, null, 0.0606979797979798], [0.2840034351090444, null, 0.06827272727272728], [0.2839153781607936, null, 0.07584747474747475], [0.2838179174090016, null, 0.08342222222222222], [0.2837110068588051, null, 0.0909969696969697], [0.2835945969199875, null, 0.09857171717171717], [0.28346863291993313, null, 0.10614646464646464], [0.2833330551924814, null, 0.11372121212121213], [0.28318779927571835, null, 0.1212959595959596], [0.283032795066611, null, 0.12887070707070705], [0.2828679673978932, null, 0.13644545454545454], [0.2826932354330823, null, 0.144020202020202], [0.28250851254084014, null, 0.15159494949494948], [0.28231370615065293, null, 0.15916969696969696], [0.28210871747118205, null, 0.16674444444444442], [0.2818934412121013, null, 0.1743191919191919], [0.28166776534384813, null, 0.18189393939393939], [0.2814315707763201, null, 0.18946868686868684], [0.28118473100784874, null, 0.19704343434343433], [0.2809271118522917, null, 0.2046181818181818], [0.28065857087655316, null, 0.21219292929292927], [0.2803789571787395, null, 0.21976767676767675], [0.28008811040202924, null, 0.22734242424242423], [0.27978586214066775, null, 0.2349171717171717], [0.2794720316860406, null, 0.24249191919191918], [0.27914642906173937, null, 0.25006666666666666], [0.2788088527143041, null, 0.2576414141414141], [0.2784590889352817, null, 0.26521616161616157], [0.2780969110412336, null, 0.2727909090909091], [0.2777220787324867, null, 0.28036565656565654], [0.2773343370061481, null, 0.287940404040404], [0.2769334151170893, null, 0.2955151515151515], [0.27651902536166734, null, 0.30308989898989896], [0.27609086185898235, null, 0.3106646464646464], [0.2756485990900829, null, 0.31823939393939393], [0.27519189032659935, null, 0.3258141414141414], [0.2747203658306456, null, 0.33338888888888885], [0.2742336308997175, null, 0.34096363636363636], [0.2737312636021621, null, 0.3485383838383838], [0.2732128124396428, null, 0.35611313131313127], [0.27267779324927843, null, 0.3636878787878788], [0.27212568628067774, null, 0.37126262626262624], [0.27155593246903725, null, 0.3788373737373737], [0.27096792933808794, null, 0.3864121212121212], [0.2703610262685521, null, 0.39398686868686866], [0.26973451906022594, null, 0.4015616161616161], [0.26908764367747184, null, 0.40913636363636363], [0.2684195691431465, null, 0.4167111111111111], [0.26772938851437694, null, 0.42428585858585854], [0.26701610939930487, null, 0.43186060606060606], [0.26627864240297866, null, 0.4394353535353535], [0.2655157855299654, null, 0.44701010101010097], [0.26472620932532603, null, 0.4545848484848485], [0.2639084350433233, null, 0.46215959595959594], [0.26306081004733367, null, 0.4697343434343434], [0.2621814767920335, null, 0.4773090909090909], [0.2612683335900577, null, 0.48488383838383836], [0.2603189903645103, null, 0.4924585858585858], [0.25933069609810483, null, 0.5000333333333333], [0.2583002673905589, null, 0.5076080808080807], [0.2572239744403601, null, 0.5151828282828282], [0.2560973948714318, null, 0.5227575757575758], [0.25491520708921594, null, 0.5303323232323232], [0.25367089528925985, null, 0.5379070707070707], [0.25235630835145584, null, 0.5454818181818182], [0.25096097184639465, null, 0.5530565656565656], [0.24947095146742818, null, 0.5606313131313131], [0.247866823937346, null, 0.5682060606060606], [0.24611964782785073, null, 0.575780808080808], [0.24418154736107026, null, 0.5833555555555555], [0.24195628014533438, null, 0.590930303030303], [0.23904592990102047, null, 0.5985050505050504], [0.23531663921580856, null, 0.6060797979797979], [0.23161789642994646, null, 0.6136545454545455], [0.22794345296893284, null, 0.6212292929292929], [0.2242866742036792, null, 0.6288040404040404], [0.22064041551377792, null, 0.6363787878787879], [0.21699686453289402, null, 0.6439535353535353], [0.21334733351359325, null, 0.6515282828282828], [0.20968197914292477, null, 0.6591030303030303], [0.2059894195085134, null, 0.6666777777777777], [0.2022561854891292, null, 0.6742525252525252], [0.1984659234043845, null, 0.6818272727272727], [0.19459817574466187, null, 0.6894020202020201], [0.19062643788175804, null, 0.6969767676767676], [0.1865148718954349, null, 0.7045515151515152], [0.18221231848495834, null, 0.7121262626262626], [0.17764023138822516, null, 0.7197010101010101], [0.17266457331890822, null, 0.7272757575757576], [0.16701321970520336, null, 0.734850505050505], [0.15988602294810655, null, 0.7424252525252525], [-6.90059120955766e-13, null, 0.75]]}