{"dim": 3, "delta": 4.5, "mu": 5.906055070328385, "dmu": 2.6073529411764707, "g": -0.38607214965680303, "k_c": 50, "data": [[0.7467812204715079, null, 0.0001], [0.745939470187852, null, 0.04555353535353536], [0.7433641697642797, null, 0.09100707070707072], [0.7386153573935039, null, 0.13646060606060606], [0.7327533442723468, null, 0.18191414141414142], [0.7269415454743854, null, 0.22736767676767677], [0.7210475519252512, null, 0.27282121212121213], [0.7149835731702092, null, 0.3182747474747475], [0.7086821425210671, null, 0.36372828282828285], [0.7020855958578538, null, 0.4091818181818182], [0.6951408496518738, null, 0.45463535353535356], [0.6877965794063465, null, 0.5000888888888889], [0.6800016520714856, null, 0.5455424242424243], [0.6717043210138911, null, 0.5909959595959596], [0.6628519719657685, null, 0.636449494949495], [0.6533913395182979, null, 0.6819030303030303], [0.6432691795447842, null, 0.7273565656565657], [0.63243338074277, null, 0.7728101010101011], [0.6208345902347362, null, 0.8182636363636364], [0.6084282019709236, null, 0.8637171717171718], [0.5951767679729739, null, 0.9091707070707071], [0.5810525814150769, null, 0.9546242424242425], [0.5660402685423339, null, 1.0000777777777778], [0.5501390878413588, null, 1.045531313131313], [0.5333646503073268, null, 1.0909848484848486], [0.5157497947620823, null, 1.136438383838384], [0.4973444599835867, null, 1.1818919191919193], [0.4782145250827902, null, 1.2273454545454545], [0.4584397464126745, null, 1.27279898989899], [0.43811103481792135, null, 1.3182525252525255], [0.4173273915307657, 0.9975738263904907, 1.3637060606060607], [0.39619281692426506, 0.982552804472633, 1.409159595959596], [0.3748134576469146, 0.9686747625457376, 1.4546131313131314], [0.35329516789525794, 0.9558360356126331, 1.5000666666666669], [0.3317415872711638, 0.9439374351007443, 1.5455202020202021], [0.31025272237396817, 0.932886079298585, 1.5909737373737374], [0.28892402244101323, 0.9225957528430758, 1.6364272727272728], [0.26696342284217656, 0.9129872798419932, 1.6818808080808083], [0.2413724957752384, 0.9039885285085381, 1.7273343434343436], [0.2117254524752542, 0.8955341943068347, 1.7727878787878788], [0.17635223136803818, 0.8875654257491239, 1.8182414141414143], [0.13090769696423496, 0.8800293717398032, 1.8636949494949497], [0.05451518202819535, 0.8728786756593777, 1.909148484848485], [null, 0.8660709611596418, 1.9546020202020202], [null, 0.859568328463492, 2.000055555555556], [null, 0.8533368760415724, 2.0455090909090914], [null, 0.8473462561101924, 2.0909626262626264], [null, 0.8415692677982827, 2.136416161616162], [null, 0.8359814888008292, 2.1818696969696973], [null, 0.8305609468047402, 2.227323232323233], [null, 0.8252878216686608, 2.2727767676767683], [null, 0.8201441871181224, 2.3182303030303033], [null, 0.8151137773006841, 2.3636838383838388], [null, 0.8101817820815439, 2.4091373737373742], [null, 0.8053346656418316, 2.4545909090909093], [null, 0.8005600058536294, 2.5000444444444447], [null, 0.7958463523507332, 2.54549797979798], [null, 0.7911830992105453, 2.5909515151515157], [null, 0.7865603727496885, 2.636405050505051], [null, 0.7819689297899335, 2.681858585858586], [null, 0.77740006630366, 2.7273121212121216], [null, 0.7728455350154401, 2.772765656565657], [null, 0.7682974688280224, 2.818219191919192], [null, 0.7637483107240168, 2.8636727272727276], [null, 0.7591907477246236, 2.909126262626263], [null, 0.7546176482376002, 2.9545797979797985], [null, 0.7500220016432974, 3.000033333333334], [null, 0.7453968588797871, 3.045486868686869], [null, 0.7407352730924207, 3.0909404040404045], [null, 0.7360302390525176, 3.13639393939394], [null, 0.7312746300925499, 3.181847474747475], [null, 0.7264611311420481, 3.2273010101010104], [null, 0.7215821661017554, 3.272754545454546], [null, 0.7166298178620758, 3.3182080808080814], [null, 0.7115957371968306, 3.363661616161617], [null, 0.7064710411242856, 3.409115151515152], [null, 0.7012461909856424, 3.4545686868686873], [null, 0.6959108504289208, 3.500022222222223], [null, 0.6904537181554489, 3.545475757575758], [null, 0.6848623129488174, 3.5909292929292933], [null, 0.6791227239251709, 3.6363828282828288], [null, 0.673219284428589, 3.6818363636363642], [null, 0.6671341614859566, 3.7272898989898997], [null, 0.6608468223543432, 3.7727434343434347], [null, 0.6543333295332531, 3.81819696969697], [null, 0.6475653897839535, 3.8636505050505057], [null, 0.6405090408769276, 3.9091040404040407], [null, 0.6331227887373172, 3.954557575757576], [null, 0.6253548804526834, 4.000011111111111], [null, 0.6171391594356801, 4.045464646464646], [null, 0.6083884703610939, 4.090918181818182], [null, 0.5989835459156808, 4.136371717171717], [null, 0.5887528379308627, 4.181825252525252], [null, 0.577432047740998, 4.227278787878788], [null, 0.5645702372762631, 4.272732323232323], [null, 0.5492544480852258, 4.318185858585859], [null, 0.5287939779713685, 4.363639393939394], [null, 0.45820644970660895, 4.409092929292929], [null, 0.323967455463418, 4.454546464646465], [null, -1.5731860258938468e-12, 4.5]]}