{"dim": 3, "delta": 1.0, "mu": 5.906055070328385, "dmu": 0.635, "g": -0.3514958709352178, "k_c": 50, "data": [[0.17813547035137262, 0.326980706209454, 0.0001], [0.17798409100289467, 0.32696597851517806, 0.010199999999999999], [0.1775207373176641, 0.32692233541221577, 0.0203], [0.17663956399483685, 0.32684968116176305, 0.0304], [0.17559185791354084, 0.3267478555661671, 0.0405], [0.17458703235733677, 0.32661663219993003, 0.0506], [0.17360001723015198, 0.32645571603328366, 0.060700000000000004], [0.1726156733376089, 0.3262647400279954, 0.0708], [0.17162361103863658, 0.32604326112595894, 0.0809], [0.1706159472202983, 0.32579075507945426, 0.091], [0.16958618466881975, 0.3255066100485978, 0.1011], [0.16852858838170032, 0.3251901191242306, 0.1112], [0.16743780360649213, 0.324840470940802, 0.1213], [0.16630860173034923, 0.3244567386951148, 0.1314], [0.1651356957042743, 0.3240378667553948, 0.1415], [0.16391359444088893, 0.3235826544973295, 0.15159999999999998], [0.16263647883006155, 0.32308973671148294, 0.16169999999999998], [0.1612980884139516, 0.322557560017237, 0.17179999999999998], [0.15989161299499996, 0.32198435257401387, 0.18189999999999998], [0.15840958502446215, 0.3213680897741187, 0.19199999999999998], [0.15684377049404197, 0.3207064478631554, 0.20209999999999997], [0.15518505955105813, 0.31999674655805505, 0.21219999999999997], [0.15342335662789172, 0.3192358777531202, 0.22229999999999997], [0.15154747914177416, 0.3184202106149655, 0.23239999999999997], [0.14954506599840744, 0.3175454682698433, 0.2425], [0.14740251527449852, 0.31660656262154635, 0.2526], [0.14510496551392707, 0.3155973662022638, 0.2627], [0.1426363481409668, 0.3145103982879216, 0.2728], [0.13997954503695922, 0.3133363638215563, 0.2829], [0.1371166939998853, 0.312063472322501, 0.293], [0.13402969457354968, 0.3106763716790144, 0.3031], [0.13070094472220797, 0.3091544010779758, 0.3132], [0.12711439182163706, 0.30746852257566387, 0.3233], [0.12325682660111711, 0.3055754256129939, 0.3334], [0.1191194449657944, 0.3034046640971317, 0.34349999999999997], [0.11469950473595333, 0.3008244496586817, 0.35359999999999997], [0.11000188988619075, 0.29750949460090553, 0.36369999999999997], [0.1050403051528096, 0.2906531480379651, 0.37379999999999997], [0.09983783308121841, 0.2797678682617832, 0.38389999999999996], [0.09442665134749319, 0.2699289338040918, 0.39399999999999996], [0.08884686922749818, 0.2610596290351255, 0.40409999999999996], [0.08314461160319374, 0.2530790037505076, 0.41419999999999996], [0.07736965739159682, 0.24590440905041772, 0.42429999999999995], [0.0715729275298616, 0.23945381176956673, 0.43439999999999995], [0.0658043114045858, 0.23364800900018323, 0.44449999999999995], [0.060110794890781784, 0.22841237314185664, 0.45459999999999995], [0.05453525520374447, 0.22367804865001142, 0.46469999999999995], [0.04911575207248141, 0.21938257358840585, 0.47479999999999994], [0.043885290155989964, 0.21547012570281557, 0.4849], [0.037923777659339165, 0.21189130942020445, 0.495], [0.030212918421270663, 0.20860279576534818, 0.5051], [0.019201560781744887, 0.2055667936074139, 0.5152], [null, 0.20275046881379474, 0.5253], [null, 0.20012535783417829, 0.5354], [null, 0.1976668044238408, 0.5455], [null, 0.1953534478410851, 0.5556], [null, 0.19316675824990523, 0.5657], [null, 0.19109063223523673, 0.5758], [null, 0.18911103698060688, 0.5859], [null, 0.18721570990167946, 0.596], [null, 0.18539389488329686, 0.6061], [null, 0.18363611967330093, 0.6162], [null, 0.18193400729966996, 0.6263], [null, 0.1802801134608181, 0.6364], [null, 0.17866778447866932, 0.6465], [null, 0.1770910595094547, 0.6566], [null, 0.17554452841208926, 0.6667], [null, 0.1740232853216486, 0.6768], [null, 0.17252283176860295, 0.6869], [null, 0.17103901498304866, 0.697], [null, 0.16956796919949346, 0.7071], [null, 0.16810606331397535, 0.7172], [null, 0.1666498534484307, 0.7273], [null, 0.16519603936738025, 0.7373999999999999], [null, 0.16374142332827618, 0.7474999999999999], [null, 0.16228285950026117, 0.7575999999999999], [null, 0.16081726980314134, 0.7676999999999999], [null, 0.15934149374331796, 0.7777999999999999], [null, 0.1578523560483636, 0.7878999999999999], [null, 0.1563465712399757, 0.7979999999999999], [null, 0.15482068406656657, 0.8080999999999999], [null, 0.15327106097093088, 0.8181999999999999], [null, 0.15169373911925174, 0.8282999999999999], [null, 0.15008442685326193, 0.8383999999999999], [null, 0.1484383502099645, 0.8484999999999999], [null, 0.14675013509975252, 0.8585999999999999], [null, 0.1450136338065986, 0.8686999999999999], [null, 0.1432216964730929, 0.8787999999999999], [null, 0.14136585581560154, 0.8888999999999999], [null, 0.13943588557835013, 0.8989999999999999], [null, 0.13741915759801535, 0.9090999999999999], [null, 0.135299671582432, 0.9191999999999999], [null, 0.13305652411712907, 0.9292999999999999], [null, 0.1306613551476725, 0.9393999999999999], [null, 0.1280737752997049, 0.9494999999999999], [null, 0.12523238305652287, 0.9595999999999999], [null, 0.12203454269494159, 0.9697], [null, 0.11828047340350183, 0.9798], [null, 0.11344375391541284, 0.9899], [null, 6.171174682378933e-13, 1.0]]}