{"dim": 3, "delta": 1.0, "mu": 5.906055070328385, "dmu": 0.6050000000000001, "g": -0.3514958709352178, "k_c": 50, "data": [[0.1598389998164997, 0.33470637195696035, 0.0001], [0.15974121955010537, 0.3346938993369397, 0.010199999999999999], [0.15945145003214115, 0.3346569454828209, 0.0203], [0.15896892329615053, 0.33459544936671926, 0.0304], [0.15829198535920946, 0.33450930905548015, 0.0405], [0.1574172534187576, 0.33439838085536094, 0.0506], [0.1563373553088466, 0.33426247813914434, 0.060700000000000004], [0.1550319832425199, 0.33410136980239663, 0.0708], [0.15344262128553418, 0.3339147783236107, 0.0809], [0.15178266922427408, 0.3337023773582414, 0.091], [0.15009313719698694, 0.33346378887693834, 0.1011], [0.1483655154622326, 0.3331985796925992, 0.1112], [0.14659228181890693, 0.33290625748199043, 0.1213], [0.14476652649681307, 0.33258626053652324, 0.1314], [0.14288170468065092, 0.3322379787343179, 0.1415], [0.14093147777598453, 0.3318606938851818, 0.15159999999999998], [0.13890960547564646, 0.3314536248585469, 0.16169999999999998], [0.1368098791557731, 0.33101589196533737, 0.17179999999999998], [0.1346260845959086, 0.3305465111629249, 0.18189999999999998], [0.13235199497959937, 0.33004438124765495, 0.19199999999999998], [0.12998137960647974, 0.3295082683105814, 0.20209999999999997], [0.12750804997922785, 0.3289367871794884, 0.21219999999999997], [0.12492592326400445, 0.32832837866076536, 0.22229999999999997], [0.12222911793784359, 0.3276812825047718, 0.23239999999999997], [0.11941207950312284, 0.32699350329814747, 0.2425], [0.11646973863435621, 0.3262627687942265, 0.2526], [0.11339770223537946, 0.32548647751793586, 0.2627], [0.11019247658665082, 0.32466163167454687, 0.2728], [0.10685171662434181, 0.32378475095441384, 0.2829], [0.10337449920992463, 0.3228517612620667, 0.293], [0.09976160096606076, 0.32185784324000044, 0.3031], [0.09601577188914423, 0.32079722945356637, 0.3132], [0.09214198187464312, 0.31966291954544, 0.3233], [0.08814761969668213, 0.31844627332707487, 0.3334], [0.08404262017686366, 0.31713640708674673, 0.34349999999999997], [0.07983950226030777, 0.3157192599362563, 0.35359999999999997], [0.0755533020029084, 0.31417607678813947, 0.36369999999999997], [0.07120139559516162, 0.312480773893286, 0.37379999999999997], [0.06680321643302718, 0.31059494385153313, 0.38389999999999996], [0.06237988148328607, 0.3084571150438346, 0.39399999999999996], [0.05786918145456165, 0.30595504878671753, 0.40409999999999996], [0.0527324110342091, 0.3028216166732304, 0.41419999999999996], [0.04688299618739044, 0.29722480017466213, 0.42429999999999995], [0.04007866308538065, 0.2893799956214933, 0.43439999999999995], [0.03174661535986739, 0.2821073821570837, 0.44449999999999995], [0.020097964043897534, 0.27535889799909813, 0.45459999999999995], [null, 0.26908929382945945, 0.46469999999999995], [null, 0.26325626280882464, 0.47479999999999994], [null, 0.25782049438434507, 0.4849], [null, 0.25274566429671, 0.495], [null, 0.24799836463545966, 0.5051], [null, 0.24354799181778788, 0.5152], [null, 0.23936660915366118, 0.5253], [null, 0.23542877438905777, 0.5354], [null, 0.2317113669469232, 0.5455], [null, 0.22819340500456303, 0.5556], [null, 0.22485586918765818, 0.5657], [null, 0.22168150629375225, 0.5758], [null, 0.21865468783270933, 0.5859], [null, 0.21576124684545495, 0.596], [null, 0.21298831727001732, 0.6061], [null, 0.21032420236308574, 0.6162], [null, 0.2077582591839578, 0.6263], [null, 0.20528077855767474, 0.6364], [null, 0.20288288320780287, 0.6465], [null, 0.20055643439335802, 0.6566], [null, 0.19829394690070987, 0.6667], [null, 0.1960885119499309, 0.6768], [null, 0.19393372718888233, 0.6869], [null, 0.19182363280754652, 0.697], [null, 0.18975265243939918, 0.7071], [null, 0.18771553916735254, 0.7172], [null, 0.18570732467503176, 0.7273], [null, 0.1837232710602532, 0.7373999999999999], [null, 0.1817588284993588, 0.7474999999999999], [null, 0.17980957691877106, 0.7575999999999999], [null, 0.17787119736317455, 0.7676999999999999], [null, 0.17593942665513618, 0.7777999999999999], [null, 0.17400998822260458, 0.7878999999999999], [null, 0.17207857542278054, 0.7979999999999999], [null, 0.17014074798574508, 0.8080999999999999], [null, 0.1681919214357677, 0.8181999999999999], [null, 0.16622722166100862, 0.8282999999999999], [null, 0.16424147897810426, 0.8383999999999999], [null, 0.16222904616548317, 0.8484999999999999], [null, 0.16018368443133296, 0.8585999999999999], [null, 0.15809837464499682, 0.8686999999999999], [null, 0.15596507221120698, 0.8787999999999999], [null, 0.1537743699470771, 0.8888999999999999], [null, 0.15151502829411723, 0.8989999999999999], [null, 0.14917328979935768, 0.9090999999999999], [null, 0.14673184462653366, 0.9191999999999999], [null, 0.14416819791388558, 0.9292999999999999], [null, 0.14145194129750693, 0.9393999999999999], [null, 0.13853985920745082, 0.9494999999999999], [null, 0.1353662725779247, 0.9595999999999999], [null, 0.13182123261775425, 0.9697], [null, 0.12768968758171234, 0.9798], [null, 0.12239747443679917, 0.9899], [null, 6.036282584886976e-13, 1.0]]}