{"dim": 3, "delta": 5.0, "mu": 5.906055070328385, "dmu": 2.6184210526315788, "g": -0.38867196341527066, "k_c": 50, "data": [[0.598614189835096, null, 0.0001], [0.5980338919082231, null, 0.05060404040404041], [0.5963000978063329, null, 0.10110808080808081], [0.5934202326858837, null, 0.1516121212121212], [0.5894062504729919, null, 0.2021161616161616], [0.5842740248593763, null, 0.252620202020202], [0.5780425166800508, null, 0.3031242424242424], [0.570732737339789, null, 0.35362828282828285], [0.5623665227559013, null, 0.40413232323232323], [0.5529651358115893, null, 0.4546363636363636], [0.5425477082970073, null, 0.5051404040404041], [0.5311295209113653, null, 0.5556444444444445], [0.5187201145492907, null, 0.6061484848484848], [0.5053212157930258, null, 0.6566525252525253], [0.4909243738349483, null, 0.7071565656565657], [0.4755082831994706, null, 0.757660606060606], [0.4590355222632653, null, 0.8081646464646465], [0.4414484452327191, null, 0.8586686868686869], [0.4226636851593594, null, 0.9091727272727272], [0.4025643432560401, null, 0.9596767676767677], [0.3809883855997132, null, 1.0101808080808081], [0.3577102280526651, null, 1.0606848484848486], [0.3324100334776219, null, 1.111188888888889], [0.3046186625817127, null, 1.1616929292929292], [0.27360977499920175, null, 1.2121969696969697], [0.2381600685950656, null, 1.26270101010101], [0.19590364585126238, null, 1.3132050505050505], [0.14087692733353888, null, 1.363709090909091], [0.033655439169932154, null, 1.4142131313131314]]}