{"dim": 3, "delta": 0.25, "mu": 5.906055070328385, "dmu": 0.16062500000000002, "g": -0.3240909709653437, "k_c": 50, "data": [[0.0451124381048247, 0.08362304454383739, 0.0001], [0.045071714568760794, 0.08361915339115629, 0.0026242424242424243], [0.04495046836677452, 0.0836080431390224, 0.005148484848484849], [0.04472106715710974, 0.08358969116061453, 0.007672727272727274], [0.04447326158158692, 0.08356405947949616, 0.010196969696969697], [0.04423602623671528, 0.08353109472139751, 0.012721212121212123], [0.04400349180043168, 0.08349072752411797, 0.015245454545454546], [0.04377212366777012, 0.08344287185665733, 0.01776969696969697], [0.043539511010180706, 0.08338742382688481, 0.020293939393939395], [0.04330384069020791, 0.08332426108659996, 0.02281818181818182], [0.043063633803763914, 0.08325324081769393, 0.025342424242424246], [0.04281759879875137, 0.08317419861953483, 0.027866666666666668], [0.04256454173715852, 0.08308694617741286, 0.030390909090909093], [0.04230330669917767, 0.08299126927068223, 0.03291515151515152], [0.042032732481935765, 0.08288692419050683, 0.035439393939393944], [0.041751618495222, 0.08277363500381724, 0.03796363636363637], [0.041458695604769405, 0.0826510890519981, 0.040487878787878795], [0.04115259884951864, 0.08251893207812053, 0.04301212121212122], [0.04083184177628524, 0.08237676214129462, 0.045536363636363646], [0.04049478885571981, 0.0822241221401314, 0.04806060606060607], [0.04013962752168221, 0.08206049071931266, 0.050584848484848496], [0.03976433796704694, 0.08188527038697063, 0.05310909090909092], [0.039366660906811075, 0.08169777495710233, 0.05563333333333334], [0.03894406346807807, 0.08149720772544526, 0.05815757575757577], [0.03849370393221807, 0.0812826412562282, 0.06068181818181819], [0.03801239663618476, 0.08105298462569874, 0.06320606060606061], [0.03749658007407237, 0.08080694216758588, 0.06573030303030304], [0.03694229278285335, 0.08054295737128667, 0.06825454545454547], [0.036345162063740825, 0.08025913298167146, 0.07077878787878789], [0.03570041749940997, 0.07995311839538793, 0.07330303030303031], [0.035002940642868643, 0.0796219403932325, 0.07582727272727274], [0.03424736772703992, 0.0792617421897372, 0.07835151515151516], [0.033428267897600526, 0.07886735732025175, 0.08087575757575759], [0.032540404545140046, 0.07843157105992855, 0.08340000000000002], [0.031579123060908494, 0.07794371882743704, 0.08592424242424243], [0.030540815505737225, 0.07738669487029202, 0.08844848484848486], [0.029423483379370927, 0.0767292759793936, 0.09097272727272729], [0.028227307400421883, 0.07589871138300715, 0.0934969696969697], [0.02695514067043228, 0.07440098820498138, 0.09602121212121213], [0.025612808230865664, 0.07120946796451878, 0.09854545454545456], [0.024209119752716394, 0.06836326486507187, 0.10106969696969699], [0.022755547045973146, 0.06583160566284767, 0.1035939393939394], [0.0212656013375664, 0.06358352446279417, 0.10611818181818183], [0.01975401964533789, 0.06158848149964551, 0.10864242424242426], [0.018235892339562507, 0.05981705543044726, 0.11116666666666668], [0.01672587981710861, 0.058241583226253606, 0.1136909090909091], [0.01523761379906088, 0.056836619684539666, 0.11621515151515154], [0.013783291109553229, 0.055579230411739025, 0.11873939393939395], [0.012373487037370089, 0.054449077966418354, 0.12126363636363638], [0.01101712338107392, 0.0534283637536254, 0.12378787878787881], [0.009635503851802552, 0.052501664505461065, 0.1263121212121212], [0.007845262615997854, 0.051655711048562744, 0.12883636363636364], [0.005363481993043809, 0.05087914082031278, 0.13136060606060607], [null, 0.050162249797675, 0.1338848484848485], [null, 0.04949675879979947, 0.13640909090909092], [null, 0.04887560205580533, 0.13893333333333333], [null, 0.0482927406223925, 0.14145757575757575], [null, 0.04774300174982533, 0.14398181818181818], [null, 0.04722194139878248, 0.1465060606060606], [null, 0.04672572812107889, 0.14903030303030304], [null, 0.04625104545923782, 0.15155454545454547], [null, 0.04579500996680215, 0.15407878787878787], [null, 0.04535510249872847, 0.1566030303030303], [null, 0.04492911178515648, 0.15912727272727273], [null, 0.044515084470577324, 0.16165151515151516], [null, 0.04411128577363431, 0.16417575757575759], [null, 0.04371616530399285, 0.16670000000000001], [null, 0.04332832769821339, 0.16922424242424244], [null, 0.04294650789398269, 0.17174848484848484], [null, 0.04256954998008644, 0.17427272727272727], [null, 0.04219638867044655, 0.1767969696969697], [null, 0.04182603316513408, 0.17932121212121213], [null, 0.041457552719005836, 0.18184545454545456], [null, 0.04109030114191081, 0.184369696969697], [null, 0.04072271804719055, 0.1868939393939394], [null, 0.04035469083308544, 0.18941818181818182], [null, 0.039985170728866676, 0.19194242424242425], [null, 0.039613348418307756, 0.19446666666666668], [null, 0.03923840556477879, 0.1969909090909091], [null, 0.038859503064161464, 0.19951515151515153], [null, 0.03847576790618265, 0.20203939393939396], [null, 0.03808627834538099, 0.20456363636363636], [null, 0.03769004803925172, 0.2070878787878788], [null, 0.03728600111820339, 0.20961212121212122], [null, 0.03687295319300111, 0.21213636363636365], [null, 0.036449574011773254, 0.21466060606060608], [null, 0.03601434858647308, 0.2171848484848485], [null, 0.03556551931884537, 0.2197090909090909], [null, 0.03510101675846417, 0.22223333333333334], [null, 0.03461834404116066, 0.22475757575757577], [null, 0.03411443437050107, 0.2272818181818182], [null, 0.03358541773246131, 0.22980606060606062], [null, 0.033026263966518934, 0.23233030303030305], [null, 0.03243019129228771, 0.23485454545454545], [null, 0.03178762029305297, 0.23737878787878788], [null, 0.03108414950073398, 0.2399030303030303], [null, 0.030296113548123782, 0.24242727272727274], [null, 0.029378764122517432, 0.24495151515151517], [null, 0.028221705180025494, 0.2474757575757576], [null, -1.6264767310758543e-13, 0.25]]}