{"dim": 3, "delta": 1.0, "mu": 5.906055070328385, "dmu": 0.5750000000000001, "g": -0.3514958709352178, "k_c": 50, "data": [[0.13743515785442825, 0.34129717904211365, 0.0001], [0.13735330583633082, 0.34128624058450774, 0.010199999999999999], [0.13711111508808574, 0.34125383571207424, 0.0203], [0.13670913904085172, 0.3411999221284408, 0.0304], [0.13614829491307576, 0.3411244285024209, 0.0405], [0.1354298596154457, 0.341027254918283, 0.0506], [0.13455546404770224, 0.3409082718735323, 0.060700000000000004], [0.13352708597283905, 0.3407673192746057, 0.0708], [0.13234704095355157, 0.34060420135755726, 0.0809], [0.13101797225690334, 0.34041869613521497, 0.091], [0.12954283874698047, 0.34021056343714334, 0.1011], [0.12792490117883662, 0.33997948135866335, 0.1112], [0.1261677063626959, 0.3397251271071664, 0.1213], [0.12427506857132477, 0.3394471266502741, 0.1314], [0.12225104691508219, 0.33914506216676715, 0.1415], [0.12009991614753425, 0.3388184690288395, 0.15159999999999998], [0.1178261261230988, 0.33846683130818245, 0.16169999999999998], [0.11543424023704422, 0.33808957787338334, 0.17179999999999998], [0.11292883413869459, 0.33768607701285874, 0.18189999999999998], [0.11031431785158166, 0.3372556260677119, 0.19199999999999998], [0.10759461899213163, 0.33679746574997, 0.20209999999999997], [0.10477264564097204, 0.3363107296609343, 0.21219999999999997], [0.10184950675042377, 0.3357944767360536, 0.22229999999999997], [0.0988236740975735, 0.33524765912786175, 0.23239999999999997], [0.0956904498001978, 0.3346691128542816, 0.2425], [0.09244189096653453, 0.33405754151477124, 0.2526], [0.0890669198345937, 0.33341149900002853, 0.2627], [0.08555125483313882, 0.33272936266682046, 0.2728], [0.08187697087267154, 0.33200930872442214, 0.2829], [0.07802159504868042, 0.33124927583206365, 0.293], [0.07395660565978743, 0.3304469222833076, 0.3031], [0.0696450230169579, 0.329599571843147, 0.3132], [0.06503749355028206, 0.32870414456508334, 0.3233], [0.06006559434442889, 0.3277570679113577, 0.3334], [0.05462955194152526, 0.326754159360628, 0.34349999999999997], [0.048573381162986116, 0.3256904696986697, 0.35359999999999997], [0.04162685773127994, 0.3245600687354169, 0.36369999999999997], [0.033235821410650825, 0.3233557447673026, 0.37379999999999997], [0.021790266448951108, 0.32206856908157094, 0.38389999999999996], [null, 0.32068724518701, 0.39399999999999996], [null, 0.3191970878024377, 0.40409999999999996], [null, 0.31757833258238743, 0.41419999999999996], [null, 0.3158031276839639, 0.42429999999999995], [null, 0.31382961993006403, 0.43439999999999995], [null, 0.3115885350689935, 0.44449999999999995], [null, 0.3089445364877545, 0.45459999999999995], [null, 0.3055064784076156, 0.46469999999999995], [null, 0.29933809845574394, 0.47479999999999994], [null, 0.29297389414204844, 0.4849], [null, 0.28697261935975554, 0.495], [null, 0.2813059570399336, 0.5051], [null, 0.2759475815150451, 0.5152], [null, 0.2708730564416021, 0.5253], [null, 0.26605976269379406, 0.5354], [null, 0.261486768509551, 0.5455], [null, 0.2571347364664663, 0.5556], [null, 0.25298581240887547, 0.5657], [null, 0.24902352067694108, 0.5758], [null, 0.24523265842855987, 0.5859], [null, 0.2415991969588695, 0.596], [null, 0.23811018481574592, 0.6061], [null, 0.23475365677653284, 0.6162], [null, 0.23151855053245837, 0.6263], [null, 0.2283946200284567, 0.6364], [null, 0.22537236590475557, 0.6465], [null, 0.2224429617631904, 0.6566], [null, 0.21959818894718922, 0.6667], [null, 0.21683037487326648, 0.6768], [null, 0.21413233518063746, 0.6869], [null, 0.2114973200262539, 0.697], [null, 0.20891896298262738, 0.7071], [null, 0.20639123250965705, 0.7172], [null, 0.20390838588097024, 0.7273], [null, 0.20146492432307278, 0.7373999999999999], [null, 0.19905554892792024, 0.7474999999999999], [null, 0.1966751169795913, 0.7575999999999999], [null, 0.19431859722641862, 0.7676999999999999], [null, 0.19198102387892585, 0.7777999999999999], [null, 0.18965744854628552, 0.7878999999999999], [null, 0.18734288303928762, 0.7979999999999999], [null, 0.18503224634243903, 0.8080999999999999], [null, 0.1827202930444059, 0.8181999999999999], [null, 0.18040152800308407, 0.8282999999999999], [null, 0.1780701204788976, 0.8383999999999999], [null, 0.175719775255559, 0.8484999999999999], [null, 0.17334358943905337, 0.8585999999999999], [null, 0.17093384841508236, 0.8686999999999999], [null, 0.16848178749578943, 0.8787999999999999], [null, 0.16597719634384028, 0.8888999999999999], [null, 0.16340795986789347, 0.8989999999999999], [null, 0.16075931142523675, 0.9090999999999999], [null, 0.15801273900737245, 0.9191999999999999], [null, 0.1551442487644124, 0.9292999999999999], [null, 0.15212145884693384, 0.9393999999999999], [null, 0.1488983722187209, 0.9494999999999999], [null, 0.14540502762618754, 0.9595999999999999], [null, 0.14152400567368092, 0.9697], [null, 0.13702432408448598, 0.9798], [null, 0.13127996281610532, 0.9899], [null, 6.015743458931411e-13, 1.0]]}