{"dim": 3, "delta": 5.5, "mu": 5.906055070328385, "dmu": 2.946428571428571, "g": -0.39104617407644726, "k_c": 50, "data": [[0.7643931631494023, null, 0.0001], [0.7636642664619545, null, 0.05565454545454546], [0.7614892676175098, null, 0.11120909090909091], [0.7578872779051548, null, 0.16676363636363634], [0.7528893553519278, null, 0.2223181818181818], [0.7465373994645804, null, 0.27787272727272727], [0.7388827174117844, null, 0.3334272727272727], [0.7299843508821737, null, 0.38898181818181815], [0.7199072489230919, null, 0.4445363636363636], [0.7087203484470849, null, 0.5000909090909091], [0.6964945780069571, null, 0.5556454545454546], [0.6833007266978517, null, 0.6112], [0.6692070064048209, null, 0.6667545454545454], [0.6542759951427082, null, 0.7223090909090909], [0.6385605740167135, null, 0.7778636363636363], [0.6220987440479746, null, 0.8334181818181818], [0.6049081457237552, null, 0.8889727272727272], [0.5869821684986158, null, 0.9445272727272727], [0.568289043880739, null, 1.0000818181818183], [0.5487730734472569, null, 1.0556363636363637], [0.5283556737975925, null, 1.1111909090909091], [0.5069343964836178, null, 1.1667454545454545], [0.4843790037498478, null, 1.2223], [0.4605238429440509, null, 1.2778545454545454], [0.43515508253313606, null, 1.3334090909090908], [0.40798977147106824, null, 1.3889636363636364], [0.3786404385840625, null, 1.4445181818181818], [0.34655151979526205, null, 1.5000727272727272], [0.3108746648573811, null, 1.5556272727272726], [0.27019117207182336, null, 1.611181818181818], [0.22176134613657442, null, 1.6667363636363637], [0.15864160524980336, null, 1.722290909090909], [0.031148246478863925, null, 1.7778454545454545]]}