{"dim": 3, "delta": 6.0, "mu": 5.906055070328385, "dmu": 3.3521739130434782, "g": -0.39323391783164535, "k_c": 50, "data": [[0.9884996322831312, null, 0.0001], [0.9869514278557671, null, 0.06070505050505051], [0.9820175473270573, null, 0.12131010101010102], [0.9741033605231854, null, 0.18191515151515153], [0.9662919812819095, null, 0.24252020202020202], [0.95831358218339, null, 0.3031252525252525], [0.949988086677318, null, 0.36373030303030307], [0.9411821923733917, null, 0.42433535353535357], [0.9317820733923348, null, 0.48494040404040406], [0.9216820082058219, null, 0.5455454545454546], [0.9107794894881296, null, 0.606150505050505], [0.8989736969496941, null, 0.6667555555555555], [0.8861661837337136, null, 0.7273606060606062], [0.8722633074198947, null, 0.7879656565656566], [0.8571801165806943, null, 0.8485707070707071], [0.8408453534585002, null, 0.9091757575757576], [0.8232070210530688, null, 0.9697808080808081], [0.8042377583637135, null, 1.0303858585858587], [0.7839391074317756, null, 1.0909909090909091], [0.7623438101961154, null, 1.1515959595959597], [0.739515575915827, null, 1.2122010101010101], [0.7155462337768734, null, 1.2728060606060607], [0.6905507223979053, null, 1.333411111111111], [0.6646607499078817, null, 1.3940161616161617], [0.6380180987155827, null, 1.4546212121212123], [0.6107684251273198, null, 1.5152262626262627], [0.5830561373592953, null, 1.5758313131313133], [0.5550206036455901, null, 1.6364363636363637], [0.5267936873394922, null, 1.6970414141414143], [0.49849843072050165, null, 1.7576464646464647], [0.47024863259305, null, 1.8182515151515153], [0.4421490629118154, null, 1.8788565656565657], [0.413463789538641, null, 1.9394616161616163], [0.38065171954347116, null, 2.000066666666667], [0.34346711843420996, null, 2.0606717171717177], [0.30070658686971463, null, 2.121276767676768], [0.24974035644537546, null, 2.1818818181818185], [0.18403860849547082, null, 2.242486868686869], [0.0704654331578652, null, 2.3030919191919197]]}