{"dim": 3, "delta": 4.25, "mu": 5.906055070328385, "dmu": 2.72265625, "g": -0.3846719574471317, "k_c": 50, "data": [[0.8537483761849598, null, 0.0001], [0.8546665542445067, null, 0.04302828282828283], [0.8574286080534307, null, 0.08595656565656566], [0.8620916975587146, null, 0.1288848484848485], [0.8688408888259738, null, 0.1718131313131313], [0.8775469584243968, null, 0.21474141414141412], [0.8872640074622209, null, 0.257669696969697], [0.8984505024765085, null, 0.3005979797979798], [0.9117730962557613, null, 0.3435262626262626], [0.9283306439006893, null, 0.38645454545454544], [0.9506328971195618, 0.984338528241539, 0.42938282828282825]]}