{"dim": 3, "delta": 8.75, "mu": 5.906055070328385, "dmu": 7.038602941176471, "g": -0.40300054335456215, "k_c": 50, "data": []}