{"dim": 3, "delta": 1.5, "mu": 5.906055070328385, "dmu": 0.8175000000000001, "g": -0.3603342691362375, "k_c": 50, "data": [[0.1678337964636556, 0.5070834824157627, 0.0001], [0.16770959561333112, 0.5070686213867057, 0.01525050505050505], [0.16734035194063693, 0.5070244060250179, 0.030401010101010102], [0.16672642399146595, 0.506950784415443, 0.045551515151515155], [0.1658683866151574, 0.5068476685763807, 0.06070202020202021], [0.16476699788338256, 0.5067149348426736, 0.07585252525252525], [0.16342315160814722, 0.5065524230344353, 0.09100303030303031], [0.161837814012304, 0.5063599354969893, 0.10615353535353536], [0.16001194279073652, 0.5061372359461603, 0.12130404040404041], [0.15794638607691525, 0.5058840479973501, 0.13645454545454544], [0.1556417582655287, 0.5056000535509255, 0.1516050505050505], [0.1530982884100341, 0.5052848905768758, 0.16675555555555555], [0.15031563604435547, 0.5049381509482994, 0.1819060606060606], [0.14729266784385803, 0.5045593776562954, 0.19705656565656565], [0.14402718493187977, 0.504148061636391, 0.2122070707070707], [0.14051558913487516, 0.5037036379541914, 0.22735757575757576], [0.1367524700250091, 0.5032254827783318, 0.2425080808080808], [0.13273008897645405, 0.5027129066854477, 0.25765858585858586], [0.12843770208094452, 0.5021651505548423, 0.2728090909090909], [0.12386072056553016, 0.5015813790479683, 0.28795959595959597], [0.1189795136947316, 0.500960673294494, 0.303110101010101], [0.11376779577575241, 0.5003020222348511, 0.3182606060606061], [0.10819026974748963, 0.49960431316089277, 0.3334111111111111], [0.10219907275034142, 0.4988663204078724, 0.3485616161616162], [0.09572813646593673, 0.49808669161040964, 0.3637121212121212], [0.08868364427500655, 0.49726393280318104, 0.3788626262626263], [0.08092680442342301, 0.4963963893659867, 0.3940131313131313], [0.07223915583704726, 0.49548222452504004, 0.4091636363636364], [0.06224295522864911, 0.49451939294855396, 0.4243141414141414], [0.0501736244480332, 0.493505609180079, 0.4394646464646465], [0.03389890259587476, 0.49243830881126444, 0.4546151515151515], [null, 0.49131460266682875, 0.4697656565656566], [null, 0.4901312172128878, 0.48491616161616163], [null, 0.48888441981707254, 0.5000666666666667], [null, 0.4875699290070304, 0.5152171717171717], [null, 0.48618279229805017, 0.5303676767676768], [null, 0.4847172304608204, 0.5455181818181818], [null, 0.48316642703154866, 0.5606686868686869], [null, 0.4815222449608981, 0.575819191919192], [null, 0.4797748271682056, 0.590969696969697], [null, 0.4779120248189538, 0.606120202020202], [null, 0.47591854335082345, 0.6212707070707071], [null, 0.47377461352163086, 0.6364212121212122], [null, 0.4714538059714585, 0.6515717171717172], [null, 0.46891916948235685, 0.6667222222222222], [null, 0.4661157233629165, 0.6818727272727273], [null, 0.4629535907932544, 0.6970232323232324], [null, 0.45926016991373353, 0.7121737373737375], [null, 0.45454928671738054, 0.7273242424242424], [null, 0.44676866782725727, 0.7424747474747475], [null, 0.43881632835687984, 0.7576252525252526], [null, 0.43122036278473436, 0.7727757575757576], [null, 0.42395719597197756, 0.7879262626262626], [null, 0.41700398075321343, 0.8030767676767677], [null, 0.4103396439051396, 0.8182272727272728], [null, 0.4039442823597422, 0.8333777777777778], [null, 0.3977991956838676, 0.8485282828282829], [null, 0.39188683685078224, 0.8636787878787879], [null, 0.3861907379473949, 0.878829292929293], [null, 0.38069544447069276, 0.893979797979798], [null, 0.37538644958997197, 0.9091303030303031], [null, 0.3702501299962153, 0.9242808080808081], [null, 0.36527368039308794, 0.9394313131313132], [null, 0.36044505280609984, 0.9545818181818182], [null, 0.35575289643173347, 0.9697323232323233], [null, 0.3511864855411798, 0.9848828282828284], [null, 0.3467357323155953, 1.0000333333333333], [null, 0.34239099477060275, 1.0151838383838385], [null, 0.3381431618610456, 1.0303343434343435], [null, 0.33398353331790165, 1.0454848484848485], [null, 0.32990378313686425, 1.0606353535353537], [null, 0.3258959102221022, 1.0757858585858586], [null, 0.32195218839157536, 1.0909363636363636], [null, 0.3180651173626802, 1.1060868686868688], [null, 0.3142273702459716, 1.1212373737373738], [null, 0.3104317435251152, 1.136387878787879], [null, 0.30667109535110637, 1.151538383838384], [null, 0.30293829020816626, 1.1666888888888889], [null, 0.2992261290644829, 1.181839393939394], [null, 0.29552727401484763, 1.196989898989899], [null, 0.29183416183824284, 1.212140404040404], [null, 0.28813890129622566, 1.2272909090909092], [null, 0.28443315002592956, 1.2424414141414142], [null, 0.2807079634161371, 1.2575919191919191], [null, 0.2769536047711953, 1.2727424242424243], [null, 0.2731593017668915, 1.2878929292929293], [null, 0.2693129269332871, 1.3030434343434345], [null, 0.265400567857239, 1.3181939393939395], [null, 0.2614059341445376, 1.3333444444444444], [null, 0.2573095136061907, 1.3484949494949496], [null, 0.25308733225254726, 1.3636454545454546], [null, 0.24870905566244558, 1.3787959595959596], [null, 0.24413494086130208, 1.3939464646464648], [null, 0.23931063682793066, 1.4090969696969697], [null, 0.23415760257347165, 1.424247474747475], [null, 0.22855347643800283, 1.43939797979798], [null, 0.2222851771582815, 1.4545484848484849], [null, 0.2149046862911644, 1.46969898989899], [null, 0.2049603944002088, 1.484849494949495], [null, 8.770761894538737e-14, 1.5]]}