{"dim": 3, "delta": 0.25, "mu": 5.906055070328385, "dmu": 0.16812500000000002, "g": -0.3240909709653437, "k_c": 50, "data": [[0.04874967399124557, 0.08127930816223405, 0.0001], [0.04866343175412064, 0.08127450008847033, 0.0026242424242424243], [0.04860442737468832, 0.08126076789291903, 0.005148484848484849], [0.0485562754298421, 0.08123807118751845, 0.007672727272727274], [0.04851350157046073, 0.08120634270395417, 0.010196969696969697], [0.04847427411791057, 0.08116548745664164, 0.012721212121212123], [0.04843783079740115, 0.08111538077316448, 0.015245454545454546], [0.048403860935596926, 0.08105586759958226, 0.01776969696969697], [0.0483722920780154, 0.08098675906813835, 0.020293939393939395], [0.048343201672500474, 0.08090782978424993, 0.02281818181818182], [0.0483167775706525, 0.0808188138184623, 0.025342424242424246], [0.04829330117687906, 0.08071940076024668, 0.027866666666666668], [0.04827314299042795, 0.0806092293485467, 0.030390909090909093], [0.04825676610774976, 0.08048787954412429, 0.03291515151515152], [0.04824473619282277, 0.0803548665316699, 0.035439393939393944], [0.048237737582075765, 0.08020962559087119, 0.03796363636363637], [0.04823659609861017, 0.08005150022226544, 0.040487878787878795], [0.04824231044690844, 0.07987972365845167, 0.04301212121212122], [0.04825609458399728, 0.07969339532673575, 0.045536363636363646], [0.04827943521487106, 0.07949145005985522, 0.04806060606060607], [0.04831417059559918, 0.0792726174959613, 0.050584848484848496], [0.048362600251398956, 0.07903536540057099, 0.05310909090909092], [0.048427640764706625, 0.0787778229076168, 0.05563333333333334], [0.0485130523936596, 0.07849766840088329, 0.05815757575757577], [0.04862377846388103, 0.07819196550077769, 0.06068181818181819], [0.04876646967403481, 0.07785691053450325, 0.06320606060606061], [0.04895033480512063, 0.07748742498294213, 0.06573030303030304], [0.04918858062312604, 0.07707645825792626, 0.06825454545454547], [0.04950102962517534, 0.07661369415098944, 0.07077878787878789], [0.049919288991049346, 0.07608287880380275, 0.07330303030303031], [0.050498246980907185, 0.07545533887199009, 0.07582727272727274], [0.05134654651741528, 0.07466943823819046, 0.07835151515151516], [0.052735826579492835, 0.07350917796702812, 0.08087575757575759], [0.055944147662439755, 0.06580861891008864, 0.08340000000000002]]}