{"dim": 3, "delta": 1.75, "mu": 5.906055070328385, "dmu": 1.0499999999999998, "g": -0.36379223926437015, "k_c": 50, "data": [[0.28022771171432975, 0.5626076772866232, 0.0001], [0.28004555547943266, 0.5625852602141674, 0.017775757575757577], [0.2795025737680271, 0.5625184679250779, 0.03545151515151516], [0.2785967223811834, 0.5624071717402829, 0.05312727272727273], [0.2773234310480153, 0.5622511565933828, 0.07080303030303031], [0.275672703134233, 0.5620501184375591, 0.08847878787878789], [0.2736193930001786, 0.5618036625795464, 0.10615454545454546], [0.2710487782314307, 0.5615112976180182, 0.12383030303030304], [0.2682066424203955, 0.5611724328542925, 0.1415060606060606], [0.26532083312884025, 0.5607863712060877, 0.15918181818181817], [0.26237361653313407, 0.5603523020514826, 0.17685757575757577], [0.2593498585979065, 0.5598692930934935, 0.19453333333333334], [0.2562360089799231, 0.5593362790307783, 0.2122090909090909], [0.2530194739578452, 0.5587520496556234, 0.2298848484848485], [0.24968821572378808, 0.5581152351568064, 0.24756060606060606], [0.24623049379231962, 0.5574242883901288, 0.26523636363636366], [0.24263470166923115, 0.5566774631998105, 0.2829121212121212], [0.23888927599893722, 0.5558727914069781, 0.3005878787878788], [0.23498266209626356, 0.5550080485719031, 0.31826363636363636], [0.23090333339211996, 0.5540807206057493, 0.335939393939394], [0.22663986059629623, 0.5530879570279551, 0.35361515151515155], [0.22218103356080846, 0.5520265159506045, 0.3712909090909091], [0.21751603761256622, 0.5508926950860858, 0.3889666666666667], [0.21263468723045834, 0.5496822452634478, 0.40664242424242425], [0.20752771978731135, 0.5483902607867887, 0.4243181818181818], [0.20218714721408676, 0.5470110370470245, 0.44199393939393944], [0.19660666286332745, 0.5455378859076729, 0.459669696969697], [0.19078209300323443, 0.5439628881222218, 0.4773454545454546], [0.18471187803915176, 0.5422765574226801, 0.49502121212121214], [0.1783975549757608, 0.540467372275492, 0.5126969696969698], [0.17184422664712518, 0.5385211046400753, 0.5303727272727273], [0.16506095662694334, 0.5364198248504842, 0.5480484848484849], [0.15806107624864946, 0.5341403632213453, 0.5657242424242425], [0.15086235675434115, 0.5316518100663303, 0.5834], [0.1434870143174705, 0.5289111696030372, 0.6010757575757576], [0.13596153802970257, 0.5258551189045461, 0.6187515151515152], [0.12831633338124723, 0.5223822983381468, 0.6364272727272727], [0.1205851981952964, 0.5183071016107611, 0.6541030303030303], [0.11280466191260834, 0.5131853228286596, 0.671778787878788], [0.10501231722936873, 0.5040542627987882, 0.6894545454545455], [0.09637885551751235, 0.4918417731588183, 0.7071303030303031], [0.08652744970076828, 0.4804536871086802, 0.7248060606060607], [0.07517581778548532, 0.4698314593499791, 0.7424818181818182], [0.06157454676430011, 0.4599180191289021, 0.7601575757575758], [0.04372519840974563, 0.45065832538664236, 0.7778333333333334], [0.003968477374572999, 0.4419998054998979, 0.7955090909090909], [null, 0.43389267566450634, 0.8131848484848485], [null, 0.4262901489620717, 0.8308606060606061], [null, 0.41914854009738073, 0.8485363636363636], [null, 0.41242728906879755, 0.8662121212121213], [null, 0.40608891163145694, 0.8838878787878789], [null, 0.4000988984092991, 0.9015636363636365], [null, 0.39442557533903144, 0.919239393939394], [null, 0.3890399384735109, 0.9369151515151516], [null, 0.3839154736417131, 0.9545909090909092], [null, 0.3790279692012731, 0.9722666666666667], [null, 0.37435532902832946, 0.9899424242424243], [null, 0.3698773869842772, 1.007618181818182], [null, 0.3655757378636667, 1.0252939393939395], [null, 0.361433558108619, 1.042969696969697], [null, 0.35743546233267914, 1.0606454545454547], [null, 0.35356735231956643, 1.0783212121212122], [null, 0.3498162843630881, 1.0959969696969698], [null, 0.34617034606902314, 1.1136727272727274], [null, 0.3426185441922452, 1.131348484848485], [null, 0.33915069950507093, 1.1490242424242425], [null, 0.33575735325932415, 1.1667], [null, 0.3324296790252109, 1.1843757575757576], [null, 0.3291594024777117, 1.2020515151515152], [null, 0.32593872605454915, 1.2197272727272728], [null, 0.32276025837252653, 1.2374030303030303], [null, 0.31961694816618064, 1.255078787878788], [null, 0.31650202137606565, 1.2727545454545455], [null, 0.3134089185397084, 1.290430303030303], [null, 0.3103312336686958, 1.3081060606060606], [null, 0.3072626526057357, 1.3257818181818184], [null, 0.30419688899410685, 1.343457575757576], [null, 0.3011276165700806, 1.3611333333333335], [null, 0.29804839581652887, 1.378809090909091], [null, 0.2949525920344805, 1.3964848484848487], [null, 0.2918332819203977, 1.4141606060606062], [null, 0.28868314417130614, 1.4318363636363638], [null, 0.285494328371601, 1.4495121212121214], [null, 0.28225829409016207, 1.467187878787879], [null, 0.278965626992471, 1.4848636363636365], [null, 0.2756056910044006, 1.502539393939394], [null, 0.272166466032471, 1.5202151515151516], [null, 0.2686339132222325, 1.5378909090909092], [null, 0.2649914321399476, 1.5555666666666668], [null, 0.261218944979568, 1.5732424242424243], [null, 0.2572915755249601, 1.590918181818182], [null, 0.25317762723958476, 1.6085939393939395], [null, 0.2488353362457026, 1.626269696969697], [null, 0.2442073367524808, 1.6439454545454546], [null, 0.23921045609564845, 1.6616212121212122], [null, 0.23371482404971716, 1.6792969696969697], [null, 0.22749396873428682, 1.6969727272727273], [null, 0.2200714264385613, 1.714648484848485], [null, 0.20990355689265178, 1.7323242424242427], [null, 2.0183299476173033e-12, 1.75]]}