{"dim": 3, "delta": 0.75, "mu": 5.906055070328385, "dmu": 0.43125, "g": -0.34545454776739287, "k_c": 50, "data": [[0.10226800748105085, 0.25884335072718717, 0.0001], [0.10220718691486667, 0.2588351598180684, 0.007674747474747475], [0.10202798646561496, 0.25881099664998736, 0.015249494949494949], [0.10173079674299053, 0.2587708313394201, 0.022824242424242424], [0.10131626461258568, 0.25871461314155747, 0.030398989898989898], [0.10078529038368012, 0.25864227076136853, 0.037973737373737375], [0.10013902386437763, 0.2585537117267856, 0.04554848484848485], [0.09937885922078377, 0.25844882198436353, 0.05312323232323232], [0.09850642861203002, 0.25832746508709165, 0.0606979797979798], [0.09752359444133304, 0.25818948132081493, 0.06827272727272728], [0.09643244006055803, 0.2580346867942063, 0.07584747474747475], [0.09523525843708719, 0.2578628714357241, 0.08342222222222222], [0.09393453853475171, 0.2576737991815911, 0.0909969696969697], [0.09253294780224379, 0.25746716577634826, 0.09857171717171717], [0.09103330959218542, 0.25724279110546006, 0.10614646464646464], [0.08943857223685044, 0.2570002302038802, 0.11372121212121213], [0.08775176483689404, 0.25673915767584016, 0.1212959595959596], [0.08597593138313336, 0.25645916994807777, 0.12887070707070705], [0.08411402952378627, 0.256159822347084, 0.13644545454545454], [0.08216877406999375, 0.25584062365493654, 0.144020202020202], [0.0801424005828146, 0.2555010321230058, 0.15159494949494948], [0.07803633216798884, 0.2551404501897729, 0.15916969696969696], [0.07585076542101905, 0.2547582174961661, 0.16674444444444442], [0.07358424609437567, 0.25435360422954756, 0.1743191919191919], [0.07123333262467145, 0.25392580194302206, 0.18189393939393939], [0.06879238985720307, 0.2534739134574083, 0.18946868686868684], [0.06625344731495401, 0.25299694048021265, 0.19704343434343433], [0.0636059916926308, 0.25249376887720015, 0.2046181818181818], [0.06083656574524159, 0.25196315091287413, 0.21219292929292927], [0.0579280444379801, 0.2514036830628031, 0.21976767676767675], [0.054858469612687595, 0.25081378005883986, 0.22734242424242423], [0.05159912309496215, 0.25019164124490206, 0.2349171717171717], [0.04811138016340463, 0.24953520805416754, 0.24249191919191918], [0.04434124697784722, 0.2488421116818927, 0.25006666666666666], [0.040209189802049676, 0.24810960362911677, 0.2576414141414141], [0.03558915635453978, 0.2473344651002741, 0.26521616161616157], [0.030258185135319398, 0.24651288534704527, 0.2727909090909091], [0.023741798307392325, 0.24564029627979045, 0.28036565656565654], [0.01452305185853336, 0.24471113681340367, 0.287940404040404], [null, 0.24371851640197054, 0.2955151515151515], [null, 0.24265370633002803, 0.30308989898989896], [null, 0.24150533843274152, 0.3106646464646464], [null, 0.24025808487011321, 0.31823939393939393], [null, 0.2388902804349762, 0.3258141414141414], [null, 0.23736923640614835, 0.33338888888888885], [null, 0.23564050222773142, 0.34096363636363636], [null, 0.2335964506632572, 0.3485383838383838], [null, 0.23091460788664034, 0.35611313131313127], [null, 0.22608392414488526, 0.3636878787878788], [null, 0.22119139469059731, 0.37126262626262624], [null, 0.21658223824390563, 0.3788373737373737], [null, 0.21223352679861304, 0.3864121212121212], [null, 0.20812409024993225, 0.39398686868686866], [null, 0.20423440784650776, 0.4015616161616161], [null, 0.20054649882165823, 0.40913636363636363], [null, 0.1970438143814975, 0.4167111111111111], [null, 0.19371113106723395, 0.42428585858585854], [null, 0.19053444873799666, 0.43186060606060606], [null, 0.18750089214653834, 0.4394353535353535], [null, 0.18459861741689312, 0.44701010101010097], [null, 0.18181672244443878, 0.4545848484848485], [null, 0.17914516741491374, 0.46215959595959594], [null, 0.1765746939746544, 0.4697343434343434], [null, 0.17409675476407943, 0.4773090909090909], [null, 0.1717034456180993, 0.48488383838383836], [null, 0.16938744437806497, 0.4924585858585858], [null, 0.16714195248042701, 0.5000333333333333], [null, 0.16496064198863433, 0.5076080808080807], [null, 0.16283760566311686, 0.5151828282828282], [null, 0.1607673110426536, 0.5227575757575758], [null, 0.15874455684620137, 0.5303323232323232], [null, 0.15676443131061782, 0.5379070707070707], [null, 0.15482227899193607, 0.5454818181818182], [null, 0.1529136524162538, 0.5530565656565656], [null, 0.1510342874303951, 0.5606313131313131], [null, 0.1491800591755763, 0.5682060606060606], [null, 0.14734695952900922, 0.575780808080808], [null, 0.14553103678868057, 0.5833555555555555], [null, 0.14372838050456552, 0.590930303030303], [null, 0.14193506815541687, 0.5985050505050504], [null, 0.14014712167523186, 0.6060797979797979], [null, 0.13836045511063963, 0.6136545454545455], [null, 0.136570813994135, 0.6212292929292929], [null, 0.1347737026946766, 0.6288040404040404], [null, 0.1329642947934493, 0.6363787878787879], [null, 0.13113732102019957, 0.6439535353535353], [null, 0.1292869239893659, 0.6515282828282828], [null, 0.1274064658885709, 0.6591030303030303], [null, 0.1254882666809854, 0.6666777777777777], [null, 0.12352323703761606, 0.6742525252525252], [null, 0.1215003463565327, 0.6818272727272727], [null, 0.11940582219565503, 0.6894020202020201], [null, 0.1172218891898891, 0.6969767676767676], [null, 0.11492467121954066, 0.7045515151515152], [null, 0.1124804438498154, 0.7121262626262626], [null, 0.10983828770559227, 0.7197010101010101], [null, 0.10691364888993514, 0.7272757575757576], [null, 0.1035431856080968, 0.734850505050505], [null, 0.09930260628288233, 0.7424252525252525], [null, -6.957767695325856e-13, 0.75]]}