{"dim": 3, "delta": 5.75, "mu": 5.906055070328385, "dmu": 3.30625, "g": -0.3921613007980973, "k_c": 50, "data": [[0.9972150851591014, null, 0.0001], [0.9941359978474196, null, 0.058179797979797984], [0.9905988159351863, null, 0.11625959595959597], [0.9873798108841177, null, 0.17433939393939393], [0.9841781838528725, null, 0.23241919191919191], [0.980866810528674, null, 0.2904989898989899], [0.9773631412804864, null, 0.3485787878787879], [0.9735973224091322, null, 0.40665858585858583], [0.9694996348141888, null, 0.46473838383838384], [0.9649933959612669, null, 0.5228181818181818], [0.9599894860275117, null, 0.5808979797979799], [0.9543811295329744, null, 0.6389777777777778], [0.9480384038924979, null, 0.6970575757575758], [0.9408025514875397, null, 0.7551373737373738], [0.9324806451161608, null, 0.8132171717171717], [0.9228423318800328, null, 0.8712969696969697], [0.9116216618456348, null, 0.9293767676767677], [0.8985286651226226, null, 0.9874565656565657], [0.8832757307620118, null, 1.0455363636363637], [0.8656207094079297, null, 1.1036161616161617], [0.8454198851096889, null, 1.1616959595959597], [0.8226727355353379, null, 1.2197757575757575], [0.797536804291107, null, 1.2778555555555555], [0.7703031860088717, null, 1.3359353535353535], [0.7413440316968265, null, 1.3940151515151515], [0.7110552368411804, null, 1.4520949494949495], [0.6798127440677719, null, 1.5101747474747476], [0.6479484417864565, null, 1.5682545454545456], [0.6157423473900978, null, 1.6263343434343434], [0.5834247641642737, null, 1.6844141414141414], [0.5511830310527097, null, 1.7424939393939394], [0.5191694988652409, null, 1.8005737373737374], [0.4875090217533343, null, 1.8586535353535354], [0.4563053496055724, null, 1.9167333333333334], [0.42564625612577384, null, 1.9748131313131314], [0.3956075650102791, null, 2.0328929292929296], [0.3662562339875274, null, 2.0909727272727276], [0.3368318967402028, null, 2.1490525252525257], [0.3019379719198662, null, 2.2071323232323237], [0.26050269928211084, 0.9963420551052339, 2.2652121212121217], [0.20943590711631768, 0.9926214341692545, 2.3232919191919197], [0.13896606946074597, 0.9889791701244922, 2.3813717171717173], [null, 0.9853983725857322, 2.4394515151515153], [null, 0.9818645588800579, 2.4975313131313133], [null, 0.9783652042986196, 2.5556111111111113], [null, 0.9748893884032217, 2.6136909090909093], [null, 0.9714275093885094, 2.6717707070707073], [null, 0.9679710524330329, 2.7298505050505053], [null, 0.964512401005415, 2.7879303030303033], [null, 0.9610446813077396, 2.8460101010101013], [null, 0.9575616333406529, 2.9040898989898993], [null, 0.9540575031817824, 2.9621696969696973], [null, 0.9505269520749801, 3.0202494949494954], [null, 0.9469649789667554, 3.0783292929292934], [null, 0.9433668538025403, 3.1364090909090914], [null, 0.9397280595353353, 3.1944888888888894], [null, 0.9360442283483381, 3.252568686868687], [null, 0.9323111576906945, 3.310648484848485], [null, 0.9285246448228693, 3.368728282828283], [null, 0.9246805716422158, 3.426808080808081], [null, 0.9207748064763489, 3.484887878787879], [null, 0.916803181112569, 3.542967676767677], [null, 0.912761456414312, 3.601047474747475], [null, 0.9086452871832901, 3.659127272727273], [null, 0.904450186858442, 3.717207070707071], [null, 0.9001714908947409, 3.775286868686869], [null, 0.8958043154408283, 3.833366666666667], [null, 0.8913434958380686, 3.891446464646465], [null, 0.8867836403765978, 3.949526262626263], [null, 0.8821188765671035, 4.007606060606061], [null, 0.877342988901445, 4.065685858585859], [null, 0.8724492563683358, 4.123765656565657], [null, 0.8674303902157102, 4.181845454545455], [null, 0.8622784427716723, 4.239925252525253], [null, 0.8569846988596871, 4.298005050505051], [null, 0.8515395461452847, 4.356084848484849], [null, 0.84593231892251, 4.414164646464647], [null, 0.8401511077890368, 4.472244444444445], [null, 0.8341825252274165, 4.530324242424243], [null, 0.8280114134683736, 4.588404040404041], [null, 0.8216204757462867, 4.646483838383839], [null, 0.8149898043447575, 4.704563636363636], [null, 0.8080962671505563, 4.762643434343434], [null, 0.800912696390336, 4.820723232323232], [null, 0.7934067944898724, 4.87880303030303], [null, 0.7855396251180461, 4.936882828282828], [null, 0.7772634766404648, 4.994962626262626], [null, 0.7685187432107119, 5.053042424242424], [null, 0.7592292015036801, 5.111122222222222], [null, 0.7492945274554402, 5.16920202020202], [null, 0.738577758778485, 5.227281818181818], [null, 0.7268826982048422, 5.285361616161616], [null, 0.7139089997578107, 5.343441414141414], [null, 0.6991493154334771, 5.401521212121212], [null, 0.6815937681786423, 5.45960101010101], [null, 0.6583789466205369, 5.517680808080808], [null, 0.5936802558224149, 5.575760606060606], [null, 0.4847720121105861, 5.633840404040404], [null, 0.3428097914400171, 5.691920202020202], [null, -7.721601136267964e-14, 5.75]]}