{"dim": 3, "delta": 6.25, "mu": 5.906055070328385, "dmu": 3.4765625, "g": -0.39426752038007834, "k_c": 50, "data": [[0.9936424251613883, null, 0.3788818181818182], [0.9846257571610592, null, 0.44201212121212125], [0.9749202021672215, null, 0.5051424242424243], [0.9644052277915641, null, 0.5682727272727273], [0.9529618010714686, null, 0.6314030303030304], [0.9404718298236074, null, 0.6945333333333334], [0.9268202039758272, null, 0.7576636363636364], [0.9118990829308486, null, 0.8207939393939394], [0.8956140341768146, null, 0.8839242424242425], [0.8778913831063878, null, 0.9470545454545456], [0.8586857895610646, null, 1.0101848484848486], [0.8379866870957526, null, 1.0733151515151516], [0.8158222072255727, null, 1.1364454545454545], [0.7922595552584935, null, 1.1995757575757577], [0.767401572452681, null, 1.2627060606060607], [0.741380065612393, null, 1.3258363636363637], [0.7143472358234207, null, 1.388966666666667], [0.6864666097418938, null, 1.4520969696969699], [0.6579048662694306, null, 1.5152272727272729], [0.6288253032639682, null, 1.5783575757575758], [0.5993832691755483, null, 1.6414878787878788], [0.569723448048046, null, 1.704618181818182], [0.5399786641777575, null, 1.767748484848485], [0.5102698032257343, null, 1.830878787878788], [0.4807064648465651, null, 1.8940090909090912], [0.45138803619235135, null, 1.9571393939393942], [0.41915117708125216, null, 2.0202696969696974], [0.38241916533026304, null, 2.0834000000000006], [0.340579757312245, null, 2.1465303030303033], [0.2917382647287589, null, 2.2096606060606065], [0.23169995364775967, null, 2.2727909090909093], [0.14755205395852444, null, 2.3359212121212125]]}