{"dim": 3, "delta": 8.5, "mu": 5.906055070328385, "dmu": 5.988636363636365, "g": -0.4022307001799819, "k_c": 50, "data": []}