{"dim": 3, "delta": 3.0, "mu": 5.906055070328385, "dmu": 2.031818181818182, "g": -0.37628449054250135, "k_c": 50, "data": [[0.6387628930149842, 0.7756313271071039, 0.0001], [0.6392837866260199, 0.7754435405700335, 0.0304020202020202], [0.6408425181559342, 0.7748773931408086, 0.060704040404040406], [0.6434477737269919, 0.7739165028072371, 0.0910060606060606], [0.6471142864077734, 0.7725311171127475, 0.12130808080808081], [0.6518632806174819, 0.7706735393031312, 0.151610101010101], [0.6577232753520669, 0.7682693997161602, 0.1819121212121212], [0.6647325238238276, 0.7652003517947463, 0.2122141414141414], [0.6729310537098953, 0.7612661908290099, 0.2425161616161616], [0.6823282869671607, 0.7560865444314462, 0.2728181818181818], [0.6936660790528494, 0.7487551557195977, 0.303120202020202], [0.7112006780272734, 0.7351145263717386, 0.33342222222222223]]}