{"dim": 3, "delta": 2.5, "mu": 5.906055070328385, "dmu": 1.5, "g": -0.3719912209058008, "k_c": 50, "data": [[0.4117450564382259, 0.762418352894003, 0.0001], [0.41143472861870056, 0.7623831399136702, 0.02535151515151515], [0.4105043103485592, 0.7622779669514922, 0.0506030303030303], [0.40893787744949345, 0.7621025705066758, 0.07585454545454545], [0.4066922486846638, 0.7618565091237932, 0.1011060606060606], [0.40356711350142416, 0.7615391571964187, 0.12635757575757572], [0.39997620665125566, 0.761149697550202, 0.1516090909090909], [0.3963704170446099, 0.760687111135987, 0.17686060606060605], [0.39271193610758603, 0.7601501634278766, 0.2021121212121212], [0.3889716630470836, 0.7595373896988094, 0.22736363636363632], [0.3851253604606216, 0.7588470710660473, 0.25261515151515146], [0.38115154875745566, 0.7580772129062644, 0.27786666666666665], [0.37703026287639096, 0.7572255128930875, 0.3031181818181818], [0.37274227630384665, 0.7562893240894656, 0.3283696969696969], [0.3682686004364769, 0.7552656092974017, 0.3536212121212121], [0.3635901602336643, 0.7541508856146235, 0.37887272727272725], [0.3586875958894437, 0.7529411536750754, 0.4041242424242424], [0.3535411646823889, 0.7516318210527353, 0.4293757575757575], [0.3481307339546905, 0.7502175767485475, 0.45462727272727266], [0.3424358646113629, 0.7486922729982218, 0.47987878787878785], [0.33643599112573946, 0.7470487410753339, 0.5051303030303029], [0.3301107071285385, 0.7452785647233378, 0.5303818181818182], [0.3234401668413799, 0.7433717778054878, 0.5556333333333333], [0.3164056108147751, 0.7413164552732193, 0.5808848484848484], [0.3089900185968468, 0.7390981480057857, 0.6061363636363636], [0.3011788842542552, 0.7366990809178171, 0.6313878787878787], [0.2929610944975576, 0.7340969773642698, 0.6566393939393939], [0.28432987656008807, 0.7312632699137381, 0.681890909090909], [0.27528376359776574, 0.7281602447230981, 0.7071424242424242], [0.26582750869059785, 0.7247362002958082, 0.7323939393939394], [0.25597286684783205, 0.7209165667857423, 0.7576454545454545], [0.24573916126609435, 0.7165857307317469, 0.7828969696969696], [0.23515357357044359, 0.7115432124843454, 0.8081484848484848], [0.22425099719879354, 0.7053632782806496, 0.8333999999999999], [0.21307375349764415, 0.6963879440985686, 0.858651515151515], [0.20167065296679645, 0.6796606178186085, 0.8839030303030302], [0.19009599440235406, 0.6639453570288489, 0.9091545454545453], [0.17840824234185748, 0.6493062147529989, 0.9344060606060606], [0.16666866041504144, 0.635675016551535, 0.9596575757575757], [0.15493987193181788, 0.622982665480914, 0.9849090909090908], [0.1432845544091539, 0.6111603414734446, 1.0101606060606059], [0.1304633800687898, 0.6001405671009735, 1.0354121212121212], [0.11545999839466181, 0.5898580893645631, 1.0606636363636364], [0.09773343394130232, 0.5802505788388725, 1.0859151515151515], [0.07555280944158806, 0.5712591160763659, 1.1111666666666666], [0.04258017430585766, 0.562828510190905, 1.1364181818181818], [null, 0.5549074529945411, 1.161669696969697], [null, 0.5474485387502821, 1.186921212121212], [null, 0.5404081951420705, 1.2121727272727272], [null, 0.5337465318484184, 1.2374242424242423], [null, 0.5274271411255083, 1.2626757575757575], [null, 0.5214168736929367, 1.2879272727272726], [null, 0.5156855809686245, 1.3131787878787877], [null, 0.5102058774702257, 1.3384303030303029], [null, 0.5049528878277112, 1.363681818181818], [null, 0.49990401133057, 1.3889333333333331], [null, 0.4950386977727931, 1.4141848484848485], [null, 0.4903382383179571, 1.4394363636363636], [null, 0.48578557232681385, 1.4646878787878788], [null, 0.48136510998916915, 1.489939393939394], [null, 0.47706257041258787, 1.515190909090909], [null, 0.47286483433593596, 1.5404424242424242], [null, 0.4687598095575933, 1.5656939393939393], [null, 0.4647363105794138, 1.5909454545454544], [null, 0.4607839465537325, 1.6161969696969696], [null, 0.4568930210320668, 1.6414484848484847], [null, 0.4530544390223667, 1.6666999999999998], [null, 0.44925962201621866, 1.691951515151515], [null, 0.44550042869360806, 1.7172030303030301], [null, 0.44176908018521477, 1.7424545454545453], [null, 0.43805808959040454, 1.7677060606060604], [null, 0.43436019365408085, 1.7929575757575755], [null, 0.43066828580402833, 1.8182090909090907], [null, 0.42697534602329745, 1.843460606060606], [null, 0.42327438807100043, 1.8687121212121212], [null, 0.4195583561303095, 1.8939636363636363], [null, 0.41582008016732686, 1.9192151515151514], [null, 0.412052174982617, 1.9444666666666666], [null, 0.4082469499435011, 1.9697181818181817], [null, 0.404396300113257, 1.9949696969696968], [null, 0.4004915769071945, 2.020221212121212], [null, 0.39652343746069146, 2.0454727272727276], [null, 0.3924816553968801, 2.0707242424242427], [null, 0.3883548868896673, 2.095975757575758], [null, 0.3841303717135536, 2.121227272727273], [null, 0.3797935442792767, 2.146478787878788], [null, 0.37532751608759307, 2.1717303030303032], [null, 0.3707123708979594, 2.1969818181818184], [null, 0.36592417837059504, 2.2222333333333335], [null, 0.36093357225351524, 2.2474848484848486], [null, 0.35570362657451754, 2.2727363636363638], [null, 0.3501865463052779, 2.297987878787879], [null, 0.34431823559360114, 2.323239393939394], [null, 0.3380087740900785, 2.348490909090909], [null, 0.33112420047966445, 2.3737424242424243], [null, 0.3234471745454774, 2.3989939393939395], [null, 0.3145748694938164, 2.4242454545454546], [null, 0.3035514623528644, 2.4494969696969697], [null, 0.2850603561672841, 2.474748484848485], [null, 6.661338147750939e-16, 2.5]]}