{"dim": 3, "delta": 2.25, "mu": 5.906055070328385, "dmu": 1.7662499999999999, "g": -0.3695412280249876, "k_c": 50, "data": []}