{"dim": 3, "delta": 4.75, "mu": 5.906055070328385, "dmu": 2.810416666666667, "g": -0.38740315711529844, "k_c": 50, "data": [[0.8338448936981555, null, 0.0001], [0.8316015949561281, null, 0.04807878787878788], [0.8283107674175559, null, 0.09605757575757576], [0.8254055470668196, null, 0.14403636363636363], [0.8225954133848278, null, 0.1920151515151515], [0.8197669406593792, null, 0.23999393939393937], [0.8168551121668483, null, 0.28797272727272727], [0.8138123725229941, null, 0.3359515151515151], [0.810597369492384, null, 0.383930303030303], [0.8071695718858911, null, 0.4319090909090909], [0.8034859897624148, null, 0.47988787878787875], [0.7994986687607726, null, 0.5278666666666666], [0.7951523883471384, null, 0.5758454545454545], [0.7903822906179346, null, 0.6238242424242424], [0.7851113020899344, null, 0.6718030303030302], [0.7792473251386103, null, 0.7197818181818182], [0.7726803200433222, null, 0.767760606060606], [0.7652796302599547, null, 0.8157393939393939], [0.7568922737188338, null, 0.8637181818181818], [0.7473434499291267, null, 0.9116969696969697], [0.7364411218348343, null, 0.9596757575757575], [0.7239868933036316, null, 1.0076545454545454], [0.7097948734529839, null, 1.0556333333333332], [0.6937179759166373, null, 1.1036121212121213], [0.6756770341018619, null, 1.151590909090909], [0.655684024512141, null, 1.199569696969697], [0.6338500666652209, 0.9676711582448216, 1.2475484848484848], [0.6103740100992947, 0.9503405297496461, 1.2955272727272726], [0.5855156769881704, 0.9352876145801452, 1.3435060606060605], [0.559563510572096, 0.9222127971636288, 1.3914848484848485], [0.5328061057519519, 0.9108204234101742, 1.4394636363636364], [0.5055126971519636, 0.9008379550404682, 1.4874424242424242], [0.4779230253063009, 0.892025784918671, 1.535421212121212], [0.45024439873267363, 0.8841798936483108, 1.5834], [0.42265321583353554, 0.8771301111504055, 1.6313787878787878], [0.39529839780916176, 0.8707362374080126, 1.6793575757575756], [0.36830612435635585, 0.864883494887009, 1.7273363636363637], [0.341783613463469, 0.8594781024566583, 1.7753151515151515], [0.3158230319512702, 0.8544434056673942, 1.8232939393939394], [0.29050453867732406, 0.8497164951590841, 1.8712727272727272], [0.26589878417086615, 0.8452455810448817, 1.919251515151515], [0.24039161491641614, 0.8409877701176482, 1.9672303030303029], [0.20914215059122646, 0.8369073325361929, 2.015209090909091], [0.17058404175322658, 0.8329743150867497, 2.063187878787879], [0.11848931198954374, 0.8291634399796657, 2.1111666666666666], [null, 0.8254532278145478, 2.1591454545454547], [null, 0.8218252982584633, 2.2071242424242428], [null, 0.8182638096221535, 2.2551030303030304], [null, 0.8147550079378724, 2.3030818181818185], [null, 0.8112868621538241, 2.351060606060606], [null, 0.8078487674367987, 2.399039393939394], [null, 0.8044313022376548, 2.4470181818181818], [null, 0.801026028159902, 2.49499696969697], [null, 0.797625324700417, 2.542975757575758], [null, 0.7942222496615388, 2.5909545454545455], [null, 0.7908104202123333, 2.6389333333333336], [null, 0.7873839290782877, 2.686912121212121], [null, 0.7839372286387706, 2.7348909090909093], [null, 0.7804650878802512, 2.7828696969696973], [null, 0.7769625130624296, 2.830848484848485], [null, 0.7734246928317582, 2.878827272727273], [null, 0.7698469464614145, 2.9268060606060606], [null, 0.7662246762850764, 2.9747848484848487], [null, 0.7625533227420467, 3.0227636363636363], [null, 0.758828322261059, 3.0707424242424244], [null, 0.755045065066458, 3.1187212121212124], [null, 0.7511988538338279, 3.1667], [null, 0.7472848612157089, 3.214678787878788], [null, 0.743298085481171, 3.2626575757575758], [null, 0.7392333034114003, 3.310636363636364], [null, 0.735085018914966, 3.3586151515151514], [null, 0.7308474066225567, 3.4065939393939395], [null, 0.7265142479938614, 3.4545727272727276], [null, 0.7220788588196635, 3.502551515151515], [null, 0.7175340051990475, 3.5505303030303033], [null, 0.7128718050820538, 3.598509090909091], [null, 0.7080836116448654, 3.646487878787879], [null, 0.7031598729498467, 3.694466666666667], [null, 0.6980899610976785, 3.7424454545454546], [null, 0.6928619641342838, 3.7904242424242427], [null, 0.6874624234434982, 3.8384030303030303], [null, 0.6818760049879827, 3.8863818181818184], [null, 0.6760850768965293, 3.934360606060606], [null, 0.670069159785252, 3.982339393939394], [null, 0.6638041983151864, 4.030318181818181], [null, 0.657261576204839, 4.07829696969697], [null, 0.6504067534049122, 4.126275757575757], [null, 0.6431973294239225, 4.174254545454545], [null, 0.635580203455436, 4.222233333333333], [null, 0.6274872500652018, 4.270212121212121], [null, 0.6188284242267418, 4.318190909090909], [null, 0.6094801151384762, 4.366169696969696], [null, 0.5992639379395769, 4.414148484848485], [null, 0.5879039937223862, 4.4621272727272725], [null, 0.574927031164108, 4.51010606060606], [null, 0.5593660750160191, 4.558084848484848], [null, 0.5382982625020452, 4.606063636363636], [null, 0.46366496425328724, 4.654042424242424], [null, 0.3278390201073387, 4.7020212121212115], [null, 1.287081552447944e-12, 4.75]]}