{"dim": 3, "delta": 1.75, "mu": 5.906055070328385, "dmu": 0.95375, "g": -0.36379223926437015, "k_c": 50, "data": [[0.19890639759794293, 0.5829249740145133, 0.0001], [0.19875994659673296, 0.5829074772806349, 0.017775757575757577], [0.19832404968408368, 0.5828553551111751, 0.03545151515151516], [0.197599233066021, 0.5827685425681264, 0.05312727272727273], [0.1965863463732623, 0.5826469301973428, 0.07080303030303031], [0.19528652298567062, 0.5824903640864214, 0.08847878787878789], [0.1937011231333266, 0.5822986446585058, 0.10615454545454546], [0.19183165824818618, 0.58207152557584, 0.12383030303030304], [0.18967969457227982, 0.5818087102676732, 0.1415060606060606], [0.18724673451067814, 0.5815098594532961, 0.15918181818181817], [0.18453406386034826, 0.5811745700090886, 0.17685757575757577], [0.18154258566816586, 0.5808023911585803, 0.19453333333333334], [0.17827259311051824, 0.580392811997533, 0.2122090909090909], [0.17472351567575456, 0.57994525961551, 0.2298848484848485], [0.1708936041555696, 0.5794590950794833, 0.24756060606060606], [0.16677954925026064, 0.5789336083092045, 0.26523636363636366], [0.16237601336919075, 0.578368013161644, 0.2829121212121212], [0.15767505452869618, 0.5777614400177006, 0.3005878787878788], [0.15266538464129661, 0.577112929255977, 0.31826363636363636], [0.14733143072996976, 0.5764214222573428, 0.335939393939394], [0.14165206966347013, 0.5756857515403887, 0.35361515151515155], [0.13559889490380556, 0.5749046293580606, 0.3712909090909091], [0.12913374067516337, 0.5740766339962315, 0.3889666666666667], [0.12220499205358817, 0.5732001941226192, 0.40664242424242425], [0.11474180259926309, 0.5722735698513268, 0.4243181818181818], [0.10664452770683254, 0.5712948330108879, 0.44199393939393944], [0.09776773969519577, 0.5702618359526743, 0.459669696969697], [0.08788718195086634, 0.5691721852375697, 0.4773454545454546], [0.07662708721768016, 0.5680232011120863, 0.49502121212121214], [0.06326710487115729, 0.5668118715839217, 0.5126969696969698], [0.04602741853065303, 0.5655347955195082, 0.5303727272727273], [0.014840180145992744, 0.5641881100421978, 0.5480484848484849], [null, 0.5627674097471561, 0.5657242424242425], [null, 0.5612676166493255, 0.5834], [null, 0.5596828495825725, 0.6010757575757576], [null, 0.558006222767739, 0.6187515151515152], [null, 0.5562295881640253, 0.6364272727272727], [null, 0.5543431802548432, 0.6541030303030303], [null, 0.55233511585001, 0.671778787878788], [null, 0.550190667837617, 0.6894545454545455], [null, 0.5478911704553403, 0.7071303030303031], [null, 0.5454122910857526, 0.7248060606060607], [null, 0.5427211365006726, 0.7424818181818182], [null, 0.5397710169905205, 0.7601575757575758], [null, 0.5364908182772444, 0.7778333333333334], [null, 0.532760443008761, 0.7955090909090909], [null, 0.52833156601481, 0.8131848484848485], [null, 0.5222203838277648, 0.8308606060606061], [null, 0.5129799586836877, 0.8485363636363636], [null, 0.5041536859718205, 0.8662121212121213], [null, 0.49571486945538384, 0.8838878787878789], [null, 0.487638223955044, 0.9015636363636365], [null, 0.4798998284394446, 0.919239393939394], [null, 0.4724771013099198, 0.9369151515151516], [null, 0.4653487450686584, 0.9545909090909092], [null, 0.4584946947225505, 0.9722666666666667], [null, 0.4518960599657965, 0.9899424242424243], [null, 0.44553506570484835, 1.007618181818182], [null, 0.43939498900632257, 1.0252939393939395], [null, 0.43346009577123373, 1.042969696969697], [null, 0.42771557966215507, 1.0606454545454547], [null, 0.42214749674802904, 1.0783212121212122], [null, 0.4167427060863303, 1.0959969696969698], [null, 0.4114888079713864, 1.1136727272727274], [null, 0.4063740854951176, 1.131348484848485], [null, 0.4013874471609851, 1.1490242424242425], [null, 0.3965183711461375, 1.1667], [null, 0.39175684972682606, 1.1843757575757576], [null, 0.387093338235468, 1.2020515151515152], [null, 0.3825186998692921, 1.2197272727272728], [null, 0.37802415681811957, 1.2374030303030303], [null, 0.373601236904325, 1.255078787878788], [null, 0.3692417218737185, 1.2727545454545455], [null, 0.3649375951329493, 1.290430303030303], [null, 0.36068098618470606, 1.3081060606060606], [null, 0.3564641130570329, 1.3257818181818184], [null, 0.3522792202820334, 1.343457575757576], [null, 0.3481185109723106, 1.3611333333333335], [null, 0.34397407158909415, 1.378809090909091], [null, 0.33983778552514926, 1.3964848484848487], [null, 0.33570123323695045, 1.4141606060606062], [null, 0.33155557347754566, 1.4318363636363638], [null, 0.32739139946496804, 1.4495121212121214], [null, 0.3231985610341596, 1.467187878787879], [null, 0.3189659399821114, 1.4848636363636365], [null, 0.3146811605250337, 1.502539393939394], [null, 0.31033020719543103, 1.5202151515151516], [null, 0.3058969084991468, 1.5378909090909092], [null, 0.30136222207529234, 1.5555666666666668], [null, 0.2967032092973515, 1.5732424242424243], [null, 0.29189152420782, 1.590918181818182], [null, 0.2868910810516556, 1.6085939393939395], [null, 0.2816542802926812, 1.626269696969697], [null, 0.2761155076866621, 1.6439454545454546], [null, 0.27017898619484415, 1.6616212121212122], [null, 0.26369341962543874, 1.6792969696969697], [null, 0.2563896103564506, 1.6969727272727273], [null, 0.2476781191239796, 1.714648484848485], [null, 0.23537756168115928, 1.7323242424242427], [null, 2.215727601395656e-12, 1.75]]}