{"dim": 3, "delta": 3.0, "mu": 5.906055070328385, "dmu": 1.7045454545454546, "g": -0.37628449054250135, "k_c": 50, "data": [[0.43527446102882095, 0.9046771152424615, 0.0001], [0.43497501066087235, 0.9046399616826225, 0.0304020202020202], [0.43408167307125844, 0.9045289086127888, 0.060704040404040406], [0.4325976728862112, 0.9043437155759361, 0.0910060606060606], [0.4305282971638, 0.904083979735885, 0.12130808080808081], [0.4278807643022496, 0.9037491314681079, 0.151610101010101], [0.42466402187795527, 0.9033384280919522, 0.1819121212121212], [0.4208884384773738, 0.9028509459650986, 0.2122141414141414], [0.416565309307113, 0.9022855702015381, 0.2425161616161616], [0.4117059579984063, 0.9016409816364424, 0.2728181818181818], [0.4063197378226386, 0.9009156414599849, 0.303120202020202], [0.4004077176833946, 0.9001077720837188, 0.33342222222222223], [0.3939110302945257, 0.8992153336390926, 0.3637242424242424], [0.38700762394827576, 0.898235999530835, 0.3940262626262626], [0.3798796209147563, 0.8971671170735507, 0.42432828282828283], [0.3725100219059879, 0.8960056711045693, 0.454630303030303], [0.36488361549960135, 0.8947482446191731, 0.4849323232323232], [0.35698695678354275, 0.8933909355025355, 0.5152343434343434], [0.34880845509582403, 0.8919293085490786, 0.5455363636363636], [0.34033854681077197, 0.8903582932923941, 0.5758383838383838], [0.33156992961350507, 0.888672074272337, 0.606140404040404], [0.3224978443126428, 0.8868639492061087, 0.6364424242424243], [0.3131203840841864, 0.8849261479870987, 0.6667444444444445], [0.3034388128000446, 0.8828495981310448, 0.6970464646464646], [0.2934578740508077, 0.8806236151537118, 0.7273484848484848], [0.28318606930607026, 0.8782354867455504, 0.757650505050505], [0.2726358850523984, 0.8756699018562448, 0.7879525252525252], [0.2618239495816313, 0.8729081457379042, 0.8182545454545455], [0.25077110325414503, 0.8699269292635956, 0.8485565656565657], [0.23919263297420681, 0.8666966252929725, 0.8788585858585858], [0.22681075118643867, 0.863178473000781, 0.909160606060606], [0.21359602667834587, 0.8593198982990571, 0.9394626262626262], [0.19940864452207363, 0.8550460937316148, 0.9697646464646464], [0.18403587452933093, 0.8502429145455833, 1.0000666666666667], [0.16715796072188233, 0.8447168143765109, 1.0303686868686868], [0.1482663008655498, 0.8380701095802219, 1.060670707070707], [0.1264648565993854, 0.8288549553657393, 1.0909727272727272], [0.09986837658993865, 0.813875703225559, 1.1212747474747475], [0.06264364406950255, 0.7996399212840681, 1.1515767676767676], [null, 0.7861528345555236, 1.1818787878787878], [null, 0.7733676999571216, 1.212180808080808], [null, 0.761239205159602, 1.2424828282828282], [null, 0.7497236879126187, 1.2727848484848485], [null, 0.7387793081378472, 1.3030868686868686], [null, 0.7283661681621016, 1.333388888888889], [null, 0.7184463914226453, 1.363690909090909], [null, 0.7089841587468252, 1.3939929292929292], [null, 0.6999457099234672, 1.4242949494949495], [null, 0.6912993159056441, 1.4545969696969696], [null, 0.6830152272484621, 1.48489898989899], [null, 0.6750656029801493, 1.51520101010101], [null, 0.6674244283663785, 1.5455030303030304], [null, 0.6600674193415002, 1.5758050505050505], [null, 0.6529719240495148, 1.6061070707070706], [null, 0.6461168187043642, 1.636409090909091], [null, 0.6394824046887876, 1.666711111111111], [null, 0.6330503038633933, 1.6970131313131314], [null, 0.626803358393076, 1.7273151515151515], [null, 0.6207255331672356, 1.7576171717171716], [null, 0.6148018203057981, 1.787919191919192], [null, 0.6090181476833239, 1.818221212121212], [null, 0.6033612944182586, 1.8485232323232323], [null, 0.5978188113546253, 1.8788252525252525], [null, 0.5923789340919499, 1.9091272727272728], [null, 0.5870305174453004, 1.939429292929293], [null, 0.5817629582580591, 1.969731313131313], [null, 0.5765661330245259, 2.0000333333333336], [null, 0.5714303230282035, 2.030335353535354], [null, 0.5663461539491744, 2.0606373737373738], [null, 0.5613045355851611, 2.090939393939394], [null, 0.5562965908122955, 2.1212414141414144], [null, 0.551313593748629, 2.1515434343434343], [null, 0.5463469154231796, 2.1818454545454546], [null, 0.5413879253782061, 2.212147474747475], [null, 0.536427947279443, 2.2424494949494953], [null, 0.5314581620913726, 2.272751515151515], [null, 0.5264695228477744, 2.3030535353535355], [null, 0.521452652422139, 2.333355555555556], [null, 0.516397726655072, 2.3636575757575757], [null, 0.5112943367296688, 2.393959595959596], [null, 0.5061313239961845, 2.4242616161616164], [null, 0.5008965805076067, 2.4545636363636367], [null, 0.4955767956170543, 2.4848656565656566], [null, 0.4901571435599637, 2.515167676767677], [null, 0.48462087313937124, 2.5454696969696973], [null, 0.4789487709166361, 2.575771717171717], [null, 0.4731184378644447, 2.6060737373737375], [null, 0.4671032827553792, 2.636375757575758], [null, 0.46087114694717446, 2.666677777777778], [null, 0.4543821469718982, 2.696979797979798], [null, 0.44758559602218745, 2.7272818181818184], [null, 0.4404149227166153, 2.7575838383838387], [null, 0.4327791567747217, 2.7878858585858586], [null, 0.4245474006532914, 2.818187878787879], [null, 0.41551750877182786, 2.8484898989898992], [null, 0.40534293197654264, 2.8787919191919196], [null, 0.39331609132839346, 2.9090939393939395], [null, 0.37731654120843094, 2.93939595959596], [null, 0.29898250421012706, 2.96969797979798], [null, -2.1571633368466792e-13, 3.0]]}