{"dim": 3, "delta": 4.5, "mu": 5.906055070328385, "dmu": 2.527941176470588, "g": -0.38607214965680303, "k_c": 50, "data": [[0.6877463745111139, null, 0.0001], [0.6871480506741057, null, 0.04555353535353536], [0.6853603275046677, null, 0.09100707070707072], [0.6823884896752663, null, 0.13646060606060606], [0.6782384593772315, null, 0.18191414141414142], [0.6729098429563755, null, 0.22736767676767677], [0.6663727165480808, null, 0.27282121212121213], [0.6583980916383076, null, 0.3182747474747475], [0.6496687226750981, null, 0.36372828282828285], [0.6406632380925253, null, 0.4091818181818182], [0.6313289589304133, null, 0.45463535353535356], [0.6216205435410328, null, 0.5000888888888889], [0.6114978854950754, null, 0.5455424242424243], [0.6009250634481981, null, 0.5909959595959596], [0.5898699347261747, null, 0.636449494949495], [0.5783041508600707, null, 0.6819030303030303], [0.5662034639965223, null, 0.7273565656565657], [0.5535482309728066, null, 0.7728101010101011], [0.5403240415953977, null, 0.8182636363636364], [0.5265224024777444, null, 0.8637171717171718], [0.5121414107434695, null, 0.9091707070707071], [0.49718634891666785, null, 0.9546242424242425], [0.48167014449705, null, 1.0000777777777778], [0.46561363774146447, null, 1.045531313131313], [0.44904562291702704, null, 1.0909848484848486], [0.4320026446295238, null, 1.136438383838384], [0.41452855032240926, null, 1.1818919191919193], [0.3966738305099976, null, 1.2273454545454545], [0.37849477839839474, null, 1.27279898989899], [0.36005253340186566, null, 1.3182525252525255], [0.3413137473581808, null, 1.3637060606060607], [0.3208433538688419, null, 1.409159595959596], [0.2984593581363017, null, 1.4546131313131314], [0.27388479683039973, null, 1.5000666666666669], [0.2465427266874421, null, 1.5455202020202021], [0.21542790361353362, null, 1.5909737373737374], [0.17861268598649366, null, 1.6364272727272728], [0.13141978900966803, 0.9890247707493238, 1.6818808080808083], [0.05020682692247418, 0.9780688559047823, 1.7273343434343436], [null, 0.967669480853137, 1.7727878787878788], [null, 0.9577799267640384, 1.8182414141414143], [null, 0.9483568380226707, 1.8636949494949497], [null, 0.9393600873589198, 1.909148484848485], [null, 0.9307526154626224, 1.9546020202020202], [null, 0.9225002474535811, 2.000055555555556], [null, 0.9145715024706581, 2.0455090909090914], [null, 0.906937398333624, 2.0909626262626264], [null, 0.8995712577189106, 2.136416161616162], [null, 0.8924485196264278, 2.1818696969696973], [null, 0.8855465576597784, 2.227323232323233], [null, 0.878844509954349, 2.2727767676767683], [null, 0.8723231159408416, 2.3182303030303033], [null, 0.8659645655947968, 2.3636838383838388], [null, 0.8597523604057223, 2.4091373737373742], [null, 0.8536711824596456, 2.4545909090909093], [null, 0.8477067746970736, 2.5000444444444447], [null, 0.8418458300368625, 2.54549797979798], [null, 0.8360758889602595, 2.5909515151515157], [null, 0.830385244773669, 2.636405050505051], [null, 0.8247628559376161, 2.681858585858586], [null, 0.8191982646577541, 2.7273121212121216], [null, 0.813681519317675, 2.772765656565657], [null, 0.8082031069219325, 2.818219191919192], [null, 0.8027538747067392, 2.8636727272727276], [null, 0.7973249855639144, 2.909126262626263], [null, 0.7919078247811752, 2.9545797979797985], [null, 0.7864939652934096, 3.000033333333334], [null, 0.7810750928569563, 3.045486868686869], [null, 0.7756429454771496, 3.0909404040404045], [null, 0.7701892540191893, 3.13639393939394], [null, 0.7647056658669877, 3.181847474747475], [null, 0.7591836827736795, 3.2273010101010104], [null, 0.753614578651898, 3.272754545454546], [null, 0.7479893147144265, 3.3182080808080814], [null, 0.7422984433883068, 3.363661616161617], [null, 0.7365319936025759, 3.409115151515152], [null, 0.7306793569311604, 3.4545686868686873], [null, 0.724729114180879, 3.500022222222223], [null, 0.7186688758778875, 3.545475757575758], [null, 0.7124850328229286, 3.5909292929292933], [null, 0.7061625125208708, 3.6363828282828288], [null, 0.6996844161894642, 3.6818363636363642], [null, 0.6930315829418374, 3.7272898989898997], [null, 0.6861820175754793, 3.7727434343434347], [null, 0.679110132412249, 3.81819696969697], [null, 0.6717857208077214, 3.8636505050505057], [null, 0.6641725339238861, 3.9091040404040407], [null, 0.6562262511608529, 3.954557575757576], [null, 0.6478914907207923, 4.000011111111111], [null, 0.6390972307288106, 4.045464646464646], [null, 0.6297494529956371, 4.090918181818182], [null, 0.6197185928852658, 4.136371717171717], [null, 0.6088163841575995, 4.181825252525252], [null, 0.5967483079701961, 4.227278787878788], [null, 0.5829992905510407, 4.272732323232323], [null, 0.5664764428497527, 4.318185858585859], [null, 0.5434616483323171, 4.363639393939394], [null, 0.45820644914109165, 4.409092929292929], [null, 0.3239674554111762, 4.454546464646465], [null, -3.167799356162959e-12, 4.5]]}