{"dim": 3, "delta": 2.75, "mu": 5.906055070328385, "dmu": 1.66375, "g": -0.37422717504461167, "k_c": 50, "data": [[0.4661151821904549, 0.8191473588328878, 0.0001], [0.46570918430682345, 0.819105390316176, 0.027876767676767673], [0.46447838974021516, 0.818979961869454, 0.05565353535353535], [0.4623349798051793, 0.8187707027937331, 0.08343030303030302], [0.4590476309034447, 0.8184769907349846, 0.1112070707070707], [0.4556504159080477, 0.8180979420661637, 0.13898383838383835], [0.452274853887703, 0.8176323991731791, 0.16676060606060603], [0.4488701338873063, 0.8170789131237735, 0.1945373737373737], [0.44540006732407533, 0.8164357214600706, 0.22231414141414138], [0.44183601739652656, 0.8157007194859139, 0.2500909090909091], [0.4381533661825032, 0.8148714253719833, 0.2778676767676767], [0.43432954925380246, 0.813944935843774, 0.3056444444444444], [0.4303428642171617, 0.8129178720333897, 0.33342121212121206], [0.4261716954452369, 0.8117863117870185, 0.36119797979797974], [0.42179398141615393, 0.8105457053525574, 0.3889747474747474], [0.4171868376835438, 0.809190769273586, 0.4167515151515151], [0.4123262924956849, 0.8077153521159748, 0.4445282828282828], [0.40718711765153326, 0.8061122630909849, 0.47230505050505045], [0.4017427539268145, 0.8043730464716365, 0.5000818181818182], [0.39596534128177974, 0.802487690247424, 0.5278585858585858], [0.3898258744072561, 0.8004442279478408, 0.5556353535353534], [0.38329451361898076, 0.7982281979772188, 0.5834121212121212], [0.3763410704924154, 0.7958218843943492, 0.6111888888888888], [0.3689357211757369, 0.7932032139736616, 0.6389656565656565], [0.36104994978917887, 0.7903441093186347, 0.6667424242424241], [0.35265774822582535, 0.7872079142456659, 0.6945191919191919], [0.34373705059392784, 0.7837451171735602, 0.7222959595959595], [0.33427135738871766, 0.7798858476753732, 0.7500727272727272], [0.32425145353781376, 0.7755251702660927, 0.7778494949494948], [0.31367708595458643, 0.7704903935468135, 0.8056262626262626], [0.302558426040988, 0.7644504244273471, 0.8334030303030302], [0.29091713677910097, 0.7565241145935735, 0.8611797979797979], [0.2787868721694566, 0.7406159214845534, 0.8889565656565656], [0.2662131044855167, 0.7219012719109915, 0.9167333333333332], [0.25325224938237334, 0.7045455892736889, 0.9445101010101009], [0.23997015460551666, 0.6884771814522636, 0.9722868686868685], [0.22644010530343875, 0.6736180808624203, 1.0000636363636364], [0.2127405483181202, 0.6598860869373021, 1.0278404040404039], [0.19895275371510823, 0.6471969024703715, 1.0556171717171716], [0.18515860806155354, 0.6354661492443459, 1.0833939393939394], [0.17143868560189635, 0.6246111489755425, 1.1111707070707069], [0.15787068293832038, 0.6145523463740022, 1.1389474747474746], [0.14447815062024968, 0.6052143713371886, 1.1667242424242423], [0.1289866218074733, 0.5965267391134846, 1.19450101010101], [0.11044910823493215, 0.5884242372711438, 1.2222777777777776], [0.08742244904264336, 0.5808470526649315, 1.2500545454545453], [0.0547640786766745, 0.573740704555498, 1.277831313131313], [null, 0.5670558334803594, 1.3056080808080808], [null, 0.5607478999275076, 1.3333848484848483], [null, 0.5547768264284616, 1.361161616161616], [null, 0.5491066236062613, 1.3889383838383837], [null, 0.5437049927137415, 1.4167151515151513], [null, 0.5385429658230095, 1.444491919191919], [null, 0.5335945459789625, 1.4722686868686867], [null, 0.528836380731358, 1.5000454545454545], [null, 0.5242474618254164, 1.527822222222222], [null, 0.5198088528235946, 1.5555989898989897], [null, 0.515503444886988, 1.5833757575757574], [null, 0.5113157356909811, 1.6111525252525252], [null, 0.5072316355248401, 1.6389292929292927], [null, 0.5032382910350739, 1.6667060606060604], [null, 0.4993239316969945, 1.6944828282828281], [null, 0.4954777288767041, 1.7222595959595959], [null, 0.4916896736842672, 1.7500363636363634], [null, 0.48795046525273733, 1.7778131313131311], [null, 0.48425141042952635, 1.8055898989898989], [null, 0.4805843329340901, 1.8333666666666664], [null, 0.4769414899544361, 1.861143434343434], [null, 0.4733154951585033, 1.8889202020202018], [null, 0.4696992463037816, 1.9166969696969696], [null, 0.466085856539333, 1.944473737373737], [null, 0.4624685878401112, 1.9722505050505048], [null, 0.45884078509700355, 2.0000272727272725], [null, 0.45519580354759215, 2.0278040404040403], [null, 0.4515269705876473, 2.055580808080808], [null, 0.4478274533332398, 2.0833575757575757], [null, 0.4440902374700458, 2.1111343434343435], [null, 0.44030801296055383, 2.138911111111111], [null, 0.4364730786734756, 2.166687878787879], [null, 0.43257722714389607, 2.1944646464646467], [null, 0.428611607757868, 2.222241414141414], [null, 0.42456656071083604, 2.2500181818181817], [null, 0.42043141267436757, 2.2777949494949494], [null, 0.4161942197580114, 2.305571717171717], [null, 0.4118414381555128, 2.333348484848485], [null, 0.4073574935586569, 2.3611252525252526], [null, 0.4027242058018364, 2.3889020202020204], [null, 0.39792000223300444, 2.4166787878787876], [null, 0.3929188125095521, 2.4444555555555554], [null, 0.38768846854307276, 2.472232323232323], [null, 0.38218830288217776, 2.500009090909091], [null, 0.3763653853724658, 2.5277858585858586], [null, 0.37014817731247424, 2.5555626262626263], [null, 0.36343615501822324, 2.583339393939394], [null, 0.3560772493640082, 2.611116161616162], [null, 0.34782227213199024, 2.638892929292929], [null, 0.33819920376370094, 2.666669696969697], [null, 0.3260356809196181, 2.6944464646464645], [null, 0.29437900248518684, 2.7222232323232323], [null, -8.948397578478762e-14, 2.75]]}