{"dim": 3, "delta": 0.5, "mu": 5.906055070328385, "dmu": 0.30000000000000004, "g": -0.3372612527736217, "k_c": 50, "data": [[0.07735370175635428, 0.17146662492633025, 0.0001], [0.07730809202079053, 0.17146054416652354, 0.00514949494949495], [0.07717475310740027, 0.17144275646595616, 0.010198989898989898], [0.07695371780700139, 0.17141323598017394, 0.015248484848484848], [0.07664500008083473, 0.17137193967070732, 0.020297979797979798], [0.07624851924109573, 0.17131880696580018, 0.025347474747474747], [0.07576394943629977, 0.17125375934216616, 0.030396969696969697], [0.07519039753950531, 0.17117669980901176, 0.03544646464646465], [0.07452558119471203, 0.17108751204606354, 0.0404959595959596], [0.0737627394875125, 0.17098605968098524, 0.04554545454545455], [0.07287763500312992, 0.1708721850975651, 0.0505949494949495], [0.07194883111338293, 0.17074570836551076, 0.05564444444444445], [0.07099838796920355, 0.17060642553947258, 0.0606939393939394], [0.07002285769615697, 0.17045410715490059, 0.06574343434343434], [0.06901904480830072, 0.17028849605281834, 0.0707929292929293], [0.06798392046990064, 0.1701093051579027, 0.07584242424242425], [0.06691456721779261, 0.16991621458957445, 0.0808919191919192], [0.06580814511034573, 0.16970886906240187, 0.08594141414141414], [0.06466187434972517, 0.16948687304315738, 0.0909909090909091], [0.0634730314498864, 0.16924978753306696, 0.09604040404040405], [0.06223895771961449, 0.16899712434141706, 0.101089898989899], [0.060957079497439164, 0.16872834021870403, 0.10613939393939394], [0.059624939922480406, 0.16844282962351323, 0.11118888888888889], [0.05824024292117937, 0.16813991614333257, 0.11623838383838385], [0.056800908905577915, 0.16781884210630277, 0.12128787878787879], [0.05530514364735547, 0.16747875638113124, 0.12633737373737372], [0.0537515177391601, 0.16711869850167851, 0.13138686868686866], [0.052139057637142404, 0.16673758021258775, 0.13643636363636363], [0.05046734477325097, 0.16633416243751326, 0.14148585858585858], [0.048736619803247956, 0.16590702439015292, 0.14653535353535352], [0.046947887486425394, 0.16545452701115768, 0.1515848484848485], [0.04510301582180263, 0.1649747634581701, 0.15663434343434343], [0.043204822724807336, 0.1644654946035498, 0.16168383838383837], [0.0412571424972204, 0.16392406237346646, 0.16673333333333332], [0.039264864468118665, 0.16334727071115965, 0.17178282828282826], [0.03723393746913659, 0.16273121801772267, 0.17683232323232323], [0.03517133555255644, 0.16207105327518181, 0.18188181818181817], [0.033084983255416964, 0.16136060956801365, 0.18693131313131311], [0.030887641499945922, 0.16059182516614634, 0.19198080808080809], [0.02843104301689505, 0.15975377795635415, 0.19703030303030303], [0.025697195933026457, 0.1588309598125057, 0.20207979797979797], [0.02260188674533679, 0.15779981973249094, 0.2071292929292929], [0.018977994673125116, 0.15662086789062638, 0.21217878787878786], [0.014439497872586748, 0.15521543607852753, 0.21722828282828283], [0.007481648431731383, 0.15334777391558527, 0.22227777777777777], [null, 0.1496587157324994, 0.2273272727272727], [null, 0.1458340618104524, 0.23237676767676768], [null, 0.14228268596638688, 0.23742626262626262], [null, 0.13897969950279623, 0.24247575757575757], [null, 0.13590226769597397, 0.2475252525252525], [null, 0.1330295068610323, 0.25257474747474745], [null, 0.13034235648724288, 0.2576242424242424], [null, 0.12782347293065935, 0.26267373737373734], [null, 0.1254570947555192, 0.2677232323232323], [null, 0.12322892002536223, 0.2727727272727273], [null, 0.12112598370575467, 0.2778222222222222], [null, 0.11913653886137428, 0.28287171717171716], [null, 0.1172499449886476, 0.28792121212121213], [null, 0.11545656275726147, 0.29297070707070705], [null, 0.11374765129958171, 0.298020202020202], [null, 0.11211528442469944, 0.303069696969697], [null, 0.11055226126307659, 0.3081191919191919], [null, 0.10905203429391319, 0.3131686868686869], [null, 0.10760863781482764, 0.3182181818181818], [null, 0.10621662191641561, 0.32326767676767676], [null, 0.10487100129387512, 0.32831717171717173], [null, 0.10356719995828884, 0.33336666666666664], [null, 0.10230100538699533, 0.3384161616161616], [null, 0.10106852588084296, 0.34346565656565653], [null, 0.09986615185623487, 0.3485151515151515], [null, 0.09869052048309486, 0.35356464646464647], [null, 0.09753848311471777, 0.3586141414141414], [null, 0.09640707515597606, 0.36366363636363636], [null, 0.09529348753523058, 0.3687131313131313], [null, 0.09419504003765179, 0.37376262626262624], [null, 0.09310915441292839, 0.3788121212121212], [null, 0.09203333392462533, 0.3838616161616162], [null, 0.09096512576661883, 0.3889111111111111], [null, 0.08990210840243945, 0.39396060606060607], [null, 0.08884185468468048, 0.399010101010101], [null, 0.0877819068746126, 0.40405959595959595], [null, 0.08671973676881671, 0.4091090909090909], [null, 0.08565271153121208, 0.41415858585858584], [null, 0.08457804279898573, 0.4192080808080808], [null, 0.08349273071619824, 0.4242575757575757], [null, 0.08239349476677765, 0.4293070707070707], [null, 0.08127667888566978, 0.43435656565656566], [null, 0.08013813106024456, 0.4394060606060606], [null, 0.07897303763545081, 0.44445555555555555], [null, 0.07777569307905677, 0.4495050505050505], [null, 0.07653916631555904, 0.45455454545454543], [null, 0.07525480043292504, 0.4596040404040404], [null, 0.07391142790994257, 0.4646535353535354], [null, 0.0724940712007129, 0.4697030303030303], [null, 0.07098163581863356, 0.47475252525252526], [null, 0.06934242555639417, 0.4798020202020202], [null, 0.06752422986837699, 0.48485151515151514], [null, 0.06542764322684604, 0.4899010101010101], [null, 0.06280299276023665, 0.49495050505050503], [null, 1.5265566588595902e-13, 0.5]]}