{"dim": 3, "delta": 4.0, "mu": 5.906055070328385, "dmu": 2.2, "g": -0.38319438892130875, "k_c": 50, "data": [[0.5515918091174155, null, 0.0001], [0.5511647343461078, null, 0.040503030303030305], [0.5498899493295438, null, 0.0809060606060606], [0.5477740897602709, null, 0.12130909090909091], [0.5448280640514042, null, 0.1617121212121212], [0.5410668444121429, null, 0.2021151515151515], [0.5365091866283174, null, 0.2425181818181818], [0.5311772891645847, null, 0.28292121212121213], [0.5250964031628874, null, 0.3233242424242424], [0.5182944039844547, null, 0.3637272727272727], [0.5108013321403478, null, 0.404130303030303], [0.50264890418007, null, 0.44453333333333334], [0.49386998437447754, null, 0.4849363636363636], [0.4844979791244436, null, 0.5253393939393939], [0.47456607865605865, null, 0.5657424242424243], [0.46410618334638815, null, 0.6061454545454545], [0.4531472325095577, null, 0.6465484848484848], [0.4417125662486331, null, 0.6869515151515151], [0.4298162079165853, null, 0.7273545454545454], [0.41745891511079525, null, 0.7677575757575757], [0.4046257732427642, null, 0.808160606060606], [0.3912861754231178, null, 0.8485636363636363], [0.3773949041413519, null, 0.8889666666666667], [0.3628924570274049, null, 0.929369696969697], [0.34770364870704396, null, 0.9697727272727272], [0.33173413095103305, null, 1.0101757575757575], [0.31486433221620136, null, 1.0505787878787878], [0.2969396755016774, null, 1.090981818181818], [0.27775464734872957, null, 1.1313848484848485], [0.25702570264415714, null, 1.1717878787878788], [0.23434196572426927, null, 1.212190909090909], [0.20906653533969424, null, 1.2525939393939394], [0.1801099281477089, null, 1.2929969696969696], [0.1452856633031668, null, 1.3334], [0.09855630417577212, null, 1.3738030303030302], [0.9986522737270243, null, 1.4546090909090907], [0.9849865519472017, null, 1.4950121212121212], [0.9719675978658381, null, 1.5354151515151515], [0.9595527395229653, null, 1.5758181818181818], [0.9477012899498414, null, 1.616221212121212], [0.9363745856042295, null, 1.6566242424242423], [0.9255360017990989, null, 1.6970272727272726], [0.9151509376074721, null, 1.7374303030303029], [0.9051867804007332, null, 1.7778333333333334], [0.8956128518567658, null, 1.8182363636363637], [0.8864003393971667, null, 1.858639393939394], [0.8775222166447385, null, 1.8990424242424242], [0.8689531559423112, null, 1.9394454545454545], [0.8606694356986172, null, 1.9798484848484847], [0.8526488448722953, null, 2.0202515151515152], [0.8448705862835751, null, 2.0606545454545455], [0.8373151805528136, null, 2.101057575757576], [0.829964370934666, null, 2.141460606060606], [0.8228010338776546, null, 2.1818636363636363], [0.8158090844672876, null, 2.2222666666666666], [0.8089733958637518, null, 2.2626696969696973], [0.8022797153974411, null, 2.3030727272727276], [0.79571458431172, null, 2.343475757575758], [0.7892652650693326, null, 2.383878787878788], [0.7829196675862651, null, 2.4242818181818184], [0.7766662823684818, null, 2.4646848484848487], [0.7704941125411586, null, 2.505087878787879], [0.7643926115395059, null, 2.5454909090909092], [0.7583516200711689, null, 2.5858939393939395], [0.7523613062647985, null, 2.62629696969697], [0.7464121063563236, null, 2.6667], [0.7404946636961196, null, 2.7071030303030303], [0.734599768978157, null, 2.7475060606060606], [0.728718298115674, null, 2.787909090909091], [0.7228411475724409, null, 2.828312121212121], [0.7169591659796799, null, 2.8687151515151514], [0.7110630804784469, null, 2.9091181818181817], [0.7051434160480123, null, 2.9495212121212124], [0.6991904056211373, null, 2.9899242424242427], [0.6931938882844182, null, 3.030327272727273], [0.6871431915561089, null, 3.0707303030303033], [0.6810269945745656, null, 3.1111333333333335], [0.6748331637705242, null, 3.151536363636364], [0.6685485543831458, null, 3.191939393939394], [0.6621587711453486, null, 3.2323424242424244], [0.6556478607405581, null, 3.2727454545454546], [0.6489979250173874, null, 3.313148484848485], [0.642188630067569, null, 3.353551515151515], [0.6351965459921065, null, 3.3939545454545454], [0.6279942668742083, null, 3.4343575757575757], [0.6205491971915846, null, 3.474760606060606], [0.6128218351714555, null, 3.5151636363636363], [0.604763267338931, null, 3.555566666666667], [0.5963113725611282, null, 3.5959696969696973], [0.587384805123845, null, 3.6363727272727275], [0.5778729034036244, null, 3.676775757575758], [0.5676174872745711, null, 3.717178787878788], [0.5563766505883667, null, 3.7575818181818184], [0.5437418261138177, null, 3.7979848484848486], [0.5289000216843089, null, 3.838387878787879], [0.5095616787261931, null, 3.878790909090909], [0.44700245559964974, null, 3.9191939393939395], [0.3160209724215157, null, 3.9595969696969697], [-7.771561172376096e-15, null, 4.0]]}