{"dim": 3, "delta": 4.0, "mu": 5.906055070328385, "dmu": 2.12, "g": -0.38319438892130875, "k_c": 50, "data": [[0.46758131753250887, null, 0.0001], [0.46717219542474514, null, 0.040503030303030305], [0.465950032944973, null, 0.0809060606060606], [0.4639182894759203, null, 0.12130909090909091], [0.4610825538394549, null, 0.1617121212121212], [0.4574502858403047, null, 0.2021151515151515], [0.45303045569538375, null, 0.2425181818181818], [0.44783308168159947, null, 0.28292121212121213], [0.4418686661766203, null, 0.3233242424242424], [0.435147522799606, null, 0.3637272727272727], [0.4276790045060828, null, 0.404130303030303], [0.4194705999329225, null, 0.44453333333333334], [0.4105269081986457, null, 0.4849363636363636], [0.400848455847624, null, 0.5253393939393939], [0.3904303259545551, null, 0.5657424242424243], [0.37926054357392247, null, 0.6061454545454545], [0.36731812871151226, null, 0.6465484848484848], [0.3545706711879983, null, 0.6869515151515151], [0.34097119117332164, null, 0.7273545454545454], [0.32645388932706887, null, 0.7677575757575757], [0.310928117778832, null, 0.808160606060606], [0.294269393379597, null, 0.8485636363636363], [0.276305295403209, null, 0.8889666666666667], [0.2567919991526164, null, 0.929369696969697], [0.23537241012193916, null, 0.9697727272727272], [0.21149442828386766, null, 1.0101757575757575], [0.1842300507371089, null, 1.0505787878787878], [0.15179112988932655, null, 1.090981818181818], [0.10970894576133806, null, 1.1313848484848485], [0.030541911349022483, null, 1.1717878787878788]]}