{"dim": 3, "delta": 1.25, "mu": 5.906055070328385, "dmu": 0.25, "g": -0.3563134090055086, "k_c": 50, "data": [[0.47116720347537794, null, 0.0001], [0.4711601591687535, null, 0.012725252525252525], [0.47113924328672346, null, 0.02535050505050505], [0.47110444746089425, null, 0.03797575757575758], [0.47105575786714926, null, 0.050601010101010105], [0.4709931551212891, null, 0.06322626262626263], [0.47091661420616837, null, 0.07585151515151516], [0.47082610464091246, null, 0.08847676767676768], [0.47072158998049973, null, 0.1011020202020202], [0.4706030283204002, null, 0.11372727272727273], [0.4704703716361545, null, 0.12635252525252524], [0.47032356621777566, null, 0.13897777777777776], [0.47016255217551584, null, 0.1516030303030303], [0.46998726354029624, null, 0.16422828282828283], [0.46979762808406617, null, 0.17685353535353535], [0.46959356713983097, null, 0.18947878787878786], [0.46937499549375056, null, 0.2021040404040404], [0.4691418212012855, null, 0.21472929292929294], [0.4688939453984567, null, 0.22735454545454545], [0.468631262087855, null, 0.23997979797979796], [0.4683536579979027, null, 0.2526050505050505], [0.46806101215457674, null, 0.26523030303030304], [0.46775319592989817, null, 0.2778555555555555], [0.46743007248921126, null, 0.29048080808080806], [0.4670914965314481, null, 0.3031060606060606], [0.4667373141081257, null, 0.31573131313131314], [0.4663673621073325, null, 0.3283565656565657], [0.46598146802537715, null, 0.34098181818181816], [0.46557944942445445, null, 0.3536070707070707], [0.4651611135556302, null, 0.36623232323232324], [0.4647262568747953, null, 0.3788575757575757], [0.4642746644975596, null, 0.39148282828282827], [0.46380611064303273, null, 0.4041080808080808], [0.4633203531208334, null, 0.41673333333333334], [0.4628171424457286, null, 0.4293585858585859], [0.4622962113723843, null, 0.44198383838383837], [0.46175727873525135, null, 0.4546090909090909], [0.4612000487478268, null, 0.46723434343434345], [0.46062420829776696, null, 0.47985959595959593], [0.4600294269678011, null, 0.49248484848484847], [0.45941535637703984, null, 0.505110101010101], [0.4587816280899729, null, 0.5177353535353535], [0.4581278528255507, null, 0.5303606060606061], [0.4574536189343482, null, 0.5429858585858586], [0.4567584907873747, null, 0.5556111111111111], [0.45604200041235504, null, 0.5682363636363637], [0.4553036792319193, null, 0.5808616161616161], [0.4545429885554247, null, 0.5934868686868687], [0.45375938479849753, null, 0.6061121212121212], [0.4529522831660535, null, 0.6187373737373737], [0.45212106156819215, null, 0.6313626262626263], [0.45126505728002614, null, 0.6439878787878788], [0.4503835641007252, null, 0.6566131313131314], [0.4494758268192651, null, 0.6692383838383839], [0.4485410391341728, null, 0.6818636363636363], [0.447578336587333, null, 0.6944888888888889], [0.4465867917065051, null, 0.7071141414141414], [0.4455654081569331, null, 0.7197393939393939], [0.44451311193364723, null, 0.7323646464646465], [0.4434287444698899, null, 0.744989898989899], [0.44231105224685524, null, 0.7576151515151515], [0.4411586757338787, null, 0.7702404040404041], [0.43997013706858, null, 0.7828656565656565], [0.43874382322597205, null, 0.7954909090909091], [0.43747797233159524, null, 0.8081161616161616], [0.43617064651712134, null, 0.8207414141414141], [0.43481971281845566, null, 0.8333666666666667], [0.433422810427712, null, 0.8459919191919192], [0.4319773154381174, null, 0.8586171717171718], [0.4304802963952802, null, 0.8712424242424243], [0.42892846017356306, null, 0.8838676767676767], [0.42731808438199953, null, 0.8964929292929293], [0.4256449316359691, null, 0.9091181818181818], [0.42390414014464095, null, 0.9217434343434343], [0.4220900810061245, null, 0.9343686868686869], [0.42019616862022413, null, 0.9469939393939394], [0.4182146070252128, null, 0.9596191919191919], [0.41613602894355195, null, 0.9722444444444445], [0.4139489914584499, null, 0.984869696969697], [0.41163921867476005, null, 0.9974949494949495], [0.40918842919946335, null, 1.010120202020202], [0.4065724145589983, null, 1.0227454545454546], [0.40375763780285645, null, 1.035370707070707], [0.4006945629157676, null, 1.0479959595959596], [0.3973023351938911, null, 1.0606212121212122], [0.3934223629900921, null, 1.0732464646464646], [0.3884582255147203, null, 1.0858717171717172], [0.38194710193823206, null, 1.0984969696969697], [0.37536186890642886, null, 1.1111222222222221], [0.368676073855809, null, 1.1237474747474747], [0.36185664614668905, null, 1.1363727272727273], [0.35486087861249854, null, 1.14899797979798], [0.3476313931950228, null, 1.1616232323232323], [0.3400871342394801, null, 1.1742484848484849], [0.33210566332768704, null, 1.1868737373737375], [0.3234833925443271, null, 1.1994989898989898], [0.313825564846523, null, 1.2121242424242424], [0.3020936477747206, null, 1.224749494949495], [0.26057556910823126, null, 1.2373747474747474], [-3.83026943495679e-15, null, 1.25]]}