{"dim": 3, "delta": 0.2, "mu": 5.906055070328385, "dmu": 0.14650000000000002, "g": -0.32006361602683453, "k_c": 50, "data": [[0.04556830868060636, 0.05926416798019341, 0.0001], [0.04559657283256746, 0.059254677387735245, 0.002119191919191919], [0.04567633546668148, 0.05922780008050684, 0.004138383838383839], [0.04580778947447127, 0.059183194591179565, 0.006157575757575758], [0.04599128080183755, 0.059120287549630696, 0.008176767676767676], [0.046227373757413856, 0.059038218821401985, 0.010195959595959595], [0.04651704634682814, 0.058935799849716315, 0.012215151515151516], [0.04686251686942256, 0.05881141277275852, 0.014234343434343434], [0.047270410150249756, 0.05866288678860997, 0.016253535353535353], [0.04771492118730727, 0.05848727460990032, 0.018272727272727274], [0.048194400038247515, 0.0582805019649434, 0.02029191919191919], [0.04871650976240116, 0.05803675746646078, 0.02231111111111111], [0.0492903740631367, 0.057747352857444895, 0.024330303030303032], [0.049927243849343494, 0.05739835472349909, 0.02634949494949495], [0.05064143465495733, 0.05696486965690795, 0.02836868686868687], [0.051451737260215694, 0.056393181535257283, 0.030387878787878787], [0.05254875049791552, 0.055505379148924554, 0.03240707070707071]]}