{"dim": 3, "delta": 1.5, "mu": 5.906055070328385, "dmu": 0.9075, "g": -0.3603342691362375, "k_c": 50, "data": [[0.2431981823415295, 0.48812928153460133, 0.0001], [0.24304072786791375, 0.48810997741212836, 0.01525050505050505], [0.24257167093666912, 0.4880525302791075, 0.030401010101010102], [0.2417882829193852, 0.4879568332438239, 0.045551515151515155], [0.2406845319092123, 0.4878227063539605, 0.06070202020202021], [0.23924703592604368, 0.4876498955812759, 0.07585252525252525], [0.23743793444810943, 0.4874380704823256, 0.09100303030303031], [0.2351697509599009, 0.48718682107683864, 0.10615353535353536], [0.23282062648440033, 0.4868956539596005, 0.12130404040404041], [0.23043681116816364, 0.4865639870228328, 0.13645454545454544], [0.2280035563702039, 0.4861911455267574, 0.1516050505050505], [0.22550825499287114, 0.48577635140852865, 0.16675555555555555], [0.22293958828670174, 0.4853187182230893, 0.1819060606060606], [0.22028699473203042, 0.4848172396610213, 0.19705656565656565], [0.21754032567430936, 0.48427077788509326, 0.2122070707070707], [0.21468961700916522, 0.48367804951704896, 0.22735757575757576], [0.2117249385929285, 0.483037608480856, 0.2425080808080808], [0.2086363001402262, 0.48234782640337165, 0.25765858585858586], [0.2054136040322642, 0.48160686769645783, 0.2728090909090909], [0.20204663781659665, 0.4808126616817951, 0.28795959595959597], [0.1985251090438641, 0.4799628652588785, 0.303110101010101], [0.19483872096892962, 0.47905482115852965, 0.3182606060606061], [0.19097729512059147, 0.47808550339926803, 0.3334111111111111], [0.18693094385895326, 0.4770514507017439, 0.3485616161616162], [0.18269029866658304, 0.4759486814168323, 0.3637121212121212], [0.17824679379471062, 0.47477258590540083, 0.3788626262626263], [0.17359301175240033, 0.4735177859998798, 0.3940131313131313], [0.1687230812873662, 0.47217794991373235, 0.4091636363636364], [0.16363312226261728, 0.47074554388036455, 0.4243141414141414], [0.1583217226508167, 0.46921148936080054, 0.4394646464646465], [0.15279040825359372, 0.4675646813817392, 0.4546151515151515], [0.14704411988080854, 0.46579128786840196, 0.4697656565656566], [0.14109158496320612, 0.4638736891263782, 0.48491616161616163], [0.13494561393022447, 0.46178881093811536, 0.5000666666666667], [0.12862325534002925, 0.4595053296069561, 0.5152171717171717], [0.12214576607530434, 0.456978652340223, 0.5303676767676768], [0.11553840687309826, 0.45414091014938035, 0.5455181818181818], [0.10883004550559627, 0.4508778446762352, 0.5606686868686869], [0.10205259803414778, 0.44696049544570443, 0.575819191919192], [0.09524033608157176, 0.44169133335184246, 0.590969696969697], [0.08842911744450543, 0.43115629397697997, 0.606120202020202], [0.08118719302473042, 0.4203160431892786, 0.6212707070707071], [0.07278472603872577, 0.4102452119718832, 0.6364212121212122], [0.06303988276605418, 0.4008849227708565, 0.6515717171717172], [0.05128338899982587, 0.3921783769446282, 0.6667222222222222], [0.03563742533911918, 0.3840713468768987, 0.6818727272727273], [null, 0.3765125400186929, 0.6970232323232324], [null, 0.3694538384901556, 0.7121737373737375], [null, 0.36285042407421325, 0.7273242424242424], [null, 0.35666080737221034, 0.7424747474747475], [null, 0.3508467764407226, 0.7576252525252526], [null, 0.34537328723765964, 0.7727757575757576], [null, 0.3402083063841597, 0.7879262626262626], [null, 0.3353226332450276, 0.8030767676767677], [null, 0.3306896924703951, 0.8182272727272728], [null, 0.3262853345004653, 0.8333777777777778], [null, 0.32208762595015655, 0.8485282828282829], [null, 0.3180766503290736, 0.8636787878787879], [null, 0.3142343154514889, 0.878829292929293], [null, 0.31054417465953416, 0.893979797979798], [null, 0.30699125873941757, 0.9091303030303031], [null, 0.3035619219330295, 0.9242808080808081], [null, 0.3002436992806852, 0.9394313131313132], [null, 0.29702517869402156, 0.9545818181818182], [null, 0.2938958803256071, 0.9697323232323233], [null, 0.29084615397016245, 0.9848828282828284], [null, 0.2878670767496062, 1.0000333333333333], [null, 0.2849503675356375, 1.0151838383838385], [null, 0.2820883027578478, 1.0303343434343435], [null, 0.27927364401371313, 1.0454848484848485], [null, 0.2764995673835529, 1.0606353535353537], [null, 0.2737595989363776, 1.0757858585858586], [null, 0.2710475531949642, 1.0909363636363636], [null, 0.26835747438832586, 1.1060868686868688], [null, 0.2656835815342635, 1.1212373737373738], [null, 0.2630202038354682, 1.136387878787879], [null, 0.2603617313399313, 1.151538383838384], [null, 0.257702548347231, 1.1666888888888889], [null, 0.2550369704137519, 1.181839393939394], [null, 0.2523591716521387, 1.196989898989899], [null, 0.24966310412720527, 1.212140404040404], [null, 0.2469424037527693, 1.2272909090909092], [null, 0.2441902784533538, 1.2424414141414142], [null, 0.2413993719266324, 1.2575919191919191], [null, 0.23856159374791586, 1.2727424242424243], [null, 0.23566790256992132, 1.2878929292929293], [null, 0.23270802241093366, 1.3030434343434345], [null, 0.22967006302370147, 1.3181939393939395], [null, 0.22653999732867722, 1.3333444444444444], [null, 0.22330092110104827, 1.3484949494949496], [null, 0.21993197239836232, 1.3636454545454546], [null, 0.21640667962132204, 1.3787959595959596], [null, 0.21269033205214966, 1.3939464646464648], [null, 0.20873553474249773, 1.4090969696969697], [null, 0.20447409905474212, 1.424247474747475], [null, 0.19980068981318208, 1.43939797979798], [null, 0.1945346581475214, 1.4545484848484849], [null, 0.18830740519463987, 1.46969898989899], [null, 0.1800243280984191, 1.484849494949495], [null, 8.376632720796806e-14, 1.5]]}