{"dim": 3, "delta": 6.0, "mu": 5.906055070328385, "dmu": 3.117391304347826, "g": -0.39323391783164535, "k_c": 50, "data": [[0.7549772606554591, null, 0.0001], [0.7541618608100807, null, 0.06070505050505051], [0.7517270004779292, null, 0.12131010101010102], [0.7476902313287302, null, 0.18191515151515153], [0.7420796679107388, null, 0.24252020202020202], [0.734932371382594, null, 0.3031252525252525], [0.7262922161700267, null, 0.36373030303030307], [0.7162073443811201, null, 0.42433535353535357], [0.7047273149977502, null, 0.48494040404040406], [0.6919000460801721, null, 0.5455454545454546], [0.6777686321630503, null, 0.606150505050505], [0.6623680944079158, null, 0.6667555555555555], [0.6457220958103188, null, 0.7273606060606062], [0.6278396121157835, null, 0.7879656565656566], [0.6087114737968029, null, 0.8485707070707071], [0.5883066052845615, null, 0.9091757575757576], [0.5665676104782532, null, 0.9697808080808081], [0.5434051154829183, null, 1.0303858585858587], [0.5186898917016926, null, 1.0909909090909091], [0.49224112185176155, null, 1.1515959595959597], [0.46380797498893056, null, 1.2122010101010101], [0.4330391464867447, null, 1.2728060606060607], [0.3994295405165149, null, 1.333411111111111], [0.3622196062809952, null, 1.3940161616161617], [0.3201841545597564, null, 1.4546212121212123], [0.2711140727379002, null, 1.5152262626262627], [0.21016552090116125, null, 1.5758313131313133], [0.12053039293737404, null, 1.6364363636363637]]}