{"dim": 3, "delta": 3.0, "mu": 5.906055070328385, "dmu": 2.113636363636364, "g": -0.37628449054250135, "k_c": 50, "data": []}