{"dim": 3, "delta": 8.0, "mu": 5.906055070328385, "dmu": 4.5032258064516135, "g": -0.40063251072160444, "k_c": 50, "data": []}