{"dim": 3, "delta": 5.25, "mu": 5.906055070328385, "dmu": 2.8218750000000004, "g": -0.38988457053455944, "k_c": 50, "data": [[0.7252323765218471, null, 0.0001], [0.7245665982305731, null, 0.053129292929292936], [0.7225795960767288, null, 0.10615858585858587], [0.7192871500104121, null, 0.1591878787878788], [0.7147149635020645, null, 0.21221717171717172], [0.7088978301688621, null, 0.2652464646464647], [0.7018785413879507, null, 0.3182757575757576], [0.6937065938980287, null, 0.3713050505050505], [0.6844367540077545, null, 0.42433434343434345], [0.6741275185682296, null, 0.4773636363636364], [0.662839482109996, null, 0.5303929292929294], [0.6506335688610365, null, 0.5834222222222223], [0.6375690148237408, null, 0.6364515151515152], [0.6237008967277686, null, 0.6894808080808081], [0.6090769534128031, null, 0.7425101010101011], [0.5937335745677609, null, 0.795539393939394], [0.5776913248818704, null, 0.8485686868686869], [0.5609510740663035, null, 0.9015979797979798], [0.5434919204971654, null, 0.9546272727272728], [0.5252709700065341, null, 1.0076565656565657], [0.5062237162933804, null, 1.0606858585858587], [0.48626340511228344, null, 1.1137151515151515], [0.4652782227236702, null, 1.1667444444444446], [0.44312545131923076, null, 1.2197737373737374], [0.4196213987414139, null, 1.2728030303030304], [0.3945248297907224, null, 1.3258323232323233], [0.3675092651718278, null, 1.3788616161616163], [0.3381143290502126, null, 1.431890909090909], [0.3056534284703749, null, 1.4849202020202021], [0.2690180058609401, null, 1.537949494949495], [0.22618756593098138, null, 1.590978787878788], [0.1726093956184086, null, 1.6440080808080808], [0.09093913082252511, null, 1.6970373737373738]]}