{"dim": 3, "delta": 7.75, "mu": 5.906055070328385, "dmu": 5.1537500000000005, "g": -0.39980160619524535, "k_c": 50, "data": []}