{"dim": 3, "delta": 1.25, "mu": 5.906055070328385, "dmu": 0.71875, "g": -0.3563134090055086, "k_c": 50, "data": [[0.173358168557207, 0.42118273991270205, 0.0001], [0.1732542691332732, 0.421168972789971, 0.012725252525252525], [0.1729460608651929, 0.42112808182987516, 0.02535050505050505], [0.17243428498176178, 0.42106001061606846, 0.03797575757575758], [0.17172017032225528, 0.4209646648623536, 0.050601010101010105], [0.170805427240875, 0.4208419118081363, 0.06322626262626263], [0.16969223935871244, 0.4206915793022253, 0.07585151515151516], [0.16838325308945526, 0.4205134546174522, 0.08847676767676768], [0.16688156527949033, 0.4203072829539417, 0.1011020202020202], [0.16519070882132442, 0.4200727650768532, 0.11372727272727273], [0.16331463677448166, 0.4198095580000247, 0.12635252525252524], [0.1612577049291996, 0.41951726677498197, 0.13897777777777776], [0.15902465316806197, 0.41919544679336457, 0.1516030303030303], [0.15662058571601542, 0.41884359806999777, 0.16422828282828283], [0.15405095052482468, 0.41846116112880927, 0.17685353535353535], [0.15132151777886407, 0.4180475125864922, 0.18947878787878786], [0.14843835998123292, 0.4176019595575407, 0.2021040404040404], [0.1454078150145631, 0.4171237331622399, 0.21472929292929294], [0.14223648209686102, 0.4166119811956661, 0.22735454545454545], [0.13893115290395733, 0.41606575923997047, 0.23997979797979796], [0.1354987220968871, 0.415484021186076, 0.2526050505050505], [0.13194581100492053, 0.4148656061490417, 0.26523030303030304], [0.12827717047368212, 0.41420922521506565, 0.2778555555555555], [0.1244918530813334, 0.4135134447006707, 0.29048080808080806], [0.12058176869332815, 0.4127766660047343, 0.3031060606060606], [0.1165344279677676, 0.4119971017354477, 0.31573131313131314], [0.11233440849985878, 0.4111727469217025, 0.3283565656565657], [0.10796319160363556, 0.4103013435037798, 0.34098181818181816], [0.10339836807362193, 0.40938033700065585, 0.3536070707070707], [0.09861238454281307, 0.40840682230478415, 0.36623232323232324], [0.09357067234479918, 0.4073774756424133, 0.3788575757575757], [0.08822879333739023, 0.4062884677032432, 0.39148282828282827], [0.08252789389172166, 0.40513535128219164, 0.4041080808080808], [0.0763870631802503, 0.40391291334709534, 0.41673333333333334], [0.06968953897293785, 0.4026149768609446, 0.4293585858585859], [0.06225534195917533, 0.4012341288734642, 0.44198383838383837], [0.05377923959085657, 0.3997613396922142, 0.4546090909090909], [0.04365788446667951, 0.39818540004193703, 0.46723434343434345], [0.030283458688752412, 0.39649210052990613, 0.47985959595959593], [null, 0.3946629130980914, 0.49248484848484847], [null, 0.392672784917039, 0.505110101010101], [null, 0.39048622795292703, 0.5177353535353535], [null, 0.3880494807079662, 0.5303606060606061], [null, 0.38527240764552456, 0.5429858585858586], [null, 0.38197449502929604, 0.5556111111111111], [null, 0.377586876697829, 0.5682363636363637], [null, 0.3698222036843055, 0.5808616161616161], [null, 0.3621534478924896, 0.5934868686868687], [null, 0.3549141527893809, 0.6061121212121212], [null, 0.34807201587628467, 0.6187373737373737], [null, 0.3415967958428045, 0.6313626262626263], [null, 0.33546025870274937, 0.6439878787878788], [null, 0.3296361063909742, 0.6566131313131314], [null, 0.3240998929486965, 0.6692383838383839], [null, 0.318828929919116, 0.6818636363636363], [null, 0.313802186424699, 0.6944888888888889], [null, 0.3090001856311332, 0.7071141414141414], [null, 0.3044049001298224, 0.7197393939393939], [null, 0.2999996463339635, 0.7323646464646465], [null, 0.29576899236845944, 0.744989898989899], [null, 0.2916986413200225, 0.7576151515151515], [null, 0.2877753558324428, 0.7702404040404041], [null, 0.2839868592408871, 0.7828656565656565], [null, 0.2803217532759283, 0.7954909090909091], [null, 0.27676943715794616, 0.8081161616161616], [null, 0.27332003354224615, 0.8207414141414141], [null, 0.26996431742730764, 0.8333666666666667], [null, 0.26669364989088273, 0.8459919191919192], [null, 0.26349991596533623, 0.8586171717171718], [null, 0.26037546495896274, 0.8712424242424243], [null, 0.25731305521774156, 0.8838676767676767], [null, 0.2543057995191256, 0.8964929292929293], [null, 0.2513471157946019, 0.9091181818181818], [null, 0.2484306723145208, 0.9217434343434343], [null, 0.245550340881455, 0.9343686868686869], [null, 0.24270014717460944, 0.9469939393939394], [null, 0.23987421505165318, 0.9596191919191919], [null, 0.23706671543423383, 0.9722444444444445], [null, 0.2342718068510535, 0.984869696969697], [null, 0.23148357102942987, 0.9974949494949495], [null, 0.22869594084536995, 1.010120202020202], [null, 0.22590261634358463, 1.0227454545454546], [null, 0.22309696599521345, 1.035370707070707], [null, 0.22027190584693332, 1.0479959595959596], [null, 0.21741975066105793, 1.0606212121212122], [null, 0.21453202375252692, 1.0732464646464646], [null, 0.21159920942891045, 1.0858717171717172], [null, 0.20861042265707305, 1.0984969696969697], [null, 0.2055529554081961, 1.1111222222222221], [null, 0.20241163678698335, 1.1237474747474747], [null, 0.19916789781511587, 1.1363727272727273], [null, 0.19579835237795676, 1.14899797979798], [null, 0.19227254017717327, 1.1616232323232323], [null, 0.18854912403410662, 1.1742484848484849], [null, 0.18456899165855886, 1.1868737373737375], [null, 0.180241432836218, 1.1994989898989898], [null, 0.17541219943275688, 1.2121242424242424], [null, 0.16977087406580593, 1.224749494949495], [null, 0.16242724514401127, 1.2373747474747474], [null, 7.716050021144838e-15, 1.25]]}