{"dim": 3, "delta": 3.75, "mu": 5.906055070328385, "dmu": 3.040178571428571, "g": -0.38162974782282366, "k_c": 50, "data": []}