{"dim": 3, "delta": 0.5, "mu": 5.906055070328385, "dmu": 0.35000000000000003, "g": -0.3372612527736217, "k_c": 50, "data": [[0.1037536056784771, 0.15584812163295567, 0.0001], [0.10387402216139603, 0.15583550325680035, 0.00514949494949495], [0.10426442884668616, 0.15579854743937524, 0.010198989898989898], [0.10466384430207089, 0.15573707019614438, 0.015248484848484848], [0.1050434873620376, 0.15565076162539745, 0.020297979797979798], [0.1054214317823512, 0.15553917846671117, 0.025347474747474747], [0.10580804673335632, 0.15540173306452834, 0.030396969696969697], [0.10621083060991388, 0.15523767847311712, 0.03544646464646465], [0.10663616915400921, 0.15504608757033225, 0.0404959595959596], [0.10709016753593935, 0.15482582674013426, 0.04554545454545455], [0.10757914987664592, 0.1545755204953295, 0.0505949494949495], [0.10811003848356555, 0.15429350451649407, 0.05564444444444445], [0.10869071666823481, 0.15397776427371884, 0.0606939393939394], [0.10933042882484634, 0.15362585076669133, 0.06574343434343434], [0.11004028261268599, 0.15323476656280416, 0.0707929292929293], [0.11083391782524328, 0.1528008051236153, 0.07584242424242425], [0.11172844134717022, 0.15231932045227406, 0.0808919191919192], [0.11274579800324726, 0.15178438582298776, 0.08594141414141414], [0.11391484662646227, 0.1511882682378107, 0.0909909090909091], [0.11527466387857344, 0.15052058056068493, 0.09604040404040405], [0.11688007188614505, 0.14976682966842297, 0.101089898989899], [0.11881151143851552, 0.14890572930711918, 0.10613939393939394], [0.12119423039959505, 0.14790367513831815, 0.11118888888888889], [0.12424015142509451, 0.14670149241951586, 0.11623838383838385], [0.1283562958383883, 0.14517359927678697, 0.12128787878787879], [0.13451992411194363, 0.14291281956506113, 0.12633737373737372]]}