{"dim": 3, "delta": 6.75, "mu": 5.906055070328385, "dmu": 3.491826923076923, "g": -0.3962297169311356, "k_c": 50, "data": [[0.8919324685753001, null, 0.0001], [0.8908635652425096, null, 0.06828080808080808], [0.8876753366849898, null, 0.13646161616161614], [0.8824035600293011, null, 0.20464242424242424], [0.8751050775851579, null, 0.2728232323232323], [0.8658539369079402, null, 0.34100404040404036], [0.8547364869059164, null, 0.4091848484848485], [0.8418458037047916, null, 0.47736565656565655], [0.8272757985441151, null, 0.5455464646464646], [0.811115299674416, null, 0.6137272727272727], [0.7934423433442079, null, 0.6819080808080807], [0.7743188468930968, null, 0.7500888888888888], [0.7537857836336994, null, 0.818269696969697], [0.7318589107282565, null, 0.886450505050505], [0.7085249038028875, null, 0.9546313131313131], [0.6837375621677003, null, 1.022812121212121], [0.6574133846075503, null, 1.0909929292929292], [0.6294254650468192, null, 1.1591737373737374], [0.5995941076192405, null, 1.2273545454545454], [0.567671720710173, null, 1.2955353535353535], [0.5333177935963147, null, 1.3637161616161615], [0.49605601812518535, null, 1.4318969696969697], [0.4551968549732945, null, 1.5000777777777776], [0.4096861296027692, null, 1.5682585858585858], [0.35777186420598894, null, 1.636439393939394], [0.29612328536935406, null, 1.704620202020202], [0.21660234185014984, null, 1.77280101010101], [0.07543874002831415, null, 1.840981818181818]]}