{"dim": 3, "delta": 2.25, "mu": 5.906055070328385, "dmu": 1.2937500000000002, "g": -0.3695412280249876, "k_c": 50, "data": [[0.32613309773077676, 0.7122000791425556, 0.0001], [0.3259250595656974, 0.7121735668789699, 0.022826262626262625], [0.32530517222461286, 0.7120944454253528, 0.045552525252525254], [0.32427520993477277, 0.7119625728649135, 0.06827878787878788], [0.32283809120538093, 0.7117777117048111, 0.0910050505050505], [0.32099782298301993, 0.7115395267075818, 0.11373131313131313], [0.31875941417986914, 0.7112475819579572, 0.13645757575757575], [0.3161287451712976, 0.7109013369399635, 0.15918383838383837], [0.3131123641997329, 0.7105001411978001, 0.181910101010101], [0.3097171429779049, 0.7100432301714947, 0.20463636363636362], [0.3059496085018078, 0.7095297140750573, 0.22736262626262624], [0.3018143513879791, 0.708958572681242, 0.25008888888888886], [0.2973085282141141, 0.7083286430801888, 0.2728151515151515], [0.29238349071462766, 0.7076386065986938, 0.2955414141414141], [0.28720465034129883, 0.7068869789315555, 0.31826767676767675], [0.28186303451018324, 0.7060720826261146, 0.34099393939393935], [0.2763468347379196, 0.7051920363713484, 0.363720202020202], [0.27064528834714624, 0.7042447255482246, 0.38644646464646465], [0.2647486892063535, 0.7032277732365486, 0.40917272727272724], [0.2586484651630322, 0.7021385048714713, 0.4318989898989899], [0.25233731028370726, 0.7009739058006667, 0.4546252525252525], [0.24580936219444824, 0.6997305683688642, 0.47735151515151514], [0.23906041533468592, 0.6984046281785024, 0.5000777777777777], [0.2320881622764794, 0.6969916855804298, 0.5228040404040404], [0.22489245202059513, 0.695486704440539, 0.545530303030303], [0.21747555025511242, 0.6938838877222545, 0.5682565656565657], [0.20984239267604085, 0.6921765149250078, 0.5909828282828282], [0.2020008132212436, 0.6903567323449322, 0.6137090909090909], [0.19396172932781822, 0.6884152720698336, 0.6364353535353535], [0.1857392753466535, 0.6863410733218676, 0.6591616161616162], [0.17718956579344997, 0.684120756649909, 0.6818878787878787], [0.16804111554048046, 0.6817378744984917, 0.7046141414141414], [0.1582821077608233, 0.6791718067804832, 0.727340404040404], [0.14781395919823315, 0.6763960641786065, 0.7500666666666667], [0.1364835841471333, 0.6733755531122235, 0.7727929292929293], [0.12406061240128252, 0.6700618654926577, 0.7955191919191918], [0.11017968578451647, 0.6663844442835458, 0.8182454545454545], [0.09420104060433226, 0.6622318665483543, 0.8409717171717171], [0.07479407653082312, 0.6574039216752708, 0.8636979797979798], [0.04796568544730554, 0.6514358795610391, 0.8864242424242423], [null, 0.6416053136915925, 0.909150505050505], [null, 0.6290858531518839, 0.9318767676767676], [null, 0.6172496405722021, 0.9546030303030303], [null, 0.6060523654866892, 0.9773292929292929], [null, 0.5954512987630072, 1.0000555555555555], [null, 0.5854054756267137, 1.0227818181818182], [null, 0.5758758308254984, 1.0455080808080808], [null, 0.5668252846638305, 1.0682343434343433], [null, 0.5582187899689323, 1.090960606060606], [null, 0.5500233401836127, 1.1136868686868686], [null, 0.5422079479790319, 1.1364131313131314], [null, 0.5347435936762367, 1.159139393939394], [null, 0.5276031677296564, 1.1818656565656565], [null, 0.5207613732721519, 1.2045919191919192], [null, 0.5141946463803564, 1.2273181818181818], [null, 0.5078810534160879, 1.2500444444444443], [null, 0.5018001845597456, 1.272770707070707], [null, 0.4959330375021649, 1.2954969696969696], [null, 0.4902619903138175, 1.3182232323232324], [null, 0.484770544486791, 1.340949494949495], [null, 0.47944338240519996, 1.3636757575757574], [null, 0.4742661946665628, 1.3864020202020202], [null, 0.4692256052746052, 1.4091282828282827], [null, 0.46430908537980775, 1.4318545454545455], [null, 0.4595048713699358, 1.454580808080808], [null, 0.4548018869408286, 1.4773070707070706], [null, 0.45018966914513364, 1.5000333333333333], [null, 0.4456582975124311, 1.5227595959595959], [null, 0.4411983270003402, 1.5454858585858586], [null, 0.43680072082926874, 1.5682121212121212], [null, 0.43245678907669305, 1.5909383838383837], [null, 0.4281581241200366, 1.6136646464646465], [null, 0.42389653873936445, 1.636390909090909], [null, 0.4196640023203424, 1.6591171717171718], [null, 0.41545257540886527, 1.6818434343434343], [null, 0.41125433886586893, 1.7045696969696968], [null, 0.40706132844816667, 1.7272959595959596], [null, 0.4028654376214364, 1.7500222222222221], [null, 0.3986583401829336, 1.7727484848484847], [null, 0.39443138092392854, 1.7954747474747474], [null, 0.3901754550450701, 1.81820101010101], [null, 0.38588083717713856, 1.8409272727272727], [null, 0.3815371177000507, 1.8636535353535353], [null, 0.37713275512658057, 1.8863797979797978], [null, 0.37265502502854086, 1.9091060606060606], [null, 0.3680895311127396, 1.9318323232323231], [null, 0.3634197539044732, 1.9545585858585859], [null, 0.35862638660852303, 1.9772848484848484], [null, 0.35368641619207875, 2.000011111111111], [null, 0.3485717997560736, 2.0227373737373737], [null, 0.34324749116935244, 2.0454636363636367], [null, 0.33766837262319294, 2.0681898989898992], [null, 0.331774222468778, 2.090916161616162], [null, 0.3254809726814036, 2.1136424242424243], [null, 0.31866389914463245, 2.136368686868687], [null, 0.3111217836962698, 2.15909494949495], [null, 0.302484526198852, 2.1818212121212124], [null, 0.2918870489066842, 2.204547474747475], [null, 0.2750042734825677, 2.2272737373737375], [null, 2.3203661214665772e-14, 2.25]]}