{"dim": 3, "delta": 6.0, "mu": 5.906055070328385, "dmu": 3.1956521739130435, "g": -0.39323391783164535, "k_c": 50, "data": [[0.8477338730617373, null, 0.0001], [0.8468550823277384, null, 0.06070505050505051], [0.8442342046776488, null, 0.12131010101010102], [0.8398998886887802, null, 0.18191515151515153], [0.8338984267011855, null, 0.24252020202020202], [0.826291756745524, null, 0.3031252525252525], [0.8171549388916478, null, 0.36373030303030307], [0.8065733213581389, null, 0.42433535353535357], [0.7946395991413057, null, 0.48494040404040406], [0.7814509275900405, null, 0.5455454545454546], [0.7671061684291535, null, 0.606150505050505], [0.7517032011490439, null, 0.6667555555555555], [0.7353359390658779, null, 0.7273606060606062], [0.7180900549019364, null, 0.7879656565656566], [0.7000354246451667, null, 0.8485707070707071], [0.6812139648485869, null, 0.9091757575757576], [0.6616284322514785, null, 0.9697808080808081], [0.6412425623049205, null, 1.0303858585858587], [0.6199900834779066, null, 1.0909909090909091], [0.5977815175623363, null, 1.1515959595959597], [0.574505074371483, null, 1.2122010101010101], [0.5500228914087166, null, 1.2728060606060607], [0.5241633641575155, null, 1.333411111111111], [0.4967087691966558, null, 1.3940161616161617], [0.46737564771849577, null, 1.4546212121212123], [0.4357826398040968, null, 1.5152262626262627], [0.401394578451953, null, 1.5758313131313133], [0.36341727406259694, null, 1.6364363636363637], [0.3205763169592123, null, 1.6970414141414143], [0.2705701813263207, null, 1.7576464646464647], [0.2083001569041946, null, 1.8182515151515153], [0.11537462041950235, null, 1.8788565656565657]]}