{"dim": 3, "delta": 4.0, "mu": 5.906055070328385, "dmu": 2.6, "g": -0.38319438892130875, "k_c": 50, "data": [[0.82133930286518, 0.975686512099538, 0.0001], [0.8221618195684106, 0.9753916866722684, 0.040503030303030305], [0.8246289808697372, 0.9744983426461896, 0.0809060606060606], [0.828764215119415, 0.9729690446911632, 0.12130909090909091], [0.8346078009210108, 0.9707331101276303, 0.1617121212121212], [0.8422191283955902, 0.9676697466208759, 0.2021151515151515], [0.8516831436453414, 0.9635703893644493, 0.2425181818181818], [0.8630749473004165, 0.9580448282105382, 0.28292121212121213], [0.8765933173014758, 0.9502182718572839, 0.3233242424242424], [0.8952581329210201, 0.9369825576382651, 0.3637272727272727]]}