{"dim": 3, "delta": 1.25, "mu": 5.906055070328385, "dmu": 0.125, "g": -0.3563134090055086, "k_c": 50, "data": [[0.47524477798262565, null, 0.0001], [0.4752380513327703, null, 0.012725252525252525], [0.4752180788642318, null, 0.02535050505050505], [0.4751848532880405, null, 0.03797575757575758], [0.4751383625887999, null, 0.050601010101010105], [0.4750785898920618, null, 0.06322626262626263], [0.47500551354848786, null, 0.07585151515151516], [0.4749191068699439, null, 0.08847676767676768], [0.4748193384596562, null, 0.1011020202020202], [0.4747061716946253, null, 0.11372727272727273], [0.4745795650412429, null, 0.12635252525252524], [0.47443947186074026, null, 0.13897777777777776], [0.4742858402845733, null, 0.1516030303030303], [0.4741186062869635, null, 0.16422828282828283], [0.47393772793620553, null, 0.17685353535353535], [0.47374311663803464, null, 0.18947878787878786], [0.47353470563097855, null, 0.2021040404040404], [0.4733124155599473, null, 0.21472929292929294], [0.4730761611930692, null, 0.22735454545454545], [0.47282585119425874, null, 0.23997979797979796], [0.47256138827217953, null, 0.2526050505050505], [0.4722826685314237, null, 0.26523030303030304], [0.4719895813997771, null, 0.2778555555555555], [0.47168200991007325, null, 0.29048080808080806], [0.47135982971370854, null, 0.3031060606060606], [0.4710229094322579, null, 0.31573131313131314], [0.4706711099941352, null, 0.3283565656565657], [0.47030428479322683, null, 0.34098181818181816], [0.46992227882651394, null, 0.3536070707070707], [0.46952492725277317, null, 0.36623232323232324], [0.4691120627960706, null, 0.3788575757575757], [0.46868349943149085, null, 0.39148282828282827], [0.468239046343653, null, 0.4041080808080808], [0.46777850763762324, null, 0.41673333333333334], [0.467301667124253, null, 0.4293585858585859], [0.46680830430758036, null, 0.44198383838383837], [0.4662981853825563, null, 0.4546090909090909], [0.4657710644426842, null, 0.46723434343434345], [0.4652266825710159, null, 0.47985959595959593], [0.4646647686944369, null, 0.49248484848484847], [0.46408503558327263, null, 0.505110101010101], [0.4634871823521146, null, 0.5177353535353535], [0.4628708918849779, null, 0.5303606060606061], [0.4622358303380149, null, 0.5429858585858586], [0.46158164587312484, null, 0.5556111111111111], [0.46090796792782973, null, 0.5682363636363637], [0.4602144054659527, null, 0.5808616161616161], [0.4595005461479919, null, 0.5934868686868687], [0.45876595452194907, null, 0.6061121212121212], [0.45801017069879846, null, 0.6187373737373737], [0.45723270834563495, null, 0.6313626262626263], [0.45643305294500364, null, 0.6439878787878788], [0.4556106595819681, null, 0.6566131313131314], [0.4547649506612048, null, 0.6692383838383839], [0.4538953132864833, null, 0.6818636363636363], [0.45300109641525915, null, 0.6944888888888889], [0.4520816076746042, null, 0.7071141414141414], [0.4511361098178597, null, 0.7197393939393939], [0.4501638167688987, null, 0.7323646464646465], [0.4491638891925138, null, 0.744989898989899], [0.4481354295221901, null, 0.7576151515151515], [0.447077476349403, null, 0.7702404040404041], [0.4459889980975424, null, 0.7828656565656565], [0.44486888583470297, null, 0.7954909090909091], [0.44371594451892354, null, 0.8081161616161616], [0.4425288862629298, null, 0.8207414141414141], [0.4413063143745409, null, 0.8333666666666667], [0.44004671660864614, null, 0.8459919191919192], [0.43874844701727317, null, 0.8586171717171718], [0.4374097110180403, null, 0.8712424242424243], [0.43602854516049905, null, 0.8838676767676767], [0.4346027935477426, null, 0.8964929292929293], [0.4331300813838115, null, 0.9091181818181818], [0.4316077818290363, null, 0.9217434343434343], [0.43003297528756723, null, 0.9343686868686869], [0.42840240312164235, null, 0.9469939393939394], [0.4267124071092194, null, 0.9596191919191919], [0.42495885729275973, null, 0.9722444444444445], [0.4231370597798227, null, 0.984869696969697], [0.4212416404096738, null, 0.9974949494949495], [0.4192663944706004, null, 1.010120202020202], [0.41720409024937916, null, 1.0227454545454546], [0.41504620462530756, null, 1.035370707070707], [0.41278257110950484, null, 1.0479959595959596], [0.41040086580198604, null, 1.0606212121212122], [0.40788589590288066, null, 1.0732464646464646], [0.4052185098762342, null, 1.0858717171717172], [0.4023739035270754, null, 1.0984969696969697], [0.3993188078993229, null, 1.1111222222222221], [0.3960064613792921, null, 1.1237474747474747], [0.3923666172213279, null, 1.1363727272727273], [0.3882822461216612, null, 1.14899797979798], [0.38351742358789714, null, 1.1616232323232323], [0.37712133769772843, null, 1.1742484848484849], [0.36818030155855497, null, 1.1868737373737375], [0.35845985725772145, null, 1.1994989898989898], [0.3474202200780615, null, 1.2121242424242424], [0.33336515172978937, null, 1.224749494949495], [0.2605755690045749, null, 1.2373747474747474], [-5.551115123125783e-17, null, 1.25]]}