{"dim": 3, "delta": 4, "mu_eff": 10, "dmu_eff": 2.088888888888889, "C": -0.2300055717506968, "k_c": 50, "data": [[0.2785894645383716, 0.9983927209718667, 0.001], [0.2773613555179657, 0.9982720638790027, 0.08261224489795918], [0.27372914098761225, 0.9979152546002072, 0.16422448979591836], [0.26767049023684514, 0.99732045959252, 0.24583673469387754], [0.25913900113555544, 0.9964845907652992, 0.3274489795918367], [0.24804817625485254, 0.9954032158527716, 0.40906122448979587], [0.2342434393674546, 0.9940704457480254, 0.4906734693877551], [0.217452279177898, 0.9924787695362636, 0.5722857142857143], [0.19718789833523212, 0.9906188337136257, 0.6538979591836734], [0.17253557612683015, 0.9884791465214654, 0.7355102040816326], [0.14156483102571946, 0.986045683693004, 0.8171224489795917], [0.09893418572493685, 0.9833013590456912, 0.898734693877551], [null, 0.9802252894056246, 0.9803469387755102], [null, 0.976791876698487, 1.0619591836734692], [null, 0.9729692448525257, 1.1435714285714285], [null, 0.9687173514609848, 1.2251836734693875], [null, 0.963984812917022, 1.3067959183673468], [null, 0.9587040678138007, 1.388408163265306], [null, 0.9527832700754659, 1.470020408163265], [null, 0.9460917467163208, 1.5516326530612243], [null, 0.9384311195503005, 1.6332448979591834], [null, 0.9294686160120458, 1.7148571428571426], [null, 0.918538636509613, 1.796469387755102], [null, 0.9035478405892419, 1.878081632653061], [null, 0.8769906804003716, 1.9596938775510202], [null, 0.8513471486509291, 2.0413061224489795], [null, 0.8275075963514306, 2.1229183673469385], [null, 0.8052571589263559, 2.2045306122448975], [null, 0.7844014280131767, 2.286142857142857], [null, 0.7647647017890412, 2.367755102040816], [null, 0.7461881089566074, 2.449367346938775], [null, 0.7285276303364122, 2.5309795918367346], [null, 0.7116520869465788, 2.6125918367346936], [null, 0.6954411166936671, 2.6942040816326527], [null, 0.6797831411800301, 2.775816326530612], [null, 0.664573290021396, 2.857428571428571], [null, 0.6497112178669556, 2.9390408163265302], [null, 0.6350987064941843, 3.0206530612244897], [null, 0.6206368787841955, 3.1022653061224488], [null, 0.6062227412880351, 3.183877551020408], [null, 0.5917445816919918, 3.265489795918367], [null, 0.5770753825174423, 3.3471020408163263], [null, 0.5620626698015435, 3.4287142857142854], [null, 0.5465115788966382, 3.5103265306122444], [null, 0.530153900694606, 3.591938775510204], [null, 0.5125846104135201, 3.673551020408163], [null, 0.4931088020107137, 3.755163265306122], [null, 0.4702612679653155, 3.8367755102040815], [null, 0.43908831854748664, 3.9183877551020405], [null, -4.89386309254769e-13, 4.0]]}