{"dim": 3, "delta": 7, "mu_eff": 10, "dmu_eff": 3.9666666666666663, "C": -0.10818845313058434, "k_c": 50, "data": [[0.8245450668690492, 1.4958390344831745, 0.001], [0.8217525994582037, 1.4955104372023924, 0.14383673469387753], [0.8134730674633601, 1.4945292259573784, 0.28667346938775506], [0.7996767552360275, 1.4928817116802207, 0.4295102040816326], [0.7800892954324564, 1.490544077534348, 0.5723469387755101], [0.758479741467064, 1.4874806334432777, 0.7151836734693876], [0.7351971227925667, 1.483640944068307, 0.8580204081632652], [0.7098697022015789, 1.4789552231332985, 1.0008571428571427], [0.6821912063416519, 1.4733268419042103, 1.1436938775510201], [0.6519208214062425, 1.466619645613744, 1.2865306122448976], [0.6189017672973537, 1.4586350508700825, 1.429367346938775], [0.5830882711536884, 1.4490666123104907, 1.5722040816326528], [0.5445719892297599, 1.437396208546173, 1.7150408163265303], [0.5035989161046649, 1.4225943473644898, 1.8578775510204077], [0.4605697916326426, 1.401676077949037, 2.0007142857142854], [0.4160218066172377, 1.3579595568934038, 2.1435510204081627], [0.36801704069188884, 1.3132784046216415, 2.2863877551020404], [0.30990465231815745, 1.273720061437077, 2.429224489795918], [0.23605401021742342, 1.238600304835037, 2.5720612244897954], [0.1211638528674314, 1.2072829318536125, 2.714897959183673], [null, 1.1791935838434735, 2.8577346938775503], [null, 1.1538255349053572, 3.000571428571428], [null, 1.1307391970521992, 3.1434081632653057], [null, 1.1095575340602233, 3.286244897959183], [null, 1.0899592974632388, 3.4290816326530607], [null, 1.071671507611293, 3.5719183673469383], [null, 1.054462026660882, 3.7147551020408156], [null, 1.0381327083467131, 3.8575918367346933], [null, 1.0225133144580234, 4.0004285714285714], [null, 1.0074562270414464, 4.143265306122449], [null, 0.9928318926800204, 4.286102040816326], [null, 0.9785248897319905, 4.428938775510204], [null, 0.9644304891810346, 4.571775510204081], [null, 0.9504515694435813, 4.714612244897959], [null, 0.9364957481350571, 4.857448979591837], [null, 0.9224725419804091, 5.000285714285714], [null, 0.9082904082283193, 5.143122448979591], [null, 0.8938533746973318, 5.285959183673469], [null, 0.8790569147540414, 5.428795918367347], [null, 0.8637825159076472, 5.571632653061224], [null, 0.8478899821040395, 5.714469387755101], [null, 0.8312057809588663, 5.857306122448979], [null, 0.8135041220156136, 6.000142857142857], [null, 0.7944737254489525, 6.142979591836734], [null, 0.7736535225437947, 6.285816326530612], [null, 0.7502905804347013, 6.428653061224489], [null, 0.7229565551197636, 6.5714897959183665], [null, 0.6880468796607252, 6.714326530612245], [null, 0.5940750603699896, 6.857163265306122], [null, -2.5859314689569146e-12, 7.0]]}