{"dim": 3, "delta": 6, "mu_eff": 10, "dmu_eff": 3.1333333333333333, "C": -0.1414566597248248, "k_c": 50, "data": [[0.47185425381726187, 1.3836759045701645, 0.001], [0.46993883436821315, 1.3834794654593756, 0.12342857142857143], [0.46425842591803884, 1.382895105410727, 0.24585714285714286], [0.4548217448287734, 1.3819187041347698, 0.36828571428571427], [0.44162966399573417, 1.3805432660908332, 0.4907142857142857], [0.4246534258202478, 1.3787586573610309, 0.6131428571428571], [0.40380032704121127, 1.3765512307419105, 0.7355714285714285], [0.37885997913125846, 1.3739032807208218, 0.858], [0.3494147935911272, 1.370792277634172, 0.9804285714285714], [0.3146725506140814, 1.3671897938903868, 1.1028571428571428], [0.27309613915309816, 1.3630599811332782, 1.225285714285714], [0.22136188531799597, 1.3583573712354458, 1.3477142857142856], [0.14986505270213915, 1.3530236112124938, 1.470142857142857], [null, 1.3469824321495807, 1.5925714285714285], [null, 1.3401315220748613, 1.7149999999999999], [null, 1.3323285445303736, 1.8374285714285714], [null, 1.32336496437067, 1.9598571428571427], [null, 1.3129107796153057, 2.0822857142857143], [null, 1.3003737126495634, 2.2047142857142856], [null, 1.2843872642538905, 2.327142857142857], [null, 1.2573604108018968, 2.4495714285714283], [null, 1.2236518520301927, 2.572], [null, 1.1924158378628849, 2.6944285714285714], [null, 1.163369626130823, 2.8168571428571427], [null, 1.1362554505073437, 2.939285714285714], [null, 1.1108393206944063, 3.0617142857142854], [null, 1.0869094113893696, 3.184142857142857], [null, 1.0642741656139072, 3.3065714285714285], [null, 1.0427602361271846, 3.429], [null, 1.022210345249661, 3.551428571428571], [null, 1.002481127463652, 3.673857142857143], [null, 0.9834409846437608, 3.7962857142857143], [null, 0.9649679570461799, 3.9187142857142856], [null, 0.9469475945734152, 4.041142857142858], [null, 0.9292707619826627, 4.163571428571429], [null, 0.911831328264449, 4.2860000000000005], [null, 0.8945235777250959, 4.408428571428572], [null, 0.8772391851174818, 4.530857142857143], [null, 0.8598634300698685, 4.6532857142857145], [null, 0.8422701658925404, 4.775714285714286], [null, 0.8243147007334993, 4.898142857142857], [null, 0.8058230388218499, 5.0205714285714285], [null, 0.7865744796503544, 5.143000000000001], [null, 0.7662711764651013, 5.265428571428572], [null, 0.7444794612038937, 5.387857142857143], [null, 0.7205008943185776, 5.510285714285715], [null, 0.6930266878868742, 5.632714285714286], [null, 0.6588072269790625, 5.755142857142857], [null, 0.5756407670473357, 5.877571428571429], [null, -3.489208921791942e-12, 6.0]]}