{"dim": 3, "delta": 3.5, "mu_eff": 10, "dmu_eff": 2.138888888888889, "C": -0.2594696251399773, "k_c": 50, "data": [[0.45472833413464264, 0.8394880150773396, 0.001], [0.45326725046445643, 0.8393291985396024, 0.07240816326530612], [0.44864679379197236, 0.8388598601837276, 0.14381632653061224], [0.4415974578656664, 0.8380753621768124, 0.21522448979591835], [0.4345168179948864, 0.8369677462386037, 0.2866326530612245], [0.4271317732807572, 0.8355253775284188, 0.3580408163265306], [0.41925761238902276, 0.8337322278282863, 0.4294489795918367], [0.4107337929970983, 0.8315670261920286, 0.5008571428571428], [0.40139973383570193, 0.8290018199379616, 0.572265306122449], [0.3910833008363316, 0.8259998881591005, 0.643673469387755], [0.3795954252860106, 0.8225125115820143, 0.7150816326530612], [0.36672990876012346, 0.8184737791921914, 0.7864897959183673], [0.35227005719559, 0.8137917978939566, 0.8578979591836734], [0.33600501705248714, 0.8083326432309901, 0.9293061224489796], [0.3177587915026916, 0.8018879330766623, 1.0007142857142857], [0.2974322390800839, 0.7940986185456738, 1.0721224489795917], [0.27505206532269777, 0.7842248526479415, 1.1435306122448978], [0.25081239211354706, 0.7699205028700329, 1.214938775510204], [0.22508997890027171, 0.7338147214327341, 1.28634693877551], [0.1984206268359699, 0.6973430952578131, 1.3577551020408163], [0.17144110511804742, 0.6662485159671915, 1.4291632653061224], [0.14481660549656017, 0.6397207831934077, 1.5005714285714284], [0.1140887906155998, 0.6169887419130399, 1.5719795918367345], [0.06658406267775127, 0.597361655559426, 1.6433877551020406], [null, 0.5802475996855286, 1.7147959183673467], [null, 0.5651543682293526, 1.786204081632653], [null, 0.5516802389308713, 1.857612244897959], [null, 0.5395005157725068, 1.9290204081632651], [null, 0.5283535243896701, 2.0004285714285714], [null, 0.5180278847405635, 2.0718367346938775], [null, 0.508351718369853, 2.1432448979591836], [null, 0.49918383058464066, 2.2146530612244897], [null, 0.4904066339734094, 2.2860612244897958], [null, 0.4819204917308353, 2.357469387755102], [null, 0.4736391574979011, 2.428877551020408], [null, 0.4654860312923743, 2.500285714285714], [null, 0.4573909345113637, 2.57169387755102], [null, 0.44928722239594193, 2.643102040816326], [null, 0.44110892987729583, 2.7145102040816327], [null, 0.4327876931914719, 2.7859183673469388], [null, 0.4242490474617342, 2.857326530612245], [null, 0.41540747783390375, 2.928734693877551], [null, 0.40615913266130005, 3.000142857142857], [null, 0.39637006584637624, 3.071551020408163], [null, 0.3858553887048857, 3.142959183673469], [null, 0.3743379809340834, 3.2143673469387752], [null, 0.3613537136070578, 3.2857755102040813], [null, 0.3459782247345768, 3.3571836734693874], [null, 0.3255937117282112, 3.4285918367346935], [null, -1.7763568394002505e-15, 3.5]]}