{"dim": 3, "delta": 0.75, "mu_eff": 10, "dmu_eff": 0.425, "C": -0.605144141797342, "k_c": 50, "data": [[0.07380202836154456, 0.202034963298666, 0.001], [0.07359819347346828, 0.20200770598371187, 0.016285714285714285], [0.07303533570860332, 0.20193211627549984, 0.03157142857142857], [0.07211755420724184, 0.20180783842394467, 0.04685714285714286], [0.07085135168177431, 0.20163428018235818, 0.062142857142857146], [0.06924528267060001, 0.2014105986722476, 0.07742857142857143], [0.06730937412681351, 0.2011356798221405, 0.09271428571428572], [0.0650541987552645, 0.2008081096636082, 0.108], [0.062489404919743294, 0.20042613638249723, 0.12328571428571429], [0.059621422948723295, 0.1999876196397189, 0.13857142857142857], [0.05645001526185568, 0.19948996412394737, 0.15385714285714286], [0.052963353570374884, 0.19893003146376154, 0.16914285714285715], [0.04913120034046976, 0.19830402247435755, 0.18442857142857144], [0.04489483546979843, 0.1976073176309052, 0.19971428571428573], [0.04014913089494366, 0.1968342567084714, 0.215], [0.034702561285600106, 0.195977827477506, 0.2302857142857143], [0.028164136894352897, 0.19502921293394737, 0.24557142857142858], [0.019474224973207627, 0.1939771092515147, 0.26085714285714284], [null, 0.19280665284306286, 0.27614285714285713], [null, 0.1914976356616376, 0.2914285714285714], [null, 0.19002131741803305, 0.3067142857142857], [null, 0.18833414538330154, 0.322], [null, 0.1863634836683771, 0.3372857142857143], [null, 0.18396678206799247, 0.3525714285714286], [null, 0.18073989143015468, 0.3678571428571429], [null, 0.17405473588841605, 0.3831428571428572], [null, 0.16692285689358818, 0.39842857142857147], [null, 0.1605383401190736, 0.4137142857142857], [null, 0.15478315209325402, 0.429], [null, 0.14955796209446315, 0.4442857142857143], [null, 0.1447790659127518, 0.4595714285714286], [null, 0.14037571692276135, 0.47485714285714287], [null, 0.1362878394188686, 0.49014285714285716], [null, 0.13246408302266166, 0.5054285714285714], [null, 0.1288601684230532, 0.5207142857142857], [null, 0.12543747667991775, 0.536], [null, 0.12216181909633046, 0.5512857142857143], [null, 0.11900235227468844, 0.5665714285714286], [null, 0.11593056086744409, 0.5818571428571429], [null, 0.11291925291370578, 0.5971428571428572], [null, 0.1099414717761942, 0.6124285714285714], [null, 0.10696918836466457, 0.6277142857142858], [null, 0.10397155056659957, 0.643], [null, 0.10091223840115433, 0.6582857142857143], [null, 0.0977450465568529, 0.6735714285714286], [null, 0.09440552770884891, 0.6888571428571428], [null, 0.09079281203748632, 0.7041428571428572], [null, 0.08672114111446494, 0.7194285714285714], [null, 0.08173514318813958, 0.7347142857142858], [null, -2.0258017485730306e-11, 0.75]]}