{"dim": 3, "delta": 1, "mu_eff": 10, "dmu_eff": 0.6333333333333333, "C": -0.5401527062406859, "k_c": 50, "data": [[0.1352568884468053, 0.25641787515264636, 0.001], [0.13513626105920498, 0.25640512243218483, 0.011090909090909092], [0.13480793435641064, 0.25637105854771186, 0.021181818181818184], [0.13424375110999542, 0.2563156166838474, 0.03127272727272727], [0.13338692426448648, 0.2562386873925591, 0.041363636363636366], [0.13252491055038404, 0.25614011762537414, 0.05145454545454546], [0.13167843003044502, 0.2560197092064959, 0.06154545454545455], [0.1308348490533038, 0.2558772169069041, 0.07163636363636364], [0.12998547310817413, 0.2557123460410354, 0.08172727272727273], [0.12912371553684668, 0.2555247491840053, 0.09181818181818183], [0.12824417555347253, 0.25531402266191877, 0.10190909090909092], [0.1273421237286231, 0.2550797020718696, 0.112], [0.12641318822823402, 0.2548212530795066, 0.1220909090909091], [0.12545314830756255, 0.25453808367997144, 0.13218181818181818], [0.12445778764077219, 0.2542294994507791, 0.14227272727272727], [0.12342278201671218, 0.2538947315652965, 0.15236363636363637], [0.12234360790564855, 0.2535329073365188, 0.16245454545454546], [0.12121546255205985, 0.25314304084492545, 0.17254545454545456], [0.12003319183369614, 0.25272401707632014, 0.18263636363636365], [0.11879122246087857, 0.2522745726457224, 0.19272727272727275], [0.11748349827291396, 0.2517932722698149, 0.20281818181818184], [0.1161034181933546, 0.2512784794874098, 0.2129090909090909], [0.11464378619109328, 0.250728320509504, 0.223], [0.11309676360824895, 0.2501406379107802, 0.2330909090909091], [0.11145383871006037, 0.24951293235299718, 0.2431818181818182], [0.1097058283020488, 0.24884228639322492, 0.25327272727272726], [0.10784290089031605, 0.24812526437081703, 0.26336363636363636], [0.10585466043564302, 0.24735777801555384, 0.27345454545454545], [0.10373029546173296, 0.2465349022173739, 0.28354545454545454], [0.10145881789379267, 0.2456506166700074, 0.29363636363636364], [0.09902941509281217, 0.2446974289928604, 0.30372727272727273], [0.0964319337549005, 0.2436658137520257, 0.31381818181818183], [0.09365750626062422, 0.24254333005814463, 0.3239090909090909], [0.09069931327271134, 0.24131316166527828, 0.334], [0.08755344935579841, 0.23995153089014315, 0.3440909090909091], [0.08421982529250326, 0.23842265622864905, 0.3541818181818182], [0.08070300413332994, 0.2366675216351196, 0.3642727272727273], [0.07701284562890628, 0.2345729210897139, 0.3743636363636364], [0.07316482659418522, 0.2318416274528725, 0.3844545454545455], [0.0691799371881158, 0.2257739611884995, 0.3945454545454546], [0.06508411829682335, 0.21759724676798667, 0.4046363636363637], [0.06090727882703192, 0.21021821516723393, 0.4147272727272727], [0.05668201473760539, 0.20356381380107758, 0.4248181818181818], [0.05244219578561337, 0.19756290227217804, 0.4349090909090909], [0.04822159456558135, 0.1921473789422394, 0.445], [0.04405270026555563, 0.18725314371626722, 0.4550909090909091], [0.03996580642532708, 0.1828208049138074, 0.4651818181818182], [0.03598840403732646, 0.17879610283123323, 0.4752727272727273], [0.03181551800588872, 0.17513006147629878, 0.4853636363636364], [0.026544710458325627, 0.17177891302773984, 0.4954545454545455], [0.019622989604265114, 0.1687038551520562, 0.5055454545454545], [0.007584684820688542, 0.1658706981210386, 0.5156363636363637], [null, 0.16324945063794924, 0.5257272727272727], [null, 0.16081388152611362, 0.5358181818181819], [null, 0.15854108637585707, 0.5459090909090909], [null, 0.15641108909002044, 0.556], [null, 0.15440644355746275, 0.5660909090909091], [null, 0.15251191547682644, 0.5761818181818182], [null, 0.15071417239213353, 0.5862727272727273], [null, 0.1490015214880886, 0.5963636363636364], [null, 0.14736367988624835, 0.6064545454545455], [null, 0.1457915769077035, 0.6165454545454546], [null, 0.1442771825835826, 0.6266363636363637], [null, 0.1428133603133882, 0.6367272727272728], [null, 0.1413937396979645, 0.6468181818181818], [null, 0.14001260844351585, 0.6569090909090909], [null, 0.13866481688199414, 0.667], [null, 0.13734569703441296, 0.6770909090909091], [null, 0.13605099147578814, 0.6871818181818182], [null, 0.13477679132999168, 0.6972727272727273], [null, 0.13351948148639617, 0.7073636363636364], [null, 0.13227569194500607, 0.7174545454545455], [null, 0.13104225383773502, 0.7275454545454546], [null, 0.129816159946528, 0.7376363636363636], [null, 0.12859452620884124, 0.7477272727272728], [null, 0.1273745577190849, 0.7578181818181818], [null, 0.1261535132266795, 0.767909090909091], [null, 0.1249286712219808, 0.778], [null, 0.12369729420169595, 0.7880909090909092], [null, 0.12245659090026896, 0.7981818181818182], [null, 0.12120367492389118, 0.8082727272727274], [null, 0.11993551746499563, 0.8183636363636364], [null, 0.11864889433544108, 0.8284545454545454], [null, 0.11734031742820891, 0.8385454545454546], [null, 0.11600595667082247, 0.8486363636363636], [null, 0.11464153776736974, 0.8587272727272728], [null, 0.11324220979146125, 0.8688181818181818], [null, 0.1118023712739507, 0.878909090909091], [null, 0.11031543199800542, 0.889], [null, 0.10877347912956678, 0.8990909090909092], [null, 0.10716679457233244, 0.9091818181818182], [null, 0.1054831293072744, 0.9192727272727274], [null, 0.10370656378883909, 0.9293636363636364], [null, 0.10181562083239722, 0.9394545454545455], [null, 0.09977990989644095, 0.9495454545454546], [null, 0.09755360423557083, 0.9596363636363637], [null, 0.09506100370476014, 0.9697272727272728], [null, 0.0921576160124609, 0.9798181818181818], [null, 0.0884792674515052, 0.989909090909091], [null, 5.1660897781857784e-12, 1.0]]}