{"dim": 3, "delta": 7, "mu_eff": 10, "dmu_eff": 4.122222222222222, "C": -0.10818845313058434, "k_c": 50, "data": [[0.9096866952210427, 1.461448113447496, 0.001], [0.9052091604783236, 1.4610418374579117, 0.14383673469387753], [0.89279366540642, 1.459826412680201, 0.28667346938775506], [0.8802668987435881, 1.4577778177962186, 0.4295102040816326], [0.8670838612996024, 1.4548534982007961, 0.5723469387755101], [0.8526851972713912, 1.450987831476478, 0.7151836734693876], [0.8366026209826259, 1.4460841562745637, 0.8580204081632652], [0.8183577135225805, 1.440000729314695, 1.0008571428571427], [0.7974266985974457, 1.432524730269434, 1.1436938775510201], [0.7732378041011334, 1.4233196255730334, 1.2865306122448976], [0.7452022183271639, 1.4118022549147657, 1.429367346938775], [0.7127873333914979, 1.396777624675147, 1.5722040816326528], [0.6756325784123466, 1.3745851991637383, 1.7150408163265303], [0.6336826887640946, 1.3195427294360391, 1.8578775510204077], [0.5872838738943701, 1.2630238394665934, 2.0007142857142854], [0.537187337017994, 1.2151248521476388, 2.1435510204081627], [0.4844496608383172, 1.1747235943881322, 2.2863877551020404], [0.4302772958222378, 1.1406131124640513, 2.429224489795918], [0.3758810677991328, 1.111634231082977, 2.5720612244897954], [0.3223802060861335, 1.0867604404451117, 2.714897959183673], [0.26295665503154037, 1.065131164822065, 2.8577346938775503], [0.17713884610323122, 1.0460492631161675, 3.000571428571428], [null, 1.028960588021915, 3.1434081632653057], [null, 1.0134282661713974, 3.286244897959183], [null, 0.9991080047278748, 3.4290816326530607], [null, 0.9857271002464526, 3.5719183673469383], [null, 0.9730675742071707, 3.7147551020408156], [null, 0.9609530228946314, 3.8575918367346933], [null, 0.9492384940138002, 4.0004285714285714], [null, 0.9378027063056575, 4.143265306122449], [null, 0.9265420280961625, 4.286102040816326], [null, 0.9153657377891171, 4.428938775510204], [null, 0.9041922037801053, 4.571775510204081], [null, 0.8929456769508737, 4.714612244897959], [null, 0.8815534623337821, 4.857448979591837], [null, 0.8699432083770845, 5.000285714285714], [null, 0.858040244313067, 5.143122448979591], [null, 0.8457643059381578, 5.285959183673469], [null, 0.833025919943902, 5.428795918367347], [null, 0.8197213095097708, 5.571632653061224], [null, 0.8057253024809529, 5.714469387755101], [null, 0.7908805630892429, 5.857306122448979], [null, 0.7749801494997979, 6.000142857142857], [null, 0.7577370510839132, 6.142979591836734], [null, 0.7387257809931416, 6.285816326530612], [null, 0.7172552761166255, 6.428653061224489], [null, 0.6920341858689474, 6.5714897959183665], [null, 0.6599291714769813, 6.714326530612245], [null, 0.5940750602816081, 6.857163265306122], [null, -2.6139090891774686e-12, 7.0]]}