{"dim": 3, "delta": 0.5, "mu_eff": 10, "dmu_eff": 0.31666666666666665, "C": -0.6968588790391586, "k_c": 50, "data": [[0.06740463432357024, 0.12937407971297135, 0.001], [0.06716523069271199, 0.12934844661405226, 0.011183673469387756], [0.06644700516800213, 0.1292797700192341, 0.02136734693877551], [0.06555946802852136, 0.12916751682420108, 0.031551020408163266], [0.06467815763215838, 0.1290107966716616, 0.04173469387755102], [0.06377078704363962, 0.12880832718983942, 0.051918367346938776], [0.06281618852648671, 0.12855838030562083, 0.06210204081632653], [0.06179647337706259, 0.12825870481984578, 0.07228571428571429], [0.06069390426306749, 0.12790641663598415, 0.08246938775510204], [0.05948917096117053, 0.12749783973067277, 0.0926530612244898], [0.05816015838761574, 0.1270282834896264, 0.10283673469387755], [0.05668093199424937, 0.12649170310041793, 0.1130204081632653], [0.0550209388657944, 0.12588018916995689, 0.12320408163265306], [0.05314464496540605, 0.12518315075227926, 0.13338775510204082], [0.05101212007404466, 0.12438593884155409, 0.14357142857142857], [0.04858143892680888, 0.12346735271003738, 0.15375510204081633], [0.045814059762075886, 0.12239464430390659, 0.16393877551020408], [0.04268408819553878, 0.12111194457651847, 0.17412244897959184], [0.03919079167201908, 0.11950628690361545, 0.1843061224489796], [0.0353706549024347, 0.11724289554541488, 0.19448979591836735], [0.031302503886985945, 0.1107557575704029, 0.2046734693877551], [0.027100562115747243, 0.10339040932399692, 0.21485714285714286], [0.02289683961476386, 0.09741737764106373, 0.2250408163265306], [0.018820720282461328, 0.09254690447666676, 0.23522448979591837], [0.014386731375975539, 0.08853486489996497, 0.24540816326530612], [0.006719963534107274, 0.08518435044020575, 0.2555918367346939], [null, 0.08234140440687904, 0.26577551020408163], [null, 0.07988785646789219, 0.2759591836734694], [null, 0.07773373917985008, 0.28614285714285714], [null, 0.0758105567481692, 0.2963265306122449], [null, 0.07406586286974841, 0.30651020408163265], [null, 0.07245908934418137, 0.3166938775510204], [null, 0.07095842471523456, 0.32687755102040816], [null, 0.06953849990878906, 0.3370612244897959], [null, 0.06817866933920401, 0.3472448979591837], [null, 0.06686171833518598, 0.35742857142857143], [null, 0.06557287168330148, 0.3676122448979592], [null, 0.06429899951100562, 0.37779591836734694], [null, 0.06302794503935324, 0.3879795918367347], [null, 0.061747902980083404, 0.39816326530612245], [null, 0.060446777148226535, 0.4083469387755102], [null, 0.05911142186588607, 0.41853061224489796], [null, 0.05772662576236858, 0.4287142857142857], [null, 0.056273575068250356, 0.43889795918367347], [null, 0.05472725929384843, 0.4490816326530612], [null, 0.05305155519048574, 0.459265306122449], [null, 0.05118852777189013, 0.46944897959183673], [null, 0.049030005593748725, 0.4796326530612245], [null, 0.04631024590324926, 0.48981632653061224], [null, 4.442224366130176e-12, 0.5]]}