{"dim": 3, "delta": 0.5, "mu_eff": 10, "dmu_eff": 0.25, "C": -0.6968588790391586, "k_c": 50, "data": [[0.003338725561102577, 0.13951952564690667, 0.001], [0.0013461344538366385, 0.13950367939769262, 0.011183673469387756], [null, 0.13946129269713645, 0.02136734693877551], [null, 0.1393922270612636, 0.031551020408163266], [null, 0.1392962548508018, 0.04173469387755102], [null, 0.13917305551032502, 0.051918367346938776], [null, 0.13902221021570774, 0.06210204081632653], [null, 0.1388431946805199, 0.07228571428571429], [null, 0.1386353697586884, 0.08246938775510204], [null, 0.13839796946094401, 0.0926530612244898], [null, 0.13813008583764713, 0.10283673469387755], [null, 0.13783064988646695, 0.1130204081632653], [null, 0.1374984077054775, 0.12320408163265306], [null, 0.13713188961914133, 0.13338775510204082], [null, 0.13672937169952726, 0.14357142857142857], [null, 0.1362888252917428, 0.15375510204081633], [null, 0.13580785137911958, 0.16393877551020408], [null, 0.1352835936303809, 0.17412244897959184], [null, 0.13471261994674352, 0.1843061224489796], [null, 0.13409075967673986, 0.19448979591836735], [null, 0.13341287158613963, 0.2046734693877551], [null, 0.13267250386498747, 0.21485714285714286], [null, 0.13186137592682123, 0.2250408163265306], [null, 0.1309685495807824, 0.23522448979591837], [null, 0.12997901963922884, 0.24540816326530612], [null, 0.12887111511527513, 0.2555918367346939], [null, 0.1276111244823372, 0.26577551020408163], [null, 0.12614011858559687, 0.2759591836734694], [null, 0.12432988117645291, 0.28614285714285714], [null, 0.1215301931896346, 0.2963265306122449], [null, 0.11726259183501435, 0.30651020408163265], [null, 0.11330718785636329, 0.3166938775510204], [null, 0.1096209059785699, 0.32687755102040816], [null, 0.10616614138850525, 0.3370612244897959], [null, 0.10290980602473297, 0.3472448979591837], [null, 0.09982249805895296, 0.35742857142857143], [null, 0.09687776321536866, 0.3676122448979592], [null, 0.09405141727819125, 0.37779591836734694], [null, 0.09132089318529656, 0.3879795918367347], [null, 0.08866457037947434, 0.39816326530612245], [null, 0.08606102552028347, 0.4083469387755102], [null, 0.0834881098494751, 0.41853061224489796], [null, 0.08092168881619984, 0.4287142857142857], [null, 0.0783337302807339, 0.43889795918367347], [null, 0.07568908365603101, 0.4490816326530612], [null, 0.07293939358964528, 0.459265306122449], [null, 0.07000985677968265, 0.46944897959183673], [null, 0.06676398798208646, 0.4796326530612245], [null, 0.06286992899810064, 0.48981632653061224], [null, 8.020251129892131e-13, 0.5]]}