{"dim": 3, "delta": 0.25, "mu_eff": 10, "dmu_eff": 0.16944444444444443, "C": -0.8537969888401657, "k_c": 50, "data": [[0.037852547552238096, 0.062225597953290565, 0.001], [0.03782966080565438, 0.06220543262325177, 0.006081632653061225], [0.037819061276190905, 0.062156076613910725, 0.011163265306122449], [0.03781690215604492, 0.06207688734779067, 0.016244897959183675], [0.037824775840824755, 0.06196679609707459, 0.0213265306122449], [0.037845591065300374, 0.061824235433512446, 0.026408163265306126], [0.037883456917386336, 0.06164702286526454, 0.03148979591836735], [0.03794405496838889, 0.061432178544251155, 0.036571428571428574], [0.03803537521346363, 0.061175636559761964, 0.0416530612244898], [0.03816901392778339, 0.06087177241769761, 0.046734693877551026], [0.03836254038772402, 0.060512588666799566, 0.05181632653061225], [0.03864414016602128, 0.06008620325349812, 0.05689795918367348], [0.039062738497300055, 0.05957373789073977, 0.061979591836734696], [0.03971375990889161, 0.05894183807746401, 0.06706122448979593], [0.04082336893063128, 0.05811944603511309, 0.07214285714285715], [0.043214955043734356, 0.05687053135953223, 0.07722448979591838]]}