{"dim": 3, "delta": 5, "mu_eff": 10, "dmu_eff": 2.9444444444444446, "C": -0.18109101514056913, "k_c": 50, "data": [[0.6157934415265138, 1.1455094373084032, 0.001], [0.6138803529464025, 1.1452867540343123, 0.1030204081632653], [0.6081543060653706, 1.144624880010498, 0.2050408163265306], [0.598026019698226, 1.1435166002278554, 0.3070612244897959], [0.5855337245359555, 1.1419494930891434, 0.4090816326530612], [0.5724362510990875, 1.1399052356248762, 0.5111020408163265], [0.5584207020750217, 1.1373585010349596, 0.6131224489795918], [0.5432262912384277, 1.1342752793052846, 0.7151428571428571], [0.5266098593739957, 1.1306103279863482, 0.8171632653061224], [0.5083359873245393, 1.1263032289188744, 0.9191836734693877], [0.48818055496536505, 1.1212720753853596, 1.0212040816326529], [0.46594505785271967, 1.1154028394225861, 1.123224489795918], [0.4414807231558745, 1.1085301622842938, 1.2252448979591835], [0.4147202104665318, 1.1003990671729333, 1.3272653061224489], [0.38571155031725773, 1.0905767817143368, 1.429285714285714], [0.3546455877724069, 1.0781950130669187, 1.5313061224489792], [0.3218671154636093, 1.060681077586272, 1.6333265306122446], [0.2878632742909816, 1.0213999765760362, 1.73534693877551], [0.25323011278234336, 0.9806563583036473, 1.8373673469387752], [0.21599416170687347, 0.944964339836647, 1.9393877551020404], [0.16757967120229228, 0.913640785319831, 2.041408163265306], [0.09473511890651902, 0.8860392922807997, 2.1434285714285712], [null, 0.8615731260227115, 2.245448979591836], [null, 0.8397251568640339, 2.3474693877551016], [null, 0.8200504106998036, 2.449489795918367], [null, 0.802171278397461, 2.5515102040816324], [null, 0.7857701479536803, 2.653530612244898], [null, 0.770580840301843, 2.755551020408163], [null, 0.7563801593985557, 2.857571428571428], [null, 0.7429801771551486, 2.9595918367346936], [null, 0.7302214869952548, 3.0616122448979586], [null, 0.7179674380245125, 3.163632653061224], [null, 0.7060992503737542, 3.2656530612244894], [null, 0.694511855019719, 3.367673469387755], [null, 0.6831102961279885, 3.46969387755102], [null, 0.6718065104753834, 3.571714285714285], [null, 0.6605162988776726, 3.6737346938775506], [null, 0.6491563017046954, 3.775755102040816], [null, 0.6376406411772375, 3.877775510204081], [null, 0.6258769858975849, 3.9797959183673464], [null, 0.6137613429528529, 4.081816326530612], [null, 0.6011706738259925, 4.183836734693878], [null, 0.5879514971620098, 4.285857142857143], [null, 0.5739008166112542, 4.387877551020408], [null, 0.5587311202085639, 4.489897959183673], [null, 0.5419982872751561, 4.591918367346938], [null, 0.522926745367953, 4.693938775510204], [null, 0.49985529815303337, 4.795959183673469], [null, 0.4670041466587957, 4.897979591836735], [null, 3.950617610826157e-12, 5.0]]}