{"dim": 3, "delta": 0.25, "mu_eff": 10, "dmu_eff": 0.16388888888888886, "C": -0.8537969888401657, "k_c": 50, "data": [[0.03594092616622744, 0.06364284148526722, 0.001], [0.035703656904943995, 0.06362586100159213, 0.006081632653061225], [0.03544496223746136, 0.0635843532778059, 0.011163265306122449], [0.03520593721666725, 0.06351791612061768, 0.016244897959183675], [0.03496937669018064, 0.06342588812806087, 0.0213265306122449], [0.0347276597867388, 0.06330731545532932, 0.026408163265306126], [0.03447582827544792, 0.06316090168296605, 0.03148979591836735], [0.03420966538873286, 0.06298493115785565, 0.036571428571428574], [0.0339248469162371, 0.062777158080227, 0.0416530612244898], [0.03361636201873543, 0.06253463742802302, 0.046734693877551026], [0.03327793287423623, 0.062253469653265954, 0.05181632653061225], [0.03290126989798801, 0.06192838685911551, 0.05689795918367348], [0.03247499211869603, 0.061552057829637435, 0.061979591836734696], [0.03198296637860869, 0.06111382777752535, 0.06706122448979593], [0.031401709607394024, 0.060597203900080006, 0.07214285714285715], [0.030696358353100653, 0.0599740593754961, 0.07722448979591838], [0.02981487875008233, 0.05918787773111675, 0.0823061224489796], [0.028681716600902525, 0.05807656777048944, 0.08738775510204082], [0.02719784008668826, 0.05405551492123432, 0.09246938775510205], [0.025265949733221046, 0.048489206944873374, 0.09755102040816327], [0.02285747248659461, 0.04433193448891191, 0.1026326530612245], [0.02007595797441284, 0.041353481626930595, 0.10771428571428572], [0.017124642970939078, 0.03924774222817743, 0.11279591836734695], [0.014205479218079946, 0.0377286978342813, 0.11787755102040817], [0.011459218042620737, 0.03658657042521229, 0.12295918367346939], [0.008965021881278479, 0.03568382738735386, 0.1280408163265306], [0.006731422933027949, 0.03494045915989144, 0.13312244897959186], [0.0030730372300121654, 0.034299021072311454, 0.13820408163265308], [null, 0.03372724550331101, 0.1432857142857143], [null, 0.03320278930514758, 0.1483673469387755], [null, 0.03271034459556872, 0.15344897959183676], [null, 0.032239025242319905, 0.15853061224489798], [null, 0.03178078249747297, 0.1636122448979592], [null, 0.0313294133510067, 0.16869387755102042], [null, 0.030879918776880632, 0.17377551020408163], [null, 0.03042806711460302, 0.17885714285714288], [null, 0.029970080582768503, 0.1839387755102041], [null, 0.029502391181090108, 0.18902040816326532], [null, 0.02902142924643337, 0.19410204081632654], [null, 0.028523414451254853, 0.19918367346938778], [null, 0.02800411893600847, 0.204265306122449], [null, 0.0274585602885832, 0.20934693877551022], [null, 0.026880559774855758, 0.21442857142857144], [null, 0.026262042488750303, 0.21951020408163266], [null, 0.02559182467738304, 0.2245918367346939], [null, 0.02485328738251734, 0.22967346938775512], [null, 0.0240192858967959, 0.23475510204081634], [null, 0.023038634219936842, 0.23983673469387756], [null, 0.02178517164507881, 0.24491836734693878], [null, 8.704148513061227e-13, 0.25]]}