{"dim": 3, "delta": 3.0, "mu_eff": 10, "dmu_eff": 1.001, "C": -0.29363958034959703, "k_c": 50, "data": [[0.8280565167799174, null, 0.001], [0.8280413476545452, null, 0.031292929292929296], [0.8279977075064722, null, 0.06158585858585859], [0.8279255744062173, null, 0.0918787878787879], [0.8278249099403059, null, 0.12217171717171718], [0.827695660344021, null, 0.15246464646464647], [0.8275377564693428, null, 0.18275757575757579], [0.827351113528564, null, 0.21305050505050507], [0.8271356308152767, null, 0.24334343434343436], [0.8268911917262354, null, 0.2736363636363637], [0.8266176630498623, null, 0.30392929292929294], [0.8263148949636446, null, 0.33422222222222225], [0.8259827194176953, null, 0.36451515151515157], [0.8256209550286213, null, 0.39480808080808083], [0.82522939596328, null, 0.42510101010101015], [0.8248078220183747, null, 0.4553939393939394], [0.8243559926568185, null, 0.4856868686868687], [0.8238736473843775, null, 0.515979797979798], [0.8233605052453995, null, 0.5462727272727274], [0.8228162633648097, null, 0.5765656565656566], [0.8222405968799723, null, 0.6068585858585859], [0.8216331574518863, null, 0.6371515151515152], [0.8209935720238041, null, 0.6674444444444445], [0.8203214420619218, null, 0.6977373737373738], [0.8196163420930809, null, 0.7280303030303031], [0.8188778181077591, null, 0.7583232323232324], [0.8181053861986471, null, 0.7886161616161617], [0.8172985307939469, null, 0.8189090909090909], [0.8164567026205827, null, 0.8492020202020203], [0.8155793170528743, null, 0.8794949494949496], [0.8146657510943118, null, 0.9097878787878788], [0.8137153411693673, null, 0.9400808080808082], [0.8127273821038663, null, 0.9703737373737374], [0.8117011198908768, null, 1.0006666666666666], [0.8106357525119393, null, 1.0309595959595959], [0.8095304240733128, null, 1.0612525252525251], [0.808384221021969, null, 1.0915454545454546], [0.8071961675078342, null, 1.1218383838383839], [0.8059652201336496, null, 1.1521313131313131], [0.804690261990968, null, 1.1824242424242424], [0.8033700966932247, null, 1.2127171717171716], [0.8020034392016897, null, 1.243010101010101], [0.8005889114917635, null, 1.2733030303030304], [0.7991250267993146, null, 1.3035959595959596], [0.7976101844716192, null, 1.333888888888889], [0.7960426551393667, null, 1.3641818181818182], [0.7944205662694007, null, 1.3944747474747474], [0.7927418868328144, null, 1.4247676767676767], [0.7910044070778475, null, 1.4550606060606062], [0.7892057172931496, null, 1.4853535353535354], [0.7873431810845147, null, 1.5156464646464647], [0.7854139054072803, null, 1.545939393939394], [0.7834147023184681, null, 1.5762323232323232], [0.7813420478680628, null, 1.6065252525252525], [0.7791920251790492, null, 1.6368181818181817], [0.7769602651049807, null, 1.6671111111111112], [0.7746418604783869, null, 1.6974040404040405], [0.7722312720203044, null, 1.7276969696969697], [0.7697222008598719, null, 1.757989898989899], [0.7671074289298655, null, 1.7882828282828283], [0.7643786107990249, null, 1.8185757575757575], [0.7615259979673223, null, 1.848868686868687], [0.7585380661234948, null, 1.8791616161616163], [0.7554009956433189, null, 1.9094545454545455], [0.7520979354946598, null, 1.9397474747474748], [0.7486079035613271, null, 1.970040404040404], [0.7449039874851425, null, 2.0003333333333333], [0.7409510829486489, null, 2.030626262626263], [0.7366999486866003, null, 2.060919191919192], [0.7320786437258738, null, 2.0912121212121213], [0.7269700522508068, null, 2.1215050505050503], [0.7211459286554143, null, 2.15179797979798], [0.7137727574811232, null, 2.1820909090909093], [0.7041999822419167, null, 2.2123838383838383], [0.6947326311915055, null, 2.242676767676768], [0.6853593409815784, null, 2.272969696969697], [0.6760684904552484, null, 2.3032626262626263], [0.6668481041711563, null, 2.333555555555556], [0.657685738165672, null, 2.363848484848485], [0.6485683422076671, null, 2.3941414141414143], [0.6394820937655856, null, 2.4244343434343434], [0.6304121887426851, null, 2.454727272727273], [0.6213425836583114, null, 2.485020202020202], [0.6122556639097748, null, 2.5153131313131314], [0.6031318141652106, null, 2.545606060606061], [0.5939488510583371, null, 2.57589898989899], [0.5846812535680762, null, 2.6061919191919194], [0.5752991038024989, null, 2.6364848484848484], [0.565766576226423, null, 2.666777777777778], [0.5560397210598788, null, 2.697070707070707], [0.5460630847031986, null, 2.7273636363636364], [0.5357643030094773, null, 2.757656565656566], [0.5250449474934632, null, 2.787949494949495], [0.5137638011980996, null, 2.8182424242424244], [0.5017030211712226, null, 2.8485353535353535], [0.48848877137690855, null, 2.878828282828283], [0.4733546310016958, null, 2.9091212121212124], [0.453974788601542, null, 2.9394141414141415], [0.3589577021603101, null, 2.969707070707071], [-1.247890679678676e-12, null, 3.0]]}