{"dim": 3, "delta": 1.25, "mu_eff": 10, "dmu_eff": 0.8194444444444444, "C": -0.4898160746313178, "k_c": 50, "data": [[0.1806317381455121, 0.3123507277561954, 0.001], [0.17961152341824305, 0.3122822383766074, 0.02648979591836735], [0.17848619520662817, 0.31208601782587936, 0.0519795918367347], [0.1774653739036771, 0.3117599569525084, 0.07746938775510205], [0.17646359050606905, 0.31130045230081693, 0.1029591836734694], [0.17544652827685076, 0.31070220743311366, 0.12844897959183676], [0.17439342300245989, 0.30995792030758035, 0.1539387755102041], [0.17328756307893012, 0.3090578043814379, 0.17942857142857144], [0.172112346575494, 0.3079888789528409, 0.2049183673469388], [0.17084872969805076, 0.30673386135389247, 0.23040816326530617], [0.16947269735780368, 0.30526942534953094, 0.25589795918367353], [0.16795193345730083, 0.3035633028916647, 0.28138775510204084], [0.16624072267146822, 0.3015691552369061, 0.3068775510204082], [0.16427152303882236, 0.2992166468387536, 0.33236734693877557], [0.16194035540407806, 0.29638970534257564, 0.3578571428571429], [0.1590807693397622, 0.2928686429958259, 0.38334693877551024], [0.15541774104908151, 0.28810986267047767, 0.4088367346938776], [0.15049380518514174, 0.2761996838682635, 0.43432653061224497], [0.14359645234570398, 0.24490437232998688, 0.45981632653061233], [0.1338732164063117, 0.22066696240060016, 0.48530612244897964], [0.12096598570732038, 0.20338802818597498, 0.5107959183673471], [0.10570318238070481, 0.19184284770529042, 0.5362857142857144], [0.08961658363488285, 0.18415731176165012, 0.5617755102040817], [0.07396436896190091, 0.178778328718169, 0.5872653061224491], [0.059457813972228206, 0.17474132936151196, 0.6127551020408164], [0.04642513304868088, 0.17150142531531537, 0.6382448979591837], [0.03499012013749866, 0.16875060509935336, 0.6637346938775511], [0.01876953401856222, 0.16630815725714074, 0.6892244897959184], [null, 0.16406283629567683, 0.7147142857142857], [null, 0.16194272593579864, 0.7402040816326532], [null, 0.1598989269493148, 0.7656938775510205], [null, 0.15789659912215695, 0.7911836734693879], [null, 0.155909616398615, 0.8166734693877552], [null, 0.1539173391454832, 0.8421632653061225], [null, 0.15190252958774375, 0.8676530612244899], [null, 0.1498499268339899, 0.8931428571428572], [null, 0.14774518627891184, 0.9186326530612247], [null, 0.14557404006193322, 0.944122448979592], [null, 0.14332143594637037, 0.9696122448979593], [null, 0.1409707162984541, 0.9951020408163267], [null, 0.13850253030815082, 1.020591836734694], [null, 0.1358934086060389, 1.0460816326530613], [null, 0.1331135523989256, 1.0715714285714286], [null, 0.1301234015710466, 1.097061224489796], [null, 0.12686747717346392, 1.1225510204081632], [null, 0.12326255474834397, 1.1480408163265305], [null, 0.11917156525164967, 1.173530612244898], [null, 0.1143335012153944, 1.1990204081632654], [null, 0.10809400628633309, 1.2245102040816327], [null, 1.1857181902996672e-13, 1.25]]}