{"dim": 3, "delta": 3, "mu_eff": 10, "dmu_eff": 1.5, "C": -0.29363958034959703, "k_c": 50, "data": [[0.08890737420364175, 0.784912096210505, 0.001], [0.08708890718373348, 0.7848290697286436, 0.06220408163265306], [0.08154417689409803, 0.7845849168862542, 0.12340816326530613], [0.07150865690157061, 0.7841786640154256, 0.1846122448979592], [null, 0.7836086741484226, 0.24581632653061225], [null, 0.7828726089578105, 0.3070204081632653], [null, 0.7819674098781894, 0.3682244897959184], [null, 0.7808891762809139, 0.42942857142857144], [null, 0.7796331364931004, 0.4906326530612245], [null, 0.7781935086242208, 0.5518367346938776], [null, 0.7765633622130945, 0.6130408163265306], [null, 0.774734433477829, 0.6742448979591836], [null, 0.7726968850886647, 0.7354489795918367], [null, 0.7704389922621423, 0.7966530612244899], [null, 0.7679467268442083, 0.8578571428571429], [null, 0.7652031974287309, 0.9190612244897959], [null, 0.7621878810784604, 0.980265306122449], [null, 0.758875541937308, 1.041469387755102], [null, 0.7552346665029557, 1.1026734693877551], [null, 0.7512251163079204, 1.163877551020408], [null, 0.7467944476064053, 1.2250816326530611], [null, 0.7418718086279954, 1.2862857142857143], [null, 0.736357078725515, 1.3474897959183672], [null, 0.7300994274435492, 1.4086938775510203], [null, 0.7228484995220678, 1.4698979591836734], [null, 0.7141121190215703, 1.5311020408163265], [null, 0.7024213884786248, 1.5923061224489796], [null, 0.6819417696914606, 1.6535102040816325], [null, 0.6616777612151157, 1.7147142857142856], [null, 0.6426871370791084, 1.7759183673469388], [null, 0.6248155676909962, 1.8371224489795916], [null, 0.6079231399177872, 1.8983265306122448], [null, 0.5918827560227414, 1.9595306122448979], [null, 0.5765782429125361, 2.020734693877551], [null, 0.561902578359791, 2.081938775510204], [null, 0.5477560822720309, 2.1431428571428572], [null, 0.5340445298675267, 2.2043469387755104], [null, 0.5206771563408239, 2.265551020408163], [null, 0.5075643435881546, 2.326755102040816], [null, 0.4946148661375556, 2.3879591836734693], [null, 0.48173230150961643, 2.4491632653061224], [null, 0.46881001424958907, 2.5103673469387755], [null, 0.4557235868533243, 2.5715714285714286], [null, 0.4423184354379626, 2.6327755102040817], [null, 0.42838762128351726, 2.6939795918367344], [null, 0.41362741773044726, 2.7551836734693875], [null, 0.39753369963990465, 2.8163877551020406], [null, 0.37909513449573573, 2.8775918367346938], [null, 0.3553145971281337, 2.938795918367347], [null, -2.793765219166744e-12, 3.0]]}