{"dim": 3, "delta": 0.25, "mu_eff": 10, "dmu_eff": 0.14722222222222223, "C": -0.8537969888401657, "k_c": 50, "data": [[0.028025646813349632, 0.06689745129760691, 0.001], [0.0279378272545645, 0.06688539441016036, 0.006081632653061225], [0.0277246006725925, 0.06685597231183223, 0.011163265306122449], [0.02738750512906204, 0.06680902884113303, 0.016244897959183675], [0.026928853816575688, 0.06674431104231142, 0.0213265306122449], [0.02635142330305887, 0.0666614624123539, 0.026408163265306126], [0.02565732157312818, 0.06656001270556, 0.03148979591836735], [0.024839894345221276, 0.06643936431641419, 0.036571428571428574], [0.023946325362914706, 0.066298773685851, 0.0416530612244898], [0.02299655550366453, 0.0661373258611813, 0.046734693877551026], [0.02198371780952726, 0.06595390105952464, 0.05181632653061225], [0.020902025635744285, 0.0657471290714226, 0.05689795918367348], [0.01974716447285571, 0.06551532665328781, 0.061979591836734696], [0.018516908658593963, 0.06525641001843656, 0.06706122448979593], [0.01721190595174022, 0.06496776936723307, 0.07214285714285715], [0.01583652856261718, 0.06464608241957366, 0.07722448979591838], [0.014382493691009425, 0.06428702973387161, 0.0823061224489796], [0.012732432387372166, 0.06388483256471582, 0.08738775510204082], [0.010811551619025656, 0.06343146231363014, 0.09246938775510205], [0.008445763114598149, 0.06291516646149062, 0.09755102040816327], [0.005048135033334026, 0.06231739087307611, 0.1026326530612245], [null, 0.061605143803630726, 0.10771428571428572], [null, 0.06070532294211228, 0.11279591836734695], [null, 0.059273935875939134, 0.11787755102040817], [null, 0.05640999725837118, 0.12295918367346939], [null, 0.05391210148809732, 0.1280408163265306], [null, 0.05171671416672398, 0.13312244897959186], [null, 0.049771330857794276, 0.13820408163265308], [null, 0.04803265941519753, 0.1432857142857143], [null, 0.04646501435664374, 0.1483673469387755], [null, 0.04503893028686958, 0.15344897959183676], [null, 0.043729988341738996, 0.15853061224489798], [null, 0.04251783610127159, 0.1636122448979592], [null, 0.041385377485579834, 0.16869387755102042], [null, 0.04031810249391845, 0.17377551020408163], [null, 0.039303535140204945, 0.17885714285714288], [null, 0.03833076430986965, 0.1839387755102041], [null, 0.03739004488706957, 0.18902040816326532], [null, 0.036472434562526024, 0.19410204081632654], [null, 0.035569446101221376, 0.19918367346938778], [null, 0.034672681325391974, 0.204265306122449], [null, 0.03377340093511018, 0.20934693877551022], [null, 0.03286195546054374, 0.21442857142857144], [null, 0.03192693853671161, 0.21951020408163266], [null, 0.030953774091015636, 0.2245918367346939], [null, 0.029922060938041412, 0.22967346938775512], [null, 0.02879981872896654, 0.23475510204081634], [null, 0.02752824303525706, 0.23983673469387756], [null, 0.02596432882004992, 0.24491836734693878], [null, 1.0311751452718454e-12, 0.25]]}