{"dim": 3, "delta": 9.5, "mu_eff": 10, "dmu_eff": 5.383333333333333, "C": -0.04287314854437296, "k_c": 50, "data": [[1.2159234282054039, 1.8066097947129767, 0.001], [1.20775652648858, 1.8059191457109207, 0.19485714285714287], [1.1897990568490033, 1.803838625844501, 0.38871428571428573], [1.1714427504219562, 1.800296870873352, 0.5825714285714286], [1.151150853526604, 1.7951613729505589, 0.7764285714285715], [1.1279219293352738, 1.7882114344198203, 0.9702857142857143], [1.1008135399853924, 1.779080988180805, 1.1641428571428571], [1.0688644397896294, 1.767125043006228, 1.3579999999999999], [1.0311542776256652, 1.7510337180291986, 1.5518571428571428], [0.9869662085776449, 1.7270430956006886, 1.7457142857142858], [0.9360071324498566, 1.667942410584808, 1.9395714285714285], [0.8785807897282685, 1.6039189560731, 2.1334285714285715], [0.8155977715132725, 1.5507764001904534, 2.3272857142857144], [0.7484014801491163, 1.5068407833840092, 2.5211428571428574], [0.6785109488224964, 1.4703948583627826, 2.715], [0.6074057272365678, 1.4398673729906197, 2.908857142857143], [0.5364094185200798, 1.4139321569686047, 3.1027142857142858], [0.4649797717786354, 1.3915257374694903, 3.2965714285714287], [0.37429457777974456, 1.3718198025086226, 3.4904285714285717], [0.24549628879036078, 1.3541778147081904, 3.684285714285714], [null, 1.3381119733197808, 3.878142857142857], [null, 1.3232468843186311, 4.072000000000001], [null, 1.3092910578687185, 4.2658571428571435], [null, 1.2960153712788185, 4.459714285714286], [null, 1.2832370417904178, 4.653571428571429], [null, 1.2708077612398976, 4.847428571428572], [null, 1.2586048692753706, 5.041285714285715], [null, 1.2465247203772993, 5.235142857142858], [null, 1.234477623489083, 5.429], [null, 1.2223838897548511, 5.622857142857144], [null, 1.2101706492188211, 5.816714285714286], [null, 1.1977691772941008, 6.01057142857143], [null, 1.1851125246087784, 6.204428571428572], [null, 1.17213326784947, 6.398285714285715], [null, 1.1587612118393755, 6.592142857142858], [null, 1.144920844385864, 6.7860000000000005], [null, 1.1305283013457672, 6.979857142857144], [null, 1.115487494547586, 7.173714285714286], [null, 1.0996848678193645, 7.367571428571429], [null, 1.0829819112516885, 7.561428571428572], [null, 1.0652038539385025, 7.755285714285715], [null, 1.046121668963739, 7.949142857142858], [null, 1.0254213974478763, 8.143], [null, 1.0026474683930542, 8.336857142857143], [null, 0.9770857851283914, 8.530714285714286], [null, 0.9474807159185474, 8.724571428571428], [null, 0.9111405931785725, 8.91842857142857], [null, 0.8586758065956293, 9.112285714285715], [null, 0.6370512549496054, 9.306142857142857], [null, 2.4984458946164523e-12, 9.5]]}