{"dim": 3, "delta": 5, "mu_eff": 10, "dmu_eff": 2.5, "C": -0.18109101514056913, "k_c": 50, "data": [[0.21773378406541194, 1.2147535779421132, 0.001], [0.2154247260858766, 1.2146102868835342, 0.1030204081632653], [0.20847962700873232, 1.2141851953758682, 0.2050408163265306], [0.19654051984029258, 1.2134761215000773, 0.3070612244897959], [null, 1.2124793773249012, 0.4090816326530612], [null, 1.2111896743684594, 0.5111020408163265], [null, 1.2095999830338915, 0.6131224489795918], [null, 1.2077013371318537, 0.7151428571428571], [null, 1.2054825692340565, 0.8171632653061224], [null, 1.202929957246915, 0.9191836734693877], [null, 1.2000267527184332, 1.0212040816326529], [null, 1.1967525454164079, 1.123224489795918], [null, 1.1930824011594687, 1.2252448979591835], [null, 1.1889856649453268, 1.3272653061224489], [null, 1.184424267516216, 1.429285714285714], [null, 1.1793502515895675, 1.5313061224489792], [null, 1.1737020343004558, 1.6333265306122446], [null, 1.167398490716442, 1.73534693877551], [null, 1.1603290252687817, 1.8373673469387752], [null, 1.1523355943181661, 1.9393877551020404], [null, 1.143176448903818, 2.041408163265306], [null, 1.1324402545141907, 2.1434285714285712], [null, 1.1192765050851143, 2.245448979591836], [null, 1.1003314944985563, 2.3474693877551016], [null, 1.0708899799058393, 2.449489795918367], [null, 1.043299652734223, 2.5515102040816324], [null, 1.0173567763477085, 2.653530612244898], [null, 0.9928745224074071, 2.755551020408163], [null, 0.9696816664280784, 2.857571428571428], [null, 0.947621145603678, 2.9595918367346936], [null, 0.9265485160969973, 3.0616122448979586], [null, 0.9063303431627732, 3.163632653061224], [null, 0.8868425337644014, 3.2656530612244894], [null, 0.867968606976134, 3.367673469387755], [null, 0.8495978711895802, 3.46969387755102], [null, 0.8316234564181811, 3.571714285714285], [null, 0.8139401040545852, 3.6737346938775506], [null, 0.796441566801305, 3.775755102040816], [null, 0.7790173774814813, 3.877775510204081], [null, 0.7615485908072449, 3.9797959183673464], [null, 0.7439018177314497, 4.081816326530612], [null, 0.7259203232076219, 4.183836734693878], [null, 0.7074098113261428, 4.285857142857143], [null, 0.6881139251471563, 4.387877551020408], [null, 0.6676678839457983, 4.489897959183673], [null, 0.6454991500159515, 4.591918367346938], [null, 0.6205717746263182, 4.693938775510204], [null, 0.5904803282964103, 4.795959183673469], [null, 0.5430281870114554, 4.897979591836735], [null, 1.319833131674386e-12, 5.0]]}