{"dim": 3, "delta": 6.5, "mu_eff": 10, "dmu_eff": 3.25, "C": -0.12415470541762241, "k_c": 50, "data": [[0.3420640445168606, 1.488952405206409, 0.001], [0.33927212876880186, 1.4887548502299173, 0.1336326530612245], [0.3309015524018152, 1.4881667945247838, 0.266265306122449], [0.31669479700540853, 1.4871844458570904, 0.39889795918367343], [0.29612267579570195, 1.4858013633387337, 0.531530612244898], [0.26816235125787813, 1.484008246819759, 0.6641632653061225], [0.23072464987453037, 1.4817926200023286, 0.7967959183673469], [0.17873240366200638, 1.4791383800665157, 0.9294285714285714], [0.0912918832205665, 1.4760251681754608, 1.0620612244897958], [null, 1.4724275035058758, 1.1946938775510203], [null, 1.4683135753577945, 1.3273265306122448], [null, 1.4636435306788118, 1.4599591836734693], [null, 1.4583670054985005, 1.5925918367346936], [null, 1.4524194323940824, 1.7252244897959181], [null, 1.4457163147505994, 1.8578571428571427], [null, 1.4381438656025844, 1.9904897959183672], [null, 1.4295426426848585, 2.1231224489795917], [null, 1.4196761675046528, 2.255755102040816], [null, 1.4081621464123726, 2.3883877551020407], [null, 1.3942850684089818, 2.521020408163265], [null, 1.3761864641062656, 2.6536530612244897], [null, 1.3454301042562533, 2.786285714285714], [null, 1.3131457244340234, 2.9189183673469388], [null, 1.28287606005788, 3.051551020408163], [null, 1.2543962560632713, 3.1841836734693874], [null, 1.227500755599358, 3.316816326530612], [null, 1.2020017438518265, 3.4494489795918364], [null, 1.177727492587332, 3.582081632653061], [null, 1.154520641318216, 3.7147142857142854], [null, 1.1322364442338662, 3.84734693877551], [null, 1.1107409985326948, 3.9799795918367344], [null, 1.0899094556767928, 4.112612244897959], [null, 1.0696241977275385, 4.245244897959184], [null, 1.0497729468526178, 4.377877551020409], [null, 1.0302467415692, 4.5105102040816325], [null, 1.0109376913340182, 4.643142857142857], [null, 0.9917363621258649, 4.775775510204082], [null, 0.9725285495311625, 4.908408163265307], [null, 0.9531912232491692, 5.041040816326531], [null, 0.9335866244429266, 5.173673469387755], [null, 0.9135541819679966, 5.30630612244898], [null, 0.8928976197089938, 5.438938775510204], [null, 0.871363854132957, 5.571571428571429], [null, 0.8486052248030342, 5.704204081632653], [null, 0.824104716553756, 5.836836734693878], [null, 0.79700531867279, 5.969469387755102], [null, 0.7656235185661304, 6.102102040816327], [null, 0.7252973360281916, 6.234734693877551], [null, 0.584977656067669, 6.367367346938775], [null, -8.109068971862143e-13, 6.5]]}