{"dim": 3, "delta": 1.5, "mu_eff": 10, "dmu_eff": 1.0499999999999998, "C": -0.4487568044094923, "k_c": 50, "data": [[0.2406267335533142, 0.35221403540901824, 0.001], [0.2408881144439271, 0.35217980097086926, 0.016141414141414144], [0.24171907652755678, 0.3520848917953439, 0.03128282828282829], [0.24282406687213645, 0.3519287548588874, 0.04642424242424243], [0.24387911816578012, 0.3517104672174877, 0.061565656565656574], [0.24493248055257788, 0.35142870970462686, 0.07670707070707072], [0.24601238364082625, 0.35108172845051805, 0.09184848484848486], [0.24713964452234918, 0.350667282223723, 0.106989898989899], [0.24833234961573897, 0.35018256731901365, 0.12213131313131315], [0.2496081371066257, 0.34962412183942915, 0.1372727272727273], [0.2509856372058057, 0.34898769224936904, 0.15241414141414145], [0.2524856417082228, 0.34826805634901375, 0.16755555555555557], [0.2541322952723003, 0.3474587744667846, 0.18269696969696972], [0.25595451016069826, 0.3465518492311519, 0.19783838383838387], [0.2579878254228326, 0.34553722960440425, 0.212979797979798], [0.2602770146128585, 0.3444020850329233, 0.22812121212121214], [0.26287993197632825, 0.3431296901252338, 0.2432626262626263], [0.26587345608141605, 0.3416976442901455, 0.2584040404040404], [0.26936314518111304, 0.3400748388585579, 0.2735454545454546], [0.2734998792528356, 0.33821594675719163, 0.2886868686868687], [0.27851075885747506, 0.3360502780880452, 0.3038282828282829], [0.28476243852938943, 0.3334558554498262, 0.318969696969697], [0.292910504955156, 0.3301835763939669, 0.33411111111111114], [0.3043385914163165, 0.32550805811011035, 0.3492525252525253]]}