{"dim": 3, "delta": 0.25, "mu_eff": 10, "dmu_eff": 0.15833333333333333, "C": -0.8537969888401657, "k_c": 50, "data": [[0.0336664270399197, 0.06486353723338564, 0.001], [0.03352863770230648, 0.06484871616139361, 0.006081632653061225], [0.03315316890060343, 0.06481251559683225, 0.011163265306122449], [0.03270753045279979, 0.06475465869676471, 0.016244897959183675], [0.032263273273809505, 0.0646746932862889, 0.0213265306122449], [0.03180504066967975, 0.06457197411106622, 0.026408163265306126], [0.031322502137202, 0.06444563533713178, 0.03148979591836735], [0.030806799424141284, 0.06429455713788325, 0.036571428571428574], [0.030249085921673316, 0.06411730153166258, 0.0416530612244898], [0.029639705138011396, 0.06391204459306754, 0.046734693877551026], [0.028967598690780604, 0.06367646073429, 0.05181632653061225], [0.028219821668745416, 0.06340755878653002, 0.05689795918367348], [0.02738117171157395, 0.0631014314913017, 0.061979591836734696], [0.02643404789940579, 0.06275285738334727, 0.06706122448979593], [0.02535879679907955, 0.062354632400619496, 0.07214285714285715], [0.024134970542970997, 0.06189636304216054, 0.07722448979591838], [0.022744057978319313, 0.06136206756346359, 0.0823061224489796], [0.02117408681476619, 0.0607246686304954, 0.08738775510204082], [0.019425724477075728, 0.05993010406997583, 0.09246938775510205], [0.017518015889076897, 0.058823628678199534, 0.09755102040816327], [0.015490637758930306, 0.05572108784325398, 0.1026326530612245], [0.013400300174408806, 0.051990680729065666, 0.10771428571428572], [0.011312086104830145, 0.048966083346801824, 0.11279591836734695], [0.009289562723251701, 0.04649950560892612, 0.11787755102040817], [0.007027187018609229, 0.04446724108674897, 0.12295918367346939], [0.0029760433108749385, 0.042769768436440724, 0.1280408163265306], [null, 0.041329344595811064, 0.13312244897959186], [null, 0.0400862985034034, 0.13820408163265308], [null, 0.03899517791868613, 0.1432857142857143], [null, 0.0380213560006044, 0.1483673469387755], [null, 0.037138302637202136, 0.15344897959183676], [null, 0.036325482873947, 0.15853061224489798], [null, 0.035566787548745135, 0.1636122448979592], [null, 0.03484936607943213, 0.16869387755102042], [null, 0.0341627602931421, 0.17377551020408163], [null, 0.03349825248339867, 0.17885714285714288], [null, 0.032848364260881974, 0.1839387755102041], [null, 0.032206456270880146, 0.18902040816326532], [null, 0.03156638912543359, 0.19410204081632654], [null, 0.03092221047565248, 0.19918367346938778], [null, 0.030267832151864675, 0.204265306122449], [null, 0.02959665016588189, 0.20934693877551022], [null, 0.028901036528249307, 0.21442857142857144], [null, 0.028171572226419667, 0.21951020408163266], [null, 0.027395753544234347, 0.2245918367346939], [null, 0.026555544736291063, 0.22967346938775512], [null, 0.02562205595413816, 0.23475510204081634], [null, 0.02454143103491705, 0.23983673469387756], [null, 0.02318189023117108, 0.24491836734693878], [null, 1.6003198766156856e-11, 0.25]]}