{"dim": 3, "delta": 3.5, "mu_eff": 10, "dmu_eff": 1.9833333333333332, "C": -0.2594696251399773, "k_c": 50, "data": [[0.3676983098795781, 0.8676617832872455, 0.001], [0.36672733402966606, 0.8675373579829206, 0.07240816326530612], [0.36387866937120683, 0.8671700617665361, 0.14381632653061224], [0.35918553718519836, 0.866557501289273, 0.21522448979591835], [0.3527018919503777, 0.865695617852195, 0.2866326530612245], [0.3445006719939656, 0.8645785541226096, 0.3580408163265306], [0.33467139807552976, 0.86319845307604, 0.4294489795918367], [0.32331696173238517, 0.8615451730742518, 0.5008571428571428], [0.310548837347909, 0.8596058906745289, 0.572265306122449], [0.2964779832800952, 0.8573645528013619, 0.643673469387755], [0.28119362617602667, 0.8548011166496066, 0.7150816326530612], [0.26471916094214415, 0.8518904726840585, 0.7864897959183673], [0.24695948538121212, 0.8486008964858367, 0.8578979591836734], [0.22767522096512466, 0.8448917472993354, 0.9293061224489796], [0.20645754579200928, 0.8407099200293824, 1.0007142857142857], [0.18263482118377117, 0.8359841042616282, 1.0721224489795917], [0.15500510936870543, 0.8306148967984933, 1.1435306122448978], [0.1209789354607819, 0.8244562865031481, 1.214938775510204], [0.07198184670980098, 0.8172766586125011, 1.28634693877551], [null, 0.8086604194569004, 1.3577551020408163], [null, 0.7976634246935121, 1.4291632653061224], [null, 0.7786778488051327, 1.5005714285714284], [null, 0.7497973971273878, 1.5719795918367345], [null, 0.7237878314618654, 1.6433877551020406], [null, 0.7002710449787498, 1.7147959183673467], [null, 0.6789072551579696, 1.786204081632653], [null, 0.6593948367384689, 1.857612244897959], [null, 0.6414684072588933, 1.9290204081632651], [null, 0.6248958135863161, 2.0004285714285714], [null, 0.6094745477855149, 2.0718367346938775], [null, 0.5950279762190014, 2.1432448979591836], [null, 0.5814016335646659, 2.2146530612244897], [null, 0.5684597164273694, 2.2860612244897958], [null, 0.5560818360438283, 2.357469387755102], [null, 0.5441600245583662, 2.428877551020408], [null, 0.5325959500447228, 2.500285714285714], [null, 0.5212982634126214, 2.57169387755102], [null, 0.5101799484034206, 2.643102040816326], [null, 0.49915552962504145, 2.7145102040816327], [null, 0.4881378738099367, 2.7859183673469388], [null, 0.47703421113738714, 2.857326530612245], [null, 0.46574071980612874, 2.928734693877551], [null, 0.454134478460909, 3.000142857142857], [null, 0.4420604111414016, 3.071551020408163], [null, 0.4293080074217549, 3.142959183673469], [null, 0.4155648563060574, 3.2143673469387752], [null, 0.4003086464884485, 3.2857755102040813], [null, 0.38248886898594736, 3.3571836734693874], [null, 0.35900952998844876, 3.4285918367346935], [null, -1.3322676295501878e-15, 3.5]]}