{"dim": 3, "delta": 3.0, "mu_eff": 10, "dmu_eff": 1.9989999999999999, "C": -0.29363958034959703, "k_c": 50, "data": [[0.4507711719690728, 0.6937795743164973, 0.001], [0.4515809174059522, 0.6937267482265898, 0.031292929292929296], [0.45215877249947445, 0.6935745733243952, 0.06158585858585859], [0.4526706559514507, 0.6933223476457957, 0.0918787878787879], [0.4531738000411048, 0.6929688940401816, 0.12217171717171718], [0.4536930537490598, 0.6925125342485038, 0.15246464646464647], [0.45424448054540995, 0.6919510502401123, 0.18275757575757579], [0.45484121478750855, 0.6912816312203247, 0.21305050505050507], [0.4554956880915154, 0.6905008054324908, 0.24334343434343436], [0.4562207822323687, 0.6896043437962703, 0.2736363636363637], [0.4570306258406451, 0.6885871442062418, 0.30392929292929294], [0.4579413136127917, 0.6874430784076406, 0.33422222222222225], [0.45897164010745234, 0.6861647730307594, 0.36451515151515157], [0.4601441049185328, 0.6847433525570723, 0.39480808080808083], [0.4614860610849862, 0.6831680632433703, 0.42510101010101015], [0.4630314165310747, 0.6814257705240161, 0.4553939393939394], [0.464822989234186, 0.6795002512445517, 0.4856868686868687], [0.4669159744002271, 0.677371173557609, 0.515979797979798], [0.46938322288868545, 0.6750125782557556, 0.5462727272727274], [0.4723236542119117, 0.6723905251543397, 0.5765656565656566], [0.4758761066089431, 0.6694592643540552, 0.6068585858585859], [0.4802445775632591, 0.6661545966850793, 0.6371515151515152], [0.48574614278210315, 0.662381380703268, 0.6674444444444445], [0.49291561696040337, 0.6579871812894427, 0.6977373737373738], [0.5027733868287785, 0.6526963369811651, 0.7280303030303031], [0.5177356360750073, 0.6458892872376663, 0.7583232323232324]]}