{"dim": 3, "delta": 1, "mu_eff": 10, "dmu_eff": 0.7, "C": -0.5401527062406859, "k_c": 50, "data": [[0.15964913768926933, 0.2386080523864429, 0.001], [0.15985655511697908, 0.23858540578021453, 0.011090909090909092], [0.16047287962792245, 0.23852484523230477, 0.021181818181818184], [0.16110646733738904, 0.23842606034426034, 0.03127272727272727], [0.16171171721253136, 0.23828853806923078, 0.041363636363636366], [0.16231590423130388, 0.23811155001778783, 0.05145454545454546], [0.16293503167488047, 0.23789413366920617, 0.06154545454545455], [0.1635808631436603, 0.23763506700027767, 0.07163636363636364], [0.16426354296302761, 0.23733283349105652, 0.08172727272727273], [0.1649928644020181, 0.2369855775442186, 0.09181818181818183], [0.1657790491832734, 0.2365910425558058, 0.10190909090909092], [0.1666333584208795, 0.23614649268627777, 0.112], [0.16756868548533158, 0.23564860449882646, 0.1220909090909091], [0.16860023185221873, 0.23509332495170024, 0.13218181818181818], [0.1697463606827523, 0.23447566408184703, 0.14227272727272727], [0.1710297511028068, 0.23378941742285642, 0.15236363636363637], [0.172479033060766, 0.23302674975597212, 0.16245454545454546], [0.1741312054456114, 0.2321775739081122, 0.17254545454545456], [0.17603536206587564, 0.23122857682337908, 0.18263636363636365], [0.17825870981369482, 0.23016161123508708, 0.19272727272727275], [0.18089685287996105, 0.22895085976381502, 0.20281818181818184], [0.18409265623868434, 0.2275573773862365, 0.2129090909090909], [0.188074247666714, 0.22591722792303975, 0.223], [0.19324233453415587, 0.22391047023032926, 0.2330909090909091], [0.20041575830392988, 0.22124894305505433, 0.2431818181818182]]}