{"dim": 3, "delta": 0.25, "mu_eff": 10, "dmu_eff": 0.13055555555555556, "C": -0.8537969888401657, "k_c": 50, "data": [[0.014363772458499718, 0.06926850031536466, 0.001], [0.014258115932982308, 0.06925877503394297, 0.006081632653061225], [0.013999156040825042, 0.06923505873469697, 0.011163265306122449], [0.013582341938169469, 0.06919726635489437, 0.016244897959183675], [0.012999234155119924, 0.06914526091557391, 0.0213265306122449], [0.01223535284259478, 0.06907885127681382, 0.026408163265306126], [0.011265852534226236, 0.06899778806321294, 0.03148979591836735], [0.010046049193822603, 0.06890175948267463, 0.036571428571428574], [0.008486819936729869, 0.06879038479388304, 0.0416530612244898], [0.006367249753848641, 0.06866320627356583, 0.046734693877551026], [0.002602809333938131, 0.06851967925917347, 0.05181632653061225], [null, 0.06835915883674877, 0.05689795918367348], [null, 0.06818088339643859, 0.061979591836734696], [null, 0.067983953202854, 0.06706122448979593], [null, 0.06776730258251512, 0.07214285714285715], [null, 0.06752966313212411, 0.07722448979591838], [null, 0.06726951514767521, 0.0823061224489796], [null, 0.06698501944405591, 0.08738775510204082], [null, 0.06667392460064353, 0.09246938775510205], [null, 0.0663334316645779, 0.09755102040816327], [null, 0.06595999314247486, 0.1026326530612245], [null, 0.06554900185159056, 0.10771428571428572], [null, 0.06509428144778276, 0.11279591836734695], [null, 0.06458719544559345, 0.11787755102040817], [null, 0.06401493985126218, 0.12295918367346939], [null, 0.0633568153054863, 0.1280408163265306], [null, 0.06257422537382636, 0.13312244897959186], [null, 0.061570205525501284, 0.13820408163265308], [null, 0.05972798079011817, 0.1432857142857143], [null, 0.057554034102083616, 0.1483673469387755], [null, 0.055556521765848715, 0.15344897959183676], [null, 0.05371013066856002, 0.15853061224489798], [null, 0.05199307357165434, 0.1636122448979592], [null, 0.05038647400230532, 0.16869387755102042], [null, 0.048873844397816626, 0.17377551020408163], [null, 0.04744063486102175, 0.17885714285714288], [null, 0.04607383980447123, 0.1839387755102041], [null, 0.04476163879785845, 0.18902040816326532], [null, 0.043493059258079905, 0.19410204081632654], [null, 0.04225763358310473, 0.19918367346938778], [null, 0.04104502356538665, 0.204265306122449], [null, 0.039844563872830065, 0.20934693877551022], [null, 0.03864464532654088, 0.21442857142857144], [null, 0.03743178609085738, 0.21951020408163266], [null, 0.036189075052693545, 0.2245918367346939], [null, 0.03489323835743981, 0.22967346938775512], [null, 0.03350827727332116, 0.23475510204081634], [null, 0.0319685965963099, 0.23983673469387756], [null, 0.030115469096282602, 0.24491836734693878], [null, 5.185629703419181e-12, 0.25]]}