{"dim": 3, "delta": 4.5, "mu_eff": 10, "dmu_eff": 2.45, "C": -0.2041334864392912, "k_c": 50, "data": [[0.41586465354561913, 1.0875635755851547, 0.001], [0.414594189753371, 1.0874124602447126, 0.09281632653061224], [0.41084840797187155, 1.0869645908448515, 0.18463265306122448], [0.4046599210651212, 1.0862170695818318, 0.27644897959183673], [0.39607840191354327, 1.0851649786131932, 0.36826530612244895], [0.3851635066164719, 1.083801220027232, 0.4600816326530612], [0.37197423395975504, 1.0821162740534953, 0.5518979591836735], [0.3565537825209361, 1.0800978558200551, 0.6437142857142857], [0.33890844250127383, 1.0777304384717632, 0.7355306122448979], [0.3189781597729713, 1.0749945945969563, 0.8273469387755101], [0.29659414256609684, 1.0718660812116523, 0.9191632653061224], [0.2714122097819249, 1.0683145495315216, 1.0109795918367346], [0.2427908193767003, 1.064301684854171, 1.1027959183673468], [0.20951942139195837, 1.0597784467331672, 1.194612244897959], [0.16904406977894992, 1.0546808149511904, 1.2864285714285713], [0.11410666205612253, 1.048922900620149, 1.3782448979591835], [null, 1.0423850863408162, 1.4700612244897957], [null, 1.0348917622404903, 1.561877551020408], [null, 1.026164265404211, 1.6536938775510202], [null, 1.015701040886898, 1.7455102040816324], [null, 1.0023463869862874, 1.8373265306122446], [null, 0.9792566127976869, 1.9291428571428568], [null, 0.9483110538732573, 2.0209591836734693], [null, 0.9199667508156061, 2.1127755102040813], [null, 0.8939098203140285, 2.2045918367346937], [null, 0.8698554645001203, 2.2964081632653057], [null, 0.8475472576369084, 2.388224489795918], [null, 0.8267555655606154, 2.48004081632653], [null, 0.8072753864434107, 2.5718571428571426], [null, 0.7889238665416859, 2.6636734693877546], [null, 0.771537672471281, 2.755489795918367], [null, 0.7549703488232812, 2.847306122448979], [null, 0.7390897264865978, 2.9391224489795915], [null, 0.7237754147152131, 3.030938775510204], [null, 0.7089163574163897, 3.122755102040816], [null, 0.6944084081560473, 3.2145714285714284], [null, 0.6801518445494239, 3.3063877551020404], [null, 0.6660486836117854, 3.398204081632653], [null, 0.6519996001948044, 3.490020408163265], [null, 0.6379001294288172, 3.5818367346938773], [null, 0.6236356138992519, 3.6736530612244893], [null, 0.6090739708421713, 3.7654693877551018], [null, 0.5940545023217922, 3.8572857142857138], [null, 0.5783691481878774, 3.949102040816326], [null, 0.5617280406682544, 4.040918367346939], [null, 0.5436883646285, 4.132734693877551], [null, 0.5234810114843714, 4.224551020408163], [null, 0.4994561472906785, 4.316367346938775], [null, 0.46575569804494615, 4.408183673469388], [null, 7.815970093361102e-14, 4.5]]}