{"dim": 3, "delta": 8.5, "mu_eff": 10, "dmu_eff": 5.0055555555555555, "C": -0.06658295384727841, "k_c": 50, "data": [[1.1096190698994721, 1.626263120767275, 0.8682448979591838], [1.098747284732547, 1.6169289271052154, 1.0416938775510203], [1.085335865292076, 1.6044969848978228, 1.215142857142857], [1.0682358036458537, 1.587196063299717, 1.3885918367346939], [1.0457352563207427, 1.5583400146764337, 1.5620408163265307], [1.0154616206427662, 1.4695933002459451, 1.7354897959183675], [0.974755274071503, 1.388119568210669, 1.908938775510204], [0.921959079167566, 1.3241053882964346, 2.0823877551020407], [0.8579104596718512, 1.276355777249183, 2.2558367346938777], [0.7857510413909663, 1.2415047825721375, 2.4292857142857143], [0.7092042124948758, 1.215711243656183, 2.6027346938775513], [0.6313148928341055, 1.1959004381499516, 2.776183673469388], [0.5542208658428738, 1.1799788339601396, 2.9496326530612245], [0.4793740837564538, 1.1666016022292176, 3.1230816326530615], [0.40779372627768096, 1.1549098665892712, 3.296530612244898], [0.3384008282052158, 1.144345058411356, 3.469979591836735], [0.24289325580468257, 1.1345335744575258, 3.6434285714285717], [null, 1.12521747054531, 3.8168775510204083], [null, 1.1162126847147256, 3.9903265306122453], [null, 1.1073833853411705, 4.163775510204082], [null, 1.0986258209849553, 4.337224489795919], [null, 1.089857862246089, 4.510673469387756], [null, 1.081012019986559, 4.6841224489795925], [null, 1.0720306244499562, 4.857571428571429], [null, 1.0628623634878203, 5.031020408163266], [null, 1.0534596745186964, 5.204469387755103], [null, 1.0437766590297604, 5.37791836734694], [null, 1.0337672840650995, 5.551367346938776], [null, 1.0233836988795564, 5.724816326530613], [null, 1.0125744967685304, 5.8982653061224495], [null, 1.0012827745946948, 6.071714285714287], [null, 0.9894437826255499, 6.2451632653061235], [null, 0.9769818958192175, 6.41861224489796], [null, 0.9638064973288895, 6.592061224489797], [null, 0.9498061047475356, 6.765510204081633], [null, 0.9348395925958564, 6.938959183673471], [null, 0.9187223561467591, 7.112408163265307], [null, 0.901203235008474, 7.285857142857144], [null, 0.8819229837688481, 7.4593061224489805], [null, 0.8603319216372831, 7.632755102040817], [null, 0.8355022550665827, 7.806204081632654], [null, 0.8055953252825345, 7.979653061224491], [null, 0.7655307151450212, 8.153102040816327], [null, 0.6202704293741206, 8.326551020408163], [null, 3.9257486150745535e-13, 8.5]]}