{"dim": 3, "delta": 1.5, "mu_eff": 10, "dmu_eff": 0.9166666666666665, "C": -0.4487568044094923, "k_c": 50, "data": [[0.1883862955521384, 0.3863741267618485, 0.001], [0.1882555277447909, 0.38635780662778807, 0.016141414141414144], [0.1878930191405364, 0.38631262744707096, 0.03128282828282829], [0.18729645381835683, 0.3862385126597599, 0.04642424242424243], [0.1864608628009479, 0.38613533613886336, 0.061565656565656574], [0.18537550014391066, 0.38600292109814643, 0.07670707070707072], [0.1840106794664957, 0.3858410386694679, 0.09184848484848486], [0.18229763695828402, 0.38564940588460805, 0.106989898989899], [0.18052550078550958, 0.38542768327396154, 0.12213131313131315], [0.178730621559915, 0.3851754718413563, 0.1372727272727273], [0.1769020524623655, 0.3848923094391264, 0.15241414141414145], [0.17503047465214275, 0.38457766637695884, 0.16755555555555557], [0.17310755285048174, 0.38423094049559864, 0.18269696969696972], [0.17112553080730383, 0.3838514507396964, 0.19783838383838387], [0.16907696560744287, 0.38343843021809365, 0.212979797979798], [0.16695454620995834, 0.38299101796220997, 0.22812121212121214], [0.1647509710813035, 0.3825082485802553, 0.2432626262626263], [0.16245886199404297, 0.3819890401305134, 0.2584040404040404], [0.1600707121180301, 0.38143218287295655, 0.2735454545454546], [0.15757886024907877, 0.38083631733935447, 0.2886868686868687], [0.15497549155474735, 0.3801999192612577, 0.3038282828282829], [0.1522526658295631, 0.37952127369209243, 0.318969696969697], [0.1494023760561856, 0.3787984443704761, 0.33411111111111114], [0.1464166408722725, 0.3780292425605193, 0.3492525252525253], [0.14328763788837523, 0.3772111745621132, 0.36439393939393944], [0.14000787483249613, 0.37634139441540576, 0.37953535353535356], [0.13657041642729123, 0.37541662984034524, 0.39467676767676774], [0.132969153686486, 0.37443309359726284, 0.40981818181818186], [0.12919912495861977, 0.3733863666628058, 0.424959595959596], [0.12525687994750467, 0.372271246463805, 0.44010101010101016], [0.12114087541541885, 0.37108153588853016, 0.4552424242424243], [0.11685188470879171, 0.3698097616458121, 0.47038383838383846], [0.11239339624074861, 0.36844676867631143, 0.4855252525252526], [0.10777319339035321, 0.3669811313404542, 0.5006666666666667], [0.10299750089718923, 0.3653982608704181, 0.5158080808080808], [0.09808340380971492, 0.3636789894086705, 0.5309494949494951], [0.09304660446129924, 0.36179718917354825, 0.5460909090909092], [0.08790740325438497, 0.3597154527557992, 0.5612323232323233], [0.08268915604839924, 0.357376396720771, 0.5763737373737374], [0.07741780348528825, 0.35468224602960613, 0.5915151515151515], [0.07212127961088792, 0.35143282948200116, 0.6066565656565658], [0.06682883882155617, 0.3469782550139626, 0.6217979797979799], [0.061339251857073236, 0.3377563706705346, 0.636939393939394], [0.05493675954361584, 0.3285387074665319, 0.6520808080808081], [0.047475457515567865, 0.32003211368507367, 0.6672222222222223], [0.0384313185141906, 0.3121737306836869, 0.6823636363636364], [0.026273505648653987, 0.3049046112295336, 0.6975050505050506], [null, 0.2981698926687868, 0.7126464646464648], [null, 0.2919188594669568, 0.7277878787878789], [null, 0.2861049092807934, 0.742929292929293], [null, 0.28068543739264307, 0.7580707070707071], [null, 0.2756216599281275, 0.7732121212121214], [null, 0.27087839344508263, 0.7883535353535355], [null, 0.26642380696899526, 0.8034949494949496], [null, 0.26222916064501806, 0.8186363636363637], [null, 0.25826854048853043, 0.8337777777777778], [null, 0.2545185986114136, 0.848919191919192], [null, 0.2509583049791576, 0.8640606060606062], [null, 0.2475687116897991, 0.8792020202020203], [null, 0.24433273583222334, 0.8943434343434344], [null, 0.24123495234822634, 0.9094848484848486], [null, 0.2382614420995992, 0.9246262626262627], [null, 0.23539956443176066, 0.9397676767676769], [null, 0.23263786881071324, 0.954909090909091], [null, 0.22996592931166884, 0.9700505050505052], [null, 0.2273742295823883, 0.9851919191919193], [null, 0.22485405471248945, 1.0003333333333333], [null, 0.22239737953616484, 1.0154747474747474], [null, 0.21999684388476806, 1.0306161616161615], [null, 0.2176455465852814, 1.0457575757575757], [null, 0.2153370990585718, 1.06089898989899], [null, 0.21306549521793725, 1.0760404040404041], [null, 0.21082506269139706, 1.0911818181818183], [null, 0.2086104042288366, 1.1063232323232324], [null, 0.20641634332097983, 1.1214646464646465], [null, 0.2042378704224448, 1.1366060606060606], [null, 0.20207009023644518, 1.1517474747474747], [null, 0.19990816782504967, 1.1668888888888889], [null, 0.19774727314022672, 1.182030303030303], [null, 0.19558252130893686, 1.197171717171717], [null, 0.1934089072653782, 1.2123131313131315], [null, 0.1912212293838294, 1.2274545454545456], [null, 0.18901400478487612, 1.2425959595959597], [null, 0.18678136380985594, 1.2577373737373738], [null, 0.18451692202961834, 1.272878787878788], [null, 0.1822136185150536, 1.288020202020202], [null, 0.17986350634852366, 1.3031616161616162], [null, 0.1774574748480101, 1.3183030303030303], [null, 0.17498487049249617, 1.3334444444444444], [null, 0.17243296478059625, 1.3485858585858586], [null, 0.16978618223529815, 1.3637272727272727], [null, 0.16702493720764086, 1.378868686868687], [null, 0.16412380028359574, 1.3940101010101011], [null, 0.1610484460479617, 1.4091515151515153], [null, 0.1577501891332262, 1.4242929292929294], [null, 0.15415526677638391, 1.4394343434343435], [null, 0.1501407934288477, 1.4545757575757576], [null, 0.14546847576044136, 1.4697171717171718], [null, 0.13951494426914302, 1.4848585858585859], [null, 8.815792540417533e-11, 1.5]]}