{"dim": 3, "delta": 1, "mu_eff": 10, "dmu_eff": 0.33366666666666667, "C": -0.5401527062406859, "k_c": 50, "data": [[0.2910400312754883, null, 0.001], [0.2910341625808974, null, 0.011090909090909092], [0.2910184954202677, null, 0.021181818181818184], [0.2909930210327598, null, 0.03127272727272727], [0.2909577309959657, null, 0.041363636363636366], [0.2909126046849368, null, 0.05145454545454546], [0.2908576217166232, null, 0.06154545454545455], [0.29079275561061446, null, 0.07163636363636364], [0.2907179751614709, null, 0.08172727272727273], [0.2906332428890381, null, 0.09181818181818183], [0.29053852085388643, null, 0.10190909090909092], [0.2904337595160659, null, 0.112], [0.29031890801550486, null, 0.1220909090909091], [0.29019390982416593, null, 0.13218181818181818], [0.2900587020761358, null, 0.14227272727272727], [0.28991321664157127, null, 0.15236363636363637], [0.28975737994967316, null, 0.16245454545454546], [0.28959111167468604, null, 0.17254545454545456], [0.2894143257586764, null, 0.18263636363636365], [0.28922692957874163, null, 0.19272727272727275], [0.28902882395258817, null, 0.20281818181818184], [0.2888199025126877, null, 0.2129090909090909], [0.28860005180216575, null, 0.223], [0.2883691507352531, null, 0.2330909090909091], [0.2881270703730411, null, 0.2431818181818182], [0.2878736733914004, null, 0.25327272727272726], [0.28760881378038067, null, 0.26336363636363636], [0.2873323364072111, null, 0.27345454545454545], [0.28704407629691603, null, 0.28354545454545454], [0.2867438584708678, null, 0.29363636363636364], [0.2864314969669927, null, 0.30372727272727273], [0.2861067945831754, null, 0.31381818181818183], [0.285769541622244, null, 0.3239090909090909], [0.2854195157245823, null, 0.334], [0.2850564804462374, null, 0.3440909090909091], [0.2846801830736545, null, 0.3541818181818182], [0.2842903621337672, null, 0.3642727272727273], [0.2838867283778904, null, 0.3743636363636364], [0.2834689815641319, null, 0.3844545454545455], [0.2830368000313554, null, 0.3945454545454546], [0.2825898400909014, null, 0.4046363636363637], [0.282127738116068, null, 0.4147272727272727], [0.28165010104138594, null, 0.4248181818181818], [0.2811565116333067, null, 0.4349090909090909], [0.28064652258824163, null, 0.445], [0.28011965376255804, null, 0.4550909090909091], [0.2795753899242861, null, 0.4651818181818182], [0.27901317636906786, null, 0.4752727272727273], [0.2784324155589691, null, 0.4853636363636364], [0.27783246223295993, null, 0.4954545454545455], [0.27721261750941106, null, 0.5055454545454545], [0.27657212352295113, null, 0.5156363636363637], [0.2759101558054089, null, 0.5257272727272727], [0.2752258149643153, null, 0.5358181818181819], [0.2745181167835037, null, 0.5459090909090909], [0.2737859811842769, null, 0.556], [0.27302821716951214, null, 0.5660909090909091], [0.272243507388284, null, 0.5761818181818182], [0.2714303879450942, null, 0.5862727272727273], [0.27058722308951194, null, 0.5963636363636364], [0.26971217600443176, null, 0.6064545454545455], [0.26880317081770483, null, 0.6165454545454546], [0.26785784497497733, null, 0.6266363636363637], [0.2668734887164374, null, 0.6367272727272728], [0.26584696578863337, null, 0.6468181818181818], [0.264774608622975, null, 0.6569090909090909], [0.2636520764375529, null, 0.667], [0.2624741580204798, null, 0.6770909090909091], [0.2612344903943446, null, 0.6871818181818182], [0.25992514178723064, null, 0.6972727272727273], [0.25853596690130853, null, 0.7073636363636364], [0.25705355294378307, null, 0.7174545454545455], [0.2554593687940963, null, 0.7275454545454546], [0.25372616962355093, null, 0.7376363636363636], [0.25180990529748143, null, 0.7477272727272728], [0.24962623720453242, null, 0.7578181818181818], [0.2469182193784026, null, 0.767909090909091], [0.24311316635241, null, 0.778], [0.23932710315487798, null, 0.7880909090909092], [0.23558643688492897, null, 0.7981818181818182], [0.23188518616330356, null, 0.8082727272727274], [0.22821719136713967, null, 0.8183636363636364], [0.22457603616324331, null, 0.8284545454545454], [0.22095495137998608, null, 0.8385454545454546], [0.21734669471054602, null, 0.8486363636363636], [0.21374339680627621, null, 0.8587272727272728], [0.2101363609450396, null, 0.8688181818181818], [0.20651579468960896, null, 0.878909090909091], [0.20287044224610484, null, 0.889], [0.1991870658997829, null, 0.8990909090909092], [0.19544969088821446, null, 0.9091818181818182], [0.19163846232072446, null, 0.9192727272727274], [0.18772783675986016, null, 0.9293636363636364], [0.18368355289651436, null, 0.9394545454545455], [0.17945718294797258, null, 0.9495454545454546], [0.17497534337147816, null, 0.9596363636363637], [0.17011521217988726, null, 0.9697272727272728], [0.1646357144443507, null, 0.9798181818181818], [0.15788548163755362, null, 0.989909090909091], [3.065769860199907e-11, null, 1.0]]}