{"dim": 3, "delta": 3.5, "mu_eff": 10, "dmu_eff": 2.061111111111111, "C": -0.2594696251399773, "k_c": 50, "data": [[0.4148267124730457, 0.8544585181298802, 0.001], [0.4137205504919122, 0.8543195194630497, 0.07240816326530612], [0.41046418701945153, 0.8539090236102183, 0.14381632653061224], [0.40505202121446404, 0.853223791020226, 0.21522448979591835], [0.3973899401817302, 0.8522583126620187, 0.2866326530612245], [0.3874901260814994, 0.8510045828112508, 0.3580408163265306], [0.3769738576426176, 0.8494517636756336, 0.4294489795918367], [0.36577205219766407, 0.8475856970157832, 0.5008571428571428], [0.35373803504691387, 0.8453882062655033, 0.572265306122449], [0.3407372730522529, 0.8428360997615764, 0.643673469387755], [0.32664605935874486, 0.8398997263531136, 0.7150816326530612], [0.31135618778713586, 0.8365408326084686, 0.7864897959183673], [0.29478460336391243, 0.8327092716121633, 0.8578979591836734], [0.2768872412854981, 0.8283377292119849, 0.9293061224489796], [0.25767550077177553, 0.8233327592742437, 1.0007142857142857], [0.23723247791928084, 0.8175583284075523, 1.0721224489795917], [0.21572485587470286, 0.8108021945602871, 1.1435306122448978], [0.19340615134788874, 0.8026953014355559, 1.214938775510204], [0.1698756733788786, 0.7924579016789848, 1.28634693877551], [0.14121645924992465, 0.7772920314131453, 1.3577551020408163], [0.10403197541850588, 0.7447847077525225, 1.4291632653061224], [0.039567622269851506, 0.7148348919619678, 1.5005714285714284], [null, 0.6883937678713535, 1.5719795918367345], [null, 0.6649522754523818, 1.6433877551020406], [null, 0.6440538710794598, 1.7147959183673467], [null, 0.6252979783734978, 1.786204081632653], [null, 0.6083386666134906, 1.857612244897959], [null, 0.5928803582501321, 1.9290204081632651], [null, 0.5786719851030713, 2.0004285714285714], [null, 0.5655007507197229, 2.0718367346938775], [null, 0.5531860265624555, 2.1432448979591836], [null, 0.5415737802483532, 2.2146530612244897], [null, 0.5305316341465025, 2.2860612244897958], [null, 0.5199445557573412, 2.357469387755102], [null, 0.5097111056407446, 2.428877551020408], [null, 0.4997401299518645, 2.500285714285714], [null, 0.48994776182016536, 2.57169387755102], [null, 0.4802545674016484, 2.643102040816326], [null, 0.47058266888571954, 2.7145102040816327], [null, 0.46085250153599205, 2.7859183673469388], [null, 0.45097895254024006, 2.857326530612245], [null, 0.4408661126047185, 2.928734693877551], [null, 0.43039957266912254, 3.000142857142857], [null, 0.41943399563161, 3.071551020408163], [null, 0.4077710477934133, 3.142959183673469], [null, 0.39511556584380725, 3.2143673469387752], [null, 0.38097436875922785, 3.2857755102040813], [null, 0.36436147808169356, 3.3571836734693874], [null, 0.342432685284898, 3.4285918367346935], [null, -1.3322676295501878e-15, 3.5]]}