{"dim": 3, "delta": 7, "mu_eff": 10, "dmu_eff": 3.5, "C": -0.10818845313058434, "k_c": 50, "data": [[0.38834783622252095, 1.5721855352966203, 0.001], [0.3853668710511931, 1.5719673056700143, 0.14383673469387753], [0.3764361837182996, 1.5713171316480907, 0.28667346938775506], [0.3613230447198387, 1.5702304560847056, 0.4295102040816326], [0.33954917530904405, 1.568699523598138, 0.5723469387755101], [0.3101981886814017, 1.5667131037953974, 0.7151836734693876], [0.2714496401144522, 1.5642560711100377, 0.8580204081632652], [0.21918183445482445, 1.5613088005082092, 1.0008571428571427], [0.14017310546139464, 1.5578463220125691, 1.1436938775510201], [null, 1.5538371230444683, 1.2865306122448976], [null, 1.5492414581582, 1.429367346938775], [null, 1.5440089044324268, 1.5722040816326528], [null, 1.5380747153586336, 1.7150408163265303], [null, 1.5313541951079521, 1.8578775510204077], [null, 1.523733568026306, 2.0007142857142854], [null, 1.5150541715845085, 2.1435510204081627], [null, 1.5050825829839742, 2.2863877551020404], [null, 1.4934465260455103, 2.429224489795918], [null, 1.4794665921929115, 2.5720612244897954], [null, 1.4614939571211185, 2.714897959183673], [null, 1.4312712905926572, 2.8577346938775503], [null, 1.397593049628303, 3.000571428571428], [null, 1.3660661085990105, 3.1434081632653057], [null, 1.3364491868915922, 3.286244897959183], [null, 1.308522251466628, 3.4290816326530607], [null, 1.2820848043773854, 3.5719183673469383], [null, 1.2569540848650729, 3.7147551020408156], [null, 1.2329632220374898, 3.8575918367346933], [null, 1.2099593690041792, 4.0004285714285714], [null, 1.1878018382481084, 4.143265306122449], [null, 1.1663602451627555, 4.286102040816326], [null, 1.1455126471390693, 4.428938775510204], [null, 1.125143671289046, 4.571775510204081], [null, 1.1051425439364175, 4.714612244897959], [null, 1.0854009822495487, 4.857448979591837], [null, 1.06581086232429, 5.000285714285714], [null, 1.0462614329289674, 5.143122448979591], [null, 1.0266358816823185, 5.285959183673469], [null, 1.0068068262859593, 5.428795918367347], [null, 0.9866300604712225, 5.571632653061224], [null, 0.9659353616253225, 5.714469387755101], [null, 0.9445122109075614, 5.857306122448979], [null, 0.9220857964347873, 6.000142857142857], [null, 0.8982737729193966, 6.142979591836734], [null, 0.8724993163618722, 6.285816326530612], [null, 0.8437871698259745, 6.428653061224489], [null, 0.8101595402479232, 6.5714897959183665], [null, 0.7656727148781782, 6.714326530612245], [null, 0.594075060982929, 6.857163265306122], [null, 1.6431300764452317e-13, 7.0]]}