{"dim": 3, "delta": 10.5, "mu_eff": 10, "dmu_eff": 5.95, "C": -0.021593549162401526, "k_c": 50, "data": [[1.3213350746827457, 1.8682636513689845, 1.0723265306122447], [1.298816056498533, 1.8518550335449866, 1.2865918367346938], [1.2691049348605974, 1.825598561566396, 1.500857142857143], [1.2295355465811537, 1.746872819864715, 1.7151224489795918], [1.1777568239329759, 1.663300187073363, 1.9293877551020406], [1.113187415885763, 1.5988946571288583, 2.1436530612244895], [1.0377928560784353, 1.5509750845683183, 2.357918367346939], [0.9550955956437466, 1.5155312354689994, 2.5721836734693877], [0.8685912810362061, 1.4887498847886764, 2.7864489795918366], [0.7809716981913067, 1.4677551904808792, 3.000714285714286], [0.6941109839309554, 1.4505983423266156, 3.2149795918367348], [0.609301573237725, 1.436005067668439, 3.4292448979591836], [0.5274765814895693, 1.4231412990977783, 3.6435102040816325], [0.4313701794682539, 1.4114510548079977, 3.8577755102040814], [0.29392329486160973, 1.4005541192313344, 4.072040816326531], [null, 1.3901829805106405, 4.28630612244898], [null, 1.3801438018086272, 4.500571428571429], [null, 1.3702918545449367, 4.714836734693878], [null, 1.3605157061447148, 4.929102040816327], [null, 1.3507267839098132, 5.143367346938776], [null, 1.3408522981695972, 5.357632653061225], [null, 1.3308302989715557, 5.571897959183674], [null, 1.3206061056258034, 5.786163265306123], [null, 1.3101296194040843, 6.000428571428572], [null, 1.2993532011405837, 6.214693877551021], [null, 1.2882298863532473, 6.42895918367347], [null, 1.2767117707313667, 6.6432244897959185], [null, 1.26474843046616, 6.857489795918368], [null, 1.2522852423627626, 7.071755102040817], [null, 1.239261462131929, 7.286020408163266], [null, 1.2256078781366575, 7.500285714285715], [null, 1.2112437883612632, 7.714551020408163], [null, 1.1960729066213927, 7.928816326530613], [null, 1.17997767506479, 8.143081632653061], [null, 1.1628106861578034, 8.35734693877551], [null, 1.1443817971511412, 8.571612244897958], [null, 1.1244369469351305, 8.785877551020407], [null, 1.1026215663844756, 9.000142857142857], [null, 1.0784115344023564, 9.214408163265306], [null, 1.050966889838217, 9.428673469387755], [null, 1.0187625336292663, 9.642938775510205], [null, 0.9783258632562168, 9.857204081632652], [null, 0.914055064624955, 10.071469387755101], [null, 0.6534268508675375, 10.28573469387755], [null, -9.325873406851315e-15, 10.5]]}