{"dim": 3, "delta": 3, "mu_eff": 10, "dmu_eff": 1.8999999999999997, "C": -0.29363958034959703, "k_c": 50, "data": [[0.4157125921594154, 0.7199838958861519, 0.001], [0.4136206066270811, 0.7198309006758631, 0.06220408163265306], [0.40953143082191384, 0.719379872947701, 0.12340816326530613], [0.4057573438320119, 0.7186256276751188, 0.1846122448979592], [0.40197074350344286, 0.7175592370692568, 0.24581632653061225], [0.3980262943750671, 0.7161675040382947, 0.3070204081632653], [0.39382223831404484, 0.7144321254628412, 0.3682244897959184], [0.3892644389493154, 0.7123284014314888, 0.42942857142857144], [0.38425026897032627, 0.7098232654182516, 0.4906326530612245], [0.37865717050633785, 0.706872196805303, 0.5518367346938776], [0.37233133909460026, 0.703414200514716, 0.6130408163265306], [0.36507468527951203, 0.6993631938300793, 0.6742448979591836], [0.356629669225504, 0.6945920600675003, 0.7354489795918367], [0.34666390217377685, 0.6888998303922631, 0.7966530612244899], [0.3347614832413223, 0.681932556631552, 0.8578571428571429], [0.3204377855405117, 0.6729342325596623, 0.9190612244897959], [0.3032067082108034, 0.6592702434121619, 0.980265306122449], [0.2827276788115208, 0.6163945155479481, 1.041469387755102], [0.25901022643692523, 0.5746696827475781, 1.1026734693877551], [0.2325595845274242, 0.5409932315573907, 1.163877551020408], [0.20432520331870174, 0.5142007012270742, 1.2250816326530611], [0.17546174390268218, 0.49292841268331045, 1.2862857142857143], [0.14706683006610322, 0.4758754580576192, 1.3474897959183672], [0.1200291695147859, 0.46195658838147036, 1.4086938775510203], [0.0947302521381844, 0.45033648356517175, 1.4698979591836734], [0.05803399624963502, 0.44039861587631535, 1.5311020408163265], [null, 0.43169535650485213, 1.5923061224489796], [null, 0.423901842716247, 1.6535102040816325], [null, 0.4167801037162673, 1.7147142857142856], [null, 0.41015312631225875, 1.7759183673469388], [null, 0.4038866620148155, 1.8371224489795916], [null, 0.3978765590482794, 1.8983265306122448], [null, 0.3920398948349065, 1.9595306122448979], [null, 0.38630867123478496, 2.020734693877551], [null, 0.38062522116137615, 2.081938775510204], [null, 0.37493873535180144, 2.1431428571428572], [null, 0.369202492277603, 2.2043469387755104], [null, 0.3633714781926054, 2.265551020408163], [null, 0.35740012533496235, 2.326755102040816], [null, 0.3512398999665974, 2.3879591836734693], [null, 0.3448364011089201, 2.4491632653061224], [null, 0.338125465697537, 2.5103673469387755], [null, 0.33102740779322326, 2.5715714285714286], [null, 0.323437717933467, 2.6327755102040817], [null, 0.31521062772541725, 2.6939795918367344], [null, 0.3061268329906336, 2.7551836734693875], [null, 0.29582049270851407, 2.8163877551020406], [null, 0.2835742945095391, 2.8775918367346938], [null, 0.26745090315322784, 2.938795918367347], [null, -2.8634872251132037e-12, 3.0]]}