{"dim": 3, "delta": 5.5, "mu_eff": 10, "dmu_eff": 2.9944444444444445, "C": -0.16033315992328445, "k_c": 50, "data": [[0.5301021434332366, 1.2760697612673253, 0.001], [0.528462234608464, 1.2758746911639272, 0.11322448979591836], [0.5236209164714378, 1.2752948204384236, 0.2254489795918367], [0.5156385038754454, 1.2743256586931697, 0.33767346938775505], [0.504608371169561, 1.2729595502905144, 0.4498979591836734], [0.49064639923126663, 1.2711853737227392, 0.5621224489795917], [0.473875522299306, 1.2689880798244626, 0.6743469387755101], [0.45440429837246493, 1.2663480246309025, 0.7865714285714285], [0.4322979141040815, 1.2632400158070105, 0.8987959183673468], [0.407539735847612, 1.259631952312601, 1.011020408163265], [0.37998055793581476, 1.2554828558422717, 1.1232448979591834], [0.34926727418674997, 1.250739952428135, 1.2354693877551017], [0.31472378990098415, 1.2453341984871775, 1.34769387755102], [0.27510092112506523, 1.239173110001706, 1.4599183673469385], [0.2279126116662136, 1.2321285733616023, 1.5721428571428568], [0.1669886938758764, 1.2240144256811967, 1.6843673469387752], [0.05942105011695712, 1.214540403295043, 1.7965918367346936], [null, 1.203200260518965, 1.908816326530612], [null, 1.1889061955013625, 2.02104081632653], [null, 1.1666468784166981, 2.1332653061224485], [null, 1.1309785964955261, 2.245489795918367], [null, 1.0983880684112184, 2.357714285714285], [null, 1.0685108292421268, 2.4699387755102036], [null, 1.041013537706491, 2.582163265306122], [null, 1.0155943577402224, 2.6943877551020403], [null, 0.9919820751601236, 2.8066122448979587], [null, 0.9699342856595308, 2.918836734693877], [null, 0.9492349851011243, 3.0310612244897954], [null, 0.929691828952024, 3.143285714285714], [null, 0.911133269725024, 3.255510204081632], [null, 0.8934057023481806, 3.3677346938775505], [null, 0.8763706970366367, 3.479959183673469], [null, 0.8599023418347563, 3.5921836734693873], [null, 0.8438846894633609, 3.7044081632653056], [null, 0.828209341983574, 3.816632653061224], [null, 0.8127725364927176, 3.9288571428571424], [null, 0.7974732969737609, 4.041081632653061], [null, 0.7822096800247709, 4.15330612244898], [null, 0.7668756529804212, 4.2655306122448975], [null, 0.7513565074508477, 4.377755102040816], [null, 0.7355226690737837, 4.489979591836734], [null, 0.7192205689680702, 4.602204081632653], [null, 0.7022581832896917, 4.714428571428571], [null, 0.6843802379770488, 4.82665306122449], [null, 0.6652215116024893, 4.938877551020408], [null, 0.6442073341300378, 5.0511020408163265], [null, 0.6202995572565763, 5.1633265306122444], [null, 0.5911099624950757, 5.275551020408163], [null, 0.5453391781599617, 5.387775510204081], [null, -3.4772185131259903e-13, 5.5]]}