{"dim": 3, "delta": 1.25, "mu_eff": 10, "dmu_eff": 0.6805555555555556, "C": -0.4898160746313178, "k_c": 50, "data": [[0.10259807659789477, 0.33730535061678385, 0.001], [0.10226107102861387, 0.33726490335606585, 0.02648979591836735], [0.10129956287063745, 0.3371492771354227, 0.0519795918367347], [0.09971461426764723, 0.33695797803558053, 0.07746938775510205], [0.09750696145845676, 0.3366901797066603, 0.1029591836734694], [0.09467537730103959, 0.3363447054788973, 0.12844897959183676], [0.09121404927657548, 0.33592000256582993, 0.1539387755102041], [0.08710854480402985, 0.33541410637527375, 0.17942857142857144], [0.08232954354129526, 0.3348245931648785, 0.2049183673469388], [0.07682272999081184, 0.33414851818169106, 0.23040816326530617], [0.07049128349855713, 0.33338233511016907, 0.25589795918367353], [0.06316199942498696, 0.33252179105450924, 0.28138775510204084], [0.0545084904962258, 0.3315617888171276, 0.3068775510204082], [0.04383036598223444, 0.33049620396217344, 0.33236734693877557], [0.02906530253234558, 0.32931763876408726, 0.3578571428571429], [null, 0.3280170816885195, 0.38334693877551024], [null, 0.32658344641409537, 0.4088367346938776], [null, 0.32500286086542474, 0.43432653061224497], [null, 0.3232576703846472, 0.45981632653061233], [null, 0.32132483041800647, 0.48530612244897964], [null, 0.31917328923019855, 0.5107959183673471], [null, 0.3167593749275842, 0.5362857142857144], [null, 0.3140178850372859, 0.5617755102040817], [null, 0.3108424134105658, 0.5872653061224491], [null, 0.3070316032961231, 0.6127551020408164], [null, 0.30206331174738127, 0.6382448979591837], [null, 0.29255049130316996, 0.6637346938775511], [null, 0.2816062756623214, 0.6892244897959184], [null, 0.27164627812928027, 0.7147142857142857], [null, 0.26252834813432224, 0.7402040816326532], [null, 0.2541302391863786, 0.7656938775510205], [null, 0.2463465842218125, 0.7911836734693879], [null, 0.23908621188647092, 0.8166734693877552], [null, 0.2322697829297945, 0.8421632653061225], [null, 0.22582771081229214, 0.8676530612244899], [null, 0.21969832055199637, 0.8931428571428572], [null, 0.2138261924025166, 0.9186326530612247], [null, 0.20816062825442733, 0.944122448979592], [null, 0.20265416444010986, 0.9696122448979593], [null, 0.19726103327104444, 0.9951020408163267], [null, 0.19193542768790264, 1.020591836734694], [null, 0.18662935409135145, 1.0460816326530613], [null, 0.1812896377014006, 1.0715714285714286], [null, 0.1758534157045532, 1.097061224489796], [null, 0.17024038654106408, 1.1225510204081632], [null, 0.16433811413505076, 1.1480408163265305], [null, 0.1579697220092213, 1.173530612244898], [null, 0.15080667601816258, 1.1990204081632654], [null, 0.14202786294820433, 1.2245102040816327], [null, -4.948930154569098e-12, 1.25]]}