{"dim": 3, "delta": 5, "mu_eff": 10, "dmu_eff": 2.8333333333333335, "C": -0.18109101514056913, "k_c": 50, "data": [[0.550890930166403, 1.166105476303828, 0.001], [0.5493388008881666, 1.1659120332256914, 0.1030204081632653], [0.5447651485894842, 1.1653375012389597, 0.2050408163265306], [0.5372368779414807, 1.164376936482102, 0.3070612244897959], [0.526859715064444, 1.1630218894093398, 0.4090816326530612], [0.5137679084435357, 1.161260034417095, 0.5111020408163265], [0.49809352840774584, 1.1590745984472282, 0.6131224489795918], [0.47990309328229763, 1.1564435215388114, 0.7151428571428571], [0.46023958565132744, 1.1533382367488443, 0.8171632653061224], [0.4391963967017983, 1.1497218966522629, 0.9191836734693877], [0.41667338596294845, 1.1455467345565726, 1.0212040816326529], [0.3926198963981078, 1.1407500256210312, 1.123224489795918], [0.36704623653373114, 1.1352476403299452, 1.2252448979591835], [0.34003558788925436, 1.1289231652682787, 1.3272653061224489], [0.3109999354641174, 1.121608120780184, 1.429285714285714], [0.27831669693753924, 1.113042053721284, 1.5313061224489792], [0.2407985761037915, 1.102778561758478, 1.6333265306122446], [0.1957406353955833, 1.0898977269361907, 1.73534693877551], [0.1358573125938072, 1.0713214498044916, 1.8373673469387752], [null, 1.0346905913107503, 1.9393877551020404], [null, 1.000199837486075, 2.041408163265306], [null, 0.9691434102481506, 2.1434285714285712], [null, 0.9410753980724177, 2.245448979591836], [null, 0.915590191436375, 2.3474693877551016], [null, 0.8923247466929358, 2.449489795918367], [null, 0.8709580304442156, 2.5515102040816324], [null, 0.8512085186867766, 2.653530612244898], [null, 0.8328305552416976, 2.755551020408163], [null, 0.8156101748791135, 2.857571428571428], [null, 0.7993608200024086, 2.9595918367346936], [null, 0.7839192036204601, 3.0616122448979586], [null, 0.7691414542338352, 3.163632653061224], [null, 0.7548995788934887, 3.2656530612244894], [null, 0.7410782267547171, 3.367673469387755], [null, 0.7275717084509313, 3.46969387755102], [null, 0.714281133760519, 3.571714285714285], [null, 0.7011116168057806, 3.6737346938775506], [null, 0.6879693051108453, 3.775755102040816], [null, 0.674758037906854, 3.877775510204081], [null, 0.6613752560926327, 3.9797959183673464], [null, 0.6477065759254391, 4.081816326530612], [null, 0.6336180003131909, 4.183836734693878], [null, 0.6189438313368604, 4.285857142857143], [null, 0.6034663408479455, 4.387877551020408], [null, 0.5868782295195556, 4.489897959183673], [null, 0.5687046709364619, 4.591918367346938], [null, 0.5481117821101446, 4.693938775510204], [null, 0.5232849309157419, 4.795959183673469], [null, 0.48750920896892436, 4.897979591836735], [null, 3.951949878455707e-12, 5.0]]}