{"dim": 3, "delta": 1.25, "mu_eff": 10, "dmu_eff": 0.7361111111111112, "C": -0.4898160746313178, "k_c": 50, "data": [[0.14155149713690698, 0.3289582929504896, 0.001], [0.14119961422323074, 0.3289108070264959, 0.02648979591836735], [0.14019770500447148, 0.32877499355213063, 0.0519795918367347], [0.13855282797686205, 0.3285500792662078, 0.07746938775510205], [0.1362755232362903, 0.3282347643302825, 0.1029591836734694], [0.1333767361727618, 0.32782718489882295, 0.12844897959183676], [0.12985265470391322, 0.32732485746271617, 0.1539387755102041], [0.12570675534144474, 0.3267246007229181, 0.17942857142857144], [0.121284023025246, 0.32602242883710675, 0.2049183673469388], [0.1165730398624819, 0.3252134069964137, 0.23040816326530617], [0.1115373004095637, 0.32429145523450936, 0.25589795918367353], [0.10614559800144502, 0.32324908010524894, 0.28138775510204084], [0.10037406241322712, 0.3220770008535751, 0.3068775510204082], [0.09420941514187489, 0.32076361809662385, 0.33236734693877557], [0.08765314564333744, 0.31929423711299887, 0.3578571428571429], [0.08072606685117853, 0.31764989175224245, 0.38334693877551024], [0.07347237783996671, 0.31580548461554275, 0.4088367346938776], [0.06551496874020682, 0.3137266763784392, 0.43432653061224497], [0.056220356839093204, 0.31136429036133695, 0.45981632653061233], [0.044916898772844015, 0.3086431942349211, 0.48530612244897964], [0.029414264480556496, 0.30543675715712226, 0.5107959183673471], [null, 0.3014924570546395, 0.5362857142857144], [null, 0.29606928684795153, 0.5617755102040817], [null, 0.2840045249319529, 0.5872653061224491], [null, 0.27130284238489416, 0.6127551020408164], [null, 0.2601456492947503, 0.6382448979591837], [null, 0.2502760848536073, 0.6637346938775511], [null, 0.24147809414517266, 0.6892244897959184], [null, 0.2335709692139298, 0.7147142857142857], [null, 0.2264039816625445, 0.7402040816326532], [null, 0.21985141229255212, 0.7656938775510205], [null, 0.21380813839938081, 0.7911836734693879], [null, 0.20818582114793074, 0.8166734693877552], [null, 0.20290966740815045, 0.8421632653061225], [null, 0.19791569895107874, 0.8676530612244899], [null, 0.19314844518351115, 0.8931428571428572], [null, 0.18855896552129725, 0.9186326530612247], [null, 0.1841031188978228, 0.944122448979592], [null, 0.17973994305221763, 0.9696122448979593], [null, 0.17543008708102475, 0.9951020408163267], [null, 0.1711340863993363, 1.020591836734694], [null, 0.16681029826599622, 1.0460816326530613], [null, 0.1624120795791413, 1.0715714285714286], [null, 0.15788355928975525, 1.097061224489796], [null, 0.1531524419174773, 1.1225510204081632], [null, 0.14811637568773878, 1.1480408163265305], [null, 0.14261307551120792, 1.173530612244898], [null, 0.13633998429194324, 1.1990204081632654], [null, 0.12854267728781016, 1.2245102040816327], [null, -5.339728659237153e-12, 1.25]]}