{"dim": 3, "delta": 2, "mu_eff": 10, "dmu_eff": 1.3326666666666667, "C": -0.3841473026333646, "k_c": 50, "data": [[0.2981459102430727, 0.4823740856544733, 0.001], [0.2977841491576367, 0.48234235641997414, 0.021191919191919192], [0.29758624187888766, 0.4822527796086777, 0.041383838383838384], [0.2974281625185508, 0.48210504468756155, 0.061575757575757575], [0.2972927356033887, 0.4818986348825544, 0.08176767676767677], [0.29717493880034834, 0.4816328185681981, 0.10195959595959596], [0.2970734169565142, 0.4813066367427959, 0.12215151515151515], [0.2969884591325301, 0.48091888603860233, 0.14234343434343433], [0.2969213219570789, 0.4804680967492127, 0.16253535353535353], [0.2968739748419861, 0.479952504640394, 0.18272727272727274], [0.296849016918038, 0.4793700153683008, 0.20291919191919192], [0.2968496789922601, 0.4787181598013412, 0.2231111111111111], [0.29687988487291633, 0.47799403726833156, 0.2433030303030303], [0.29694435831540117, 0.4771942440860622, 0.2634949494949495], [0.29704878044442284, 0.4763147819888503, 0.28368686868686865], [0.29720000691747456, 0.47535094205960154, 0.30387878787878786], [0.29740636366314693, 0.47429714810019497, 0.32407070707070706], [0.29767804745926907, 0.4731467567178368, 0.34426262626262627], [0.29802768262723073, 0.47189178303579926, 0.3644545454545455], [0.2984710947706394, 0.470522524173299, 0.3846464646464646], [0.2990284227946421, 0.4690270304583117, 0.40483838383838383], [0.2997257503541078, 0.467390337294943, 0.42503030303030304], [0.3005975776309339, 0.46559331849703706, 0.4452222222222222], [0.30169070835733347, 0.46361087273685525, 0.4654141414141414], [0.3030706493662747, 0.46140895909655316, 0.4856060606060606], [0.3048327611454165, 0.45893934026787514, 0.5057979797979798], [0.307123177814105, 0.45612944560926255, 0.525989898989899], [0.31018210927438716, 0.4528601644314557, 0.5461818181818182], [0.3144470990819619, 0.4489068031743136, 0.5663737373737373], [0.32085960801822755, 0.4437151133238877, 0.5865656565656565], [0.3322672615657293, 0.43057249674689857, 0.6067575757575757]]}