{"dim": 3, "delta": 3.0, "mu_eff": 10, "dmu_eff": 1.6663333333333332, "C": -0.29363958034959703, "k_c": 50, "data": [[0.28685660923044204, 0.7629703270890256, 0.001], [0.2866549590014, 0.7629450295298738, 0.031292929292929296], [0.2860754018128629, 0.7628722368302188, 0.06158585858585859], [0.2851191380306835, 0.7627518505719016, 0.0918787878787879], [0.283788126877514, 0.762583707708186, 0.12217171717171718], [0.28208504998496103, 0.7623675792686894, 0.15246464646464647], [0.2800132595470873, 0.7621031688383283, 0.18275757575757579], [0.2775767091347243, 0.7617901106838507, 0.21305050505050507], [0.27477986552277195, 0.7614279670456193, 0.24334343434343436], [0.27162759864500513, 0.7610162252650323, 0.2736363636363637], [0.26812504641563667, 0.7605542942005299, 0.30392929292929294], [0.2642774490125503, 0.7600414996741347, 0.33422222222222225], [0.26008994855404927, 0.7594770796292076, 0.36451515151515157], [0.2555673458578041, 0.7588601783464681, 0.39480808080808083], [0.25071380757164935, 0.7581898393276802, 0.42510101010101015], [0.24553251450133476, 0.7574649976463671, 0.4553939393939394], [0.24002524198868785, 0.7566844708197721, 0.4856868686868687], [0.2341918616894168, 0.7558469479319468, 0.515979797979798], [0.22802975318328494, 0.7549509765533396, 0.5462727272727274], [0.22153310940597487, 0.7539949535185831, 0.5765656565656566], [0.21469211176835218, 0.7529770977293992, 0.6068585858585859], [0.20749193391496334, 0.7518954410174084, 0.6371515151515152], [0.1999115030516246, 0.7507477998689465, 0.6674444444444445], [0.19192189644874544, 0.7495317491733858, 0.6977373737373738], [0.18348416546859303, 0.7482445897451275, 0.7280303030303031], [0.1745462344619732, 0.7468833095639089, 0.7583232323232324], [0.16503822834133228, 0.7454445367665988, 0.7886161616161617], [0.1548653272423164, 0.7439244828130481, 0.8189090909090909], [0.14389533526835765, 0.7423188725763432, 0.8492020202020203], [0.1319374752134634, 0.7406228578275296, 0.8794949494949496], [0.118700632473921, 0.7388309088612639, 0.9097878787878788], [0.1037027071284977, 0.7369366768817813, 0.9400808080808082], [0.0860338400475235, 0.7349328178744496, 0.9703737373737374], [0.06350925464749967, 0.7328107634802907, 1.0006666666666666], [0.025490533311913675, 0.7305603981762336, 1.0309595959595959], [null, 0.7281696705005626, 1.0612525252525251], [null, 0.725623995311342, 1.0915454545454546], [null, 0.7229053978790643, 1.1218383838383839], [null, 0.7199913178826665, 1.1521313131313131], [null, 0.7168526535193755, 1.1824242424242424], [null, 0.7134506517782602, 1.2127171717171716], [null, 0.7097314215118655, 1.243010101010101], [null, 0.7056154203133195, 1.2733030303030304], [null, 0.7009743710789504, 1.3035959595959596], [null, 0.6955683023338475, 1.333888888888889], [null, 0.6887749445129462, 1.3641818181818182], [null, 0.6774193997559947, 1.3944747474747474], [null, 0.6651177508599586, 1.4247676767676767], [null, 0.653401215701052, 1.4550606060606062], [null, 0.642230934446187, 1.4853535353535354], [null, 0.6315701176092409, 1.5156464646464647], [null, 0.6213840089610896, 1.545939393939394], [null, 0.6116398449997194, 1.5762323232323232], [null, 0.6023067904342368, 1.6065252525252525], [null, 0.5933558659526558, 1.6368181818181817], [null, 0.5847598660762935, 1.6671111111111112], [null, 0.5764932703474239, 1.6974040404040405], [null, 0.5685321519797366, 1.7276969696969697], [null, 0.5608540828541323, 1.757989898989899], [null, 0.5534380347953031, 1.7882828282828283], [null, 0.5462643017633076, 1.8185757575757575], [null, 0.539314373016732, 1.848868686868687], [null, 0.5325708752128084, 1.8791616161616163], [null, 0.5260174675383197, 1.9094545454545455], [null, 0.5196387580226774, 1.9397474747474748], [null, 0.5134202217414366, 1.970040404040404], [null, 0.5073481199500874, 2.0003333333333333], [null, 0.5014094232043567, 2.030626262626263], [null, 0.49559173525234057, 2.060919191919192], [null, 0.48988322083270375, 2.0912121212121213], [null, 0.48427253342420196, 2.1215050505050503], [null, 0.4787487443756661, 2.15179797979798], [null, 0.4733012719671811, 2.1820909090909093], [null, 0.46791980955803536, 2.2123838383838383], [null, 0.4625942517181929, 2.242676767676768], [null, 0.4573146169520235, 2.272969696969697], [null, 0.45207096575734024, 2.3032626262626263], [null, 0.4468533102943878, 2.333555555555556], [null, 0.44165151603568825, 2.363848484848485], [null, 0.4364551886643813, 2.3941414141414143], [null, 0.431253543594117, 2.4244343434343434], [null, 0.42603525220114297, 2.454727272727273], [null, 0.4207882546526685, 2.485020202020202], [null, 0.4154995289338509, 2.5153131313131314], [null, 0.41015480198093784, 2.545606060606061], [null, 0.404738174472602, 2.57589898989899], [null, 0.3992316280912858, 2.6061919191919194], [null, 0.39361436008662415, 2.6364848484848484], [null, 0.38786186102418574, 2.666777777777778], [null, 0.38194459800950853, 2.697070707070707], [null, 0.3758260690609373, 2.7273636363636364], [null, 0.36945980920016785, 2.757656565656566], [null, 0.36278454910792457, 2.787949494949495], [null, 0.35571588906291357, 2.8182424242424244], [null, 0.3481308240435336, 2.8485353535353535], [null, 0.33983537477980796, 2.878828282828283], [null, 0.33048568437250303, 2.9091212121212124], [null, 0.3193341246007292, 2.9394141414141415], [null, 0.3036831337034977, 2.969707070707071], [null, 2.2685098244323854e-10, 3.0]]}