{"dim": 3, "delta": 1.5, "mu_eff": 10, "dmu_eff": 0.8833333333333333, "C": -0.4487568044094923, "k_c": 50, "data": [[0.1705135522596884, 0.39225440277915347, 0.001], [0.1704036324841828, 0.39223967162605494, 0.016141414141414144], [0.1700997165263963, 0.3921988951644777, 0.03128282828282829], [0.16960234290948403, 0.39213201566553146, 0.04642424242424243], [0.1689123760291474, 0.39203893785297217, 0.061565656565656574], [0.16803097644722123, 0.39191952850982564, 0.07670707070707072], [0.16695955102219998, 0.3917736155289564, 0.09184848484848486], [0.16569966936455108, 0.3916009862059008, 0.106989898989899], [0.16425291755891133, 0.39140138671934466, 0.12213131313131315], [0.16262061847204928, 0.39117451922650254, 0.1372727272727273], [0.16080321804675515, 0.39092004021174565, 0.15241414141414145], [0.15879858277737138, 0.39063755759363517, 0.16755555555555557], [0.15659379057082834, 0.3903266274696475, 0.18269696969696972], [0.15417320808493526, 0.38998675176478076, 0.19783838383838387], [0.15167702215264964, 0.3896173713460888, 0.212979797979798], [0.14910799650245715, 0.3892178637005294, 0.22812121212121214], [0.1464598472690382, 0.38878753611504324, 0.2432626262626263], [0.14372664207708444, 0.3883256177137012, 0.2584040404040404], [0.1409027656403986, 0.3878312577178687, 0.2735454545454546], [0.1379829286479789, 0.3873035049593483, 0.2886868686868687], [0.1349622010014699, 0.3867413084444871, 0.3038282828282829], [0.13183607157478158, 0.38614349918082963, 0.318969696969697], [0.12860053206945515, 0.3855087764178566, 0.33411111111111114], [0.1252521831222477, 0.38483568994588896, 0.3492525252525253], [0.12178836121436298, 0.38412261885388294, 0.36439393939393944], [0.11820728389830297, 0.3833677458614288, 0.37953535353535356], [0.1145082070748241, 0.3825690262634109, 0.39467676767676774], [0.11069159726367915, 0.38172414947221855, 0.40981818181818186], [0.10675929856562791, 0.38083049162995186, 0.424959595959596], [0.1027146992836046, 0.3798850568127479, 0.44010101010101016], [0.09856288030562532, 0.378884400214646, 0.4552424242424243], [0.09431073734650001, 0.37782453241499653, 0.47038383838383846], [0.08996706349555456, 0.37670079245981264, 0.4855252525252526], [0.08554026818556063, 0.3755076781869544, 0.5006666666666667], [0.08080315003106354, 0.37423861799576325, 0.5158080808080808], [0.07569025623597377, 0.3728856517670189, 0.5309494949494951], [0.07015906841593156, 0.3714389734040648, 0.5460909090909092], [0.06411461895105042, 0.3698862556606457, 0.5612323232323233], [0.0574021469260689, 0.3682116059851897, 0.5763737373737374], [0.049756716723418026, 0.36639387197356016, 0.5915151515151515], [0.04065895339638377, 0.36440369776868115, 0.6066565656565658], [0.0287655850598394, 0.36219797631492473, 0.6217979797979799], [null, 0.3597078639193761, 0.636939393939394], [null, 0.3568076877400119, 0.6520808080808081], [null, 0.353197379677493, 0.6672222222222223], [null, 0.346923083043291, 0.6823636363636364], [null, 0.3387430766238938, 0.6975050505050506], [null, 0.3310891263283263, 0.7126464646464648], [null, 0.32391780197528086, 0.7277878787878789], [null, 0.3171887770315038, 0.742929292929293], [null, 0.31086472698018675, 0.7580707070707071], [null, 0.30491120187544096, 0.7732121212121214], [null, 0.2992964805190779, 0.7883535353535355], [null, 0.29399141179502397, 0.8034949494949496], [null, 0.28896924708141375, 0.8186363636363637], [null, 0.28420547124549256, 0.8337777777777778], [null, 0.2796776340868121, 0.848919191919192], [null, 0.27536518374193725, 0.8640606060606062], [null, 0.27124930901411065, 0.8792020202020203], [null, 0.26731278716048573, 0.8943434343434344], [null, 0.2635398407115662, 0.9094848484848486], [null, 0.25991600381236163, 0.9246262626262627], [null, 0.2564279969980922, 0.9397676767676769], [null, 0.2530636122870371, 0.954909090909091], [null, 0.2498116051650322, 0.9700505050505052], [null, 0.2466615996903946, 0.9851919191919193], [null, 0.24360399116387413, 1.0003333333333333], [null, 0.24062986936637804, 1.0154747474747474], [null, 0.23773093810823503, 1.0306161616161615], [null, 0.23489944458220616, 1.0457575757575757], [null, 0.2321281130326377, 1.06089898989899], [null, 0.2294100826705516, 1.0760404040404041], [null, 0.22673884905215122, 1.0911818181818183], [null, 0.22410820809013918, 1.1063232323232324], [null, 0.22151220200140867, 1.1214646464646465], [null, 0.2189450655976202, 1.1366060606060606], [null, 0.2164011745042492, 1.1517474747474747], [null, 0.21387498728234722, 1.1668888888888889], [null, 0.2113609909460952, 1.182030303030303], [null, 0.20885363843876234, 1.197171717171717], [null, 0.20634727894423477, 1.2123131313131315], [null, 0.20383608090812702, 1.2274545454545456], [null, 0.20131394142254952, 1.2425959595959597], [null, 0.1987743768025331, 1.2577373737373738], [null, 0.1962103886762613, 1.272878787878788], [null, 0.19361429500073546, 1.288020202020202], [null, 0.1909775113079778, 1.3031616161616162], [null, 0.18829026074369662, 1.3183030303030303], [null, 0.18554117834937892, 1.3334444444444444], [null, 0.18271675567743717, 1.3485858585858586], [null, 0.17980053470308716, 1.3637272727272727], [null, 0.17677189318584363, 1.378868686868687], [null, 0.17360412759427235, 1.3940101010101011], [null, 0.17026125787264215, 1.4091515151515153], [null, 0.16669230498781631, 1.4242929292929294], [null, 0.16282003544348414, 1.4394343434343435], [null, 0.15851563463801352, 1.4545757575757576], [null, 0.15352855994136522, 1.4697171717171718], [null, 0.14719806248640754, 1.4848585858585859], [null, -8.382627925129782e-12, 1.5]]}