{"dim": 3, "delta": 9.5, "mu_eff": 10, "dmu_eff": 5.1722222222222225, "C": -0.04287314854437296, "k_c": 50, "data": [[1.0836683712541464, 1.8581394770712012, 0.001], [1.0792528511271227, 1.8576247846780498, 0.19485714285714287], [1.0662528998078635, 1.8560806012100135, 0.38871428571428573], [1.0450763884070768, 1.8534741551868192, 0.5825714285714286], [1.0159037082239346, 1.8497470161083152, 0.7764285714285715], [0.9813001126773128, 1.8448082294498143, 0.9702857142857143], [0.943685670115682, 1.8385218672955046, 1.1641428571428571], [0.9026709092948815, 1.8306843202789789, 1.3579999999999999], [0.8580605380167101, 1.8209798468607494, 1.5518571428571428], [0.8098581533665015, 1.8088826330740844, 1.7457142857142858], [0.7582722601346878, 1.793392974180822, 1.9395714285714285], [0.703706591670756, 1.7719718881837812, 2.1334285714285715], [0.6465341978919631, 1.7292689383993889, 2.3272857142857144], [0.5821814990113265, 1.6799503242857876, 2.5211428571428574], [0.5077591554924018, 1.6365440985506072, 2.715], [0.41842799700169536, 1.5981775011858534, 2.908857142857143], [0.3013984200845302, 1.5640674809037858, 3.1027142857142858], [0.07176925724951401, 1.5335269672709626, 3.2965714285714287], [null, 1.5059636091527553, 3.4904285714285717], [null, 1.480873104996685, 3.684285714285714], [null, 1.45782952924952, 3.878142857142857], [null, 1.436474587541485, 4.072000000000001], [null, 1.416507064684586, 4.2658571428571435], [null, 1.3976731633290773, 4.459714285714286], [null, 1.3797580230301842, 4.653571428571429], [null, 1.362578465471118, 4.847428571428572], [null, 1.345976877134388, 5.041285714285715], [null, 1.329816079990112, 5.235142857142858], [null, 1.3139750228140517, 5.429], [null, 1.2983451284099636, 5.622857142857144], [null, 1.282827135144615, 5.816714285714286], [null, 1.2673283003957154, 6.01057142857143], [null, 1.251759811309914, 6.204428571428572], [null, 1.2360342729902, 6.398285714285715], [null, 1.2200631148661103, 6.592142857142858], [null, 1.203753722921744, 6.7860000000000005], [null, 1.1870060451365294, 6.979857142857144], [null, 1.1697082971537769, 7.173714285714286], [null, 1.1517311859865145, 7.367571428571429], [null, 1.1329196793612453, 7.561428571428572], [null, 1.1130805926934433, 7.755285714285715], [null, 1.0919627045891775, 7.949142857142858], [null, 1.0692226124414719, 8.143], [null, 1.0443608052273934, 8.336857142857143], [null, 1.0165872059382448, 8.530714285714286], [null, 0.9844853557739861, 8.724571428571428], [null, 0.9448861498073992, 8.91842857142857], [null, 0.8845879173274493, 9.112285714285715], [null, 0.637051255197693, 9.306142857142857], [null, 2.502886786714953e-12, 9.5]]}