{"dim": 3, "delta": 1.5, "mu_eff": 10, "dmu_eff": 0.75, "C": -0.4487568044094923, "k_c": 50, "data": [[0.025527048365303423, 0.4106590493652653, 0.001], [0.025130856416497243, 0.4106480213734147, 0.016141414141414144], [0.024002090009373745, 0.4106175016796527, 0.03128282828282829], [0.022032725099513473, 0.4105674645068664, 0.04642424242424243], [0.0189707648208084, 0.41049786750481426, 0.061565656565656574], [0.014137527869398984, 0.4104086515667433, 0.07670707070707072], [0.002431480753327802, 0.41029974058404195, 0.09184848484848486], [null, 0.4101710411643039, 0.106989898989899], [null, 0.4100224421571686, 0.12213131313131315], [null, 0.40985381425536954, 0.1372727272727273], [null, 0.40966500937817824, 0.15241414141414145], [null, 0.409455860125462, 0.16755555555555557], [null, 0.4092261788351515, 0.18269696969696972], [null, 0.40897575692885374, 0.19783838383838387], [null, 0.4087043638162868, 0.212979797979798], [null, 0.4084117456835855, 0.22812121212121214], [null, 0.4080976250592783, 0.2432626262626263], [null, 0.40776169774300836, 0.2584040404040404], [null, 0.4074036330089548, 0.2735454545454546], [null, 0.4070230708704332, 0.2886868686868687], [null, 0.4066196202315138, 0.3038282828282829], [null, 0.40619285679418676, 0.318969696969697], [null, 0.4057423207169634, 0.33411111111111114], [null, 0.4052675131398037, 0.3492525252525253], [null, 0.40476789362792304, 0.36439393939393944], [null, 0.40424287605128467, 0.37953535353535356], [null, 0.40369182574874557, 0.39467676767676774], [null, 0.4031140521557753, 0.40981818181818186], [null, 0.40250880610455886, 0.424959595959596], [null, 0.401875273174353, 0.44010101010101016], [null, 0.4012125647211113, 0.4552424242424243], [null, 0.40051971218239624, 0.47038383838383846], [null, 0.3997956560476251, 0.4855252525252526], [null, 0.39903923571517935, 0.5006666666666667], [null, 0.3982491753462243, 0.5158080808080808], [null, 0.39742406750872245, 0.5309494949494951], [null, 0.3965623655485262, 0.5460909090909092], [null, 0.39566233899789105, 0.5612323232323233], [null, 0.3947220703522112, 0.5763737373737374], [null, 0.3937394113098172, 0.5915151515151515], [null, 0.39271194604396614, 0.6066565656565658], [null, 0.39163694154465234, 0.6217979797979799], [null, 0.3905112868385219, 0.636939393939394], [null, 0.3893314142630511, 0.6520808080808081], [null, 0.38809319790540886, 0.6672222222222223], [null, 0.38679182259636724, 0.6823636363636364], [null, 0.38542160125745223, 0.6975050505050506], [null, 0.38397573445010325, 0.7126464646464648], [null, 0.3824459638611552, 0.7277878787878789], [null, 0.3808220725061223, 0.742929292929293], [null, 0.37909112988980076, 0.7580707070707071], [null, 0.37723629811169757, 0.7732121212121214], [null, 0.37523482585044815, 0.7883535353535355], [null, 0.37305440890581076, 0.8034949494949496], [null, 0.37064577644381136, 0.8186363636363637], [null, 0.36792489939480955, 0.8337777777777778], [null, 0.36471502063451783, 0.848919191919192], [null, 0.36019227765280787, 0.8640606060606062], [null, 0.3540784445288634, 0.8792020202020203], [null, 0.3481886058373188, 0.8943434343434344], [null, 0.342507871638317, 0.9094848484848486], [null, 0.33702225656692986, 0.9246262626262627], [null, 0.33171861190162294, 0.9397676767676769], [null, 0.32658456352682824, 0.954909090909091], [null, 0.32160845142232686, 0.9700505050505052], [null, 0.31677927263054556, 0.9851919191919193], [null, 0.3120866255005589, 1.0003333333333333], [null, 0.30752065882806184, 1.0154747474747474], [null, 0.3030720204767125, 1.0306161616161615], [null, 0.29873180968830276, 1.0457575757575757], [null, 0.2944915292299098, 1.06089898989899], [null, 0.2903430402450661, 1.0760404040404041], [null, 0.2862785161109252, 1.0911818181818183], [null, 0.2822903970950284, 1.1063232323232324], [null, 0.2783713445902669, 1.1214646464646465], [null, 0.2745141939508759, 1.1366060606060606], [null, 0.27071190435543574, 1.1517474747474747], [null, 0.26695750680541713, 1.1668888888888889], [null, 0.2632440462054841, 1.182030303030303], [null, 0.25956451753588966, 1.197171717171717], [null, 0.2559117940077923, 1.2123131313131315], [null, 0.2522785408328989, 1.2274545454545456], [null, 0.24865711684455033, 1.2425959595959597], [null, 0.24503945122072074, 1.2577373737373738], [null, 0.24141689207412784, 1.272878787878788], [null, 0.23778001349086383, 1.288020202020202], [null, 0.2341183642759115, 1.3031616161616162], [null, 0.2304201329818344, 1.3183030303030303], [null, 0.22667168923159237, 1.3334444444444444], [null, 0.22285693739618176, 1.3485858585858586], [null, 0.21895637509450172, 1.3637272727272727], [null, 0.21494566842702428, 1.378868686868687], [null, 0.21079339472485967, 1.3940101010101011], [null, 0.20645725756945285, 1.4091515151515153], [null, 0.20187725837396034, 1.4242929292929294], [null, 0.19696216979025735, 1.4394343434343435], [null, 0.19155858235961074, 1.4545757575757576], [null, 0.18536336369254797, 1.4697171717171718], [null, 0.17754443292734526, 1.4848585858585859], [null, -1.049338393954713e-11, 1.5]]}