{"dim": 3, "delta": 1.5, "mu_eff": 10, "dmu_eff": 0.9994999999999999, "C": -0.4487568044094923, "k_c": 50, "data": [[0.22284233747281004, 0.36801975375135443, 0.001], [0.22240711889233716, 0.36799634224744837, 0.016141414141414144], [0.22209685864362835, 0.36793149933274366, 0.03128282828282829], [0.22184061589607013, 0.36782502275049017, 0.04642424242424243], [0.22161042919023452, 0.36767657763303807, 0.061565656565656574], [0.22139665463804614, 0.3674856914931953, 0.07670707070707072], [0.22119508318200887, 0.3672517469434265, 0.09184848484848486], [0.22100379787137137, 0.3669739718638859, 0.106989898989899], [0.2208220774815987, 0.36665142677072504, 0.12213131313131315], [0.22064993679786057, 0.3662829888909119, 0.1372727272727273], [0.22048791605889878, 0.36586732883569584, 0.15241414141414145], [0.2203369856182557, 0.3654029009866926, 0.16755555555555557], [0.22019851262649445, 0.3648878818341978, 0.18269696969696972], [0.22007426713495132, 0.36432016144263524, 0.19783838383838387], [0.2199664585156409, 0.36369727941624447, 0.212979797979798], [0.21987780014234734, 0.36301636610190446, 0.22812121212121214], [0.21981160500122351, 0.36227406367802345, 0.2432626262626263], [0.2197719190990275, 0.3614664235155774, 0.2584040404040404], [0.21976370446220658, 0.36058877313751786, 0.2735454545454546], [0.2197930905647387, 0.35963553693776024, 0.2886868686868687], [0.2198677209500698, 0.3585999940616997, 0.3038282828282829], [0.21999724605897755, 0.35747394178735825, 0.318969696969697], [0.22019402520747391, 0.3562472134538694, 0.33411111111111114], [0.2204741670321096, 0.3549069709927481, 0.3492525252525253], [0.22085910614652934, 0.35343662004459775, 0.36439393939393944], [0.22137810535252203, 0.3518140708603427, 0.37953535353535356], [0.22207236186136373, 0.35000877651349677, 0.39467676767676774], [0.22300219688371933, 0.34797628780537987, 0.40981818181818186], [0.22426057598135118, 0.34564712338078624, 0.424959595959596], [0.22600104947887834, 0.3429002233168876, 0.44010101010101016], [0.22850425979382144, 0.3394812406385338, 0.4552424242424243], [0.2323740635262457, 0.3345591617293474, 0.47038383838383846]]}