{"dim": 3, "delta": 5, "mu_eff": 10, "dmu_eff": 3.0555555555555554, "C": -0.18109101514056913, "k_c": 50, "data": [[0.6700487738025293, 1.1215757804126432, 0.001], [0.6668869160491403, 1.1213101468564033, 0.1030204081632653], [0.6589394709400862, 1.120519676377471, 0.2050408163265306], [0.6513677873424935, 1.1191928096027948, 0.3070612244897959], [0.6436024608293056, 1.1173094383743738, 0.4090816326530612], [0.635330196383755, 1.1148393559779286, 0.5111020408163265], [0.6263090498657792, 1.1117397300330758, 0.6131224489795918], [0.6162989407152951, 1.1079510196687858, 0.7151428571428571], [0.6050301113871318, 1.1033902820828911, 0.8171632653061224], [0.5921826038742938, 1.097939731125914, 0.9191836734693877], [0.5773716751111582, 1.0914258312860659, 1.0212040816326529], [0.5601420266962377, 1.0835772088715439, 1.123224489795918], [0.5399806112754902, 1.073926670581206, 1.2252448979591835], [0.516363732422464, 1.0615213073756475, 1.3272653061224489], [0.48885389788380285, 1.0434797359204113, 1.429285714285714], [0.45724323487548385, 0.9950507558682202, 1.5313061224489792], [0.4216988204319012, 0.9424753639889828, 1.6333265306122446], [0.3828300544101418, 0.8983768486842527, 1.73534693877551], [0.341622304230928, 0.8617315257777471, 1.8373673469387752], [0.2992645475435783, 0.8313380979527715, 1.9393877551020404], [0.25696011260940244, 0.8059970393160666, 2.041408163265306], [0.21579348887115124, 0.7846358523316929, 2.1434285714285712], [0.17490500273943285, 0.7663625931954746, 2.245448979591836], [0.11560151607270126, 0.7504674055591622, 2.3474693877551016], [null, 0.7363985318192883, 2.449489795918367], [null, 0.7237311593198115, 2.5515102040816324], [null, 0.7121381962425422, 2.653530612244898], [null, 0.7013661318441926, 2.755551020408163], [null, 0.6912162662811971, 2.857571428571428], [null, 0.6815305287303589, 2.9595918367346936], [null, 0.672180873612259, 3.0616122448979586], [null, 0.6630613406577555, 3.163632653061224], [null, 0.6540820435934834, 3.2656530612244894], [null, 0.6451645151293328, 3.367673469387755], [null, 0.6362379880605049, 3.46969387755102], [null, 0.6272362640739537, 3.571714285714285], [null, 0.6180948968988266, 3.6737346938775506], [null, 0.6087484238429707, 3.775755102040816], [null, 0.5991273621353924, 3.877775510204081], [null, 0.5891545964115165, 3.9797959183673464], [null, 0.5787406147041002, 4.081816326530612], [null, 0.5677766644970531, 4.183836734693878], [null, 0.5561241414454176, 4.285857142857143], [null, 0.5435968007008766, 4.387877551020408], [null, 0.5299281917494785, 4.489897959183673], [null, 0.5147049881424864, 4.591918367346938], [null, 0.49720710003692864, 4.693938775510204], [null, 0.4759116323086376, 4.795959183673469], [null, 0.44578098326192184, 4.897979591836735], [null, 3.949285343196607e-12, 5.0]]}