{"dim": 3, "delta": 6.5, "mu_eff": 10, "dmu_eff": 3.3944444444444444, "C": -0.12415470541762241, "k_c": 50, "data": [[0.5262677663797122, 1.4688881866292265, 0.001], [0.5241526976928732, 1.4686690290513282, 0.1336326530612245], [0.5178797073584084, 1.468016399265187, 0.266265306122449], [0.5074720649299834, 1.466925268286194, 0.39889795918367343], [0.492952809286018, 1.4653870580801625, 0.531530612244898], [0.4743202348475233, 1.4633893065988484, 0.6641632653061225], [0.45151044015345815, 1.4609151512486889, 0.7967959183673469], [0.42434085898601664, 1.457942580399279, 0.9294285714285714], [0.3924200483709796, 1.454443365728016, 1.0620612244897958], [0.35498590054152585, 1.4503815368821458, 1.1946938775510203], [0.31056303304745475, 1.445711171530588, 1.3273265306122448], [0.2560518380072987, 1.440373114443016, 1.4599591836734693], [0.1832149121311214, 1.4342899373425837, 1.5925918367346936], [0.025126943698803986, 1.4273578341884356, 1.7252244897959181], [null, 1.4194327801906306, 1.8578571428571427], [null, 1.4103048897652932, 1.9904897959183672], [null, 1.3996451031183774, 2.1231224489795917], [null, 1.3868727946301844, 2.255755102040816], [null, 1.370700081752606, 2.3883877551020407], [null, 1.3443091163925047, 2.521020408163265], [null, 1.3088657163597597, 2.6536530612244897], [null, 1.2760807144673767, 2.786285714285714], [null, 1.2456487652413868, 2.9189183673469388], [null, 1.2172917136295516, 3.051551020408163], [null, 1.1907573707235577, 3.1841836734693874], [null, 1.1658178329545057, 3.316816326530612], [null, 1.1422674886661432, 3.4494489795918364], [null, 1.1199208202961861, 3.582081632653061], [null, 1.0986101356130913, 3.7147142857142854], [null, 1.0781832751362679, 3.84734693877551], [null, 1.0585013477701708, 3.9799795918367344], [null, 1.039436517897001, 4.112612244897959], [null, 1.0208698208445792, 4.245244897959184], [null, 1.0026889800461822, 4.377877551020409], [null, 0.9847861611245197, 4.5105102040816325], [null, 0.96705556878612, 4.643142857142857], [null, 0.9493907436694758, 4.775775510204082], [null, 0.9316813426962633, 4.908408163265307], [null, 0.9138090638783305, 5.041040816326531], [null, 0.8956421559632689, 5.173673469387755], [null, 0.8770275505224134, 5.30630612244898], [null, 0.8577788469334203, 5.438938775510204], [null, 0.8376566683547195, 5.571571428571429], [null, 0.8163338969065548, 5.704204081632653], [null, 0.7933277074775336, 5.836836734693878], [null, 0.7678472078915485, 5.969469387755102], [null, 0.7383717213788145, 6.102102040816327], [null, 0.7009087199685786, 6.234734693877551], [null, 0.5849776560749275, 6.367367346938775], [null, 1.4654943925052066e-13, 6.5]]}