{"dim": 3, "delta": 1.25, "mu_eff": 10, "dmu_eff": 0.625, "C": -0.4898160746313178, "k_c": 50, "data": [[0.018292301294782407, 0.3442387432677248, 0.001], [0.016760724155770075, 0.34420300684063126, 0.02648979591836735], [0.011331613149177846, 0.344100877756959, 0.0519795918367347], [null, 0.3439319880095737, 0.07746938775510205], [null, 0.3436958184151243, 0.1029591836734694], [null, 0.34339148576570894, 0.12844897959183676], [null, 0.34301793147882104, 0.1539387755102041], [null, 0.3425738008828747, 0.17942857142857144], [null, 0.3420574382320556, 0.2049183673469388], [null, 0.34146685497477924, 0.23040816326530617], [null, 0.340799685911178, 0.25589795918367353], [null, 0.3400531431224511, 0.28138775510204084], [null, 0.33922394436629505, 0.3068775510204082], [null, 0.33830823236180074, 0.33236734693877557], [null, 0.33730146630624014, 0.3578571428571429], [null, 0.3361982823127206, 0.38334693877551024], [null, 0.33499230872363256, 0.4088367346938776], [null, 0.33367591902878113, 0.43432653061224497], [null, 0.33223989349870003, 0.45981632653061233], [null, 0.33067294726612595, 0.48530612244897964], [null, 0.32896104355224565, 0.5107959183673471], [null, 0.3270863769843376, 0.5362857142857144], [null, 0.3250257804521331, 0.5617755102040817], [null, 0.32274811134079395, 0.5872653061224491], [null, 0.32020962027375627, 0.6127551020408164], [null, 0.317344980982875, 0.6382448979591837], [null, 0.31404725799333527, 0.6637346938775511], [null, 0.3101119742485878, 0.6892244897959184], [null, 0.30498490093458563, 0.7147142857142857], [null, 0.29569914985789525, 0.7402040816326532], [null, 0.285829312750906, 0.7656938775510205], [null, 0.2766374101872801, 0.7911836734693879], [null, 0.26803249700271325, 0.8166734693877552], [null, 0.2599341662380886, 0.8421632653061225], [null, 0.25227081450195854, 0.8676530612244899], [null, 0.24497806420385926, 0.8931428571428572], [null, 0.23799730793952362, 0.9186326530612247], [null, 0.231274318673728, 0.944122448979592], [null, 0.2247578532398329, 0.9696122448979593], [null, 0.2183981595983208, 0.9951020408163267], [null, 0.21214523754544154, 1.020591836734694], [null, 0.20594660123197253, 1.0460816326530613], [null, 0.19974429005380026, 1.0715714285714286], [null, 0.19346980539868594, 1.097061224489796], [null, 0.1870361290808607, 1.1225510204081632], [null, 0.18032183706696067, 1.1480408163265305], [null, 0.1731363775097471, 1.173530612244898], [null, 0.1651258327892768, 1.1990204081632654], [null, 0.1554013102996686, 1.2245102040816327], [null, -4.930278407755395e-12, 1.25]]}