{"dim": 3, "delta": 1, "mu_eff": 10, "dmu_eff": 0.5444444444444444, "C": -0.5401527062406859, "k_c": 50, "data": [[0.08158407582381583, 0.2712971393523854, 0.001], [0.08151092732337932, 0.2712883520357253, 0.011090909090909092], [0.08131570260045544, 0.2712648882974041, 0.021181818181818184], [0.08099845611255155, 0.2712267242357961, 0.03127272727272727], [0.08055926446331799, 0.2711738207925585, 0.041363636363636366], [0.0799982090249462, 0.27110612323549976, 0.05145454545454546], [0.07931535102373914, 0.27102356277815187, 0.06154545454545455], [0.07851069825703386, 0.27092605224348604, 0.07163636363636364], [0.07758416225416473, 0.2708134901682952, 0.08172727272727273], [0.07653550431346406, 0.27068575703668873, 0.09181818181818183], [0.07536426832716703, 0.2705427161853277, 0.10190909090909092], [0.07406969752160396, 0.27038421259333706, 0.112], [0.07265063179893938, 0.2702100723214876, 0.1220909090909091], [0.07110537962986814, 0.2700201008553914, 0.13218181818181818], [0.06943155939561123, 0.2698140827410657, 0.14227272727272727], [0.06762589805187277, 0.2695917799136072, 0.15236363636363637], [0.06568397411195297, 0.26935293025886137, 0.16245454545454546], [0.06359988453318272, 0.26909724600102275, 0.17254545454545456], [0.06136580056420267, 0.26882441183060785, 0.18263636363636365], [0.05897136034437907, 0.2685340826657596, 0.19272727272727275], [0.0564028216616478, 0.2682258812262617, 0.20281818181818184], [0.05364181553409636, 0.2678993952564743, 0.2129090909090909], [0.050663459560505816, 0.2675541743869984, 0.223], [0.04743333945276812, 0.2671897262388831, 0.2330909090909091], [0.04390238138112624, 0.2668055123821181, 0.2431818181818182], [0.03999745469318561, 0.26640094347302423, 0.25327272727272726], [0.03560227052417231, 0.2659753735054491, 0.26336363636363636], [0.030512558467928913, 0.26552809314662873, 0.27345454545454545], [0.02430341623001283, 0.26505832188420964, 0.28354545454545454], [0.015709069970302688, 0.2645652008521166, 0.29363636363636364], [null, 0.2640477780015927, 0.30372727272727273], [null, 0.26350499934108285, 0.31381818181818183], [null, 0.2629356925941306, 0.3239090909090909], [null, 0.26233854707207155, 0.334], [null, 0.2617120932181686, 0.3440909090909091], [null, 0.26105467393986187, 0.3541818181818182], [null, 0.26036441016968453, 0.3642727272727273], [null, 0.2596391577461606, 0.3743636363636364], [null, 0.2588764518787779, 0.3844545454545455], [null, 0.2580734356569836, 0.3945454545454546], [null, 0.2572267657293889, 0.4046363636363637], [null, 0.2563324857686812, 0.4147272727272727], [null, 0.2553858527542017, 0.4248181818181818], [null, 0.25438109209440213, 0.4349090909090909], [null, 0.2533110415835112, 0.445], [null, 0.2521666138386753, 0.4550909090909091], [null, 0.25093594569261113, 0.4651818181818182], [null, 0.2496029722930183, 0.4752727272727273], [null, 0.2481448381996583, 0.4853636363636364], [null, 0.24652667161485972, 0.4954545454545455], [null, 0.24468917037206148, 0.5055454545454545], [null, 0.24250962359592843, 0.5156363636363637], [null, 0.23951587923246528, 0.5257272727272727], [null, 0.23478674015373246, 0.5358181818181819], [null, 0.23028661826746125, 0.5459090909090909], [null, 0.22599961618523154, 0.556], [null, 0.22190968204037403, 0.5660909090909091], [null, 0.21800196498957244, 0.5761818181818182], [null, 0.21426272063935092, 0.5862727272727273], [null, 0.21067922200767175, 0.5963636363636364], [null, 0.20723967701394455, 0.6064545454545455], [null, 0.20393314997667983, 0.6165454545454546], [null, 0.2007494887606278, 0.6266363636363637], [null, 0.19767925938257683, 0.6367272727272728], [null, 0.19471367973950093, 0.6468181818181818], [null, 0.19184456345821702, 0.6569090909090909], [null, 0.189064263258863, 0.667], [null, 0.18636562096188367, 0.6770909090909091], [null, 0.18374191890628683, 0.6871818181818182], [null, 0.18118683517931658, 0.6972727272727273], [null, 0.17869440068742926, 0.7073636363636364], [null, 0.1762589587986331, 0.7174545454545455], [null, 0.17387510038315057, 0.7275454545454546], [null, 0.17153775708059138, 0.7376363636363636], [null, 0.1692419022768551, 0.7477272727272728], [null, 0.16698277501446238, 0.7578181818181818], [null, 0.16475571980259918, 0.767909090909091], [null, 0.16255615718459615, 0.778], [null, 0.16037956070227294, 0.7880909090909092], [null, 0.15822140359266024, 0.7981818181818182], [null, 0.15607711205569566, 0.8082727272727274], [null, 0.15394200945121667, 0.8183636363636364], [null, 0.15181125155049857, 0.8284545454545454], [null, 0.14967974848112706, 0.8385454545454546], [null, 0.14754206975405723, 0.8486363636363636], [null, 0.14539232375875819, 0.8587272727272728], [null, 0.14322400313175235, 0.8688181818181818], [null, 0.14102977953273121, 0.878909090909091], [null, 0.13880122467505634, 0.889], [null, 0.1365284196113529, 0.8990909090909092], [null, 0.1341993895651978, 0.9091818181818182], [null, 0.13179925313387134, 0.9192727272727274], [null, 0.1293088874140655, 0.9293636363636364], [null, 0.12670270734883907, 0.9394545454545455], [null, 0.12394471433930329, 0.9495454545454546], [null, 0.12098077356770287, 0.9596363636363637], [null, 0.11772142691035341, 0.9697272727272728], [null, 0.11399511064424377, 0.9798181818181818], [null, 0.1093630553355004, 0.989909090909091], [null, 4.717559676237215e-12, 1.0]]}