{"dim": 3, "delta": 4.5, "mu_eff": 10, "dmu_eff": 2.25, "C": -0.2041334864392912, "k_c": 50, "data": [[0.18134125023681452, 1.1145301390320024, 0.001], [0.17916942333953886, 1.1144029248248006, 0.09281632653061224], [0.1726256740210693, 1.114026103687691, 0.18463265306122448], [0.16129948183513435, 1.1133978692319089, 0.27644897959183673], [null, 1.11251517477245, 0.36826530612244895], [null, 1.1113736582055729, 0.4600816326530612], [null, 1.1099675298744465, 0.5518979591836735], [null, 1.1082894516078865, 0.6437142857142857], [null, 1.1063302798684531, 0.7355306122448979], [null, 1.1040788576896365, 0.8273469387755101], [null, 1.1015216358552544, 0.9191632653061224], [null, 1.0986422139177883, 1.0109795918367346], [null, 1.095420716950743, 1.1027959183673468], [null, 1.0918329474165953, 1.194612244897959], [null, 1.0878492101873773, 1.2864285714285713], [null, 1.0834326373466914, 1.3782448979591835], [null, 1.078536737670345, 1.4700612244897957], [null, 1.0731016656040078, 1.561877551020408], [null, 1.0670482611702716, 1.6536938775510202], [null, 1.060267948218685, 1.7455102040816324], [null, 1.0526041518031723, 1.8373265306122446], [null, 1.0438140114138716, 1.9291428571428568], [null, 1.0334745249779247, 2.0209591836734693], [null, 1.0206672507349972, 2.1127755102040813], [null, 1.0007413737997912, 2.2045918367346937], [null, 0.973267751760518, 2.2964081632653057], [null, 0.9475137962560228, 2.388224489795918], [null, 0.923287239551116, 2.48004081632653], [null, 0.900412045286653, 2.5718571428571426], [null, 0.8787270214288843, 2.6636734693877546], [null, 0.8580843273153967, 2.755489795918367], [null, 0.8383478886232725, 2.847306122448979], [null, 0.8193917530348629, 2.9391224489795915], [null, 0.801098388467517, 3.030938775510204], [null, 0.7833569027566919, 3.122755102040816], [null, 0.7660611444703169, 3.2145714285714284], [null, 0.7491075993467813, 3.3063877551020404], [null, 0.7323929622286778, 3.398204081632653], [null, 0.7158111695472075, 3.490020408163265], [null, 0.6992495554861757, 3.5818367346938773], [null, 0.6825835473642381, 3.6736530612244893], [null, 0.6656688545907844, 3.7654693877551018], [null, 0.648329145774624, 3.8572857142857138], [null, 0.6303350860524077, 3.949102040816326], [null, 0.6113651740937139, 4.040918367346939], [null, 0.5909234534537777, 4.132734693877551], [null, 0.5681335689084371, 4.224551020408163], [null, 0.5410477182404624, 4.316367346938775], [null, 0.5017303115067018, 4.408183673469388], [null, -9.769962616701378e-15, 4.5]]}