{"dim": 3, "delta": 4.5, "mu_eff": 10, "dmu_eff": 2.35, "C": -0.2041334864392912, "k_c": 50, "data": [[0.32327913641887757, 1.101742334093413, 0.001], [0.32189175778939066, 1.1016045314871206, 0.09281632653061224], [0.3177837611486975, 1.1011962472698582, 0.18463265306122448], [0.3109373853883636, 1.1005152301492727, 0.27644897959183673], [0.3013130705377269, 1.0995576719723825, 0.36826530612244895], [0.28883244687581205, 1.0983181017183048, 0.4600816326530612], [0.27334931587066774, 1.0967892290162957, 0.5518979591836735], [0.254599468016992, 1.0949617246871728, 0.6437142857142857], [0.2321071328703385, 1.0928239209307713, 0.7355306122448979], [0.20498667318282743, 1.0903614084190378, 0.8273469387755101], [0.1714310671486105, 1.0875564907630673, 0.9191632653061224], [0.1268723776441892, 1.0843874427500335, 1.0109795918367346], [0.04735844114634288, 1.080827484381345, 1.1027959183673468], [null, 1.0768433333017102, 1.194612244897959], [null, 1.0723931071639683, 1.2864285714285713], [null, 1.0674231798325373, 1.3782448979591835], [null, 1.0618632669551185, 1.4700612244897957], [null, 1.0556183204317249, 1.561877551020408], [null, 1.0485541707463946, 1.6536938775510202], [null, 1.0404695583490695, 1.7455102040816324], [null, 1.0310333896608925, 1.8373265306122446], [null, 1.0196075430412468, 1.9291428571428568], [null, 1.0044165873219608, 2.0209591836734693], [null, 0.9771948987480641, 2.1127755102040813], [null, 0.9492898623631703, 2.2045918367346937], [null, 0.9233559021519783, 2.2964081632653057], [null, 0.8991627051865972, 2.388224489795918], [null, 0.8765011159205681, 2.48004081632653], [null, 0.8551816256743917, 2.5718571428571426], [null, 0.8350326245971198, 2.6636734693877546], [null, 0.815898494303641, 2.755489795918367], [null, 0.7976376294547659, 2.847306122448979], [null, 0.780120428172205, 2.9391224489795915], [null, 0.7632272677550888, 3.030938775510204], [null, 0.7468464554340717, 3.122755102040816], [null, 0.7308721097573977, 3.2145714285714284], [null, 0.7152018922691078, 3.3063877551020404], [null, 0.6997344766132705, 3.398204081632653], [null, 0.6843665342601762, 3.490020408163265], [null, 0.6689889223527229, 3.5818367346938773], [null, 0.6534815887575282, 3.6736530612244893], [null, 0.6377056842762384, 3.7654693877551018], [null, 0.6214925709471979, 3.8572857142857138], [null, 0.604623248445675, 3.949102040816326], [null, 0.5867920251601056, 4.040918367346939], [null, 0.5675299664336216, 4.132734693877551], [null, 0.5460161625975849, 4.224551020408163], [null, 0.5204600852115292, 4.316367346938775], [null, 0.48409948640813616, 4.408183673469388], [null, 7.771561172376096e-14, 4.5]]}