{"dim": 3, "delta": 8.5, "mu_eff": 10, "dmu_eff": 4.627777777777777, "C": -0.06658295384727841, "k_c": 50, "data": [[0.9298225305494465, 1.7364676401373165, 0.001], [0.926449427600681, 1.7360689570066155, 0.17444897959183675], [0.9165100159746011, 1.7348759176999988, 0.3478979591836735], [0.90029893883084, 1.7328699329479273, 0.5213469387755102], [0.8782676648320412, 1.7300184686989757, 0.694795918367347], [0.8509735608409933, 1.7262723325866163, 0.8682448979591838], [0.8189959079367773, 1.7215611088601122, 1.0416938775510203], [0.7830782210411602, 1.715785607295792, 1.215142857142857], [0.7444396830343136, 1.7088050474553413, 1.3885918367346939], [0.7030676105071006, 1.700414058383028, 1.5620408163265307], [0.659043424020351, 1.6902976120965536, 1.7354897959183675], [0.6115975933476561, 1.6779300764775054, 1.908938775510204], [0.5592211921546292, 1.662293143366364, 2.0823877551020407], [0.5005123296361565, 1.640614846677747, 2.2558367346938777], [0.4329030489826658, 1.598242409773211, 2.4292857142857143], [0.3512799861132453, 1.553897072621647, 2.6027346938775513], [0.241832597133501, 1.5142074800665968, 2.776183673469388], [null, 1.4785388266894026, 2.9496326530612245], [null, 1.4463189929772722, 3.1230816326530615], [null, 1.4170405091446678, 3.296530612244898], [null, 1.3902588607655444, 3.469979591836735], [null, 1.3655881825191971, 3.6434285714285717], [null, 1.342695426522893, 3.8168775510204083], [null, 1.321293911798404, 3.9903265306122453], [null, 1.3011368711946782, 4.163775510204082], [null, 1.2820113740317602, 4.337224489795919], [null, 1.2637328110991355, 4.510673469387756], [null, 1.2461400014016226, 4.6841224489795925], [null, 1.229090900661412, 4.857571428571429], [null, 1.212458846610591, 5.031020408163266], [null, 1.1961292516370987, 5.204469387755103], [null, 1.1799966467707454, 5.37791836734694], [null, 1.1639619531325422, 5.551367346938776], [null, 1.1479298869132621, 5.724816326530613], [null, 1.1318063372277722, 5.8982653061224495], [null, 1.1154955660493358, 6.071714285714287], [null, 1.0988970035468064, 6.2451632653061235], [null, 1.0819013228878263, 6.41861224489796], [null, 1.0643853044367335, 6.592061224489797], [null, 1.0462046855885792, 6.765510204081633], [null, 1.027183587568885, 6.938959183673471], [null, 1.007097866550157, 7.112408163265307], [null, 0.985647168906947, 7.285857142857144], [null, 0.9624034462268606, 7.4593061224489805], [null, 0.9367063379745345, 7.632755102040817], [null, 0.9074129617006609, 7.806204081632654], [null, 0.8721265449447114, 7.979653061224491], [null, 0.8229920561188104, 8.153102040816327], [null, 0.6202704285738164, 8.326551020408163], [null, 1.1612932837579137e-12, 8.5]]}