{"dim": 3, "delta": 0.5, "mu_eff": 10, "dmu_eff": 0.3055555555555555, "C": -0.6968588790391586, "k_c": 50, "data": [[0.06217490047834754, 0.1315288078603001, 0.001], [0.061997312277222855, 0.13150591351982355, 0.011183673469387756], [0.06151986169324141, 0.13144460553623435, 0.02136734693877551], [0.060727621473466255, 0.13134449338709292, 0.031551020408163266], [0.059568061178002514, 0.13120492837661848, 0.04173469387755102], [0.05830436452028595, 0.13102498243913605, 0.051918367346938776], [0.05698327002203526, 0.13080341690561342, 0.06210204081632653], [0.05558298447948922, 0.13053863818132275, 0.07228571428571429], [0.054083810237645406, 0.13022863611018654, 0.08246938775510204], [0.05246641756396316, 0.12987089973219718, 0.0926530612244898], [0.05071111626974774, 0.12946229987420932, 0.10283673469387755], [0.04879777069964179, 0.12899892494977122, 0.1130204081632653], [0.04670632905870026, 0.12847584488301114, 0.12320408163265306], [0.0444180744135874, 0.12788676317033457, 0.13338775510204082], [0.041917746393959746, 0.12722348478467124, 0.14357142857142857], [0.03919659532867572, 0.12647506516170595, 0.15375510204081633], [0.036256172568270684, 0.12562636741068878, 0.16393877551020408], [0.033112220031175144, 0.12465542050582608, 0.17412244897959184], [0.029797552371293577, 0.12352804651850188, 0.1843061224489796], [0.026362646866368987, 0.12218508827813013, 0.19448979591836735], [0.02287311901671861, 0.12050299485993042, 0.2046734693877551], [0.018989302842173667, 0.11806882085402638, 0.21485714285714286], [0.013718971382937583, 0.11200009671424092, 0.2250408163265306], [0.0034146194232758725, 0.10616720601400677, 0.23522448979591837], [null, 0.10119975568830933, 0.24540816326530612], [null, 0.0969330517356878, 0.2555918367346939], [null, 0.09323214480435074, 0.26577551020408163], [null, 0.08998761616174614, 0.2759591836734694], [null, 0.08711129440440395, 0.28614285714285714], [null, 0.08453227731266617, 0.2963265306122449], [null, 0.08219346820825864, 0.30651020408163265], [null, 0.08004867632305027, 0.3166938775510204], [null, 0.0780602606122677, 0.32687755102040816], [null, 0.07619722592769433, 0.3370612244897959], [null, 0.0744337205655762, 0.3472448979591837], [null, 0.07274781907450385, 0.35742857142857143], [null, 0.07112053962043698, 0.3676122448979592], [null, 0.06953501956325972, 0.37779591836734694], [null, 0.06797579364766945, 0.3879795918367347], [null, 0.06642811410046896, 0.39816326530612245], [null, 0.0648772450350457, 0.4083469387755102], [null, 0.0633076381510949, 0.41853061224489796], [null, 0.06170184215629201, 0.4287142857142857], [null, 0.060038875162104426, 0.43889795918367347], [null, 0.0582915010731927, 0.4490816326530612], [null, 0.05642109474131357, 0.459265306122449], [null, 0.054366492525005986, 0.46944897959183673], [null, 0.0520143923258377, 0.4796326530612245], [null, 0.049087524946779426, 0.48981632653061224], [null, 3.0669689010665024e-11, 0.5]]}