{"dim": 3, "delta": 6.5, "mu_eff": 10, "dmu_eff": 3.5388888888888888, "C": -0.12415470541762241, "k_c": 50, "data": [[0.6535647419090477, 1.4462479150869305, 0.001], [0.651481138958088, 1.446000053578187, 0.1336326530612245], [0.645328826657295, 1.4452615142826906, 0.266265306122449], [0.6352133844141771, 1.444025286141128, 0.39889795918367343], [0.6212993823176886, 1.4422793446016102, 0.531530612244898], [0.6037941663000219, 1.440006064163281, 0.6641632653061225], [0.5829250018509052, 1.4371813023948687, 0.7967959183673469], [0.5589079954071188, 1.4337730313073038, 0.9294285714285714], [0.5319060351516808, 1.429739312766497, 1.0620612244897958], [0.5019739869821753, 1.4250252692536387, 1.1946938775510203], [0.46899322543887223, 1.4195584323725308, 1.3273265306122448], [0.43259591514488704, 1.4132413157895034, 1.4599591836734693], [0.39205626957461504, 1.4059388922958032, 1.5925918367346936], [0.34606746766072327, 1.3974558712212035, 1.7252244897959181], [0.2921618780282167, 1.3874909444989798, 1.8578571428571427], [0.22477880296689975, 1.3755292402208772, 1.9904897959183672], [0.12360926654997632, 1.3605125629752632, 2.1231224489795917], [null, 1.338824582726755, 2.255755102040816], [null, 1.2996379402831004, 2.3883877551020407], [null, 1.2631997364172571, 2.521020408163265], [null, 1.2299593483202238, 2.6536530612244897], [null, 1.1995193869833956, 2.786285714285714], [null, 1.171519521203453, 2.9189183673469388], [null, 1.1456361993216095, 3.051551020408163], [null, 1.1215810323338744, 3.1841836734693874], [null, 1.0990982037286172, 3.316816326530612], [null, 1.0779613418710496, 3.4494489795918364], [null, 1.057970149752092, 3.582081632653061], [null, 1.0389470123040858, 3.7147142857142854], [null, 1.0207337134195775, 3.84734693877551], [null, 1.003188331914792, 3.9799795918367344], [null, 0.9861823325162915, 4.112612244897959], [null, 0.9695978344670756, 4.245244897959184], [null, 0.9533250033225554, 4.377877551020409], [null, 0.9372594947329774, 4.5105102040816325], [null, 0.9212998299729546, 4.643142857142857], [null, 0.9053445824208004, 4.775775510204082], [null, 0.8892891095065706, 4.908408163265307], [null, 0.873021552052756, 5.041040816326531], [null, 0.8564175316734555, 5.173673469387755], [null, 0.8393326789668193, 5.30630612244898], [null, 0.8215913345680658, 5.438938775510204], [null, 0.802968258315869, 5.571571428571429], [null, 0.7831565697124628, 5.704204081632653], [null, 0.7617057996471559, 5.836836734693878], [null, 0.7378852713797504, 5.969469387755102], [null, 0.7103159032206002, 6.102102040816327], [null, 0.6755353883238635, 6.234734693877551], [null, 0.5849776556905807, 6.367367346938775], [null, 1.461053500406706e-13, 6.5]]}