{"dim": 3, "delta": 4, "mu_eff": 10, "dmu_eff": 2.533333333333333, "C": -0.2300055717506968, "k_c": 50, "data": [[0.5629107828453407, 0.9184745167937665, 0.001], [0.5595774575042259, 0.9182467546747538, 0.08261224489795918], [0.5558702497211383, 0.9175710065938455, 0.16422448979591836], [0.5524234530322741, 0.9164370820824193, 0.24583673469387754], [0.548948933187069, 0.9148272212522529, 0.3274489795918367], [0.5453170460039625, 0.9127147000423247, 0.40906122448979587], [0.5414334017604452, 0.9100615163752565, 0.4906734693877551], [0.537205374236528, 0.9068146356819821, 0.5722857142857143], [0.5325245987230114, 0.9028997882827663, 0.6538979591836734], [0.5272509842160992, 0.8982107609443781, 0.7355102040816326], [0.521192176338325, 0.8925895721105654, 0.8171224489795917], [0.514073152735345, 0.8857858524569358, 0.898734693877551], [0.5054894240672586, 0.8773598765885007, 0.9803469387755102], [0.4948371865823047, 0.8663835665055389, 1.0619591836734692], [0.4812234760587442, 0.8497944161167624, 1.1435714285714285], [0.4634049623775867, 0.792727245771554, 1.2251836734693875], [0.43992425886783015, 0.7313937589948475, 1.3067959183673468], [0.40971349030680243, 0.6822375528045336, 1.388408163265306], [0.3730296469654555, 0.644897569864359, 1.470020408163265], [0.3317220871597965, 0.6174371998835257, 1.5516326530612243], [0.2883491022159077, 0.597218939070341, 1.6332448979591834], [0.2451706569164673, 0.5819054297106576, 1.7148571428571426], [0.20378648646358177, 0.5698173910253174, 1.796469387755102], [0.165216577470721, 0.5598512461904633, 1.878081632653061], [0.1300819952877662, 0.5512983119497905, 1.9596938775510202], [0.0856469993256568, 0.5436991459318647, 2.0413061224489795], [null, 0.5367485801369533, 2.1229183673469385], [null, 0.5302376383430113, 2.2045306122448975], [null, 0.5240183742982079, 2.286142857142857], [null, 0.5179823182387996, 2.367755102040816], [null, 0.512046958366882, 2.449367346938775], [null, 0.5061470138653751, 2.5309795918367346], [null, 0.5002286065470922, 2.6125918367346936], [null, 0.4942452038452063, 2.6942040816326527], [null, 0.4881546392128068, 2.775816326530612], [null, 0.4819167795765602, 2.857428571428571], [null, 0.4754914787638054, 2.9390408163265302], [null, 0.468836650787805, 3.0206530612244897], [null, 0.46190614743293296, 3.1022653061224488], [null, 0.45464719454065927, 3.183877551020408], [null, 0.44699698927950643, 3.265489795918367], [null, 0.43887777964407715, 3.3471020408163263], [null, 0.4301892540598121, 3.4287142857142854], [null, 0.4207958764938678, 3.5103265306122444], [null, 0.41050402623534227, 3.591938775510204], [null, 0.3990162254208281, 3.673551020408163], [null, 0.38582517546852224, 3.755163265306122], [null, 0.3699051418210434, 3.8367755102040815], [null, 0.34828724470626193, 3.9183877551020405], [null, -1.6342482922482304e-13, 4.0]]}