{"dim": 3, "delta": 4, "mu_eff": 10, "dmu_eff": 2.622222222222222, "C": -0.2300055717506968, "k_c": 50, "data": [[0.593495805398922, 0.8934831130717156, 0.001], [0.5953663115051357, 0.893191172182724, 0.08261224489795918], [0.596751187981559, 0.8923228881684452, 0.16422448979591836], [0.5982326460079974, 0.8908585316137252, 0.24583673469387754], [0.5999899697393546, 0.8887629027778811, 0.3274489795918367], [0.6021826864157187, 0.8859810242899279, 0.40906122448979587], [0.6050119194080787, 0.8824303582463361, 0.4906734693877551], [0.6087696686134657, 0.8779865448744021, 0.5722857142857143], [0.6139220666363253, 0.8724555283798758, 0.6538979591836734], [0.6212923937172131, 0.8655125908750818, 0.7355102040816326], [0.6325576164714656, 0.856542479288985, 0.8171224489795917]]}