{"dim": 3, "delta": 1.5, "mu_eff": 10, "dmu_eff": 0.9499999999999998, "C": -0.4487568044094923, "k_c": 50, "data": [[0.20383884098941077, 0.37974816848149884, 0.001], [0.2036574814343665, 0.37972972293455637, 0.016141414141414144], [0.2031429910828072, 0.379678652874755, 0.03128282828282829], [0.2022236161963129, 0.37959485154469896, 0.04642424242424243], [0.20094030225762452, 0.3794781428547226, 0.061565656565656574], [0.19970749121986767, 0.3793282796051527, 0.07670707070707072], [0.19849610136327492, 0.37914494085979866, 0.09184848484848486], [0.197287900192242, 0.37892772859422236, 0.106989898989899], [0.19607032909688393, 0.3786761603705656, 0.12213131313131315], [0.19483384558913855, 0.3783896792618564, 0.1372727272727273], [0.19357058887444525, 0.3780676169478135, 0.15241414141414145], [0.19227363461456712, 0.37770921628180715, 0.16755555555555557], [0.19093653980235833, 0.3773136068102781, 0.18269696969696972], [0.18955304090860856, 0.3768797961485924, 0.19783838383838387], [0.1881168371269197, 0.3764066577909947, 0.212979797979798], [0.186621422091486, 0.3758929123519323, 0.22812121212121214], [0.18505994363483083, 0.37533711082713256, 0.2432626262626263], [0.1834250790821452, 0.37473760877957696, 0.2584040404040404], [0.1817089193832335, 0.3740925388722897, 0.2735454545454546], [0.17990285768889283, 0.37339977435260574, 0.2886868686868687], [0.17799748132556611, 0.37265688596538177, 0.3038282828282829], [0.17598246747215943, 0.37186108644559807, 0.318969696969697], [0.17384648587161788, 0.3710091620892897, 0.33411111111111114], [0.17157711484325708, 0.370097383234721, 0.3492525252525253], [0.16916077962912285, 0.3691213899492523, 0.36439393939393944], [0.16658272805280072, 0.3680760395173536, 0.37953535353535356], [0.16382706303081265, 0.36695520309890095, 0.39467676767676774], [0.1608768583990248, 0.36575148481444936, 0.40981818181818186], [0.15771439198957687, 0.36445582685673916, 0.424959595959596], [0.15432153401073606, 0.36305693534953054, 0.44010101010101016], [0.15068033316758833, 0.36154041797656566, 0.4552424242424243], [0.1467738365101819, 0.3598874185710893, 0.47038383838383846], [0.1425871632833991, 0.3580723642184079, 0.4855252525252526], [0.13810882022722917, 0.35605893462708943, 0.5006666666666667], [0.1333321981682405, 0.35379209726772476, 0.5158080808080808], [0.12825710155157613, 0.351180205495754, 0.5309494949494951], [0.12289118120598813, 0.3480443762611526, 0.5460909090909092], [0.1172509322668202, 0.3438937569288016, 0.5612323232323233], [0.11136213221577665, 0.3342886954211788, 0.5763737373737374], [0.10525949820476757, 0.3222666875168017, 0.5915151515151515], [0.09898555012132823, 0.31139780589899335, 0.6066565656565658], [0.09258880075432929, 0.3015869179799045, 0.6217979797979799], [0.086121509351982, 0.29273798391927425, 0.636939393939394], [0.07963731507316588, 0.2847563051477276, 0.6520808080808081], [0.07318903903408322, 0.27755058804249255, 0.6672222222222223], [0.06682687134871658, 0.2710346548905224, 0.6823636363636364], [0.060597056396799596, 0.2651286391691164, 0.6975050505050506], [0.054541090511259445, 0.25975968425967155, 0.7126464646464648], [0.04842038132880906, 0.2548621922022351, 0.7277878787878789], [0.0407437219638439, 0.25037771569617934, 0.742929292929293], [0.030737325502303, 0.24625459935346558, 0.7580707070707071], [0.01448392796192454, 0.2424474643237039, 0.7732121212121214], [null, 0.23891661217692298, 0.7883535353535355], [null, 0.2356274067331753, 0.8034949494949496], [null, 0.23254966763265408, 0.8186363636363637], [null, 0.22965710562639732, 0.8337777777777778], [null, 0.226926805416076, 0.848919191919192], [null, 0.22433876487828602, 0.8640606060606062], [null, 0.2218754899214049, 0.8792020202020203], [null, 0.21952163931554755, 0.8943434343434344], [null, 0.2172637199179245, 0.9094848484848486], [null, 0.2150898220965055, 0.9246262626262627], [null, 0.21298939309043258, 0.9397676767676769], [null, 0.21095304232841486, 0.954909090909091], [null, 0.2089723742269377, 0.9700505050505052], [null, 0.20703984355494184, 0.9851919191919193], [null, 0.20514863567112374, 1.0003333333333333], [null, 0.20329255063796137, 1.0154747474747474], [null, 0.20146591835638392, 1.0306161616161615], [null, 0.19966351214639905, 1.0457575757575757], [null, 0.19788044028265825, 1.06089898989899], [null, 0.19611226833824313, 1.0760404040404041], [null, 0.19435458585102486, 1.0911818181818183], [null, 0.1926033275088133, 1.1063232323232324], [null, 0.19085453511117123, 1.1214646464646465], [null, 0.18910434659485012, 1.1366060606060606], [null, 0.18734894855129303, 1.1517474747474747], [null, 0.18558452806084563, 1.1668888888888889], [null, 0.18380722216223616, 1.182030303030303], [null, 0.18201306328799424, 1.197171717171717], [null, 0.18019792177330912, 1.2123131313131315], [null, 0.17835743244210195, 1.2274545454545456], [null, 0.17648691874273395, 1.2425959595959597], [null, 0.17458129301690686, 1.2577373737373738], [null, 0.1726349364911637, 1.272878787878788], [null, 0.17064154637291437, 1.288020202020202], [null, 0.16859393741467193, 1.3031616161616162], [null, 0.1664837775413085, 1.3183030303030303], [null, 0.1643012264426825, 1.3334444444444444], [null, 0.1620344279924641, 1.3485858585858586], [null, 0.15966877283919859, 1.3637272727272727], [null, 0.1571857876360614, 1.378868686868687], [null, 0.15456138469672334, 1.3940101010101011], [null, 0.1517629486228868, 1.4091515151515153], [null, 0.14874413434981265, 1.4242929292929294], [null, 0.14543467091531068, 1.4394343434343435], [null, 0.14171755965215063, 1.4545757575757576], [null, 0.13736649357515732, 1.4697171717171718], [null, 0.1317938403772683, 1.4848585858585859], [null, -1.5851764345597985e-11, 1.5]]}