{"dim": 3, "delta": 0.75, "mu_eff": 10, "dmu_eff": 0.5083333333333333, "C": -0.605144141797342, "k_c": 50, "data": [[0.11370761585976343, 0.1852868560722554, 0.001], [0.11371673015879981, 0.1852366002734742, 0.016285714285714285], [0.11373919973527215, 0.1850967991627339, 0.03157142857142857], [0.11378416190026974, 0.18486554278875442, 0.04685714285714286], [0.11386073939830087, 0.18453955672172087, 0.062142857142857146], [0.11398021161290653, 0.1841139755834154, 0.07742857142857143], [0.11415726667883529, 0.18358195350569684, 0.09271428571428572], [0.11441174479556092, 0.18293407694420252, 0.108], [0.11477141719533414, 0.18215739987701723, 0.12328571428571429], [0.11527673742887679, 0.18123385438858305, 0.13857142857142857], [0.11598956202888716, 0.1801374639917762, 0.15385714285714286], [0.11701061480135803, 0.1788290583983099, 0.16914285714285715], [0.11851882860794703, 0.17724505029211268, 0.18442857142857144], [0.12087682103831375, 0.17526914616133346, 0.19971428571428573], [0.12501075328555145, 0.17263643846161003, 0.215], [0.13523399388680168, 0.16822716164361498, 0.2302857142857143]]}