{"dim": 3, "delta": 4, "mu_eff": 10, "dmu_eff": 2.0, "C": -0.2300055717506968, "k_c": 50, "data": [[0.14764160174171398, 1.0095793579233654, 0.001], [0.14559684132984585, 1.0094674614160941, 0.08261224489795918], [0.139420833064892, 1.0091366275478104, 0.16422448979591836], [0.1286304962276368, 1.0085853711092774, 0.24583673469387754], [null, 1.0078111893414947, 0.3274489795918367], [null, 1.006810504513537, 0.40906122448979587], [null, 1.0055785831416628, 0.4906734693877551], [null, 1.0041094217324373, 0.5722857142857143], [null, 1.002395595623945, 0.6538979591836734], [null, 1.0004280599261233, 0.7355102040816326], [null, 0.9981958888789974, 0.8171224489795917], [null, 0.9956859336889825, 0.898734693877551], [null, 0.9928823697266421, 0.9803469387755102], [null, 0.9897660896643051, 1.0619591836734692], [null, 0.9863138766666919, 1.1435714285714285], [null, 0.9824972534838317, 1.2251836734693875], [null, 0.9782808386405852, 1.3067959183673468], [null, 0.9736199224145241, 1.388408163265306], [null, 0.9684567477371524, 1.470020408163265], [null, 0.9627145163819162, 1.5516326530612243], [null, 0.956287081728149, 1.6332448979591834], [null, 0.9490196577940285, 1.7148571428571426], [null, 0.9406680167170783, 1.796469387755102], [null, 0.9307941388978486, 1.878081632653061], [null, 0.9183827955705527, 1.9596938775510202], [null, 0.8977829801662189, 2.0413061224489795], [null, 0.8724717709720397, 2.1229183673469385], [null, 0.8487435050919273, 2.2045306122448975], [null, 0.8264173392850888, 2.286142857142857], [null, 0.8053281244782178, 2.367755102040816], [null, 0.7853249124679154, 2.449367346938775], [null, 0.7662693637396621, 2.5309795918367346], [null, 0.7480340982780804, 2.6125918367346936], [null, 0.7305009968195927, 2.6942040816326527], [null, 0.7135594432887976, 2.775816326530612], [null, 0.6971044741585953, 2.857428571428571], [null, 0.6810347689810564, 2.9390408163265302], [null, 0.6652503731405315, 3.0206530612244897], [null, 0.6496499743798773, 3.1022653061224488], [null, 0.6341274424307857, 3.183877551020408], [null, 0.6185671392158132, 3.265489795918367], [null, 0.6028371068235132, 3.3471020408163263], [null, 0.5867784774072804, 3.4287142857142854], [null, 0.5701876590994974, 3.5103265306122444], [null, 0.5527835516278643, 3.591938775510204], [null, 0.5341397888440254, 3.673551020408163], [null, 0.5135195377500932, 3.755163265306122], [null, 0.48934689009225063, 3.8367755102040815], [null, 0.45603314338518286, 3.9183877551020405], [null, -4.845013279464183e-13, 4.0]]}