{"dim": 3, "delta": 9, "mu_eff": 10, "dmu_eff": 5.3, "C": -0.05438903589062871, "k_c": 50, "data": [[1.1738506415822438, 1.370419644635341, 1.8375306122448978], [1.1385816364813799, 1.2825005301110162, 2.0211836734693875], [1.0668708467594559, 1.2362994642064977, 2.2048367346938775], [0.973648634038249, 1.2165344133932905, 2.388489795918367], [0.8763802065858654, 1.2055222084265258, 2.572142857142857], [0.7807038789863268, 1.1975144151846633, 2.7557959183673466], [0.6883947738197692, 1.1907157926219665, 2.9394489795918366], [0.6001995232170546, 1.1844363281194632, 3.1231020408163266], [0.5165577882845148, 1.1783592309771755, 3.306755102040816], [0.4378161632702172, 1.1723178419506697, 3.490408163265306], [0.36370723531074767, 1.1662143342071145, 3.6740612244897957], [0.2651366559331832, 1.15998559499441, 3.8577142857142857], [0.05990713627847748, 1.153587229192162, 4.041367346938776], [null, 1.1469853610601772, 4.225020408163266], [null, 1.1401520944335175, 4.408673469387756], [null, 1.1330628127953937, 4.592326530612246], [null, 1.1256944514382354, 4.775979591836735], [null, 1.1180242974819496, 4.959632653061225], [null, 1.110029074238171, 5.143285714285715], [null, 1.1016841654490204, 5.326938775510205], [null, 1.0929628809975847, 5.510591836734694], [null, 1.0838357143653452, 5.694244897959184], [null, 1.0742694608053251, 5.877897959183674], [null, 1.064226232005835, 6.061551020408164], [null, 1.0536621788858547, 6.245204081632654], [null, 1.0425258591384894, 6.428857142857143], [null, 1.030756059399906, 6.612510204081633], [null, 1.0182788063435182, 6.796163265306123], [null, 1.0050031389007783, 6.979816326530613], [null, 0.990814925775959, 7.163469387755102], [null, 0.9755674614661028, 7.347122448979592], [null, 0.9590665464430619, 7.530775510204082], [null, 0.9410451935583819, 7.714428571428572], [null, 0.9211179183991917, 7.898081632653062], [null, 0.8986888469184984, 8.08173469387755], [null, 0.8727389339105455, 8.26538775510204], [null, 0.8412049015606179, 8.44904081632653], [null, 0.7980705097648926, 8.63269387755102], [null, 0.6287174972197986, 8.81634693877551], [null, -8.659739592076221e-13, 9.0]]}