{"dim": 3, "delta": 1.5, "mu_eff": 10, "dmu_eff": 0.6668333333333333, "C": -0.4487568044094923, "k_c": 50, "data": [[0.41925778733549507, null, 0.001], [0.41924802403537037, null, 0.016141414141414144], [0.4192210098024345, null, 0.03128282828282829], [0.4191767234086437, null, 0.04642424242424243], [0.4191151359913244, null, 0.061565656565656574], [0.41903620590940904, null, 0.07670707070707072], [0.4189398795941505, null, 0.09184848484848486], [0.4188260914039702, null, 0.106989898989899], [0.4186947633319455, null, 0.12213131313131315], [0.4185458048795572, null, 0.1372727272727273], [0.41837911269873684, null, 0.15241414141414145], [0.41819457000443505, null, 0.16755555555555557], [0.41799204656185324, null, 0.18269696969696972], [0.4177713979595883, null, 0.19783838383838387], [0.41753246518702924, null, 0.212979797979798], [0.4172750740139236, null, 0.22812121212121214], [0.4169990343529939, null, 0.2432626262626263], [0.4167041395405597, null, 0.2584040404040404], [0.4163901654590834, null, 0.2735454545454546], [0.4160568699467968, null, 0.2886868686868687], [0.4157039912072718, null, 0.3038282828282829], [0.41533124730173776, null, 0.318969696969697], [0.41493833450170736, null, 0.33411111111111114], [0.414524926365663, null, 0.3492525252525253], [0.4140906674665534, null, 0.36439393939393944], [0.4136351933884101, null, 0.37953535353535356], [0.4131580838422709, null, 0.39467676767676774], [0.4126589136006466, null, 0.40981818181818186], [0.4121372088850535, null, 0.424959595959596], [0.4115924689255876, null, 0.44010101010101016], [0.4110241519918726, null, 0.4552424242424243], [0.41043167573930756, null, 0.47038383838383846], [0.4098144124115036, null, 0.4855252525252526], [0.4091716854492338, null, 0.5006666666666667], [0.40850276318995704, null, 0.5158080808080808], [0.40780685489691326, null, 0.5309494949494951], [0.4070831036992523, null, 0.5460909090909092], [0.4063305795006721, null, 0.5612323232323233], [0.40554827042179786, null, 0.5763737373737374], [0.40473507439869316, null, 0.5915151515151515], [0.4038897850407982, null, 0.6066565656565658], [0.40301108137580544, null, 0.6217979797979799], [0.4020975105547487, null, 0.636939393939394], [0.4011474695363434, null, 0.6520808080808081], [0.40015918317108845, null, 0.6672222222222223], [0.39913067643542244, null, 0.6823636363636364], [0.398059742469747, null, 0.6975050505050506], [0.39694390181794087, null, 0.7126464646464648], [0.395780352759784, null, 0.7277878787878789], [0.3945659069464692, null, 0.742929292929293], [0.3932969103278471, null, 0.7580707070707071], [0.3919691379234014, null, 0.7732121212121214], [0.39057765675146655, null, 0.7883535353535355], [0.38911663993076695, null, 0.8034949494949496], [0.3875791126229263, null, 0.8186363636363637], [0.3859565907740459, null, 0.8337777777777778], [0.38423855348510283, null, 0.848919191919192], [0.38241163892647406, null, 0.8640606060606062], [0.38045835629673236, null, 0.8792020202020203], [0.3783548947138454, null, 0.8943434343434344], [0.3760670146494879, null, 0.9094848484848486], [0.37354142626612463, null, 0.9246262626262627], [0.37068359727270167, null, 0.9397676767676769], [0.3672734098518131, null, 0.954909090909091], [0.36225283155939564, null, 0.9700505050505052], [0.35662921219484045, null, 0.9851919191919193], [0.35115602393068884, null, 1.0003333333333333], [0.3458233937718977, null, 1.0154747474747474], [0.34062188082231415, null, 1.0306161616161615], [0.33554246652641107, null, 1.0457575757575757], [0.3305764485775976, null, 1.06089898989899], [0.3257154685427955, null, 1.0760404040404041], [0.32095143094303885, null, 1.0911818181818183], [0.316276472524152, null, 1.1063232323232324], [0.31168291797986736, null, 1.1214646464646465], [0.30716323457941846, null, 1.1366060606060606], [0.30270998388747555, null, 1.1517474747474747], [0.29831576976146473, null, 1.1668888888888889], [0.29397318045155246, null, 1.182030303030303], [0.28967472350959417, null, 1.197171717171717], [0.28541275075414346, null, 1.2123131313131315], [0.281179370053856, null, 1.2274545454545456], [0.27696633950248767, null, 1.2425959595959597], [0.27276493759258863, null, 1.2577373737373738], [0.26856579888379845, null, 1.272878787878788], [0.2643587179849417, null, 1.288020202020202], [0.26013235500449206, null, 1.3031616161616162], [0.2558738963475867, null, 1.3183030303030303], [0.2515685444314744, null, 1.3334444444444444], [0.24719881568427554, null, 1.3485858585858586], [0.2427435119572376, null, 1.3637272727272727], [0.23817615887250326, null, 1.378868686868687], [0.23346252367266315, null, 1.3940101010101011], [0.22855643803747813, null, 1.4091515151515153], [0.2233922245869964, null, 1.4242929292929294], [0.21786955909951683, null, 1.4394343434343435], [0.21181859425847885, null, 1.4545757575757576], [0.20489939899301424, null, 1.4697171717171718], [0.1961487377997211, null, 1.4848585858585859], [-1.0052847443375867e-11, null, 1.5]]}