{"dim": 3, "delta": 1, "mu_eff": 10, "dmu_eff": 0.5, "C": -0.5401527062406859, "k_c": 50, "data": [[0.01213640844252845, 0.27683127820575004, 0.001], [0.01174749065242006, 0.2768234991153546, 0.011090909090909092], [0.01064144920443513, 0.27680272911744136, 0.021181818181818184], [0.008549037193985448, 0.2767689512621724, 0.03127272727272727], [0.004204036590015327, 0.27672213791866335, 0.041363636363636366], [null, 0.27666225064147054, 0.05145454545454546], [null, 0.27658924005924435, 0.06154545454545455], [null, 0.27650304562460126, 0.07163636363636364], [null, 0.2764035954111929, 0.08172727272727273], [null, 0.27629080579415743, 0.09181818181818183], [null, 0.27616458109658715, 0.10190909090909092], [null, 0.27602481321849903, 0.112], [null, 0.2758713810950977, 0.1220909090909091], [null, 0.27570415018955174, 0.13218181818181818], [null, 0.2755229720551518, 0.14227272727272727], [null, 0.2753276833237377, 0.15236363636363637], [null, 0.275118105158246, 0.16245454545454546], [null, 0.2748940423514459, 0.17254545454545456], [null, 0.2746552824711857, 0.18263636363636365], [null, 0.27440159437541434, 0.19272727272727275], [null, 0.27413272749169143, 0.20281818181818184], [null, 0.27384841009145827, 0.2129090909090909], [null, 0.2735483478907949, 0.223], [null, 0.2732322221641609, 0.2330909090909091], [null, 0.27289968838134787, 0.2431818181818182], [null, 0.27255037274039934, 0.25327272727272726], [null, 0.2721838710400041, 0.26336363636363636], [null, 0.2717997450244247, 0.27345454545454545], [null, 0.2713975193077347, 0.28354545454545454], [null, 0.270976677799263, 0.29363636363636364], [null, 0.27053665937768095, 0.30372727272727273], [null, 0.2700768529739041, 0.31381818181818183], [null, 0.2695965919514495, 0.3239090909090909], [null, 0.269095147573488, 0.334], [null, 0.2685717213207944, 0.3440909090909091], [null, 0.2680254358817434, 0.3541818181818182], [null, 0.2674553245304651, 0.3642727272727273], [null, 0.2668603185398187, 0.3743636363636364], [null, 0.2662392319368127, 0.3844545454545455], [null, 0.26559074326003235, 0.3945454545454546], [null, 0.26491337328620657, 0.4046363636363637], [null, 0.2642054576007184, 0.4147272727272727], [null, 0.2634651124796957, 0.4248181818181818], [null, 0.2626901919520572, 0.4349090909090909], [null, 0.26187823335208654, 0.445], [null, 0.2610263858978095, 0.4550909090909091], [null, 0.2601313179827329, 0.4651818181818182], [null, 0.25918909128465306, 0.4752727272727273], [null, 0.2581949886139488, 0.4853636363636364], [null, 0.25714327059914466, 0.4954545454545455], [null, 0.2560268204652739, 0.5055454545454545], [null, 0.2548366066246245, 0.5156363636363637], [null, 0.2535608194336232, 0.5257272727272727], [null, 0.25218346497372074, 0.5358181818181819], [null, 0.2506816326113797, 0.5459090909090909], [null, 0.24902011554107778, 0.556], [null, 0.24713797043652053, 0.5660909090909091], [null, 0.24490304500342922, 0.5761818181818182], [null, 0.2416440062154432, 0.5862727272727273], [null, 0.2374407331523511, 0.5963636363636364], [null, 0.23339495958062154, 0.6064545454545455], [null, 0.22949585629589175, 0.6165454545454546], [null, 0.22573329529610403, 0.6266363636363637], [null, 0.22209779288922357, 0.6367272727272728], [null, 0.21858045646022436, 0.6468181818181818], [null, 0.21517293433043924, 0.6569090909090909], [null, 0.2118673690555767, 0.667], [null, 0.20865635322416456, 0.6770909090909091], [null, 0.20553288743733028, 0.6871818181818182], [null, 0.20249034090381707, 0.6972727272727273], [null, 0.19952241325773384, 0.7073636363636364], [null, 0.19662309817287227, 0.7174545454545455], [null, 0.1937866477169741, 0.7275454545454546], [null, 0.19100753729183084, 0.7376363636363636], [null, 0.18828043104054684, 0.7477272727272728], [null, 0.1856001467257292, 0.7578181818181818], [null, 0.18296161923925763, 0.767909090909091], [null, 0.1803598628222458, 0.778], [null, 0.17778993005442728, 0.7880909090909092], [null, 0.17524686764122202, 0.7981818181818182], [null, 0.172725665972816, 0.8082727272727274], [null, 0.17022120169127705, 0.8183636363636364], [null, 0.16772816994991296, 0.8284545454545454], [null, 0.16524100270863978, 0.8385454545454546], [null, 0.16275376821237336, 0.8486363636363636], [null, 0.1602600434037948, 0.8587272727272728], [null, 0.15775274956647808, 0.8688181818181818], [null, 0.15522393361895842, 0.878909090909091], [null, 0.1526644704671042, 0.889], [null, 0.15006364534913855, 0.8990909090909092], [null, 0.1474085486187937, 0.9091818181818182], [null, 0.14468316494619135, 0.9192727272727274], [null, 0.14186693976037482, 0.9293636363636364], [null, 0.1389323936701692, 0.9394545454545455], [null, 0.13584086798369377, 0.9495454545454546], [null, 0.1325341900120112, 0.9596363636363637], [null, 0.1289160599865425, 0.9697272727272728], [null, 0.12480109861172681, 0.9798181818181818], [null, 0.11971081577887437, 0.989909090909091], [null, 4.709566070459914e-12, 1.0]]}