{"dim": 3, "delta": 0.75, "mu_eff": 10, "dmu_eff": 0.4916666666666666, "C": -0.605144141797342, "k_c": 50, "data": [[0.10804168040559312, 0.18959236354538345, 0.001], [0.10741449580474813, 0.18955028971064009, 0.016285714285714285], [0.10666588711042843, 0.18943339257849584, 0.03157142857142857], [0.10598447234135915, 0.18924049313001032, 0.04685714285714286], [0.10531411577738248, 0.18896959364789762, 0.062142857142857146], [0.10463165023304964, 0.18861777435176172, 0.07742857142857143], [0.10392268147377941, 0.1881810316770738, 0.09271428571428572], [0.10317535348019595, 0.18765403698233743, 0.108], [0.10237773125046082, 0.18702977381644317, 0.12328571428571429], [0.10151609029456674, 0.18629899490836802, 0.13857142857142857], [0.10057323749012935, 0.18544937508812848, 0.15385714285714286], [0.09952635438794032, 0.18446414279742204, 0.16914285714285715], [0.0983438201239556, 0.1833197340206489, 0.18442857142857144], [0.0969802104825916, 0.181981489923502, 0.19971428571428573], [0.0953681711181658, 0.18039475361693072, 0.215], [0.09340516206682524, 0.17846368395628182, 0.2302857142857143], [0.09093280633191861, 0.1759854095569935, 0.24557142857142858], [0.08771015514787628, 0.17228387530943803, 0.26085714285714284], [0.08340115772282054, 0.15717254344224857, 0.27614285714285713], [0.07764697082941734, 0.1411433430277023, 0.2914285714285714], [0.07030992014080441, 0.1292919154077453, 0.3067142857142857], [0.06173024205056604, 0.12095710787392651, 0.322], [0.052603715517750935, 0.11517598013667955, 0.3372857142857143], [0.0435979787164607, 0.11105797793460292, 0.3525714285714286], [0.035153927173899986, 0.10797594510682312, 0.3678571428571429], [0.027506039572862913, 0.10553977457923461, 0.3831428571428572], [0.020750036781238265, 0.10351450736390601, 0.39842857142857147], [0.010581364484750116, 0.10175678234784918, 0.4137142857142857], [null, 0.10017631384583357, 0.429], [null, 0.09871402465976287, 0.4442857142857143], [null, 0.09732967228722451, 0.4595714285714286], [null, 0.09599469408736301, 0.47485714285714287], [null, 0.09468793764599555, 0.49014285714285716], [null, 0.09339301846112488, 0.5054285714285714], [null, 0.09209661542607085, 0.5207142857142857], [null, 0.09078731528792877, 0.536], [null, 0.08945477817561816, 0.5512857142857143], [null, 0.08808907789028171, 0.5665714285714286], [null, 0.0866801211512386, 0.5818571428571429], [null, 0.08521705746280132, 0.5971428571428572], [null, 0.08368759184703795, 0.6124285714285714], [null, 0.08207708761744664, 0.6277142857142858], [null, 0.08036724013258016, 0.643], [null, 0.07853398692440153, 0.6582857142857143], [null, 0.07654384887684303, 0.6735714285714286], [null, 0.07434690058620946, 0.6888571428571428], [null, 0.07186134650353791, 0.7041428571428572], [null, 0.06893236851664497, 0.7194285714285714], [null, 0.0651760182372356, 0.7347142857142858], [null, -2.0324186777997966e-11, 0.75]]}