{"dim": 3, "delta": 1.5, "mu_eff": 10, "dmu_eff": 0.85, "C": -0.4487568044094923, "k_c": 50, "data": [[0.1495197710321842, 0.39753454234701213, 0.001], [0.14941773905234135, 0.39752104615656153, 0.016141414141414144], [0.149135654318979, 0.39748369083123497, 0.03128282828282829], [0.14867408268897, 0.3974224309765576, 0.04642424242424243], [0.14803394514191498, 0.39733719188826067, 0.061565656565656574], [0.14721650983381726, 0.39722786912623326, 0.07670707070707072], [0.14622337723726792, 0.3970943276687036, 0.09184848484848486], [0.14505646486041324, 0.39693640212874876, 0.106989898989899], [0.14371798390424395, 0.39675389367725916, 0.12213131313131315], [0.14221041089624178, 0.39654657083413636, 0.1372727272727273], [0.1405364518707636, 0.3963141670400683, 0.15241414141414145], [0.1386989968059528, 0.39605637901533364, 0.16755555555555557], [0.13670106271725954, 0.39577286478504703, 0.18269696969696972], [0.13454572068573198, 0.39546324134402344, 0.19783838383838387], [0.1322360053204752, 0.3951270819337224, 0.212979797979798], [0.12977479745211354, 0.3947639129018593, 0.22812121212121214], [0.1271646784335655, 0.39437321005334747, 0.2432626262626263], [0.1244077474826702, 0.3939543948807407, 0.2584040404040404], [0.12150539630711044, 0.3935068290292728, 0.2735454545454546], [0.11845804029581529, 0.3930298097238034, 0.2886868686868687], [0.11526479898626472, 0.39252256254661155, 0.3038282828282829], [0.11192313149493888, 0.3919842353593183, 0.318969696969697], [0.10842842247333803, 0.3914138878742647, 0.33411111111111114], [0.10477351072137754, 0.39081048342187835, 0.3492525252525253], [0.10094813478389221, 0.390172876392192, 0.36439393939393944], [0.09693824196539137, 0.38949979860622636, 0.37953535353535356], [0.0927250646952977, 0.38878984300799524, 0.39467676767676774], [0.08828380508420544, 0.3880414440375597, 0.40981818181818186], [0.08358165946021945, 0.38725285425245665, 0.424959595959596], [0.07857471646366868, 0.3864221160143947, 0.44010101010101016], [0.07320284666223904, 0.3855470264824036, 0.4552424242424243], [0.06738079471083351, 0.38462509514084703, 0.47038383838383846], [0.06098139450823895, 0.38365349036275803, 0.4855252525252526], [0.053800404980108255, 0.38262897168840493, 0.5006666666666667], [0.04547024163157493, 0.3815478047081921, 0.5158080808080808], [0.03518509761603925, 0.3804056478616089, 0.5309494949494951], [0.020146686342766142, 0.37919740634200844, 0.5460909090909092], [null, 0.3779170322961661, 0.5612323232323233], [null, 0.37655725180896266, 0.5763737373737374], [null, 0.3751091756052766, 0.5915151515151515], [null, 0.3735617352152874, 0.6066565656565658], [null, 0.3719008245138689, 0.6217979797979799], [null, 0.3701079203910213, 0.636939393939394], [null, 0.36815777896955154, 0.6520808080808081], [null, 0.36601418264180957, 0.6672222222222223], [null, 0.36362124973242194, 0.6823636363636364], [null, 0.36088237687847424, 0.6975050505050506], [null, 0.35759158163352733, 0.7126464646464648], [null, 0.3528019756003368, 0.7277878787878789], [null, 0.3453608556762866, 0.742929292929293], [null, 0.3383288831582294, 0.7580707070707071], [null, 0.3316745211113997, 0.7732121212121214], [null, 0.32536850246606763, 0.7883535353535355], [null, 0.31938370204685596, 0.8034949494949496], [null, 0.313695007451229, 0.8186363636363637], [null, 0.3082791885110504, 0.8337777777777778], [null, 0.3031147683222317, 0.848919191919192], [null, 0.2981818969474965, 0.8640606060606062], [null, 0.2934622291905119, 0.8792020202020203], [null, 0.2889388075161758, 0.8943434343434344], [null, 0.28459595011012345, 0.9094848484848486], [null, 0.2804191450044484, 0.9246262626262627], [null, 0.27639495020914323, 0.9397676767676769], [null, 0.272510899863433, 0.954909090909091], [null, 0.26875541633274064, 0.9700505050505052], [null, 0.2651177278405211, 0.9851919191919193], [null, 0.26158779222185663, 1.0003333333333333], [null, 0.25815622304002334, 1.0154747474747474], [null, 0.25481422526447667, 1.0306161616161615], [null, 0.251553529030864, 1.0457575757575757], [null, 0.24836633107223002, 1.06089898989899], [null, 0.24524523790246575, 1.0760404040404041], [null, 0.24218321078403027, 1.0911818181818183], [null, 0.23917351302572076, 1.1063232323232324], [null, 0.23620965818337614, 1.1214646464646465], [null, 0.23328535746411924, 1.1366060606060606], [null, 0.23039447072615252, 1.1517474747474747], [null, 0.22753094511287864, 1.1668888888888889], [null, 0.2246887640707344, 1.182030303030303], [null, 0.22186188102863727, 1.197171717171717], [null, 0.21904415136318886, 1.2123131313131315], [null, 0.21622924970276636, 1.2274545454545456], [null, 0.21341057649023834, 1.2425959595959597], [null, 0.21058115769990915, 1.2577373737373738], [null, 0.20773347793349686, 1.272878787878788], [null, 0.20485933350598998, 1.288020202020202], [null, 0.2019495909751168, 1.3031616161616162], [null, 0.1989938885433075, 1.3183030303030303], [null, 0.19598022412017715, 1.3334444444444444], [null, 0.19289437729595751, 1.3485858585858586], [null, 0.1897190696572261, 1.3637272727272727], [null, 0.18643269790211003, 1.378868686868687], [null, 0.18300733372834435, 1.3940101010101011], [null, 0.17940538461931124, 1.4091515151515153], [null, 0.1755736052729034, 1.4242929292929294], [null, 0.17143129267765808, 1.4394343434343435], [null, 0.16684363911697206, 1.4545757575757576], [null, 0.1615475437730218, 1.4697171717171718], [null, 0.15484297556247362, 1.4848585858585859], [null, -8.185008226746504e-12, 1.5]]}