{"dim": 3, "delta": 8.5, "mu_eff": 10, "dmu_eff": 4.25, "C": -0.06658295384727841, "k_c": 50, "data": [[0.5415464086857941, 1.79997143832227, 0.001], [0.5378882684334262, 1.7996802317318232, 0.17444897959183675], [0.5269506623035999, 1.7988106013224738, 0.3478979591836735], [0.5085729038665399, 1.7973545357855794, 0.5213469387755102], [0.48240642166839454, 1.7952982910122808, 0.694795918367347], [0.4477608801576712, 1.792621736469453, 0.8682448979591838], [0.4032822389189677, 1.789297327056998, 1.0416938775510203], [0.346174539460863, 1.7852885712203361, 1.215142857142857], [0.2697044615475794, 1.7805477690911333, 1.3885918367346939], [0.14811389865826785, 1.775012629315281, 1.5620408163265307], [null, 1.7686010869136604, 1.7354897959183675], [null, 1.7612030312408742, 1.908938775510204], [null, 1.7526663668418114, 2.0823877551020407], [null, 1.7427716792448515, 2.2558367346938777], [null, 1.731180981985236, 2.4292857142857143], [null, 1.7173157028272756, 2.6027346938775513], [null, 1.6999686348525618, 2.776183673469388], [null, 1.673946416134974, 2.9496326530612245], [null, 1.6362143871784596, 3.1230816326530615], [null, 1.601136851048329, 3.296530612244898], [null, 1.5684030363627504, 3.469979591836735], [null, 1.5377328514304522, 3.6434285714285717], [null, 1.5088741361191877, 3.8168775510204083], [null, 1.4815999396810027, 3.9903265306122453], [null, 1.4557058650862003, 4.163775510204082], [null, 1.4310074781183821, 4.337224489795919], [null, 1.4073378211166379, 4.510673469387756], [null, 1.3845450397782575, 4.6841224489795925], [null, 1.3624901247421493, 4.857571428571429], [null, 1.3410447558431615, 5.031020408163266], [null, 1.3200892234811592, 5.204469387755103], [null, 1.299510387234278, 5.37791836734694], [null, 1.2791996165748787, 5.551367346938776], [null, 1.259050646670337, 5.724816326530613], [null, 1.2389572018360757, 5.8982653061224495], [null, 1.2188103126910153, 6.071714285714287], [null, 1.1984950191159096, 6.2451632653061235], [null, 1.1778861594919654, 6.41861224489796], [null, 1.15684266953788, 6.592061224489797], [null, 1.135199434158101, 6.765510204081633], [null, 1.1127549766462832, 6.938959183673471], [null, 1.0892516935269527, 7.112408163265307], [null, 1.0643417956209822, 7.285857142857144], [null, 1.0375231877116915, 7.4593061224489805], [null, 1.0080034490663554, 7.632755102040817], [null, 0.9743553418970883, 7.806204081632654], [null, 0.9333295165638578, 7.979653061224491], [null, 0.8698773383130812, 8.153102040816327], [null, 0.620270429366789, 8.326551020408163], [null, 1.1639578190170141e-12, 8.5]]}