{"dim": 3, "delta": 4.5, "mu_eff": 10, "dmu_eff": 2.55, "C": -0.2041334864392912, "k_c": 50, "data": [[0.48780140772735436, 1.0717106216724062, 0.001], [0.4864638994839737, 1.0715422697762833, 0.09281632653061224], [0.48252698016863416, 1.0710430984412351, 0.18463265306122448], [0.4760449362511893, 1.0702092213885608, 0.27644897959183673], [0.46710521771932123, 1.0690340150277857, 0.36826530612244895], [0.4558243728314712, 1.0675078579076094, 0.4600816326530612], [0.44234192951702, 1.0656177306490382, 0.5518979591836735], [0.42680756180572255, 1.0633466361009358, 0.6437142857142857], [0.40932753045155296, 1.0606727724709473, 0.7355306122448979], [0.3904717474616044, 1.057568354161497, 0.8273469387755101], [0.3703591740368894, 1.0539979042931018, 0.9191632653061224], [0.3489430210689549, 1.0499157274996513, 1.0109795918367346], [0.3262270648215519, 1.0452620394851118, 1.1027959183673468], [0.3019752934718692, 1.0399567733843342, 1.194612244897959], [0.27526931166536867, 1.033889085352217, 1.2864285714285713], [0.24541072896449098, 1.0268981409185334, 1.3782448979591835], [0.21107697235586514, 1.0187339735730965, 1.4700612244897957], [0.16956695401380287, 1.0089638243600767, 1.561877551020408], [0.113236049673246, 0.9966768315860545, 1.6536938775510202], [null, 0.978527285493396, 1.7455102040816324], [null, 0.9437807684422205, 1.8373265306122446], [null, 0.911939918425713, 1.9291428571428568], [null, 0.8832131628372617, 2.0209591836734693], [null, 0.857192194418972, 2.1127755102040813], [null, 0.8335082077053533, 2.2045918367346937], [null, 0.8118326097418949, 2.2964081632653057], [null, 0.7918755592383563, 2.388224489795918], [null, 0.773383074444737, 2.48004081632653], [null, 0.7561333497139449, 2.5718571428571426], [null, 0.73993278372285, 2.6636734693877546], [null, 0.7246120178516949, 2.755489795918367], [null, 0.7100221166274241, 2.847306122448979], [null, 0.6960310896591658, 2.9391224489795915], [null, 0.6825206345675301, 3.030938775510204], [null, 0.669383149091986, 3.122755102040816], [null, 0.6565188989961989, 3.2145714285714284], [null, 0.6438332557038147, 3.3063877551020404], [null, 0.6312338357615407, 3.398204081632653], [null, 0.6186273394828246, 3.490020408163265], [null, 0.6059157652784484, 3.5818367346938773], [null, 0.5929914840480125, 3.6736530612244893], [null, 0.5797302812605651, 3.7654693877551018], [null, 0.565980703449642, 3.8572857142857138], [null, 0.5515463396339952, 3.949102040816326], [null, 0.5361534886638277, 4.040918367346939], [null, 0.5193849257071669, 4.132734693877551], [null, 0.5005203974498734, 4.224551020408163], [null, 0.47803701524730563, 4.316367346938775], [null, 0.4467982192159141, 4.408183673469388], [null, 1.5898393712632242e-13, 4.5]]}