{"dim": 3, "delta": 6, "mu_eff": 10, "dmu_eff": 3.666666666666666, "C": -0.1414566597248248, "k_c": 50, "data": [[0.8211813678439809, 1.2816906573811888, 0.001], [0.8158390098140843, 1.2813167095578666, 0.12342857142857143], [0.8094349587503328, 1.2801994096692013, 0.24585714285714286], [0.803280778590206, 1.2783157825918805, 0.36828571428571427], [0.7968625481503135, 1.2756250522286527, 0.4907142857142857], [0.7899056082584044, 1.2720641331854607, 0.6131428571428571], [0.7821679265848624, 1.2675396545342281, 0.7355714285714285], [0.7733756580311324, 1.2619137729423404, 0.858], [0.7631803492897589, 1.2549775716503775, 0.9804285714285714], [0.7511141572126094, 1.2463962516907525, 1.1028571428571428], [0.7365366674681181, 1.2355778042153673, 1.225285714285714], [0.7185796071926407, 1.2212663615080803, 1.3477142857142856], [0.6961227240242793, 1.1992551845031765, 1.470142857142857], [0.6678847614646757, 1.1327115906099288, 1.5925714285714285], [0.6327500731125548, 1.0653737479908947, 1.7149999999999999], [0.590328884066716, 1.0103755421153857, 1.8374285714285714], [0.541399869323707, 0.9668481875503102, 1.9598571428571427], [0.48777562799350355, 0.9329504288608895, 2.0822857142857143], [0.4316801088660138, 0.9064770926826702, 2.2047142857142856], [0.37517191406562855, 0.8854238351261507, 2.327142857142857], [0.31989581244482806, 0.8682251228294673, 2.4495714285714283], [0.2670796154861937, 0.8537480443378275, 2.572], [0.21754766279844537, 0.8411974605968625, 2.6944285714285714], [0.15190949350892358, 0.8300177086760769, 2.8168571428571427], [null, 0.8198165538077451, 2.939285714285714], [null, 0.8103121554518994, 3.0617142857142854], [null, 0.8012974736078741, 3.184142857142857], [null, 0.7926165875812414, 3.3065714285714285], [null, 0.7841488411677036, 3.429], [null, 0.7757980653423858, 3.551428571428571], [null, 0.7674850958064608, 3.673857142857143], [null, 0.7591424341809958, 3.7962857142857143], [null, 0.7507102916898885, 3.9187142857142856], [null, 0.7421335227936157, 4.041142857142858], [null, 0.7333590882051121, 4.163571428571429], [null, 0.7243337622301915, 4.2860000000000005], [null, 0.7150018880753891, 4.408428571428572], [null, 0.7053029001788412, 4.530857142857143], [null, 0.695168362385232, 4.6532857142857145], [null, 0.6845180560083718, 4.775714285714286], [null, 0.6732545302785566, 4.898142857142857], [null, 0.6612548881474037, 5.0205714285714285], [null, 0.6483576890734726, 5.143000000000001], [null, 0.6343404795023322, 5.265428571428572], [null, 0.6188778000351646, 5.387857142857143], [null, 0.6014531381403271, 5.510285714285715], [null, 0.5811404848905192, 5.632714285714286], [null, 0.5558840090880408, 5.755142857142857], [null, 0.5177002050511348, 5.877571428571429], [null, -4.9817927560980024e-12, 6.0]]}