{"dim": 3, "delta": 1.25, "mu_eff": 10, "dmu_eff": 0.8472222222222222, "C": -0.4898160746313178, "k_c": 50, "data": [[0.1898668066000911, 0.30501242956874836, 0.001], [0.19016318624182424, 0.3049297636490732, 0.02648979591836735], [0.19036459692586138, 0.3046926078909255, 0.0519795918367347], [0.19059559456378597, 0.30429745402724884, 0.07746938775510205], [0.19088616082430998, 0.30373823204476597, 0.1029591836734694], [0.19126376762871805, 0.3030058426120079, 0.12844897959183676], [0.19176128077124022, 0.30208738560107734, 0.1539387755102041], [0.192422177097558, 0.30096491689994986, 0.17942857142857144], [0.19330749854454046, 0.29961340853217283, 0.2049183673469388], [0.19450756855655885, 0.2979972669632566, 0.23040816326530617], [0.1961641688639653, 0.29606398308367954, 0.25589795918367353], [0.1985174636990249, 0.2937314094842626, 0.28138775510204084], [0.20202104637410084, 0.29085849522624135, 0.3068775510204082], [0.2076968170270841, 0.2871611765148253, 0.33236734693877557], [0.21885228917422686, 0.28183657348491137, 0.3578571428571429]]}