{"dim": 3, "delta": 1, "mu_eff": 10, "dmu_eff": 0.6663333333333333, "C": -0.5401527062406859, "k_c": 50, "data": [[0.1481232190845328, 0.24876488362436858, 0.001], [0.1477845434560749, 0.24874891418836112, 0.011090909090909092], [0.1474963583066273, 0.24870624423953336, 0.021181818181818184], [0.14725572243085513, 0.24863675112247513, 0.03127272727272727], [0.14703705395812858, 0.24854023355521773, 0.041363636363636366], [0.14683110748735037, 0.2484164088091331, 0.05145454545454546], [0.14663353282311203, 0.2482649087058981, 0.06154545454545455], [0.14644202711423593, 0.24808527420739993, 0.07163636363636364], [0.14625532438787203, 0.24787694855688755, 0.08172727272727273], [0.14607276049794213, 0.2476392685312081, 0.09181818181818183], [0.14589406405450103, 0.24737145360984242, 0.10190909090909092], [0.14571924611653644, 0.24707259270261306, 0.112], [0.14554854920845509, 0.24674162742102126, 0.1220909090909091], [0.1453824174094576, 0.24637733166065398, 0.13218181818181818], [0.145221493051711, 0.24597828638346414, 0.14227272727272727], [0.14506662552540098, 0.24554284755355013, 0.15236363636363637], [0.14491889404520517, 0.2450691063312845, 0.16245454545454546], [0.14477964370217067, 0.2445548380607531, 0.17254545454545456], [0.1446505393929849, 0.24399743674502827, 0.18263636363636365], [0.14453363829596116, 0.24339382928812256, 0.19272727272727275], [0.14443149164582822, 0.24274036193003376, 0.20281818181818184], [0.14434729077440506, 0.24203264632623558, 0.2129090909090909], [0.14428503219672234, 0.24126534702489139, 0.223], [0.14424985615742622, 0.24043187981927364, 0.2330909090909091], [0.14424838918818025, 0.23952397012776255, 0.2431818181818182], [0.1442893771888139, 0.23853098314556262, 0.25327272727272726], [0.14438460385380159, 0.237438859609421, 0.26336363636363636], [0.14455037250465216, 0.23622832777218106, 0.27345454545454545], [0.14480998674488382, 0.23487166840084317, 0.28354545454545454], [0.1451981601303079, 0.23332625634084936, 0.29363636363636364], [0.14576946988301384, 0.2315196830879097, 0.30372727272727273], [0.14661630305997486, 0.22930666869870237, 0.31381818181818183], [0.14791297456425426, 0.22627009000097104, 0.3239090909090909], [0.150052797069906, 0.2142584452222461, 0.334]]}