{"dim": 3, "delta": 1, "mu_eff": 10, "dmu_eff": 0.6777777777777777, "C": -0.5401527062406859, "k_c": 50, "data": [[0.1517402527425195, 0.2456553978868505, 0.001], [0.15180887419019887, 0.24563774972472827, 0.011090909090909092], [0.15185135427985766, 0.24559058815226054, 0.021181818181818184], [0.15189327636996597, 0.2455137506057111, 0.03127272727272727], [0.15193925236522204, 0.2454069746200575, 0.041363636363636366], [0.15199188370962252, 0.24526988943628994, 0.05145454545454546], [0.15205326675876538, 0.2451020106251223, 0.06154545454545455], [0.15212539992605628, 0.24490273164061327, 0.07163636363636364], [0.15221035390746832, 0.2446713129774354, 0.08172727272727273], [0.15231037475859746, 0.24440686823222613, 0.09181818181818183], [0.15242796671698755, 0.2441083466224319, 0.10190909090909092], [0.15256597401296723, 0.2437745111544697, 0.112], [0.15272767238269053, 0.24340390988543867, 0.1220909090909091], [0.1529168796175486, 0.24299484288325948, 0.13218181818181818], [0.1531380933711085, 0.24254531657655984, 0.14227272727272727], [0.15339666915495045, 0.24205298533631148, 0.15236363636363637], [0.15369905446693077, 0.24151508051525786, 0.16245454545454546], [0.15405310253305604, 0.24092830899549506, 0.17254545454545456], [0.15446850488621283, 0.24028872425807266, 0.18263636363636365], [0.1549573938701381, 0.23959154945254646, 0.19272727272727275], [0.1555352123669227, 0.23883092047673785, 0.20281818181818184], [0.15622199710791362, 0.237999532508598, 0.2129090909090909], [0.15704434484699062, 0.23708810134600716, 0.223], [0.15803854210213186, 0.2360845396988571, 0.2330909090909091], [0.15925581077978834, 0.23497260791951338, 0.2431818181818182], [0.16077165354116313, 0.23372959781940517, 0.25327272727272726], [0.1627039507624635, 0.23232197079277528, 0.26336363636363636], [0.16525211335207887, 0.23069620120193762, 0.27345454545454545], [0.16879700079226867, 0.22875600953340644, 0.28354545454545454], [0.17423629679864175, 0.22628697463038144, 0.29363636363636364], [0.185088319148761, 0.22244536401451045, 0.30372727272727273]]}