{"dim": 3, "delta": 5.5, "mu_eff": 10, "dmu_eff": 3.1166666666666667, "C": -0.16033315992328445, "k_c": 50, "data": [[0.6160729367780813, 1.255583387491186, 0.001], [0.6142778654727048, 1.2553621142598193, 0.11322448979591836], [0.6089832439602845, 1.2547039542460765, 0.2254489795918367], [0.6002681214027561, 1.253602600109271, 0.33767346938775505], [0.5882502757897977, 1.252047235665033, 0.4498979591836734], [0.57304493363226, 1.2500220050521433, 0.5621224489795917], [0.5546032643734581, 1.247505184189582, 0.6743469387755101], [0.53441286706757, 1.2444679426672538, 0.7865714285714285], [0.5127640644439286, 1.2408725123808777, 0.8987959183673468], [0.48949540845656203, 1.236669447994468, 1.011020408163265], [0.46449407670882537, 1.2317934194520717, 1.1232448979591834], [0.43770671669367983, 1.2261565014999112, 1.2354693877551017], [0.4091536860855463, 1.2196368719709934, 1.34769387755102], [0.37894284219538843, 1.2120583575331187, 1.4599183673469385], [0.34727070179646413, 1.2031494598477106, 1.5721428571428568], [0.3120556809457543, 1.1924479751634949, 1.6843673469387752], [0.2714866361484765, 1.1790153890222206, 1.7965918367346936], [0.22298921091164245, 1.159887100563879, 1.908816326530612], [0.1595906395491131, 1.1215190755352402, 2.02104081632653], [0.03085920225998152, 1.0844833647733547, 2.1332653061224485], [null, 1.0512261070592188, 2.245489795918367], [null, 1.0212581415618616, 2.357714285714285], [null, 0.994131793311708, 2.4699387755102036], [null, 0.9694449879481288, 2.582163265306122], [null, 0.9468417123941149, 2.6943877551020403], [null, 0.9260099312431455, 2.8066122448979587], [null, 0.9066779092710253, 2.918836734693877], [null, 0.8886097302118805, 3.0310612244897954], [null, 0.8716005859905426, 3.143285714285714], [null, 0.8554721740867447, 3.255510204081632], [null, 0.8400683966226616, 3.3677346938775505], [null, 0.8252514361260016, 3.479959183673469], [null, 0.8108982062997442, 3.5921836734693873], [null, 0.7968971280639555, 3.7044081632653056], [null, 0.7831451474700556, 3.816632653061224], [null, 0.7695448852236897, 3.9288571428571424], [null, 0.7560017750705402, 4.041081632653061], [null, 0.7424210026793435, 4.15330612244898], [null, 0.7287039743679544, 4.2655306122448975], [null, 0.7147439122486648, 4.377755102040816], [null, 0.7004199067891425, 4.489979591836734], [null, 0.6855882386850406, 4.602204081632653], [null, 0.6700687704490623, 4.714428571428571], [null, 0.6536217688809381, 4.82665306122449], [null, 0.635904644112952, 4.938877551020408], [null, 0.6163807706938291, 5.0511020408163265], [null, 0.5940906658496173, 5.1633265306122444], [null, 0.5668792070032995, 5.275551020408163], [null, 0.5257417205940554, 5.387775510204081], [null, -3.9968028886505635e-15, 5.5]]}