{"dim": 3, "delta": 5, "mu_eff": 10, "dmu_eff": 2.7222222222222223, "C": -0.18109101514056913, "k_c": 50, "data": [[0.47185277418765653, 1.1841909767168184, 0.001], [0.4704051395279359, 1.184018794282965, 0.1030204081632653], [0.4661335268949144, 1.1835076674342244, 0.2050408163265306], [0.4590826941216615, 1.1826539884988134, 0.3070612244897959], [0.4493214796731816, 1.1814516220701614, 0.4090816326530612], [0.4369341932661901, 1.1798916856477284, 0.5111020408163265], [0.42200783547437587, 1.1779622179463762, 0.6131224489795918], [0.40461415007503054, 1.1756477008491233, 0.7151428571428571], [0.38478502504745843, 1.1729283925800686, 0.8171632653061224], [0.36247908239214427, 1.169779381988446, 0.9191836734693877], [0.33753552204800286, 1.1661692645787358, 1.0212040816326529], [0.30960511961246073, 1.1620582207215913, 1.123224489795918], [0.2780291868200082, 1.1573951731236187, 1.2252448979591835], [0.24157832580155025, 1.152113420792081, 1.3272653061224489], [0.19773706793111975, 1.1461236090890032, 1.429285714285714], [0.13986841468282837, 1.1393017133530556, 1.5313061224489792], [null, 1.1314667376321121, 1.6333265306122446], [null, 1.1223343067340694, 1.73534693877551], [null, 1.111401545240176, 1.8373673469387752], [null, 1.0975547106951324, 1.9393877551020404], [null, 1.0748122185567963, 2.041408163265306], [null, 1.0414395708089175, 2.1434285714285712], [null, 1.0109015267697257, 2.245448979591836], [null, 0.9828603566686317, 2.3474693877551016], [null, 0.957008213114182, 2.449489795918367], [null, 0.9330669715298383, 2.5515102040816324], [null, 0.9107870128389394, 2.653530612244898], [null, 0.8899452580785076, 2.755551020408163], [null, 0.8703427425246629, 2.857571428571428], [null, 0.8518019572270966, 2.9595918367346936], [null, 0.8341641199329869, 3.0616122448979586], [null, 0.81728647693886, 3.163632653061224], [null, 0.8010396868206776, 3.2656530612244894], [null, 0.7853052922473936, 3.367673469387755], [null, 0.7699732537698853, 3.46969387755102], [null, 0.7549394849491307, 3.571714285714285], [null, 0.7401032867515684, 3.6737346938775506], [null, 0.7253645324924753, 3.775755102040816], [null, 0.7106203717730203, 3.877775510204081], [null, 0.6957610886082828, 3.9797959183673464], [null, 0.6806644945229257, 4.081816326530612], [null, 0.6651877833629447, 4.183836734693878], [null, 0.6491547650191097, 4.285857142857143], [null, 0.632334234075332, 4.387877551020408], [null, 0.6143997275379487, 4.489897959183673], [null, 0.5948451413238982, 4.591918367346938], [null, 0.5727744484805423, 4.693938775510204], [null, 0.5462008921553403, 4.795959183673469], [null, 0.5071875234634423, 4.897979591836735], [null, 3.952838056875407e-12, 5.0]]}