{"dim": 3, "delta": 6, "mu_eff": 10, "dmu_eff": 3.4, "C": -0.1414566597248248, "k_c": 50, "data": [[0.6833875932061865, 1.3402815327389008, 0.001], [0.6813132253785983, 1.3400290478200343, 0.12342857142857143], [0.6751884026749176, 1.33927703818746, 0.24585714285714286], [0.6650985749227941, 1.3380174105258258, 0.36828571428571427], [0.6511424830110167, 1.3362362333327824, 0.4907142857142857], [0.6331311966563665, 1.3339129623609705, 0.6131428571428571], [0.6126750106682848, 1.331019216747186, 0.7355714285714285], [0.5907416267742623, 1.3275169159520817, 0.858], [0.5670964026622354, 1.3233554541429875, 0.9804285714285714], [0.5415555901186642, 1.3184673339227266, 1.1028571428571428], [0.5139928430046266, 1.3127611840629871, 1.225285714285714], [0.4843539334442236, 1.3061100135044055, 1.3477142857142856], [0.4526743860799418, 1.2983299983333385, 1.470142857142857], [0.41909491593408454, 1.2891382112138026, 1.5925714285714285], [0.38386974700227433, 1.278055035869868, 1.7149999999999999], [0.34644631003809206, 1.2641165797778537, 1.8374285714285714], [0.3030128419783889, 1.244393888799203, 1.9598571428571427], [0.25118226979777014, 1.2043097942169816, 2.0822857142857143], [0.18428895463419345, 1.1647732696112105, 2.2047142857142856], [0.06681775466572196, 1.1293983923965902, 2.327142857142857], [null, 1.097644256909428, 2.4495714285714283], [null, 1.06901319213369, 2.572], [null, 1.0430570956166552, 2.6944285714285714], [null, 1.0193791776594152, 2.8168571428571427], [null, 0.9976323167228731, 2.939285714285714], [null, 0.9775152446664106, 3.0617142857142854], [null, 0.9587675967185041, 3.184142857142857], [null, 0.9411645897722709, 3.3065714285714285], [null, 0.9245117762417973, 3.429], [null, 0.908640151782442, 3.551428571428571], [null, 0.8934017095382307, 3.673857142857143], [null, 0.8786654756467156, 3.7962857142857143], [null, 0.8643139641389717, 3.9187142857142856], [null, 0.8502399766403133, 4.041142857142858], [null, 0.8363436408462929, 4.163571428571429], [null, 0.8225295580151464, 4.2860000000000005], [null, 0.80870389985789, 4.408428571428572], [null, 0.7947712455869256, 4.530857142857143], [null, 0.7806308599274565, 4.6532857142857145], [null, 0.7661719597390484, 4.775714285714286], [null, 0.7512672112152503, 4.898142857142857], [null, 0.7357631260928296, 5.0205714285714285], [null, 0.7194647992389771, 5.143000000000001], [null, 0.7021096615561725, 5.265428571428572], [null, 0.68331788400573, 5.387857142857143], [null, 0.6624862845933923, 5.510285714285715], [null, 0.6385159141709522, 5.632714285714286], [null, 0.6088507138966847, 5.755142857142857], [null, 0.5607408091578249, 5.877571428571429], [null, -3.9022118869525e-12, 6.0]]}