{"dim": 3, "delta": 1.25, "mu_eff": 10, "dmu_eff": 0.7083333333333334, "C": -0.4898160746313178, "k_c": 50, "data": [[0.12399191741402592, 0.3333365812081001, 0.001], [0.12366391891204526, 0.33329300052645944, 0.02648979591836735], [0.1227302020292294, 0.3331683906638224, 0.0519795918367347], [0.12119803051405915, 0.3329621425848316, 0.07746938775510205], [0.11907903554931351, 0.33267323579082053, 0.1029591836734694], [0.11638863736291115, 0.33230021145543576, 0.12844897959183676], [0.11314509533328977, 0.33184113904035356, 0.1539387755102041], [0.10936798439487408, 0.33129355942104105, 0.17942857142857144], [0.10507576026500344, 0.3306544208304954, 0.2049183673469388], [0.1002819103957146, 0.3299199845590075, 0.23040816326530617], [0.09498908149128837, 0.32908570498415984, 0.25589795918367353], [0.08918075520111413, 0.3281460657825844, 0.28138775510204084], [0.08280992882056902, 0.3270943643155059, 0.3068775510204082], [0.07578310774495124, 0.32592241316418424, 0.33236734693877557], [0.06793263855601031, 0.32462012584854194, 0.3578571428571429], [0.058955874181246516, 0.3231749243973702, 0.38334693877551024], [0.048246628320093736, 0.321570865816443, 0.4088367346938776], [0.03423036919536539, 0.31978730447162834, 0.43432653061224497], [0.0028872927159781384, 0.3177967430152489, 0.45981632653061233], [null, 0.3155611620697357, 0.48530612244897964], [null, 0.31302522340098704, 0.5107959183673471], [null, 0.31010218044298066, 0.5362857142857144], [null, 0.30663925324223607, 0.5617755102040817], [null, 0.30230284987358713, 0.5872653061224491], [null, 0.29556615539072273, 0.6127551020408164], [null, 0.28316987005357563, 0.6382448979591837], [null, 0.27209436814823773, 0.6637346938775511], [null, 0.26213710988310346, 0.6892244897959184], [null, 0.2531257982705563, 0.7147142857142857], [null, 0.24491410364641675, 0.7402040816326532], [null, 0.23737771844764136, 0.7656938775510205], [null, 0.23041081620918677, 0.7911836734693879], [null, 0.22392293209827277, 0.8166734693877552], [null, 0.21783624938269172, 0.8421632653061225], [null, 0.212083249730589, 0.8676530612244899], [null, 0.20660467042758837, 0.8931428571428572], [null, 0.20134770476265357, 0.9186326530612247], [null, 0.19626437136746996, 0.944122448979592], [null, 0.19130996797204733, 0.9696122448979593], [null, 0.18644150622333916, 0.9951020408163267], [null, 0.18161598032640525, 1.020591836734694], [null, 0.1767882523881136, 1.0460816326530613], [null, 0.17190813917295095, 1.0715714285714286], [null, 0.16691603809373295, 1.097061224489796], [null, 0.16173544707973225, 1.1225510204081632], [null, 0.1562587984327946, 1.1480408163265305], [null, 0.15031636392795308, 1.173530612244898], [null, 0.14359249208371574, 1.1990204081632654], [null, 0.13529949864545324, 1.2245102040816327], [null, -4.956479671136549e-12, 1.25]]}