{"dim": 3, "delta": 6.5, "mu_eff": 10, "dmu_eff": 3.9722222222222223, "C": -0.12415470541762241, "k_c": 50, "data": [[0.8987262964065444, 1.3532296028287867, 0.001], [0.8935326774721641, 1.352780848222694, 0.1336326530612245], [0.8887822757118441, 1.3514369545785037, 0.266265306122449], [0.8841894915687433, 1.3491639840256515, 0.39889795918367343], [0.879383595254912, 1.3459008110514201, 0.531530612244898], [0.874160768127051, 1.3415506111177675, 0.6641632653061225], [0.868330747301593, 1.3359649484275775, 0.7967959183673469], [0.8616612876826717, 1.3289131133051235, 0.9294285714285714], [0.8538289159735589, 1.3200175284738465, 1.0620612244897958], [0.8443493913657785, 1.3085949496859446, 1.1946938775510203], [0.8324648168126276, 1.2931431331012009, 1.3273265306122448], [0.81696338513744, 1.2680448926093149, 1.4599591836734693], [0.7959458546458443, 1.1848069302125193, 1.5925918367346936], [0.7667556812365054, 1.104772839548777, 1.7252244897959181], [0.7267410400733622, 1.0406448413243137, 1.8578571428571427], [0.6752305605484664, 0.9929370524025564, 1.9904897959183672], [0.6147105288158845, 0.9590876529647362, 2.1231224489795917], [0.5492476013746929, 0.9350197108065932, 2.255755102040816], [0.48241027073764964, 0.9172062905372277, 2.3883877551020407], [0.4166468308847341, 0.903280889930307, 2.521020408163265], [0.3535204286697032, 0.8917919149519599, 2.6536530612244897], [0.2940437933691146, 0.8818583203425348, 2.786285714285714], [0.23890714013933773, 0.8729329398027628, 2.9189183673469388], [0.17078164612274488, 0.8646637765370092, 3.051551020408163], [null, 0.8568154013368031, 3.1841836734693874], [null, 0.8492239248764918, 3.316816326530612], [null, 0.8417708742135203, 3.4494489795918364], [null, 0.8343666043035598, 3.582081632653061], [null, 0.8269408111730934, 3.7147142857142854], [null, 0.8194356939836622, 3.84734693877551], [null, 0.8118015663769212, 3.9799795918367344], [null, 0.8039936896203047, 4.112612244897959], [null, 0.7959698790688597, 4.245244897959184], [null, 0.7876885517715997, 4.377877551020409], [null, 0.7791069810610785, 4.5105102040816325], [null, 0.7701795682705885, 4.643142857142857], [null, 0.7608559508778914, 4.775775510204082], [null, 0.7510787342413727, 4.908408163265307], [null, 0.740780564861356, 5.041040816326531], [null, 0.729880108828011, 5.173673469387755], [null, 0.7182762183189105, 5.30630612244898], [null, 0.7058390088173089, 5.438938775510204], [null, 0.6923954066168715, 5.571571428571429], [null, 0.6777041028393281, 5.704204081632653], [null, 0.6614082413113062, 5.836836734693878], [null, 0.642935089063145, 5.969469387755102], [null, 0.6212421525608155, 6.102102040816327], [null, 0.5939513021685, 6.234734693877551], [null, 0.5507204427527905, 6.367367346938775], [null, -2.686739719592879e-13, 6.5]]}