{"dim": 3, "delta": 10, "mu_eff": 10, "dmu_eff": 5.222222222222222, "C": -0.03196210100412111, "k_c": 50, "data": [[0.9811126850249151, 1.9594913124712048, 0.001], [0.9769162649449831, 1.9590260127377286, 0.20506122448979594], [0.9645328569631683, 1.9576313668121241, 0.4091224489795919], [0.9443075638444118, 1.9552835030291726, 0.6131836734693878], [0.9167331041393492, 1.9519403992190885, 0.8172448979591838], [0.8823436546968382, 1.9475379643405082, 1.0213061224489797], [0.841589928251785, 1.941983227089464, 1.2253673469387756], [0.7947063511401548, 1.9351428054187128, 1.4294285714285715], [0.7415736873132484, 1.9268223424704702, 1.6334897959183674], [0.6815603549318768, 1.9167272006396425, 1.8375510204081633], [0.6132724185980248, 1.9043777545385345, 2.0416122448979594], [0.5340036150327736, 1.8888877755281712, 2.2456734693877554], [0.43818304242720374, 1.8681139486514475, 2.4497346938775513], [0.3111774752848616, 1.830358371636265, 2.653795918367347], [null, 1.7865265093626597, 2.857857142857143], [null, 1.7469761453192343, 3.061918367346939], [null, 1.7111063302402998, 3.265979591836735], [null, 1.678388859990984, 3.470040816326531], [null, 1.6483625630514904, 3.6741020408163267], [null, 1.6206268494539258, 3.8781632653061227], [null, 1.5948348772831362, 4.0822244897959195], [null, 1.5706867553831305, 4.286285714285715], [null, 1.547923003056811, 4.490346938775511], [null, 1.5263186002570608, 4.694408163265307], [null, 1.5056775778014886, 4.898469387755103], [null, 1.4858282485096286, 5.102530612244899], [null, 1.4666190175646463, 5.306591836734695], [null, 1.4479147130175773, 5.510653061224491], [null, 1.4295933580792766, 5.714714285714287], [null, 1.4115432975840931, 5.918775510204083], [null, 1.393660594698593, 6.122836734693879], [null, 1.3758465829407376, 6.3268979591836745], [null, 1.3580055020272896, 6.53095918367347], [null, 1.3400420664547485, 6.735020408163266], [null, 1.3218588379900393, 6.939081632653062], [null, 1.3033531984992688, 7.143142857142858], [null, 1.2844136424760149, 7.347204081632654], [null, 1.2649149603036534, 7.55126530612245], [null, 1.244711619524292, 7.755326530612246], [null, 1.2236281617033296, 7.959387755102042], [null, 1.2014444732426846, 8.163448979591838], [null, 1.1778717698270849, 8.367510204081633], [null, 1.1525103644261128, 8.57157142857143], [null, 1.124768618009439, 8.775632653061225], [null, 1.0936850970688903, 8.979693877551021], [null, 1.057455134434119, 9.183755102040816], [null, 1.0116218610362986, 9.387816326530613], [null, 0.9122881576224692, 9.591877551020408], [null, 0.6452842857224859, 9.795938775510205], [null, 3.206324095117452e-13, 10.0]]}