{"dim": 3, "delta": 0.75, "mu_eff": 10, "dmu_eff": 0.375, "C": -0.605144141797342, "k_c": 50, "data": [[0.007125188056914085, 0.20854557190149342, 0.001], [0.005549119258240911, 0.2085230912750761, 0.016285714285714285], [null, 0.20846077870078414, 0.03157142857142857], [null, 0.20835842826445866, 0.04685714285714286], [null, 0.2082156986816802, 0.062142857142857146], [null, 0.2080321076926957, 0.07742857142857143], [null, 0.20780702393033512, 0.09271428571428572], [null, 0.20753965579406644, 0.108], [null, 0.20722903794432151, 0.12328571428571429], [null, 0.20687401073147318, 0.13857142857142857], [null, 0.2064732005414357, 0.15385714285714286], [null, 0.20602498754629123, 0.16914285714285715], [null, 0.2055274704484833, 0.18442857142857144], [null, 0.20497841917600573, 0.19971428571428573], [null, 0.20437521523360358, 0.215], [null, 0.20371477423721482, 0.2302857142857143], [null, 0.2029934446273961, 0.24557142857142858], [null, 0.20220687273421573, 0.26085714285714284], [null, 0.20134981993975945, 0.27614285714285713], [null, 0.20041590841311216, 0.2914285714285714], [null, 0.19939725957080628, 0.3067142857142857], [null, 0.19828396018194244, 0.322], [null, 0.19706324566535544, 0.3372857142857143], [null, 0.19571818397076926, 0.3525714285714286], [null, 0.19422541771176602, 0.3678571428571429], [null, 0.19255094868671144, 0.3831428571428572], [null, 0.19064127545080978, 0.39842857142857147], [null, 0.18840100162251458, 0.4137142857142857], [null, 0.18561345481917096, 0.429], [null, 0.1810115815472333, 0.4442857142857143], [null, 0.17473831786920832, 0.4595714285714286], [null, 0.1689165292330245, 0.47485714285714287], [null, 0.16348442923038983, 0.49014285714285716], [null, 0.15838788847912005, 0.5054285714285714], [null, 0.1535791217178013, 0.5207142857142857], [null, 0.14901553190525482, 0.536], [null, 0.14465867210423053, 0.5512857142857143], [null, 0.1404732817398686, 0.5665714285714286], [null, 0.136426349639025, 0.5818571428571429], [null, 0.13248614026764569, 0.5971428571428572], [null, 0.12862108792690083, 0.6124285714285714], [null, 0.12479843552460153, 0.6277142857142858], [null, 0.1209823467999041, 0.643], [null, 0.11713103543588976, 0.6582857142857143], [null, 0.11319190488181359, 0.6735714285714286], [null, 0.1090923340375185, 0.6888571428571428], [null, 0.10471955919509175, 0.7041428571428572], [null, 0.09986687844660692, 0.7194285714285714], [null, 0.0940275237838927, 0.7347142857142858], [null, -7.994049866510977e-12, 0.75]]}