{"dim": 3, "delta": 1, "mu_eff": 10, "dmu_eff": 0.44455555555555554, "C": -0.5401527062406859, "k_c": 50, "data": [[0.28254821252260415, null, 0.001], [0.2825413014464446, null, 0.011090909090909092], [0.28252285038948544, null, 0.021181818181818184], [0.2824928471017112, null, 0.03127272727272727], [0.28245127197885794, null, 0.041363636363636366], [0.28239809769915236, null, 0.05145454545454546], [0.28233328921796663, null, 0.06154545454545455], [0.2822568035825453, null, 0.07163636363636364], [0.2821685899262239, null, 0.08172727272727273], [0.2820685891414797, null, 0.09181818181818183], [0.2819567338232469, null, 0.10190909090909092], [0.28183294794514435, null, 0.112], [0.2816971466597756, null, 0.1220909090909091], [0.2815492359820493, null, 0.13218181818181818], [0.28138911241261977, null, 0.14227272727272727], [0.2812166628370429, null, 0.15236363636363637], [0.2810317635821507, null, 0.16245454545454546], [0.2808342798391875, null, 0.17254545454545456], [0.28062406811788754, null, 0.18263636363636365], [0.2804009691330624, null, 0.19272727272727275], [0.2801648144057129, null, 0.20281818181818184], [0.2799154201461279, null, 0.2129090909090909], [0.27965259107150375, null, 0.223], [0.27937611632591547, null, 0.2330909090909091], [0.279085766968629, null, 0.2431818181818182], [0.2787813011219427, null, 0.25327272727272726], [0.2784624563300869, null, 0.26336363636363636], [0.2781289521421719, null, 0.27345454545454545], [0.2777804871335651, null, 0.28354545454545454], [0.27741673779871595, null, 0.29363636363636364], [0.27703735633516813, null, 0.30372727272727273], [0.276641968924603, null, 0.31381818181818183], [0.27623017327803767, null, 0.3239090909090909], [0.27580153612039937, null, 0.334], [0.275355590047127, null, 0.3440909090909091], [0.27489183050566907, null, 0.3541818181818182], [0.2744097116985631, null, 0.3642727272727273], [0.2739086420233874, null, 0.3743636363636364], [0.2733879802721729, null, 0.3844545454545455], [0.2728470275262233, null, 0.3945454545454546], [0.2722850225482129, null, 0.4046363636363637], [0.2717011328658951, null, 0.4147272727272727], [0.27109444568607693, null, 0.4248181818181818], [0.27046395690036784, null, 0.4349090909090909], [0.26980855829119255, null, 0.445], [0.2691270213984454, null, 0.4550909090909091], [0.26841797910470444, null, 0.4651818181818182], [0.26767990223952187, null, 0.4752727272727273], [0.26691107174403583, null, 0.4853636363636364], [0.2661095423679087, null, 0.4954545454545455], [0.26527309862371473, null, 0.5055454545454545], [0.26439919776332, null, 0.5156363636363637], [0.2634848953290801, null, 0.5257272727272727], [0.2625267475063864, null, 0.5358181818181819], [0.26152067799868467, null, 0.5459090909090909], [0.260461796447116, null, 0.556], [0.2593441363175282, null, 0.5660909090909091], [0.25816027387255974, null, 0.5761818181818182], [0.25690074050885464, null, 0.5862727272727273], [0.25555307547580636, null, 0.5963636363636364], [0.2541001897434781, null, 0.6064545454545455], [0.2525172738443774, null, 0.6165454545454546], [0.25076512743952095, null, 0.6266363636363637], [0.24877238347357286, null, 0.6367272727272728], [0.24636151397107253, null, 0.6468181818181818], [0.24274407155059666, null, 0.6569090909090909], [0.23887550228354923, null, 0.667], [0.23511286698482436, null, 0.6770909090909091], [0.23144905756873782, null, 0.6871818181818182], [0.22787716667037672, null, 0.6972727272727273], [0.2243906851804206, null, 0.7073636363636364], [0.22098335248554993, null, 0.7174545454545455], [0.21764914690703605, null, 0.7275454545454546], [0.21438225197778935, null, 0.7376363636363636], [0.21117702384875522, null, 0.7477272727272728], [0.20802795716658806, null, 0.7578181818181818], [0.20492964909168113, null, 0.767909090909091], [0.20187676192991916, null, 0.778], [0.1988639816119734, null, 0.7880909090909092], [0.19588597246203734, null, 0.7981818181818182], [0.19293732522272491, null, 0.8082727272727274], [0.1900124972294559, null, 0.8183636363636364], [0.18710574095031643, null, 0.8284545454545454], [0.1842110180192099, null, 0.8385454545454546], [0.18132189138376958, null, 0.8486363636363636], [0.1784313902794187, null, 0.8587272727272728], [0.175531832472123, null, 0.8688181818181818], [0.1726145901123173, null, 0.878909090909091], [0.16966977203216413, null, 0.889], [0.1666857549198374, null, 0.8990909090909092], [0.16364856438580172, null, 0.9091818181818182], [0.1605408521377726, null, 0.9192727272727274], [0.15734035764136245, null, 0.9293636363636364], [0.15401730985672413, null, 0.9394545454545455], [0.1505297870875632, null, 0.9495454545454546], [0.14681459753275894, null, 0.9596363636363637], [0.14276681794190776, null, 0.9697272727272728], [0.1381833306134121, null, 0.9798181818181818], [0.1325328990950718, null, 0.989909090909091], [5.1736392947532295e-12, null, 1.0]]}