{"dim": 3, "delta": 0.75, "mu_eff": 10, "dmu_eff": 0.44166666666666665, "C": -0.605144141797342, "k_c": 50, "data": [[0.08440306273839822, 0.19942760410731872, 0.001], [0.08418583761012899, 0.19939798808062265, 0.016285714285714285], [0.08358600566568153, 0.19931583542586528, 0.03157142857142857], [0.08260789226843729, 0.19918069748237618, 0.04685714285714286], [0.08125813690331185, 0.19899182536737042, 0.062142857142857146], [0.07954455574705381, 0.19874814927437592, 0.07742857142857143], [0.07747175117340718, 0.19844824783310008, 0.09271428571428572], [0.07501849168138576, 0.19809030520584195, 0.108], [0.07235368961150153, 0.1976720528919726, 0.12328571428571429], [0.06951952367305841, 0.1971906913145516, 0.13857142857142857], [0.06649464227329374, 0.1966427841064145, 0.15385714285714286], [0.06326088446471749, 0.19602411446495582, 0.16914285714285715], [0.059804436575172405, 0.19532948708864728, 0.18442857142857144], [0.0561176980551873, 0.19455244954548526, 0.19971428571428573], [0.05220168650085969, 0.19368489018950516, 0.215], [0.048068676695103604, 0.19271643929717472, 0.2302857142857143], [0.04373644304974314, 0.19163354014785425, 0.24557142857142858], [0.038871903134303144, 0.19041793431848103, 0.26085714285714284], [0.033217246045723035, 0.18904402599006512, 0.27614285714285713], [0.026311457639918344, 0.18747387831383594, 0.2914285714285714], [0.01668354645043348, 0.185646477580511, 0.3067142857142857], [null, 0.18344989713756957, 0.322], [null, 0.1806188731617205, 0.3372857142857143], [null, 0.175259701861433, 0.3525714285714286], [null, 0.1670016356102366, 0.3678571428571429], [null, 0.15978140048550415, 0.3831428571428572], [null, 0.15342192987133496, 0.39842857142857147], [null, 0.14777579319664685, 0.4137142857142857], [null, 0.1427207061769665, 0.429], [null, 0.13815538985462955, 0.4442857142857143], [null, 0.1339958956926393, 0.4595714285714286], [null, 0.13017241691014142, 0.47485714285714287], [null, 0.1266266055679972, 0.49014285714285716], [null, 0.12330931562230953, 0.5054285714285714], [null, 0.12017872922387374, 0.5207142857142857], [null, 0.11719879112489166, 0.536], [null, 0.11433788434147826, 0.5512857142857143], [null, 0.11156767980750998, 0.5665714285714286], [null, 0.10886209176302886, 0.5818571428571429], [null, 0.1061962654315269, 0.5971428571428572], [null, 0.10354549995379314, 0.6124285714285714], [null, 0.10088397281303957, 0.6277142857142858], [null, 0.09818303832298703, 0.643], [null, 0.09540868000587052, 0.6582857142857143], [null, 0.09251724390143597, 0.6735714285714286], [null, 0.08944738128901916, 0.6888571428571428], [null, 0.08610253136382677, 0.7041428571428572], [null, 0.08230424843733106, 0.7194285714285714], [null, 0.07761459800349092, 0.7347142857142858], [null, -2.0257129307310606e-11, 0.75]]}