{"dim": 3, "delta": 1.5, "mu_eff": 10, "dmu_eff": 0.9833333333333332, "C": -0.4487568044094923, "k_c": 50, "data": [[0.21717292204401148, 0.37215375845726395, 0.001], [0.21675351545179894, 0.37213230963032995, 0.016141414141414144], [0.2159804078330085, 0.3720729116277323, 0.03128282828282829], [0.21533187570443418, 0.3719754043559482, 0.04642424242424243], [0.21473613740968586, 0.37183952315839897, 0.061565656565656574], [0.21416672597320893, 0.37166489528816443, 0.07670707070707072], [0.21361045799479822, 0.3714510351014076, 0.09184848484848486], [0.21305957209740303, 0.3711973372089091, 0.106989898989899], [0.21250894079294502, 0.3709030681884635, 0.12213131313131315], [0.21195485552518137, 0.37056735579539307, 0.1372727272727273], [0.21139441837149922, 0.37018917579276467, 0.15241414141414145], [0.2108252033172885, 0.36976733568295556, 0.16755555555555557], [0.21024504949782682, 0.3693004546383842, 0.18269696969696972], [0.2096519231416162, 0.3687869395682661, 0.19783838383838387], [0.20904381626359314, 0.36822495376100095, 0.212979797979798], [0.20841866421417682, 0.3676123808596464, 0.22812121212121214], [0.2077742720412881, 0.366946777175321, 0.2432626262626263], [0.20710823916206447, 0.3662253136826666, 0.2584040404040404], [0.20641788241669332, 0.36544470137804247, 0.2735454545454546], [0.20570014269471087, 0.3646010953248493, 0.2886868686868687], [0.2049514761933538, 0.36368996980484053, 0.3038282828282829], [0.20416771856503452, 0.3627059523437643, 0.318969696969697], [0.2033439122092746, 0.3616425996479305, 0.33411111111111114], [0.20247408290255903, 0.36049208774089125, 0.3492525252525253], [0.20155094520141006, 0.3592447729058305, 0.36439393939393944], [0.20056551977015494, 0.3578885485110937, 0.37953535353535356], [0.19950655568124917, 0.3564078707653213, 0.39467676767676774], [0.19835990112797589, 0.354782209103401, 0.40981818181818186], [0.19710740920828132, 0.3529834433557423, 0.424959595959596], [0.19572559580977994, 0.35097115068154167, 0.44010101010101016], [0.19418368961657448, 0.34868317775839214, 0.4552424242424243], [0.1924409316574045, 0.3460138405361127, 0.47038383838383846], [0.19044287745289393, 0.3427502167741265, 0.4855252525252526], [0.1881165305028741, 0.338268729464283, 0.5006666666666667], [0.1853645344693598, 0.3240143893347157, 0.5158080808080808], [0.18205979759692456, 0.30457652206068936, 0.5309494949494951], [0.17804459911597278, 0.28706725759690166, 0.5460909090909092], [0.17314256020454102, 0.2716022878477928, 0.5612323232323233], [0.1671944072240566, 0.2582835835912809, 0.5763737373737374], [0.16011857094390744, 0.2471386697146464, 0.5915151515151515], [0.15196886095140436, 0.2380628296734825, 0.6066565656565658], [0.14294202126097988, 0.23081142453323625, 0.6217979797979799], [0.13332172809364976, 0.22505576824342538, 0.636939393939394], [0.12340104417129434, 0.22046055994269478, 0.6520808080808081], [0.11342982656645777, 0.2167363261467096, 0.6672222222222223], [0.10359745126653791, 0.21365661303337016, 0.6823636363636364], [0.09403737605793114, 0.211053276445983, 0.6975050505050506], [0.08483923738856922, 0.20880428738324555, 0.7126464646464648], [0.0760609541497149, 0.20682151621134456, 0.7277878787878789], [0.06773838037496142, 0.20504098085078926, 0.742929292929293], [0.05989232898051684, 0.20341572842588865, 0.7580707070707071], [0.05253348815536956, 0.20191083719752015, 0.7732121212121214], [0.04566581297821169, 0.200499952011139, 0.7883535353535355], [0.03900686654484656, 0.19916288482256156, 0.8034949494949496], [0.029982760456908415, 0.19788394240910404, 0.8186363636363637], [0.015344424079322773, 0.19665074842111, 0.8337777777777778], [null, 0.19545340480747414, 0.848919191919192], [null, 0.19428388613954947, 0.8640606060606062], [null, 0.1931355976638868, 0.8792020202020203], [null, 0.19200304682402633, 0.8943434343434344], [null, 0.19088159835813187, 0.9094848484848486], [null, 0.18976728766954268, 0.9246262626262627], [null, 0.18865667680868284, 0.9397676767676769], [null, 0.18754674358923398, 0.954909090909091], [null, 0.1864347925600306, 0.9700505050505052], [null, 0.18531838515362978, 0.9851919191919193], [null, 0.18419528200672147, 1.0003333333333333], [null, 0.18306339595691107, 1.0154747474747474], [null, 0.18192075178409617, 1.0306161616161615], [null, 0.1807654521133629, 1.0457575757575757], [null, 0.1795956474611378, 1.06089898989899], [null, 0.17840950864554161, 1.0760404040404041], [null, 0.1772052007065223, 1.0911818181818183], [null, 0.1759808588644519, 1.1063232323232324], [null, 0.17473456332367174, 1.1214646464646465], [null, 0.17346431364085085, 1.1366060606060606], [null, 0.17216800141421087, 1.1517474747474747], [null, 0.17084338048430786, 1.1668888888888889], [null, 0.16948803210525873, 1.182030303030303], [null, 0.1680993273043498, 1.197171717171717], [null, 0.1666743784792314, 1.2123131313131315], [null, 0.16520998431306644, 1.2274545454545456], [null, 0.16370256266563957, 1.2425959595959597], [null, 0.16214806211906424, 1.2577373737373738], [null, 0.16054185609575158, 1.272878787878788], [null, 0.15887860135835996, 1.288020202020202], [null, 0.15715205367060273, 1.3031616161616162], [null, 0.15535481973248924, 1.3183030303030303], [null, 0.15347801592556, 1.3334444444444444], [null, 0.1515107869266825, 1.3485858585858586], [null, 0.1494396045610445, 1.3637272727272727], [null, 0.14724721159269297, 1.378868686868687], [null, 0.14491095311691038, 1.3940101010101011], [null, 0.14240000566453626, 1.4091515151515153], [null, 0.13967042398488924, 1.4242929292929294], [null, 0.1366554883880631, 1.4394343434343435], [null, 0.13324405889391114, 1.4545757575757576], [null, 0.12922162845950305, 1.4697171717171718], [null, 0.12403482929959374, 1.4848585858585859], [null, 1.894502332788761e-10, 1.5]]}