{"dim": 3, "delta": 4, "mu_eff": 10, "dmu_eff": 2.444444444444444, "C": -0.2300055717506968, "k_c": 50, "data": [[0.5249438655963129, 0.939108968451158, 0.001], [0.5230964724659016, 0.938919441574798, 0.08261224489795918], [0.5170359256835806, 0.9383578604044661, 0.16422448979591836], [0.5095521225031694, 0.9374179883154996, 0.24583673469387754], [0.5019894562019205, 0.9360890892402338, 0.3274489795918367], [0.4940534866966397, 0.9343553164650841, 0.40906122448979587], [0.4855377506988864, 0.9321947421379597, 0.4906734693877551], [0.47625600894080194, 0.9295778714662358, 0.5722857142857143], [0.46601579811178956, 0.9264654141463686, 0.6538979591836734], [0.4546050393355493, 0.9228047319361081, 0.7355102040816326], [0.44178520611342503, 0.9185242713065539, 0.8171224489795917], [0.42729082920211964, 0.9135240159274916, 0.898734693877551], [0.4108382415924269, 0.9076581993276884, 0.9803469387755102], [0.3921483993032657, 0.9007005850082739, 1.0619591836734692], [0.3709884340937613, 0.892263773798864, 1.1435714285714285], [0.34723189869201815, 0.8815604901353081, 1.2251836734693875], [0.32092681435391895, 0.8662086778489722, 1.3067959183673468], [0.2923475827298972, 0.8270647129996874, 1.388408163265306], [0.2620031562681355, 0.7854229022050181, 1.470020408163265], [0.23058943004717036, 0.750040063848705, 1.5516326530612243], [0.19890152912944728, 0.7200291909584242, 1.6332448979591834], [0.1677393221976506, 0.6945029340762422, 1.7148571428571426], [0.13375694624468604, 0.6726429209105469, 1.796469387755102], [0.08201177725460758, 0.6537374036949153, 1.878081632653061], [null, 0.6371920536134902, 1.9596938775510202], [null, 0.6225229440195812, 2.0413061224489795], [null, 0.6093415129876848, 2.1229183673469385], [null, 0.5973374804354193, 2.2045306122448975], [null, 0.5862628515261877, 2.286142857142857], [null, 0.5759182769471383, 2.367755102040816], [null, 0.5661419562080366, 2.449367346938775], [null, 0.5568008251964718, 2.5309795918367346], [null, 0.5477836175895962, 2.6125918367346936], [null, 0.5389953824809364, 2.6942040816326527], [null, 0.5303530855651899, 2.775816326530612], [null, 0.5217819760866759, 2.857428571428571], [null, 0.5132124431029761, 2.9390408163265302], [null, 0.5045771087684218, 3.0206530612244897], [null, 0.49580789418546045, 3.1022653061224488], [null, 0.48683274253203024, 3.183877551020408], [null, 0.4775715533572868, 3.265489795918367], [null, 0.46793061360842636, 3.3471020408163263], [null, 0.45779424655390766, 3.4287142857142854], [null, 0.44701115616455084, 3.5103265306122444], [null, 0.43536995069464896, 3.591938775510204], [null, 0.42255014656170026, 3.673551020408163], [null, 0.40800815819416913, 3.755163265306122], [null, 0.3906412585595225, 3.8367755102040815], [null, 0.367186697394374, 3.9183877551020405], [null, -1.6298074001497298e-13, 4.0]]}