{"dim": 3, "delta": 1, "mu_eff": 10, "dmu_eff": 0.6555555555555554, "C": -0.5401527062406859, "k_c": 50, "data": [[0.14426166862671203, 0.25145387754921883, 0.001], [0.14402275777401652, 0.2514391682772928, 0.011090909090909092], [0.14344767897314545, 0.2513998706353602, 0.021181818181818184], [0.14295426889670032, 0.25133588629325326, 0.03127272727272727], [0.14250029147981938, 0.2512470540016533, 0.041363636363636366], [0.14206583536268724, 0.25113314768773487, 0.05145454545454546], [0.1416408614327958, 0.25099387360587916, 0.06154545454545455], [0.14121938673696252, 0.2508288667354674, 0.07163636363636364], [0.14079740297258822, 0.25063768583700785, 0.08172727272727273], [0.14037196364824225, 0.2504198076922105, 0.09181818181818183], [0.13994072440306765, 0.2501746193723268, 0.10190909090909092], [0.13950168551468395, 0.2499014109769037, 0.112], [0.1390530333861469, 0.2495993607095045, 0.1220909090909091], [0.13859303376510804, 0.24926752831843596, 0.13218181818181818], [0.1381199525176444, 0.2489048300958551, 0.14227272727272727], [0.13763199050151598, 0.24851002747756504, 0.15236363636363637], [0.13712722450742731, 0.24808169665010651, 0.16245454545454546], [0.13660354834195776, 0.24761820042384944, 0.17254545454545456], [0.13605860968272226, 0.24711764977327855, 0.18263636363636365], [0.1354897383825782, 0.2465778549080075, 0.19272727272727275], [0.13489386171013837, 0.24599626315168766, 0.20281818181818184], [0.1342674012343328, 0.24536987788205686, 0.2129090909090909], [0.13360614480710267, 0.2446951515546744, 0.223], [0.13290508544616605, 0.24396784131760835, 0.2330909090909091], [0.1321582144595159, 0.24318281031468178, 0.2431818181818182], [0.13135825871186904, 0.2423337474311043, 0.25327272727272726], [0.13049633521422216, 0.24141275787776442, 0.26336363636363636], [0.12956150601051208, 0.240409753502393, 0.27345454545454545], [0.12854019581407242, 0.2393114713253163, 0.28354545454545454], [0.12741543722133403, 0.23809986921512705, 0.29363636363636364], [0.1261659008915315, 0.23674923277789725, 0.30372727272727273], [0.12476468204256691, 0.2352204969405217, 0.31381818181818183], [0.12317784428324711, 0.2334484456119248, 0.3239090909090909], [0.12136286688493227, 0.2313058991039023, 0.334], [0.11926729087140531, 0.22845033893394867, 0.3440909090909091], [0.11682844350927123, 0.22043915914515183, 0.3541818181818182], [0.11397566418497344, 0.20767637020872037, 0.3642727272727273], [0.11063716597412128, 0.19632251077620616, 0.3743636363636364], [0.10675328747063095, 0.18638012570756357, 0.3844545454545455], [0.10229503017736043, 0.17782558924628056, 0.3945454545454546], [0.09728138352080601, 0.17059142855429904, 0.4046363636363637], [0.09178534014244276, 0.16455998238345285, 0.4147272727272727], [0.08592295680389503, 0.1595740411566784, 0.4248181818181818], [0.07983056910822842, 0.155459356086012, 0.4349090909090909], [0.07364169532237287, 0.15204748225224426, 0.445], [0.06747195108508912, 0.14919063156071782, 0.4550909090909091], [0.061413255799930476, 0.1467672552360991, 0.4651818181818182], [0.055534402643507945, 0.14468128456774265, 0.4752727272727273], [0.04988459182955743, 0.14285841214646386, 0.4853636363636364], [0.044497671941656984, 0.14124170643704256, 0.4954545454545455], [0.039396003097895864, 0.1397875966882396, 0.5055454545454545], [0.03459360137083317, 0.13846261002863064, 0.5156363636363637], [0.030098549258200016, 0.13724084868351846, 0.5257272727272727], [0.02558506967669613, 0.13610209591035852, 0.5358181818181819], [0.019348345238717934, 0.1350304191265162, 0.5459090909090909], [0.008815205350278594, 0.13401311985487716, 0.556], [null, 0.13303998000377706, 0.5660909090909091], [null, 0.13210268399247022, 0.5761818181818182], [null, 0.1311943930507492, 0.5862727272727273], [null, 0.13030942234172352, 0.5963636363636364], [null, 0.1294429957954194, 0.6064545454545455], [null, 0.12859105623967157, 0.6165454545454546], [null, 0.12775011782544812, 0.6266363636363637], [null, 0.1269171606531002, 0.6367272727272728], [null, 0.12608951999252996, 0.6468181818181818], [null, 0.12526483340081723, 0.6569090909090909], [null, 0.12444097183898815, 0.667], [null, 0.12361599333924662, 0.6770909090909091], [null, 0.12278810268837717, 0.6871818181818182], [null, 0.12195561756914768, 0.6972727272727273], [null, 0.12111693894053971, 0.7073636363636364], [null, 0.12027052527592497, 0.7174545454545455], [null, 0.11941486951684128, 0.7275454545454546], [null, 0.11854847702035465, 0.7376363636363636], [null, 0.11766984382305938, 0.7477272727272728], [null, 0.11677743735152013, 0.7578181818181818], [null, 0.11586967421361033, 0.767909090909091], [null, 0.11494489762432952, 0.778], [null, 0.11400135255978089, 0.7880909090909092], [null, 0.11303715775312626, 0.7981818181818182], [null, 0.11205027337837585, 0.8082727272727274], [null, 0.11103846226724882, 0.8183636363636364], [null, 0.10999924340776218, 0.8284545454545454], [null, 0.10892983428551675, 0.8385454545454546], [null, 0.10782707804393996, 0.8486363636363636], [null, 0.10668735028861517, 0.8587272727272728], [null, 0.10550643594787722, 0.8688181818181818], [null, 0.10427936577352388, 0.878909090909091], [null, 0.10300019056429653, 0.889], [null, 0.10166166458827197, 0.8990909090909092], [null, 0.10025478473020202, 0.9091818181818182], [null, 0.09876809893806607, 0.9192727272727274], [null, 0.09718661797005079, 0.9293636363636364], [null, 0.09549000875557928, 0.9394545454545455], [null, 0.09364939528692989, 0.9495454545454546], [null, 0.09162112842995973, 0.9596363636363637], [null, 0.08933302626612215, 0.9697272727272728], [null, 0.08664735310286312, 0.9798181818181818], [null, 0.08321790801900063, 0.989909090909091], [null, 5.1660897781857784e-12, 1.0]]}