{"dim": 3, "delta": 0.75, "mu_eff": 10, "dmu_eff": 0.4749999999999999, "C": -0.605144141797342, "k_c": 50, "data": [[0.10125507142800014, 0.19328820077020784, 0.001], [0.10090952887807197, 0.1932516179089536, 0.016285714285714285], [0.0998350579646251, 0.19315005289130055, 0.03157142857142857], [0.0985195602476009, 0.19298270120698427, 0.04685714285714286], [0.09721437139960637, 0.1927482092067566, 0.062142857142857146], [0.09587071811726032, 0.19244461953469022, 0.07742857142857143], [0.09445680356555645, 0.1920692875568066, 0.09271428571428572], [0.09294579004029764, 0.1916187605892226, 0.108], [0.09131103606086684, 0.1910886059556594, 0.12328571428571429], [0.08952346857764787, 0.19047316294786992, 0.13857142857142857], [0.08754969016262244, 0.18976518622022512, 0.15385714285714286], [0.08535039938754478, 0.18895531307403512, 0.16914285714285715], [0.08287911519646406, 0.18803124600062454, 0.18442857142857144], [0.08008154358890494, 0.1869764392932011, 0.19971428571428573], [0.07689637295451687, 0.18576786497048292, 0.215], [0.07325886291639512, 0.1843719115964432, 0.2302857142857143], [0.06910906819768724, 0.18273601657660837, 0.24557142857142858], [0.06440617316962265, 0.18076874284060326, 0.26085714285714284], [0.05914798978140715, 0.17827832136187546, 0.27614285714285713], [0.0533897693588535, 0.17462946062721724, 0.2914285714285714], [0.04725208143075907, 0.16385074420520845, 0.3067142857142857], [0.0409097433412299, 0.15317803957442255, 0.322], [0.034564260671680246, 0.14451657979522609, 0.3372857142857143], [0.02841230940757453, 0.13744920513104808, 0.3525714285714286], [0.021831147834016424, 0.13162291699209325, 0.3678571428571429], [0.010638263273176582, 0.12675257987244787, 0.3831428571428572], [null, 0.12261522719193763, 0.39842857142857147], [null, 0.11903979376948821, 0.4137142857142857], [null, 0.11589609635796512, 0.429], [null, 0.11308505779631299, 0.4442857142857143], [null, 0.11053082043267558, 0.4595714285714286], [null, 0.10817469617510175, 0.47485714285714287], [null, 0.10597064143560912, 0.49014285714285716], [null, 0.10388190119431982, 0.5054285714285714], [null, 0.10187854319310151, 0.5207142857142857], [null, 0.0999355385563459, 0.536], [null, 0.09803137281707704, 0.5512857142857143], [null, 0.09614686740696374, 0.5665714285714286], [null, 0.09426420406424768, 0.5818571428571429], [null, 0.09236601372983239, 0.5971428571428572], [null, 0.09043442635260122, 0.6124285714285714], [null, 0.08844994507479526, 0.6277142857142858], [null, 0.08638992715708187, 0.643], [null, 0.08422627928616297, 0.6582857142857143], [null, 0.08192155556715759, 0.6735714285714286], [null, 0.0794215523104958, 0.6888571428571428], [null, 0.0766391538092192, 0.7041428571428572], [null, 0.0734113096394619, 0.7194285714285714], [null, 0.0693357195312509, 0.7347142857142858], [null, -2.0248691612323455e-11, 0.75]]}