{"dim": 3, "delta": 7, "mu_eff": 10, "dmu_eff": 3.6555555555555554, "C": -0.10818845313058434, "k_c": 50, "data": [[0.5831734876203934, 1.5500222728714812, 0.001], [0.5808428092982533, 1.5497783194546693, 0.14383673469387753], [0.5739310549809633, 1.549051155262787, 0.28667346938775506], [0.5624801098311435, 1.5478346146342088, 0.4295102040816326], [0.5465412157963238, 1.5461181547251623, 0.5723469387755101], [0.5261467804634984, 1.5438863971178014, 0.7151836734693876], [0.5012686832963106, 1.5411184190739537, 0.8580204081632652], [0.4717579321845278, 1.537786712513883, 1.0008571428571427], [0.4372525275092785, 1.5338556734862399, 1.1436938775510201], [0.39701932949661456, 1.529279398312933, 1.2865306122448976], [0.34963279817630216, 1.523998406294814, 1.429367346938775], [0.2921611595301318, 1.5179346099966906, 1.5722040816326528], [0.21728870277810755, 1.5109832606934428, 1.7150408163265303], [0.08943636824678002, 1.5029992798253982, 1.8578775510204077], [null, 1.4937721792775491, 2.0007142857142854], [null, 1.4829746641114618, 2.1435510204081627], [null, 1.4700379633340686, 2.2863877551020404], [null, 1.453742980289605, 2.429224489795918], [null, 1.428299167145164, 2.5720612244897954], [null, 1.3911589167654843, 2.714897959183673], [null, 1.3568816821530278, 2.8577346938775503], [null, 1.3251353445595626, 3.000571428571428], [null, 1.2956178684413486, 3.1434081632653057], [null, 1.268055981025, 3.286244897959183], [null, 1.2422032680016222, 3.4290816326530607], [null, 1.2178384187986644, 3.5719183673469383], [null, 1.19476199804645, 3.7147551020408156], [null, 1.1727948049466896, 3.8575918367346933], [null, 1.1517749648168878, 4.0004285714285714], [null, 1.131555579367255, 4.143265306122449], [null, 1.1120023657153661, 4.286102040816326], [null, 1.0929913715113335, 4.428938775510204], [null, 1.0744067396424204, 4.571775510204081], [null, 1.056138473576566, 4.714612244897959], [null, 1.038080135583249, 4.857448979591837], [null, 1.0201263471408666, 5.000285714285714], [null, 1.0021699665855366, 5.143122448979591], [null, 0.98409866523293, 5.285959183673469], [null, 0.9657905437489747, 5.428795918367347], [null, 0.9471081517118709, 5.571632653061224], [null, 0.9278898205490518, 5.714469387755101], [null, 0.9079362906042083, 5.857306122448979], [null, 0.8869886182525198, 6.000142857142857], [null, 0.8646886097124075, 6.142979591836734], [null, 0.8405004017700247, 6.285816326530612], [null, 0.8135307224755294, 6.428653061224489], [null, 0.7820140666076516, 6.5714897959183665], [null, 0.7410042567593682, 6.714326530612245], [null, 0.5940750609217978, 6.857163265306122], [null, 1.6342482922482304e-13, 7.0]]}