{"dim": 3, "delta": 0.75, "mu_eff": 10, "dmu_eff": 0.4083333333333333, "C": -0.605144141797342, "k_c": 50, "data": [[0.0608727779155299, 0.20440230831574108, 0.001], [0.060662050890212926, 0.2043769529008465, 0.016285714285714285], [0.060078806071506605, 0.2043066517483792, 0.03157142857142857], [0.059123343270716604, 0.20419111471721776, 0.04685714285714286], [0.05779552943209898, 0.20402985971438248, 0.062142857142857146], [0.05609379630970335, 0.20382220273412097, 0.07742857142857143], [0.054013535232926436, 0.20356724268821752, 0.09271428571428572], [0.05154460523679174, 0.20326384264879083, 0.108], [0.048667426413570254, 0.20291060219530996, 0.12328571428571429], [0.04534659452460532, 0.2025058235123649, 0.13857142857142857], [0.041519633771276036, 0.20204746665356363, 0.15385714285714286], [0.03707479240755927, 0.20153309153992252, 0.16914285714285715], [0.03179941081113585, 0.20095978221454308, 0.18442857142857144], [0.02522540966300423, 0.2003240477768164, 0.19971428571428573], [0.015871504419660728, 0.19962168757962573, 0.215], [null, 0.19884761127799927, 0.2302857142857143], [null, 0.19799558588204685, 0.24557142857142858], [null, 0.19705787608383651, 0.26085714285714284], [null, 0.1960247143462314, 0.27614285714285713], [null, 0.1948834897147382, 0.2914285714285714], [null, 0.1936174440564901, 0.3067142857142857], [null, 0.1922034436524977, 0.322], [null, 0.1906078444148295, 0.3372857142857143], [null, 0.18877788740570944, 0.3525714285714286], [null, 0.18662039692779986, 0.3678571428571429], [null, 0.1839298431260859, 0.3831428571428572], [null, 0.17962773748695185, 0.39842857142857147], [null, 0.17260630318051542, 0.4137142857142857], [null, 0.1662426318453917, 0.429], [null, 0.1604391675421615, 0.4442857142857143], [null, 0.155112808480019, 0.4595714285714286], [null, 0.150192535804328, 0.47485714285714287], [null, 0.1456173774018052, 0.49014285714285716], [null, 0.14133466284796778, 0.5054285714285714], [null, 0.13729852287966793, 0.5207142857142857], [null, 0.13346858940430753, 0.536], [null, 0.12980885027834832, 0.5512857142857143], [null, 0.12628661109659065, 0.5665714285714286], [null, 0.12287151140862047, 0.5818571428571429], [null, 0.11953453156041167, 0.5971428571428572], [null, 0.116246899529712, 0.6124285714285714], [null, 0.11297876166366493, 0.6277142857142858], [null, 0.10969738243545786, 0.643], [null, 0.10636442552030774, 0.6582857142857143], [null, 0.10293138000471638, 0.6735714285714286], [null, 0.0993309158692581, 0.6888571428571428], [null, 0.09545805140252847, 0.7041428571428572], [null, 0.09111990425079944, 0.7194285714285714], [null, 0.08584384884089984, 0.7347142857142858], [null, -2.0258905664150006e-11, 0.75]]}