{"dim": 3, "delta": 0.5, "mu_eff": 10, "dmu_eff": 0.2722222222222222, "C": -0.6968588790391586, "k_c": 50, "data": [[0.0404144624879094, 0.13676087503401277, 0.001], [0.04026627813349027, 0.136743024689471, 0.011183673469387756], [0.0398704652157041, 0.13669526336934462, 0.02136734693877551], [0.03922713856611763, 0.1366173965534368, 0.031551020408163266], [0.03833605632165919, 0.13650910357086746, 0.04173469387755102], [0.03719594055157962, 0.13636993101755382, 0.051918367346938776], [0.03580338951293719, 0.13619928319114563, 0.06210204081632653], [0.034151185449215866, 0.13599640901147322, 0.07228571428571429], [0.03222563089881747, 0.13576038489709147, 0.08246938775510204], [0.03000216937138955, 0.13549009208680465, 0.0926530612244898], [0.027437611815585763, 0.13518418750599812, 0.10283673469387755], [0.024454641447475955, 0.1348410675723092, 0.1130204081632653], [0.020905297535234627, 0.13445881613046556, 0.12320408163265306], [0.016459382098958912, 0.1340351431669488, 0.13338775510204082], [0.010027795439563269, 0.1335672968743042, 0.14357142857142857], [null, 0.13305194762154846, 0.15375510204081633], [null, 0.13248502606863924, 0.16393877551020408], [null, 0.13186149328320168, 0.17412244897959184], [null, 0.1311750037623806, 0.1843061224489796], [null, 0.1304173923675752, 0.19448979591836735], [null, 0.12957785555633108, 0.2046734693877551], [null, 0.1286415644558746, 0.21485714285714286], [null, 0.127587122381161, 0.2250408163265306], [null, 0.12638136661496138, 0.23522448979591837], [null, 0.12496685131921245, 0.24540816326530612], [null, 0.12322186380351996, 0.2555918367346939], [null, 0.12067768577376241, 0.26577551020408163], [null, 0.11593513526940387, 0.2759591836734694], [null, 0.11159904429146504, 0.28614285714285714], [null, 0.10765008433303477, 0.2963265306122449], [null, 0.10403033083882812, 0.30651020408163265], [null, 0.10069044815280767, 0.3166938775510204], [null, 0.09758820915906838, 0.32687755102040816], [null, 0.09468723472678559, 0.3370612244897959], [null, 0.0919559279872682, 0.3472448979591837], [null, 0.08936655180425541, 0.35742857142857143], [null, 0.08689442593710908, 0.3676122448979592], [null, 0.08451720346655381, 0.37779591836734694], [null, 0.08221419147835306, 0.3879795918367347], [null, 0.07996567053131019, 0.39816326530612245], [null, 0.07775215268177871, 0.4083469387755102], [null, 0.07555348674933432, 0.41853061224489796], [null, 0.07334765253615298, 0.4287142857142857], [null, 0.07110895104017562, 0.43889795918367347], [null, 0.06880496846358547, 0.4490816326530612], [null, 0.06639085659131207, 0.459265306122449], [null, 0.06379690632839244, 0.46944897959183673], [null, 0.06089553075213488, 0.4796326530612245], [null, 0.05737622610732814, 0.48981632653061224], [null, 7.7982065249671e-13, 0.5]]}