{"dim": 3, "delta": 10, "mu_eff": 10, "dmu_eff": 5.666666666666667, "C": -0.03196210100412111, "k_c": 50, "data": [[1.2585271383948158, 1.8470745831597113, 0.6131836734693878], [1.2403641114032928, 1.8407614164821104, 0.8172448979591838], [1.2188754885417574, 1.8320660522718313, 1.0213061224489797], [1.192853681133812, 1.8203057186309943, 1.2253673469387756], [1.160925639771405, 1.8040627664205018, 1.4294285714285715], [1.1216706771498695, 1.7791516930985496, 1.6334897959183674], [1.073955664585626, 1.7128464001968489, 1.8375510204081633], [1.0174096270718012, 1.6412620630737909, 2.0416122448979594], [0.9527396906099425, 1.5835427309286434, 2.2456734693877554], [0.8815971806051363, 1.537543035559825, 2.4497346938775513], [0.8060821939492663, 1.5008390545299588, 2.653795918367347], [0.7282529947312694, 1.4711815788504652, 2.857857142857143], [0.6498672282889906, 1.4467301189748645, 3.061918367346939], [0.5723340646614382, 1.4260835974832735, 3.265979591836735], [0.49644205459485174, 1.4082126048218597, 3.470040816326531], [0.40277251339727255, 1.3923698784499494, 3.6741020408163267], [0.26981414194066144, 1.3780118654159392, 3.8781632653061227], [null, 1.3647391895754648, 4.0822244897959195], [null, 1.3522538731100004, 4.286285714285715], [null, 1.340329673620244, 4.490346938775511], [null, 1.328791312394825, 4.694408163265307], [null, 1.3175000255329465, 4.898469387755103], [null, 1.306343347571618, 5.102530612244899], [null, 1.2952277771466214, 5.306591836734695], [null, 1.284073402518234, 5.510653061224491], [null, 1.2728098613143028, 5.714714285714287], [null, 1.261373197155806, 5.918775510204083], [null, 1.249703312934112, 6.122836734693879], [null, 1.237741786556097, 6.3268979591836745], [null, 1.2254298685700653, 6.53095918367347], [null, 1.2127065039812932, 6.735020408163266], [null, 1.1995062113954371, 6.939081632653062], [null, 1.1857566326280886, 7.143142857142858], [null, 1.1713755008091002, 7.347204081632654], [null, 1.1562666663337067, 7.55126530612245], [null, 1.1403146036144847, 7.755326530612246], [null, 1.1233764502516448, 7.959387755102042], [null, 1.1052698748085077, 8.163448979591838], [null, 1.0857535579269384, 8.367510204081633], [null, 1.06449365274117, 8.57157142857143], [null, 1.0410011675019384, 8.775632653061225], [null, 1.014501060068696, 8.979693877551021], [null, 0.9836088132748436, 9.183755102040816], [null, 0.9452686486977147, 9.387816326530613], [null, 0.8876085386917296, 9.591877551020408], [null, 0.6452842844229826, 9.795938775510205], [null, 3.170796958329447e-13, 10.0]]}