{"dim": 3, "delta": 10.5, "mu_eff": 10, "dmu_eff": 5.483333333333333, "C": -0.021593549162401526, "k_c": 50, "data": [[1.0580226788204448, 2.015802315672974, 0.001], [1.053350938512561, 2.0152796108431144, 0.21526530612244898], [1.0395910721898736, 2.013711078432874, 0.42953061224489797], [1.017210443723603, 2.0110656291315387, 0.643795918367347], [0.9868733194000172, 2.0072880480127875, 0.8580612244897959], [0.9492980339322601, 2.002292883577088, 1.0723265306122447], [0.905095701407993, 1.99595357210903, 1.2865918367346938], [0.8546081395863607, 1.9880829051605942, 1.500857142857143], [0.7977559430893856, 1.9783957862172576, 1.7151224489795918], [0.7338851315929451, 1.966430141721885, 1.9293877551020406], [0.6615372103396145, 1.951346019398914, 2.1436530612244895], [0.5779256824302833, 1.9312070051045804, 2.357918367346939], [0.47744394013505514, 1.895334174944084, 2.5721836734693877], [0.3459120856165702, 1.849431902777617, 2.7864489795918366], [0.09595289799895806, 1.808326104445424, 3.000714285714286], [null, 1.7713126688870557, 3.2149795918367348], [null, 1.7377774696976316, 3.4292448979591836], [null, 1.7071888895048093, 3.6435102040816325], [null, 1.6790894332394701, 3.8577755102040814], [null, 1.6530868937554897, 4.072040816326531], [null, 1.628845602690342, 4.28630612244898], [null, 1.6060781789115266, 4.500571428571429], [null, 1.5845380227032795, 4.714836734693878], [null, 1.564012658974598, 4.929102040816327], [null, 1.5443179433427785, 5.143367346938776], [null, 1.525293045325966, 5.357632653061225], [null, 1.5067961593985193, 5.571897959183674], [null, 1.4887007941504578, 5.786163265306123], [null, 1.470892553286018, 6.000428571428572], [null, 1.4532663014961882, 6.214693877551021], [null, 1.4357235793655878, 6.42895918367347], [null, 1.418170210455973, 6.6432244897959185], [null, 1.4005139386827803, 6.857489795918368], [null, 1.3826619949289758, 7.071755102040817], [null, 1.3645184324196868, 7.286020408163266], [null, 1.3459810012530085, 7.500285714285715], [null, 1.326937290192281, 7.714551020408163], [null, 1.3072596379994306, 7.928816326530613], [null, 1.2867980771705256, 8.143081632653061], [null, 1.2653700036440112, 8.35734693877551], [null, 1.2427441971047615, 8.571612244897958], [null, 1.2186145289253039, 8.785877551020407], [null, 1.1925533689773096, 9.000142857142857], [null, 1.1639207080769014, 9.214408163265306], [null, 1.1316615167682158, 9.428673469387755], [null, 1.0937494092960405, 9.642938775510205], [null, 1.0449143214526337, 9.857204081632652], [null, 0.9237285304873247, 10.071469387755101], [null, 0.6534268522854514, 10.28573469387755], [null, -7.993605777301127e-15, 10.5]]}