{"dim": 3, "delta": 7, "mu_eff": 10, "dmu_eff": 3.811111111111111, "C": -0.10818845313058434, "k_c": 50, "data": [[0.7188748965479329, 1.5248691498347953, 0.001], [0.7165306163720199, 1.524590384390871, 0.14383673469387753], [0.7096103156556813, 1.523758874088069, 0.28667346938775506], [0.6982519726938851, 1.5223657961666512, 0.4295102040816326], [0.6826708842971129, 1.5203959412032626, 0.5723469387755101], [0.663139428247612, 1.5178269197246719, 0.7151836734693876], [0.639959476658824, 1.5146277976750233, 0.8580204081632652], [0.6134253096431903, 1.510757103742369, 1.0008571428571427], [0.5837719386583329, 1.5061597766475705, 1.1436938775510201], [0.5511052577122584, 1.5007624554286303, 1.2865306122448976], [0.515322087342103, 1.494465953744966, 1.429367346938775], [0.4760335916430297, 1.487132601884438, 1.5722040816326528], [0.43247095528193674, 1.4785633862124117, 1.7150408163265303], [0.3832817126743902, 1.4684523115781847, 1.8578775510204077], [0.32598353596279456, 1.4562805639930603, 2.0007142857142854], [0.2552015977846914, 1.4410003583704396, 2.1435510204081627], [0.15329265814753215, 1.4192894116911863, 2.2863877551020404], [null, 1.3789792432764032, 2.429224489795918], [null, 1.3406610692615095, 2.5720612244897954], [null, 1.3058261089385648, 2.714897959183673], [null, 1.2740350932138094, 2.8577346938775503], [null, 1.244889962176233, 3.000571428571428], [null, 1.218033934220315, 3.1434081632653057], [null, 1.1931498874695712, 3.286244897959183], [null, 1.169957568005378, 3.4290816326530607], [null, 1.1482100967501472, 3.5719183673469383], [null, 1.127690170228279, 3.7147551020408156], [null, 1.108206228096866, 3.8575918367346933], [null, 1.0895887596809724, 4.0004285714285714], [null, 1.0716868398292994, 4.143265306122449], [null, 1.0543649241255546, 4.286102040816326], [null, 1.037499890111673, 4.428938775510204], [null, 1.0209782804229748, 4.571775510204081], [null, 1.0046936786032215, 4.714612244897959], [null, 0.9885441247595255, 4.857448979591837], [null, 0.9724294469541385, 5.000285714285714], [null, 0.9562483413011864, 5.143122448979591], [null, 0.9398949573448759, 5.285959183673469], [null, 0.9232546290413546, 5.428795918367347], [null, 0.9061981454403453, 5.571632653061224], [null, 0.8885735726068702, 5.714469387755101], [null, 0.8701937543346043, 5.857306122448979], [null, 0.8508158658818286, 6.000142857142857], [null, 0.8301051840936081, 6.142979591836734], [null, 0.8075641463307112, 6.285816326530612], [null, 0.7823729829580431, 6.428653061224489], [null, 0.7529470656406065, 6.5714897959183665], [null, 0.7150937218971657, 6.714326530612245], [null, 0.5940750604880334, 6.857163265306122], [null, 1.6298074001497298e-13, 7.0]]}