{"dim": 3, "delta": 2, "mu_eff": 10, "dmu_eff": 0.8891111111111111, "C": -0.3841473026333646, "k_c": 50, "data": [[0.55173020547019, null, 0.001], [0.5517176059454002, null, 0.021191919191919192], [0.5516820698359348, null, 0.041383838383838384], [0.5516235722643225, null, 0.061575757575757575], [0.551542072447971, null, 0.08176767676767677], [0.5514375134096768, null, 0.10195959595959596], [0.5513098216147392, null, 0.12215151515151515], [0.5511589069777364, null, 0.14234343434343433], [0.5509846624754594, null, 0.16253535353535353], [0.5507869636651122, null, 0.18272727272727274], [0.5505656683872837, null, 0.20291919191919192], [0.5503206161932385, null, 0.2231111111111111], [0.5500516277758499, null, 0.2433030303030303], [0.54975850417869, null, 0.2634949494949495], [0.5494410267322715, null, 0.28368686868686865], [0.5490989548767016, null, 0.30387878787878786], [0.5487320265956972, null, 0.32407070707070706], [0.5483399566206718, null, 0.34426262626262627], [0.5479224353064993, null, 0.3644545454545455], [0.5474791285114562, null, 0.3846464646464646], [0.5470096735212299, null, 0.40483838383838383], [0.5465136803405086, null, 0.42503030303030304], [0.5459907282190913, null, 0.4452222222222222], [0.5454403642332268, null, 0.4654141414141414], [0.5448621010999511, null, 0.4856060606060606], [0.5442554145206496, null, 0.5057979797979798], [0.5436197405866544, null, 0.525989898989899], [0.5429544727581944, null, 0.5461818181818182], [0.5422589583682834, null, 0.5663737373737373], [0.5415324947381996, null, 0.5865656565656565], [0.5407743252204484, null, 0.6067575757575757], [0.539983633490465, null, 0.6269494949494949], [0.5391595388427685, null, 0.6471414141414141], [0.5383010896173105, null, 0.6673333333333333], [0.537407255346136, null, 0.6875252525252525], [0.5364769201047843, null, 0.7077171717171717], [0.5355088713287183, null, 0.727909090909091], [0.5345017898608952, null, 0.74810101010101], [0.5334542369301337, null, 0.7682929292929292], [0.5323646395445881, null, 0.7884848484848485], [0.5312312721391992, null, 0.8086767676767677], [0.5300522402830808, null, 0.8288686868686869], [0.5288254477384616, null, 0.8490606060606061], [0.5275485759609568, null, 0.8692525252525253], [0.5262190441154813, null, 0.8894444444444444], [0.5248339678243831, null, 0.9096363636363636], [0.5233901046612489, null, 0.9298282828282828], [0.5218837898272256, null, 0.950020202020202], [0.5203108524918457, null, 0.9702121212121212], [0.5186665099949511, null, 0.9904040404040404], [0.5169452306422933, null, 1.0105959595959595], [0.5151405524408491, null, 1.0307878787878786], [0.5132448394034834, null, 1.050979797979798], [0.5112489447010863, null, 1.071171717171717], [0.5091417340318193, null, 1.0913636363636363], [0.5069093864398682, null, 1.1115555555555554], [0.5045343269392044, null, 1.1317474747474745], [0.5019935116182541, null, 1.1519393939393938], [0.49925548555127963, null, 1.172131313131313], [0.4962748646066565, null, 1.1923232323232322], [0.4929805787264299, null, 1.2125151515151513], [0.4892450870631295, null, 1.2327070707070706], [0.48476152637751335, null, 1.2528989898989897], [0.4781465111585931, null, 1.273090909090909], [0.470971491894415, null, 1.2932828282828281], [0.4639818036468226, null, 1.3134747474747472], [0.4571656477059635, null, 1.3336666666666666], [0.4505117095384014, null, 1.3538585858585857], [0.44400911432522194, null, 1.374050505050505], [0.43764738472768117, null, 1.394242424242424], [0.4314163926178993, null, 1.4144343434343434], [0.42530631804873475, null, 1.4346262626262625], [0.4193076014190284, null, 1.4548181818181818], [0.41341089554242755, null, 1.4750101010101009], [0.407607015861189, null, 1.49520202020202], [0.40188688597904815, null, 1.5153939393939393], [0.3962414801614408, null, 1.5355858585858584], [0.3906617576251512, null, 1.5557777777777777], [0.3851385896859556, null, 1.5759696969696968], [0.3796626772177573, null, 1.5961616161616161], [0.3742244522777728, null, 1.6163535353535352], [0.3688139618263924, null, 1.6365454545454543], [0.3634207277144758, null, 1.6567373737373736], [0.3580335699927818, null, 1.6769292929292927], [0.35264038860316477, null, 1.697121212121212], [0.3472278791788937, null, 1.7173131313131311], [0.3417811586445004, null, 1.7375050505050504], [0.33628326320417645, null, 1.7576969696969695], [0.3307144525910201, null, 1.7778888888888886], [0.32505122007530424, null, 1.798080808080808], [0.31926483636429337, null, 1.818272727272727], [0.31331912214505414, null, 1.8384646464646464], [0.30716686415183514, null, 1.8586565656565655], [0.3007437142421435, null, 1.8788484848484848], [0.29395693845960047, null, 1.8990404040404039], [0.2866623882566964, null, 1.9192323232323232], [0.27860954549243633, null, 1.9394242424242423], [0.26927295008792856, null, 1.9596161616161614], [0.25696029588327923, null, 1.9798080808080807], [1.0658141036401503e-14, null, 2.0]]}