{"dim": 3, "delta": 3.5, "mu_eff": 10, "dmu_eff": 1.9055555555555554, "C": -0.2594696251399773, "k_c": 50, "data": [[0.31047924316567765, 0.8794575167089825, 0.001], [0.3095280346663612, 0.8793442670249647, 0.07240816326530612], [0.30673192796255083, 0.8790100938268587, 0.14381632653061224], [0.3021068519071539, 0.8784531338622885, 0.21522448979591835], [0.2956762045809545, 0.8776702635998724, 0.2866326530612245], [0.2874660000169323, 0.8766569966781401, 0.3580408163265306], [0.2774974020388314, 0.8754073521587987, 0.4294489795918367], [0.2657757976624636, 0.8739136760280922, 0.5008571428571428], [0.25227499132385617, 0.8721663948247224, 0.572265306122449], [0.23691396549671354, 0.8701536754138862, 0.643673469387755], [0.21952092714373644, 0.8678610139277215, 0.7150816326530612], [0.19977204664936968, 0.8652705499015686, 0.7864897959183673], [0.1770707792611528, 0.8623602968107471, 0.8578979591836734], [0.1502593117399309, 0.8591029131058008, 0.9293061224489796], [0.11670551813167893, 0.8554639850669463, 1.0007142857142857], [0.06715921109519388, 0.851399443773534, 1.0721224489795917], [null, 0.8468515346312684, 1.1435306122448978], [null, 0.8417421819858512, 1.214938775510204], [null, 0.8359612922902797, 1.28634693877551], [null, 0.8293441016348884, 1.3577551020408163], [null, 0.8216209618568207, 1.4291632653061224], [null, 0.8122789415414352, 1.5005714285714284], [null, 0.7999634936797162, 1.5719795918367345], [null, 0.7767713403990941, 1.6433877551020406], [null, 0.7512678539081384, 1.7147959183673467], [null, 0.7278923774477469, 1.786204081632653], [null, 0.7063765184619943, 1.857612244897959], [null, 0.6864799421025543, 1.9290204081632651], [null, 0.6679884615206466, 2.0004285714285714], [null, 0.6507116814066072, 2.0718367346938775], [null, 0.6344804141947263, 2.1432448979591836], [null, 0.6191440313313676, 2.2146530612244897], [null, 0.604567847168941, 2.2860612244897958], [null, 0.5906305903567525, 2.357469387755102], [null, 0.5772219702311866, 2.428877551020408], [null, 0.5642403140511109, 2.500285714285714], [null, 0.5515902153659046, 2.57169387755102], [null, 0.5391800938154592, 2.643102040816326], [null, 0.5269195236806835, 2.7145102040816327], [null, 0.5147160642603349, 2.7859183673469388], [null, 0.5024712478506541, 2.857326530612245], [null, 0.49007500434040135, 2.928734693877551], [null, 0.47739729588433916, 3.000142857142857], [null, 0.4642744435315559, 3.071551020408163], [null, 0.4504846077665826, 3.142959183673469], [null, 0.435698556298913, 3.2143673469387752], [null, 0.4193643855001297, 3.2857755102040813], [null, 0.40036342733332625, 3.3571836734693874], [null, 0.3753170225397082, 3.4285918367346935], [null, -1.5543122344752192e-13, 3.5]]}