{"dim": 3, "delta": 2.5, "mu_eff": 10, "dmu_eff": 0.8341666666666667, "C": -0.33423854337288095, "k_c": 50, "data": [[0.7008261103401893, null, 0.001], [0.700813214531643, null, 0.026242424242424244], [0.7007764137948853, null, 0.05148484848484849], [0.7007156891639927, null, 0.07672727272727273], [0.7006310094077643, null, 0.10196969696969697], [0.7005223306909718, null, 0.12721212121212122], [0.7003895966413349, null, 0.15245454545454545], [0.70023273824345, null, 0.17769696969696971], [0.7000516735852785, null, 0.20293939393939395], [0.6998463073162615, null, 0.22818181818181818], [0.6996165322057311, null, 0.25342424242424244], [0.6993622254741525, null, 0.2786666666666667], [0.6990832517184484, null, 0.3039090909090909], [0.6987794604610571, null, 0.32915151515151514], [0.6984506876359448, null, 0.35439393939393943], [0.6980967533301053, null, 0.37963636363636366], [0.6977174623172737, null, 0.4048787878787879], [0.6973126032503945, null, 0.4301212121212121], [0.6968819481060652, null, 0.45536363636363636], [0.6964252514961459, null, 0.48060606060606065], [0.6959422499235367, null, 0.5058484848484849], [0.6954326619489857, null, 0.5310909090909091], [0.6948961847328357, null, 0.5563333333333333], [0.6943324967508836, null, 0.5815757575757576], [0.6937412534395356, null, 0.6068181818181818], [0.6931220883114386, null, 0.6320606060606061], [0.6924746106253145, null, 0.6573030303030303], [0.691798404755073, null, 0.6825454545454546], [0.6910930278511416, null, 0.7077878787878789], [0.6903580090461557, null, 0.733030303030303], [0.6895928474390435, null, 0.7582727272727273], [0.6887970098578325, null, 0.7835151515151515], [0.6879699292694895, null, 0.8087575757575758], [0.6871110019067379, null, 0.8340000000000001], [0.6862195850493505, null, 0.8592424242424243], [0.6852949932190214, null, 0.8844848484848485], [0.6843364979572754, null, 0.9097272727272727], [0.6833433209029148, null, 0.934969696969697], [0.682314629161989, null, 0.9602121212121213], [0.6812495352069718, null, 0.9854545454545455], [0.6801470891319565, null, 1.0106969696969696], [0.6790062729206817, null, 1.035939393939394], [0.6778259951017542, null, 1.061181818181818], [0.6766050837706923, null, 1.0864242424242423], [0.6753422775210651, null, 1.1116666666666666], [0.6740362175212165, null, 1.1369090909090909], [0.6726854365395583, null, 1.1621515151515152], [0.6712883474526883, null, 1.1873939393939392], [0.66984322834105, null, 1.2126363636363635], [0.6683482076241288, null, 1.2378787878787878], [0.6668012462542459, null, 1.263121212121212], [0.6652001126495957, null, 1.2883636363636364], [0.6635423613844278, null, 1.3136060606060604], [0.6618252986123504, null, 1.3388484848484847], [0.6600459482594052, null, 1.364090909090909], [0.6582010061315363, null, 1.3893333333333333], [0.6562867895068752, null, 1.4145757575757576], [0.6542991650206572, null, 1.4398181818181817], [0.6522334727993329, null, 1.465060606060606], [0.6500844202177787, null, 1.4903030303030302], [0.6478459504611225, null, 1.5155454545454545], [0.6455110721199708, null, 1.5407878787878788], [0.643071633619353, null, 1.5660303030303029], [0.640518019739858, null, 1.5912727272727272], [0.637838732501976, null, 1.6165151515151515], [0.6350197961841691, null, 1.6417575757575757], [0.6320438829578842, null, 1.667], [0.628888971932392, null, 1.692242424242424], [0.6255261818293535, null, 1.7174848484848484], [0.6219160132483001, null, 1.7427272727272727], [0.6180011873283652, null, 1.767969696969697], [0.6136909305404403, null, 1.7932121212121213], [0.6088173663119756, null, 1.8184545454545453], [0.6029237776382964, null, 1.8436969696969696], [0.5947033882557132, null, 1.868939393939394], [0.5863738017725058, null, 1.8941818181818182], [0.5781328305670903, null, 1.9194242424242425], [0.5699696306101055, null, 1.9446666666666665], [0.5618730400125792, null, 1.9699090909090908], [0.5538314664904712, null, 1.9951515151515151], [0.5458327517624868, null, 2.0203939393939394], [0.537864005458045, null, 2.0456363636363637], [0.5299113991492646, null, 2.070878787878788], [0.52195990428065, null, 2.0961212121212123], [0.5139929573385871, null, 2.121363636363636], [0.5059920189011452, null, 2.1466060606060604], [0.49793598416374124, null, 2.1718484848484847], [0.4898003750355259, null, 2.197090909090909], [0.4815562036794774, null, 2.2223333333333333], [0.47316832425068295, null, 2.2475757575757576], [0.4645929548665385, null, 2.272818181818182], [0.45577378694806586, null, 2.298060606060606], [0.44663554007303863, null, 2.3233030303030304], [0.43707252917496797, null, 2.3485454545454547], [0.4269264541485206, null, 2.3737878787878786], [0.4159373618535288, null, 2.399030303030303], [0.403611768514839, null, 2.424272727272727], [0.3887124318957238, null, 2.4495151515151514], [0.3492706583291934, null, 2.4747575757575757], [-2.5757174171303632e-14, null, 2.5]]}