{"dim": 3, "delta": 6, "mu_eff": 10, "dmu_eff": 3.0, "C": -0.1414566597248248, "k_c": 50, "data": [[0.29817068738251107, 1.4017668210852, 0.001], [0.29555278981558947, 1.401588521824844, 0.12342857142857143], [0.28769720813825156, 1.4010583050399923, 0.24585714285714286], [0.27431877843328645, 1.400173013172988, 0.36828571428571427], [0.2548277375836062, 1.3989272929905554, 0.4907142857142857], [0.2280629532767127, 1.3973134345900904, 0.6131428571428571], [0.19154627584098766, 1.3953211310133091, 0.7355714285714285], [0.13855271711157752, 1.3929371381789573, 0.858], [null, 1.390144807571538, 0.9804285714285714], [null, 1.3869234395279098, 1.1028571428571428], [null, 1.3832474498525196, 1.225285714285714], [null, 1.3790850739042575, 1.3477142857142856], [null, 1.3743967350741768, 1.470142857142857], [null, 1.369132521214879, 1.5925714285714285], [null, 1.3632284692019088, 1.7149999999999999], [null, 1.3566007617293228, 1.8374285714285714], [null, 1.349136160587446, 1.9598571428571427], [null, 1.3406751029236406, 2.0822857142857143], [null, 1.3309787952755687, 2.2047142857142856], [null, 1.3196553982000145, 2.327142857142857], [null, 1.305950546624375, 2.4495714285714283], [null, 1.287731376203626, 2.572], [null, 1.256851808629041, 2.6944285714285714], [null, 1.2260273592237196, 2.8168571428571427], [null, 1.1970904155223328, 2.939285714285714], [null, 1.1698303047588552, 3.0617142857142854], [null, 1.1440540949830778, 3.184142857142857], [null, 1.1195852181403962, 3.3065714285714285], [null, 1.0962617229099632, 3.429], [null, 1.0739348101411157, 3.551428571428571], [null, 1.0524670574411858, 3.673857142857143], [null, 1.0317307156667925, 3.7962857142857143], [null, 1.0116059457595832, 3.9187142857142856], [null, 0.9919789884736909, 4.041142857142858], [null, 0.9727402175710854, 4.163571428571429], [null, 0.9537819954310877, 4.2860000000000005], [null, 0.9349962047446396, 4.408428571428572], [null, 0.9162712594661865, 4.530857142857143], [null, 0.8974882777527428, 4.6532857142857145], [null, 0.8785158996354339, 4.775714285714286], [null, 0.8592028298514508, 4.898142857142857], [null, 0.8393664592211609, 5.0205714285714285], [null, 0.8187742680360541, 5.143000000000001], [null, 0.7971109858797546, 5.265428571428572], [null, 0.7739145800836111, 5.387857142857143], [null, 0.7484334095815239, 5.510285714285715], [null, 0.7192338524707791, 5.632714285714286], [null, 0.6826072980520218, 5.755142857142857], [null, 0.575640767046949, 5.877571428571429], [null, -3.488764832582092e-12, 6.0]]}