{"dim": 3, "delta": 5, "mu_eff": 10, "dmu_eff": 3.1666666666666665, "C": -0.18109101514056913, "k_c": 50, "data": [[0.7146431217690012, 1.092845039327925, 0.001], [0.7121554963841245, 1.0925094083938613, 0.1030204081632653], [0.7104580901579836, 1.0915084266139843, 0.2050408163265306], [0.7089295834908798, 1.0898206095649237, 0.3070612244897959], [0.7074710440290385, 1.0874077453860143, 0.4090816326530612], [0.706063684752541, 1.0842104896060618, 0.5111020408163265], [0.7047181709003049, 1.0801405050117474, 0.6131224489795918], [0.7034672178714539, 1.0750663196134231, 0.7151428571428571], [0.7023703226831741, 1.068786380811899, 0.8171632653061224], [0.70153043794745, 1.06097225803866, 0.9191836734693877], [0.7011316260577015, 1.0510279705142491, 1.0212040816326529], [0.7015335935422014, 1.0376284889263345, 1.123224489795918], [0.7035537493577539, 1.0156448410172423, 1.2252448979591835]]}