{"dim": 3, "delta": 1.25, "mu_eff": 10, "dmu_eff": 0.7916666666666666, "C": -0.4898160746313178, "k_c": 50, "data": [[0.16944236802483378, 0.3186119934616483, 0.001], [0.16886373377247774, 0.3185528431244456, 0.02648979591836735], [0.16702630930815524, 0.3183835154402204, 0.0519795918367347], [0.16491659957066093, 0.3181025951979431, 0.07746938775510205], [0.16282180451846695, 0.31770768286842244, 0.1029591836734694], [0.16066240872726717, 0.31719529249684664, 0.12844897959183676], [0.15838636744208634, 0.3165606949077064, 0.1539387755102041], [0.15594935683891595, 0.3157976884354028, 0.17942857142857144], [0.15330690697161622, 0.3148982692028941, 0.2049183673469388], [0.1504099650153388, 0.3138521539955732, 0.23040816326530617], [0.14720158301857134, 0.31264608015516127, 0.25589795918367353], [0.1436140300327386, 0.31126274649711183, 0.28138775510204084], [0.13956632277470402, 0.3096791556940429, 0.3068775510204082], [0.13496278879529106, 0.3078638836602645, 0.33236734693877557], [0.12969412302335773, 0.3057722826715491, 0.3578571428571429], [0.12364354737585274, 0.3033372833814053, 0.38334693877551024], [0.11670168592476637, 0.30044942691755994, 0.4088367346938776], [0.10879309896895019, 0.2969043771078458, 0.43432653061224497], [0.09991263883115395, 0.29220672233704714, 0.45981632653061233], [0.09015985389015563, 0.28209476434260194, 0.48530612244897964], [0.07975157693312919, 0.26236007930862243, 0.5107959183673471], [0.06899845881366792, 0.2463185716535873, 0.5362857142857144], [0.05825262687059795, 0.23328364286635908, 0.5617755102040817], [0.047851461255812154, 0.2226300349447042, 0.5872653061224491], [0.0370652325447849, 0.21382623175090054, 0.6127551020408164], [0.019211760130879205, 0.20644335948691556, 0.6382448979591837], [null, 0.20014712150428413, 0.6637346938775511], [null, 0.19468175237229227, 0.6892244897959184], [null, 0.189853113223423, 0.7147142857142857], [null, 0.18551363963828657, 0.7402040816326532], [null, 0.1815503799919982, 0.7656938775510205], [null, 0.17787587744843464, 0.7911836734693879], [null, 0.17442138729786694, 0.8166734693877552], [null, 0.17113186806179778, 0.8421632653061225], [null, 0.16796226875224257, 0.8676530612244899], [null, 0.16487473539288525, 0.8931428571428572], [null, 0.16183645300492494, 0.9186326530612247], [null, 0.15881790380538163, 0.944122448979592], [null, 0.1557913659252517, 0.9696122448979593], [null, 0.1527294944248904, 0.9951020408163267], [null, 0.14960380842887283, 1.020591836734694], [null, 0.14638287542615297, 1.0460816326530613], [null, 0.14302979012460254, 1.0715714285714286], [null, 0.13949834245366377, 1.097061224489796], [null, 0.13572652729578105, 1.1225510204081632], [null, 0.13162392978700418, 1.1480408163265305], [null, 0.127044451055787, 1.173530612244898], [null, 0.12171272541557711, 1.1990204081632654], [null, 0.11494083777633665, 1.2245102040816327], [null, -7.225331444260519e-13, 1.25]]}