{"dim": 3, "delta": 0.5, "mu_eff": 10, "dmu_eff": 0.35, "C": -0.6968588790391586, "k_c": 50, "data": [[0.07958426949659399, 0.12064107866959635, 0.001], [0.08003788338777763, 0.12059677546162263, 0.011183673469387756], [0.08059284162470311, 0.12047757476929842, 0.02136734693877551], [0.08114555745447669, 0.1202811152953611, 0.031551020408163266], [0.08174872646198329, 0.12000330002304968, 0.04173469387755102], [0.08243919204390694, 0.11963786249380272, 0.051918367346938776], [0.08325650760880177, 0.1191756111964409, 0.06210204081632653], [0.08425219841293591, 0.1186031111865207, 0.07228571428571429], [0.08550104534915828, 0.11790027023268798, 0.08246938775510204], [0.08712148479682767, 0.11703554042979518, 0.0926530612244898], [0.0893205654230241, 0.11595508467069231, 0.10283673469387755], [0.09251469627459384, 0.1145527855123529, 0.1130204081632653], [0.09777364211676648, 0.11254829553863592, 0.12320408163265306]]}