{"dim": 3, "delta": 2.5, "mu_eff": 10, "dmu_eff": 1.111388888888889, "C": -0.33423854337288095, "k_c": 50, "data": [[0.6795187041025696, null, 0.001], [0.6795032676313487, null, 0.026242424242424244], [0.6794592123454549, null, 0.05148484848484849], [0.6793865073511431, null, 0.07672727272727273], [0.6792850995260864, null, 0.10196969696969697], [0.6791549150945497, null, 0.12721212121212122], [0.6789958569950328, null, 0.15245454545454545], [0.678807815198996, null, 0.17769696969696971], [0.6785906423312279, null, 0.20293939393939395], [0.6783441808100793, null, 0.22818181818181818], [0.6780682481179832, null, 0.25342424242424244], [0.6777626329907405, null, 0.2786666666666667], [0.6774271051353038, null, 0.3039090909090909], [0.677061401316322, null, 0.32915151515151514], [0.6766652413985058, null, 0.35439393939393943], [0.6762383112773173, null, 0.37963636363636366], [0.6757802695560606, null, 0.4048787878787879], [0.6752907445086418, null, 0.4301212121212121], [0.674769332055235, null, 0.45536363636363636], [0.6742155964419437, null, 0.48060606060606065], [0.6736290635495504, null, 0.5058484848484849], [0.6730092231979856, null, 0.5310909090909091], [0.6723555246044026, null, 0.5563333333333333], [0.6716673743025819, null, 0.5815757575757576], [0.6709441326039408, null, 0.6068181818181818], [0.6701851106657614, null, 0.6320606060606061], [0.6693895665781974, null, 0.6573030303030303], [0.6685566949638503, null, 0.6825454545454546], [0.6676856527049042, null, 0.7077878787878789], [0.6667754924724242, null, 0.733030303030303], [0.6658252180023303, null, 0.7582727272727273], [0.6648337463660409, null, 0.7835151515151515], [0.6637999060287081, null, 0.8087575757575758], [0.6627224283743233, null, 0.8340000000000001], [0.6615999371190034, null, 0.8592424242424243], [0.6604309364710595, null, 0.8844848484848485], [0.6592137977880312, null, 0.9097272727272727], [0.6579467429412372, null, 0.934969696969697], [0.6566278266500672, null, 0.9602121212121213], [0.6552549141614288, null, 0.9854545454545455], [0.6538256551972321, null, 1.0106969696969696], [0.6523374537750298, null, 1.035939393939394], [0.650787430904395, null, 1.061181818181818], [0.6491723807093509, null, 1.0864242424242423], [0.6474887146317551, null, 1.1116666666666666], [0.6457323956210009, null, 1.1369090909090909], [0.6438988537445375, null, 1.1621515151515152], [0.641982880465981, null, 1.1873939393939392], [0.639978493998876, null, 1.2126363636363635], [0.637878761611583, null, 1.2378787878787878], [0.6356755678766299, null, 1.263121212121212], [0.6333592986279394, null, 1.2883636363636364], [0.6309184025660013, null, 1.3136060606060604], [0.6283387664500318, null, 1.3388484848484847], [0.6256027934202737, null, 1.364090909090909], [0.6226879786755528, null, 1.3893333333333333], [0.6195645915067083, null, 1.4145757575757576], [0.6161916309189988, null, 1.4398181818181817], [0.6125090559123989, null, 1.465060606060606], [0.6084205606638412, null, 1.4903030303030302], [0.6037453444993646, null, 1.5155454545454545], [0.5979828383281895, null, 1.5407878787878788], [0.5895423225810068, null, 1.5660303030303029], [0.5810326261255702, null, 1.5912727272727272], [0.5727339756657784, null, 1.6165151515151515], [0.5646332647982788, null, 1.6417575757575757], [0.5567179142911652, null, 1.667], [0.548975784878369, null, 1.692242424242424], [0.5413951426614031, null, 1.7174848484848484], [0.5339646141481238, null, 1.7427272727272727], [0.5266731410248549, null, 1.767969696969697], [0.5195099328449488, null, 1.7932121212121213], [0.5124644177862534, null, 1.8184545454545453], [0.5055261893892059, null, 1.8436969696969696], [0.4986849513894655, null, 1.868939393939394], [0.4919304553082077, null, 1.8941818181818182], [0.48525243324193806, null, 1.9194242424242425], [0.47864052110807537, null, 1.9446666666666665], [0.4720841706185762, null, 1.9699090909090908], [0.4655725480299129, null, 1.9951515151515151], [0.4590944128108519, null, 2.0203939393939394], [0.4526379729680679, null, 2.0456363636363637], [0.4461907071029305, null, 2.070878787878788], [0.4397391402249633, null, 2.0961212121212123], [0.4332685637306567, null, 2.121363636363636], [0.4267626652183415, null, 2.1466060606060604], [0.4202030429653791, null, 2.1718484848484847], [0.41356854669755017, null, 2.197090909090909], [0.40683431883990273, null, 2.2223333333333333], [0.39997066865383335, null, 2.2475757575757576], [0.3929407330361428, null, 2.272818181818182], [0.38569783351018233, null, 2.298060606060606], [0.3781803664414638, null, 2.3233030303030304], [0.3703033197266043, null, 2.3485454545454547], [0.36194224033524336, null, 2.3737878787878786], [0.3528994294392641, null, 2.399030303030303], [0.34281950457634125, null, 2.424272727272727], [0.33090763120923505, null, 2.4495151515151514], [0.31396981064463125, null, 2.4747575757575757], [3.552713678800501e-14, null, 2.5]]}