{"dim": 3, "delta": 10.5, "mu_eff": 10, "dmu_eff": 5.716666666666667, "C": -0.021593549162401526, "k_c": 50, "data": [[1.2487229455886077, 1.964332530898849, 0.001], [1.242640422271558, 1.963648504456249, 0.21526530612244898], [1.2245456489880298, 1.9615888182209071, 0.42953061224489797], [1.1945833139016508, 1.958089985828416, 0.643795918367347], [1.1606596940205511, 1.9530352639682567, 0.8580612244897959], [1.1231494722606234, 1.9462333533840979, 1.0723265306122447], [1.0813032128290279, 1.9373749724020375, 1.2865918367346938], [1.0346548055439413, 1.925937027149191, 1.500857142857143], [0.9830366298790387, 1.9109308732170143, 1.7151224489795918], [0.926609680155956, 1.8899605625066511, 1.9293877551020406], [0.8658580494689864, 1.847722426932373, 2.1436530612244895], [0.8015324340742217, 1.7916467517878856, 2.357918367346939], [0.7345577296536296, 1.743539922200488, 2.5721836734693877], [0.6652979622309981, 1.702101363651454, 2.7864489795918366], [0.5846596312103979, 1.6661640397185298, 3.000714285714286], [0.4873428602561385, 1.6347176173096372, 3.2149795918367348], [0.36127010554035793, 1.606911310693594, 3.4292448979591836], [0.14545769555282922, 1.5820422236875797, 3.6435102040816325], [null, 1.5595362882991475, 3.8577755102040814], [null, 1.5389271851398942, 4.072040816326531], [null, 1.5198363402016244, 4.28630612244898], [null, 1.5019554869115375, 4.500571428571429], [null, 1.4850321015823318, 4.714836734693878], [null, 1.4688575776002828, 4.929102040816327], [null, 1.4532577701003597, 5.143367346938776], [null, 1.4380854583119358, 5.357632653061225], [null, 1.4232143401976118, 5.571897959183674], [null, 1.408534210732293, 5.786163265306123], [null, 1.3939470293266731, 6.000428571428572], [null, 1.379363660374919, 6.214693877551021], [null, 1.3647010628286713, 6.42895918367347], [null, 1.3498797962266813, 6.6432244897959185], [null, 1.3348216625315608, 6.857489795918368], [null, 1.3194473476820106, 7.071755102040817], [null, 1.3036738893635962, 7.286020408163266], [null, 1.2874117618421723, 7.500285714285715], [null, 1.2705612897913898, 7.714551020408163], [null, 1.2530079614726488, 7.928816326530613], [null, 1.234615955893772, 8.143081632653061], [null, 1.2152187212215848, 8.35734693877551], [null, 1.1946045052429408, 8.571612244897958], [null, 1.1724927760873756, 8.785877551020407], [null, 1.148492978526516, 9.000142857142857], [null, 1.122025548511096, 9.214408163265306], [null, 1.0921505126655682, 9.428673469387755], [null, 1.057117736570596, 9.642938775510205], [null, 1.012702261877839, 9.857204081632652], [null, 0.9237285304878179, 10.071469387755101], [null, 0.6534268511243992, 10.28573469387755], [null, -8.881784197001252e-15, 10.5]]}