{"dim": 3, "delta": 0.75, "mu_eff": 10, "dmu_eff": 0.39166666666666666, "C": -0.605144141797342, "k_c": 50, "data": [[0.04365175182931297, 0.2065638270428604, 0.001], [0.04339434934072372, 0.2065400369944455, 0.016285714285714285], [0.0426777814971371, 0.20647408644306017, 0.03157142857142857], [0.041490128055294756, 0.2063657332980195, 0.04685714285714286], [0.0398087813813139, 0.2062145758406882, 0.062142857142857146], [0.03759476922394758, 0.20602004533021484, 0.07742857142857143], [0.03478148740192507, 0.2057813953227962, 0.09271428571428572], [0.03125068006522671, 0.20549768704375096, 0.108], [0.02677283095306339, 0.20516777030309577, 0.12328571428571429], [0.020812889337607613, 0.2047902587875351, 0.13857142857142857], [0.011339624319676334, 0.2043634987176271, 0.15385714285714286], [null, 0.2038855284193855, 0.16914285714285715], [null, 0.2033540267739911, 0.18442857142857144], [null, 0.20276624677450214, 0.19971428571428573], [null, 0.20211892844436113, 0.215], [null, 0.20140818420937232, 0.2302857142857143], [null, 0.2006293444702507, 0.24557142857142858], [null, 0.19977674590010872, 0.26085714285714284], [null, 0.19884343400009885, 0.27614285714285713], [null, 0.19782073282049092, 0.2914285714285714], [null, 0.1966976000871222, 0.3067142857142857], [null, 0.19545961888531724, 0.322], [null, 0.19408732864455264, 0.3372857142857143], [null, 0.19255326590188007, 0.3525714285714286], [null, 0.19081617595427333, 0.3678571428571429], [null, 0.188807989261712, 0.3831428571428572], [null, 0.1863969743858723, 0.39842857142857147], [null, 0.18321715145150047, 0.4137142857142857], [null, 0.177222242219042, 0.429], [null, 0.17089994001303316, 0.4442857142857143], [null, 0.16507946745049723, 0.4595714285714286], [null, 0.15968978990305338, 0.47485714285714287], [null, 0.1546694306458813, 0.49014285714285716], [null, 0.149964861501177, 0.5054285714285714], [null, 0.14552910985996156, 0.5207142857142857], [null, 0.14132054274397343, 0.536], [null, 0.13730178200406593, 0.5512857142857143], [null, 0.1334387082871816, 0.5665714285714286], [null, 0.1296995025101928, 0.5818571428571429], [null, 0.1260536642235499, 0.5971428571428572], [null, 0.12247091429600011, 0.6124285714285714], [null, 0.11891984664412765, 0.6277142857142858], [null, 0.11536608479942319, 0.643], [null, 0.11176948612959656, 0.6582857142857143], [null, 0.10807942332877274, 0.6735714285714286], [null, 0.10422585330807754, 0.6888571428571428], [null, 0.10009983980175097, 0.7041428571428572], [null, 0.09550152871831663, 0.7194285714285714], [null, 0.08994117412619906, 0.7347142857142858], [null, -8.209433133288258e-12, 0.75]]}