{"dim": 3, "delta": 0.75, "mu_eff": 10, "dmu_eff": 0.45833333333333326, "C": -0.605144141797342, "k_c": 50, "data": [[0.09343202070749922, 0.19653387543381787, 0.001], [0.09317743742788596, 0.19650125552495595, 0.016285714285714285], [0.09246789704207567, 0.19641073807047577, 0.03157142857142857], [0.09127915054732227, 0.19626173644629932, 0.04685714285714286], [0.08953708534660566, 0.1960532681530084, 0.062142857142857146], [0.08765310969334247, 0.19578392263485195, 0.07742857142857143], [0.08568309541127532, 0.1954518125273589, 0.09271428571428572], [0.08359411257820258, 0.19505450510409772, 0.108], [0.08135638164086136, 0.1945889269947901, 0.12328571428571429], [0.07894063258283603, 0.1940512320175002, 0.13857142857142857], [0.07631698441061618, 0.19343661865462933, 0.15385714285714286], [0.0734548019713206, 0.19273907204527294, 0.16914285714285715], [0.07032348561367215, 0.1919509925104594, 0.18442857142857144], [0.06689436429826251, 0.19106264495629605, 0.19971428571428573], [0.06314392344765155, 0.19006131260773848, 0.215], [0.05905847048025812, 0.1889299311761831, 0.2302857142857143], [0.054639937460111865, 0.18764475364733715, 0.24557142857142858], [0.04991184557554644, 0.1861710151759619, 0.26085714285714284], [0.04492371909908927, 0.18445396542326684, 0.27614285714285713], [0.039751973262627034, 0.18239689073870702, 0.2914285714285714], [0.03449602061973175, 0.17978963925782254, 0.3067142857142857], [0.02872908216996184, 0.17580882986553883, 0.322], [0.020927116428520614, 0.16621122793299328, 0.3372857142857143], [0.006375862014900924, 0.15771885124039903, 0.3525714285714286], [null, 0.15047525943524925, 0.3678571428571429], [null, 0.14424460046657064, 0.3831428571428572], [null, 0.1388328721900793, 0.39842857142857147], [null, 0.13408232905469084, 0.4137142857142857], [null, 0.1298655803763177, 0.429], [null, 0.12608001053165147, 0.4442857142857143], [null, 0.12264286195691548, 0.4595714285714286], [null, 0.11948709577914812, 0.47485714285714287], [null, 0.11655800479671424, 0.49014285714285716], [null, 0.1138104876697171, 0.5054285714285714], [null, 0.11120686658726643, 0.5207142857142857], [null, 0.10871513535927506, 0.536], [null, 0.10630753039603032, 0.5512857142857143], [null, 0.10395933330476836, 0.5665714285714286], [null, 0.10164781392420559, 0.5818571428571429], [null, 0.09935123354449166, 0.5971428571428572], [null, 0.09704780096954678, 0.6124285714285714], [null, 0.09471444663096304, 0.6277142857142858], [null, 0.09232519315926337, 0.643], [null, 0.08984871321332356, 0.6582857142857143], [null, 0.08724423108843361, 0.6735714285714286], [null, 0.08445378205587682, 0.6888571428571428], [null, 0.08138536479000023, 0.7041428571428572], [null, 0.07786808152935783, 0.7194285714285714], [null, 0.07348166685345839, 0.7347142857142858], [null, -2.0251356147582555e-11, 0.75]]}