{"dim": 3, "delta": 4.5, "mu_eff": 10, "dmu_eff": 2.85, "C": -0.2041334864392912, "k_c": 50, "data": [[0.6382814410862232, 1.0087348970502863, 0.001], [0.6349217639729793, 1.0084588586229233, 0.09281632653061224], [0.6319727497997344, 1.0076377450487233, 0.18463265306122448], [0.6292360806108621, 1.0062569481491663, 0.27644897959183673], [0.6264939909948201, 1.0042908078055566, 0.36826530612244895], [0.6236539865223697, 1.0017001960035141, 0.4600816326530612], [0.6206526798610116, 0.9984283948509538, 0.5518979591836735], [0.6174298327844085, 0.9943941307675117, 0.6437142857142857], [0.6139145454580186, 0.9894793610890197, 0.7355306122448979], [0.6100115969401212, 0.983506438620067, 0.8273469387755101], [0.605581449154044, 0.9761908546743517, 0.9191632653061224], [0.600405159601306, 0.9670269958301969, 1.0109795918367346], [0.594116828863843, 0.9549286020464837, 1.1027959183673468], [0.5860656945304624, 0.9361320649019307, 1.194612244897959], [0.5750295791888949, 0.8649434844831717, 1.2864285714285713], [0.5586849566889805, 0.7879956229832317, 1.3782448979591835], [0.5331885994274516, 0.7255766032455196, 1.4700612244897957], [0.4950699869936219, 0.6810642388020208, 1.561877551020408], [0.4459133067760999, 0.6528159565831501, 1.6536938775510202], [0.3914564243944176, 0.6350573253166922, 1.7455102040816324], [0.2836873987858297, 0.6138685233370492, 1.9291428571428568], [0.23434387091502523, 0.6064262389006845, 2.0209591836734693], [0.1891422166091583, 0.599935050888417, 2.1127755102040813], [0.14843676946781836, 0.5940052858261218, 2.2045918367346937], [0.10057029201013583, 0.5884055523935302, 2.2964081632653057], [null, 0.5829894921319566, 2.388224489795918], [null, 0.5776588732268266, 2.48004081632653], [null, 0.5723438706738225, 2.5718571428571426], [null, 0.5669919315587023, 2.6636734693877546], [null, 0.5615611404730637, 2.755489795918367], [null, 0.5560160436118945, 2.847306122448979], [null, 0.5503248541586757, 2.9391224489795915], [null, 0.5444574442786281, 3.030938775510204], [null, 0.5383837455275389, 3.122755102040816], [null, 0.532072353337947, 3.2145714285714284], [null, 0.5254891218518857, 3.3063877551020404], [null, 0.5185956037721324, 3.398204081632653], [null, 0.5113471220148643, 3.490020408163265], [null, 0.5036902176534399, 3.5818367346938773], [null, 0.4955590307558107, 3.6736530612244893], [null, 0.4868698882547362, 3.7654693877551018], [null, 0.4775127345620144, 3.8572857142857138], [null, 0.467336673714915, 3.949102040816326], [null, 0.456123595326522, 4.040918367346939], [null, 0.4435348355558132, 4.132734693877551], [null, 0.42898607467206357, 4.224551020408163], [null, 0.4112752043624612, 4.316367346938775], [null, 0.3867710663107209, 4.408183673469388], [null, 2.4008883769965905e-10, 4.5]]}