{"dim": 3, "delta": 5.5, "mu_eff": 10, "dmu_eff": 2.8722222222222222, "C": -0.16033315992328445, "k_c": 50, "data": [[0.4198986154759362, 1.2942048317185275, 0.001], [0.41816953565564824, 1.2940293556966054, 0.11322448979591836], [0.41304315761887206, 1.2935079516047219, 0.2254489795918367], [0.4045168805836581, 1.2926372515957316, 0.33767346938775505], [0.3925742809250514, 1.2914115373939954, 0.4498979591836734], [0.3771653614323951, 1.2898225539516768, 0.5621224489795917], [0.3581745461381425, 1.2878592286376853, 0.6743469387755101], [0.335368762681933, 1.2855072711852131, 0.7865714285714285], [0.3083075142505491, 1.282748618934084, 0.8987959183673468], [0.2761676083417825, 1.2795606692349764, 1.011020408163265], [0.2373371543477487, 1.2759152124050877, 1.1232448979591834], [0.18819455071282198, 1.2717769246895811, 1.2354693877551017], [0.11698470818629261, 1.2671010850946076, 1.34769387755102], [null, 1.2618308841974217, 1.4599183673469385], [null, 1.255891330162385, 1.5721428571428568], [null, 1.249182210472521, 1.6843673469387752], [null, 1.2415634441564158, 1.7965918367346936], [null, 1.2328284867726151, 1.908816326530612], [null, 1.2226469521447207, 2.02104081632653], [null, 1.2104142535398195, 2.1332653061224485], [null, 1.1946681025319714, 2.245489795918367], [null, 1.167287644219669, 2.357714285714285], [null, 1.1353885986416619, 2.4699387755102036], [null, 1.1057892700017151, 2.582163265306122], [null, 1.0782263423738279, 2.6943877551020403], [null, 1.0524598137282912, 2.8066122448979587], [null, 1.0282717472972753, 2.918836734693877], [null, 1.0054646651492876, 3.0310612244897954], [null, 0.9838596973596846, 3.143285714285714], [null, 0.9632945919402504, 3.255510204081632], [null, 0.9436216585074745, 3.3677346938775505], [null, 0.9247056927591775, 3.479959183673469], [null, 0.9064218991293588, 3.5921836734693873], [null, 0.8886538101571108, 3.7044081632653056], [null, 0.8712911439356201, 3.816632653061224], [null, 0.854227570973958, 3.9288571428571424], [null, 0.8373582456276645, 4.041081632653061], [null, 0.8205769494760747, 4.15330612244898], [null, 0.8037725864052684, 4.2655306122448975], [null, 0.7868245842264989, 4.377755102040816], [null, 0.7695964685384779, 4.489979591836734], [null, 0.7519262710805673, 4.602204081632653], [null, 0.7336111824109557, 4.714428571428571], [null, 0.7143810128889028, 4.82665306122449], [null, 0.6938477394612673, 4.938877551020408], [null, 0.6713966866025962, 5.0511020408163265], [null, 0.6459034439510002, 5.1633265306122444], [null, 0.6147089255305394, 5.275551020408163], [null, 0.5623883279818355, 5.387775510204081], [null, -3.6060043839825084e-13, 5.5]]}