{"dim": 3, "delta": 9.5, "mu_eff": 10, "dmu_eff": 4.961111111111111, "C": -0.04287314854437296, "k_c": 50, "data": [[0.9074996403972971, 1.8998799741272596, 0.001], [0.9037137321400287, 1.8994640642989957, 0.19485714285714287], [0.892525080848769, 1.898218744651689, 0.38871428571428573], [0.8741885017141853, 1.896125413923903, 0.5825714285714286], [0.8490680519817985, 1.893151566840873, 0.7764285714285715], [0.8175565607183846, 1.8892481774006804, 0.9702857142857143], [0.7799769527156822, 1.8843453202795108, 1.1641428571428571], [0.7364711268328847, 1.878344983863115, 1.3579999999999999], [0.6868748674896514, 1.8711089635113, 1.5518571428571428], [0.6305586201762539, 1.8624374198790339, 1.7457142857142858], [0.566164729532701, 1.8520275008631013, 1.9395714285714285], [0.4910309987488429, 1.8393826586826922, 2.1334285714285715], [0.39955201543674707, 1.8235676870984932, 2.3272857142857144], [0.27631637264115705, 1.802189545342288, 2.5211428571428574], [null, 1.763148424422853, 2.715], [null, 1.7211647952373335, 2.908857142857143], [null, 1.683040166288455, 3.1027142857142858], [null, 1.6482538870075218, 3.2965714285714287], [null, 1.616345198047755, 3.4904285714285717], [null, 1.5869087896041891, 3.684285714285714], [null, 1.559589732228875, 3.878142857142857], [null, 1.5340780721037748, 4.072000000000001], [null, 1.5101033903982028, 4.2658571428571435], [null, 1.4874295626478005, 4.459714285714286], [null, 1.4658498705729897, 4.653571428571429], [null, 1.4451825443022457, 4.847428571428572], [null, 1.4252667504888339, 5.041285714285715], [null, 1.4059590360316676, 5.235142857142858], [null, 1.387130094081175, 5.429], [null, 1.3686619352163694, 5.622857142857144], [null, 1.3504452460444396, 5.816714285714286], [null, 1.33237694103335, 6.01057142857143], [null, 1.314357783261894, 6.204428571428572], [null, 1.2962899730770303, 6.398285714285715], [null, 1.2780745636804167, 6.592142857142858], [null, 1.2596085237971184, 6.7860000000000005], [null, 1.2407811861224778, 6.979857142857144], [null, 1.2214696876931235, 7.173714285714286], [null, 1.2015327699510014, 7.367571428571429], [null, 1.1808018665767248, 7.561428571428572], [null, 1.1590675496537393, 7.755285714285715], [null, 1.1360576114238683, 7.949142857142858], [null, 1.1113989901973138, 8.143], [null, 1.0845453691550162, 8.336857142857143], [null, 1.054621459933985, 8.530714285714286], [null, 1.0200199640028471, 8.724571428571428], [null, 0.9769508647849943, 8.91842857142857], [null, 0.9007209856230338, 9.112285714285715], [null, 0.6370512561406192, 9.306142857142857], [null, 2.5059954111839033e-12, 9.5]]}