{"dim": 3, "delta": 4, "mu_eff": 10, "dmu_eff": 2.3555555555555556, "C": -0.2300055717506968, "k_c": 50, "data": [[0.4800017583943425, 0.9567842267993092, 0.001], [0.4786687166638186, 0.9566203089592862, 0.08261224489795918], [0.4747287871886205, 0.9561349928742943, 0.16422448979591836], [0.4681388549747024, 0.9553240575644979, 0.24583673469387754], [0.45851669891733643, 0.9541802917467023, 0.3274489795918367], [0.4473626194337397, 0.9526931748502532, 0.40906122448979587], [0.4355746537687303, 0.9508483847646427, 0.4906734693877551], [0.42295591242720304, 0.9486270735784111, 0.5722857142857143], [0.4093320416234183, 0.9460048167181482, 0.6538979591836734], [0.3945405225458908, 0.9429500796145297, 0.7355102040816326], [0.3784303100231087, 0.9394219377209686, 0.8171224489795917], [0.3608686731850323, 0.9353665809097509, 0.898734693877551], [0.3417542087898164, 0.9307117287107142, 0.9803469387755102], [0.32103497815534876, 0.9253571962301327, 1.0619591836734692], [0.29872949847698815, 0.9191577300969143, 1.1435714285714285], [0.2749464860381064, 0.9118883917413426, 1.2251836734693875], [0.24989784384283556, 0.90316326662807, 1.3067959183673468], [0.2238996609503305, 0.892189096577693, 1.388408163265306], [0.1972093104516537, 0.8764074539506133, 1.470020408163265], [0.16536135598581408, 0.8417083741379106, 1.5516326530612243], [0.12419963086883852, 0.808028048847665, 1.6332448979591834], [0.05731969575047731, 0.7783415584668263, 1.7148571428571426], [null, 0.7520861179754471, 1.796469387755102], [null, 0.7287480635054551, 1.878081632653061], [null, 0.7078712246750882, 1.9596938775510202], [null, 0.6890586395347514, 2.0413061224489795], [null, 0.671969759621033, 2.1229183673469385], [null, 0.656314917724627, 2.2045306122448975], [null, 0.6418488467480974, 2.286142857142857], [null, 0.6283639237860955, 2.367755102040816], [null, 0.6156838550208177, 2.449367346938775], [null, 0.6036580146469772, 2.5309795918367346], [null, 0.5921564808726704, 2.6125918367346936], [null, 0.581065739837426, 2.6942040816326527], [null, 0.5702849492037385, 2.775816326530612], [null, 0.5597226293305535, 2.857428571428571], [null, 0.5492936301917066, 2.9390408163265302], [null, 0.5389161961125098, 3.0206530612244897], [null, 0.5285089150202972, 3.1022653061224488], [null, 0.517987249994254, 3.183877551020408], [null, 0.5072592169593871, 3.265489795918367], [null, 0.4962194586139915, 3.3471020408163263], [null, 0.48474037203327014, 3.4287142857142854], [null, 0.4726576077552932, 3.5103265306122444], [null, 0.459744039662848, 3.591938775510204], [null, 0.44565745377364824, 3.673551020408163], [null, 0.42981793256893946, 3.755163265306122], [null, 0.4110414970304782, 3.8367755102040815], [null, 0.3857318803389514, 3.9183877551020405], [null, -5.733191699164308e-13, 4.0]]}