{"dim": 3, "delta": 1.25, "mu_eff": 10, "dmu_eff": 0.6943055555555556, "C": -0.4898160746313178, "k_c": 50, "data": [[0.11378914125818329, 0.33538777594700814, 0.001], [0.11370280806472916, 0.3353768158668869, 0.013616161616161616], [0.11346754572329507, 0.3353467389635155, 0.026232323232323235], [0.11308365842929743, 0.3352975794395139, 0.038848484848484854], [0.11255163370250613, 0.3352292826519803, 0.05146464646464647], [0.11187212871795725, 0.33514177235033915, 0.06408080808080809], [0.11104595069516493, 0.33503495025457036, 0.07669696969696971], [0.11007403065092729, 0.3349086955115969, 0.08931313131313132], [0.10895738968441851, 0.3347628640339819, 0.10192929292929294], [0.10769709662209015, 0.33459728764879837, 0.11454545454545456], [0.10629421554295525, 0.3344117731480021, 0.12716161616161617], [0.1047497414165483, 0.334206101057251, 0.13977777777777778], [0.10306452165034524, 0.3339800247046443, 0.15239393939393941], [0.10123916051899193, 0.33373326789473534, 0.16501010101010102], [0.09927390373689535, 0.3334655240538774, 0.17762626262626263], [0.0971684984994358, 0.3331764535099855, 0.19024242424242427], [0.09492202417566371, 0.3328656816155326, 0.20285858585858588], [0.09253268642936249, 0.3325327959557374, 0.21547474747474749], [0.08999756691208369, 0.3321773433012593, 0.22809090909090912], [0.0873123129475387, 0.33179882630723384, 0.24070707070707073], [0.08447074956470657, 0.3313966993977369, 0.25332323232323234], [0.08146438150356736, 0.33097036407177266, 0.265939393939394], [0.07828173586449019, 0.33051916430628453, 0.27855555555555556], [0.07490746358636725, 0.33004237978649426, 0.2911717171717172], [0.07132106332111021, 0.32953921930871344, 0.30378787878787883], [0.06749498136746819, 0.3290088120513927, 0.3164040404040404], [0.06339166649343464, 0.3284501998442679, 0.32902020202020205], [0.058958697645820034, 0.32786232220486156, 0.3416363636363637], [0.05412022044601418, 0.327244007123765, 0.35425252525252526], [0.0487604908553515, 0.32659395261447705, 0.3668686868686869], [0.0426882912112578, 0.3259107085437239, 0.37948484848484854], [0.035545059175452254, 0.32519265334488934, 0.3921010101010101], [0.026483091855371076, 0.32443796611511755, 0.40471717171717175], [0.011672154797461417, 0.323644591869128, 0.4173333333333334], [null, 0.32281019860585075, 0.42994949494949497], [null, 0.3219321231301353, 0.4425656565656566], [null, 0.3210073019635308, 0.45518181818181824], [null, 0.32003218194314903, 0.4677979797979798], [null, 0.319002602142142, 0.48041414141414146], [null, 0.31791363782312976, 0.4930303030303031], [null, 0.3167593761155884, 0.5056464646464647], [null, 0.31553262324987147, 0.5182626262626263], [null, 0.31422444646374215, 0.530878787878788], [null, 0.3128235110604152, 0.5434949494949496], [null, 0.31131501053656924, 0.5561111111111111], [null, 0.309678914554178, 0.5687272727272727], [null, 0.3078866970609364, 0.5813434343434344], [null, 0.30589490026886795, 0.593959595959596], [null, 0.3036297911884626, 0.6065757575757577], [null, 0.300939734390907, 0.6191919191919193], [null, 0.2972765587666071, 0.6318080808080808], [null, 0.2912530903673903, 0.6444242424242425], [null, 0.28550422910378204, 0.6570404040404041], [null, 0.28004503931354624, 0.6696565656565657], [null, 0.2748534060188319, 0.6822727272727274], [null, 0.2699088589455466, 0.694888888888889], [null, 0.2651924617972372, 0.7075050505050505], [null, 0.26068669245219, 0.7201212121212122], [null, 0.2563753380903857, 0.7327373737373738], [null, 0.2522433920114752, 0.7453535353535354], [null, 0.24827695692907106, 0.7579696969696971], [null, 0.24446315323618348, 0.7705858585858587], [null, 0.24079003318664502, 0.7832020202020202], [null, 0.23724650051474752, 0.7958181818181819], [null, 0.233822234970734, 0.8084343434343435], [null, 0.23050761640428336, 0.8210505050505051], [null, 0.22729368736666092, 0.8336666666666668], [null, 0.22417203468728997, 0.8462828282828283], [null, 0.22113478845506349, 0.8588989898989899], [null, 0.21817453946521406, 0.8715151515151516], [null, 0.215284293335972, 0.8841313131313132], [null, 0.2124574218544162, 0.8967474747474748], [null, 0.20968761581314374, 0.9093636363636365], [null, 0.20696883971468386, 0.921979797979798], [null, 0.20429528730427202, 0.9345959595959596], [null, 0.20166133649351645, 0.9472121212121213], [null, 0.19906150473778278, 0.9598282828282829], [null, 0.1964904019949432, 0.9724444444444446], [null, 0.19394268156120273, 0.9850606060606062], [null, 0.1914129857809425, 0.9976767676767677], [null, 0.1888958866154015, 1.0102929292929292], [null, 0.1863858169547717, 1.022909090909091], [null, 0.1838769917421451, 1.0355252525252525], [null, 0.18136332150079995, 1.048141414141414], [null, 0.17883826319881413, 1.0607575757575758], [null, 0.1762947160291687, 1.0733737373737373], [null, 0.17372479803883167, 1.085989898989899], [null, 0.17111960582337624, 1.0986060606060606], [null, 0.16846885230426023, 1.1112222222222221], [null, 0.1657604396823752, 1.1238383838383839], [null, 0.16297964303270981, 1.1364545454545454], [null, 0.16010816465607708, 1.1490707070707071], [null, 0.15712240712432046, 1.1616868686868687], [null, 0.1539907082616912, 1.1743030303030304], [null, 0.15066837539398786, 1.186919191919192], [null, 0.14708794236042447, 1.1995353535353535], [null, 0.1431373410385569, 1.2121515151515152], [null, 0.13859982337083956, 1.2247676767676767], [null, 0.13291052395910036, 1.2373838383838385], [null, -4.952926957457748e-12, 1.25]]}