{"dim": 3, "delta": 3, "mu_eff": 10, "dmu_eff": 1.7666666666666666, "C": -0.29363958034959703, "k_c": 50, "data": [[0.35138975783706256, 0.7467589346442973, 0.001], [0.3504822536066435, 0.7466426976856474, 0.06220408163265306], [0.34782122472019833, 0.7463005173160734, 0.12340816326530613], [0.34341408296229076, 0.7457299276706143, 0.1846122448979592], [0.33724702992390004, 0.7449267379340391, 0.24581632653061225], [0.32910643861988503, 0.7438848842388119, 0.3070204081632653], [0.31994202706674324, 0.7425961933530012, 0.3682244897959184], [0.31022133021851184, 0.7410500522235586, 0.42942857142857144], [0.2998225467638067, 0.7392329386687296, 0.4906326530612245], [0.28863555794114, 0.7371277630380665, 0.5518367346938776], [0.2765601063435815, 0.734712933523724, 0.6130408163265306], [0.2635089314601033, 0.7319610042166755, 0.6742448979591836], [0.2494149063407084, 0.7288366660848004, 0.7354489795918367], [0.23424155803325533, 0.7252936499701075, 0.7966530612244899], [0.21799588714781232, 0.7212697253806484, 0.8578571428571429], [0.2007414502641599, 0.7166781172936127, 0.9190612244897959], [0.18260867071594783, 0.7113915314394678, 0.980265306122449], [0.16379895246929707, 0.7052088478508785, 1.041469387755102], [0.14318233488287385, 0.6977726768151437, 1.1026734693877551], [0.11799883391964727, 0.6882931610067751, 1.163877551020408], [0.0850516955966701, 0.6730343501669751, 1.2250816326530611], [0.021467953588445454, 0.6435096158918198, 1.2862857142857143], [null, 0.6175106498446453, 1.3474897959183672], [null, 0.5945342137353986, 1.4086938775510203], [null, 0.5741268245442323, 1.4698979591836734], [null, 0.5558888992778099, 1.5311020408163265], [null, 0.5394742248650864, 1.5923061224489796], [null, 0.5245863223688204, 1.6535102040816325], [null, 0.5109731228049078, 1.7147142857142856], [null, 0.4984210116102482, 1.7759183673469388], [null, 0.48674892381644275, 1.8371224489795916], [null, 0.4758028624446195, 1.8983265306122448], [null, 0.46545100545532886, 1.9595306122448979], [null, 0.4555794222052979, 2.020734693877551], [null, 0.44608835023014537, 2.081938775510204], [null, 0.4368889282520236, 2.1431428571428572], [null, 0.4279002723891437, 2.2043469387755104], [null, 0.41904674072604575, 2.265551020408163], [null, 0.4102552240323861, 2.326755102040816], [null, 0.40145220856428504, 2.3879591836734693], [null, 0.3925603185988263, 2.4491632653061224], [null, 0.38349376259924395, 2.5103673469387755], [null, 0.3741517487473262, 2.5715714285714286], [null, 0.36440800890318753, 2.6327755102040817], [null, 0.3540924037894119, 2.6939795918367344], [null, 0.34295479306556476, 2.7551836734693875], [null, 0.33058279523048356, 2.8163877551020406], [null, 0.3161675552117452, 2.8775918367346938], [null, 0.2974752712300107, 2.938795918367347], [null, -2.863931314323054e-12, 3.0]]}