{"dim": 3, "delta": 3.5, "mu_eff": 10, "dmu_eff": 1.75, "C": -0.2594696251399773, "k_c": 50, "data": [[0.11677425912341662, 0.899743797912258, 0.001], [0.1148471315381265, 0.8996465894588521, 0.07240816326530612], [0.10900516349855256, 0.8993598546735481, 0.14381632653061224], [0.09865798344058731, 0.8988823828443989, 0.21522448979591835], [null, 0.8982121360034759, 0.2866326530612245], [null, 0.8973462060722659, 0.3580408163265306], [null, 0.8962807521250112, 0.4294489795918367], [null, 0.8950109142628118, 0.5008571428571428], [null, 0.893530699552159, 0.572265306122449], [null, 0.8918328323288931, 0.643673469387755], [null, 0.8899085607358469, 0.7150816326530612], [null, 0.8877474047007174, 0.7864897959183673], [null, 0.8853368251497868, 0.8578979591836734], [null, 0.8826617820594886, 0.9293061224489796], [null, 0.8797041795078878, 1.0007142857142857], [null, 0.876442002626347, 1.0721224489795917], [null, 0.872848260872856, 1.1435306122448978], [null, 0.868889348855625, 1.214938775510204], [null, 0.8645226629488041, 1.28634693877551], [null, 0.859692900506055, 1.3577551020408163], [null, 0.8543260197390282, 1.4291632653061224], [null, 0.8483186895167644, 1.5005714285714284], [null, 0.8415180924123903, 1.5719795918367345], [null, 0.8336777916574436, 1.6433877551020406], [null, 0.8243384915240318, 1.7147959183673467], [null, 0.812329810822265, 1.786204081632653], [null, 0.7914660778471119, 1.857612244897959], [null, 0.76854786015624, 1.9290204081632651], [null, 0.7470655496098568, 2.0004285714285714], [null, 0.7268505764822156, 2.0718367346938775], [null, 0.7077495604739411, 2.1432448979591836], [null, 0.6896226646282435, 2.2146530612244897], [null, 0.6723418985044295, 2.2860612244897958], [null, 0.6557893907556273, 2.357469387755102], [null, 0.6398556278810573, 2.428877551020408], [null, 0.6244376332313293, 2.500285714285714], [null, 0.6094370320371334, 2.57169387755102], [null, 0.5947579097050103, 2.643102040816326], [null, 0.5803043129188664, 2.7145102040816327], [null, 0.5659771465673569, 2.7859183673469388], [null, 0.5516700504085779, 2.857326530612245], [null, 0.5372635208142723, 2.928734693877551], [null, 0.5226158917281779, 3.000142857142857], [null, 0.5075483705127853, 3.071551020408163], [null, 0.4918178653130106, 3.142959183673469], [null, 0.4750617417036814, 3.2143673469387752], [null, 0.4566662178372598, 3.2857755102040813], [null, 0.43536243435804123, 3.3571836734693874], [null, 0.4070841782689955, 3.4285918367346935], [null, -3.197442310920451e-13, 3.5]]}