{"dim": 3, "delta": 6, "mu_eff": 10, "dmu_eff": 3.533333333333333, "C": -0.1414566597248248, "k_c": 50, "data": [[0.7590346481291597, 1.313552384225555, 0.001], [0.7562372553472864, 1.3132530386232124, 0.12342857142857143], [0.7473230949907063, 1.3123604390556654, 0.24585714285714286], [0.7342435537298188, 1.3108618460053005, 0.36828571428571427], [0.7207950340902056, 1.3087350838912308, 0.4907142857142857], [0.7064541744664729, 1.3059468860170542, 0.6131428571428571], [0.6908391978685415, 1.302450166839145, 0.7355714285714285], [0.6736036195033097, 1.298179633207095, 0.858], [0.6544018839115379, 1.2930446272617178, 0.9804285714285714], [0.632882722683074, 1.2869169451927935, 1.1028571428571428], [0.6087014460433967, 1.2796087455436955, 1.225285714285714], [0.5815506125244962, 1.2708284378241466, 1.3477142857142856], [0.5512083290935389, 1.2600791429602753, 1.470142857142857], [0.5175978672413496, 1.246362960784841, 1.5925714285714285], [0.4808437190103145, 1.2267471696965127, 1.7149999999999999], [0.44130356952026134, 1.1812433892759187, 1.8374285714285714], [0.399560011856237, 1.1333080355384482, 1.9598571428571427], [0.35637106758897963, 1.091812076104194, 2.0822857142857143], [0.31259553802689977, 1.0559018622062755, 2.2047142857142856], [0.26880375899136, 1.0247325803628424, 2.327142857142857], [0.21415650326014812, 0.9975191896359968, 2.4495714285714283], [0.13488781924240148, 0.9735660417480745, 2.572], [null, 0.9522772087125193, 2.6944285714285714], [null, 0.9331535372548596, 2.8168571428571427], [null, 0.9157825194103775, 2.939285714285714], [null, 0.8998254365893407, 3.0617142857142854], [null, 0.8850044307483169, 3.184142857142857], [null, 0.8710908078422853, 3.3065714285714285], [null, 0.8578950321890029, 3.429], [null, 0.845258425907568, 3.551428571428571], [null, 0.8330463829550927, 3.673857142857143], [null, 0.8211428330878034, 3.7962857142857143], [null, 0.8094456971486039, 3.9187142857142856], [null, 0.7978630577708218, 4.041142857142858], [null, 0.7863098621941773, 4.163571428571429], [null, 0.7747049020929826, 4.2860000000000005], [null, 0.7629678816977151, 4.408428571428572], [null, 0.7510163251267922, 4.530857142857143], [null, 0.7387619647728838, 4.6532857142857145], [null, 0.7261065058757076, 4.775714285714286], [null, 0.7129350305614589, 4.898142857142857], [null, 0.6991074900550339, 5.0205714285714285], [null, 0.6844442348313672, 5.143000000000001], [null, 0.668701713624524, 5.265428571428572], [null, 0.651526810233588, 5.387857142857143], [null, 0.6323602570300403, 5.510285714285715], [null, 0.6101931302383315, 5.632714285714286], [null, 0.5827379208141036, 5.755142857142857], [null, 0.5401533662967211, 5.877571428571429], [null, -5.4010129701964615e-12, 6.0]]}