{"dim": 3, "delta": 3.5, "mu_eff": 10, "dmu_eff": 1.8277777777777777, "C": -0.2594696251399773, "k_c": 50, "data": [[0.2362949513218101, 0.8900922945972946, 0.001], [0.23522073877052171, 0.8899879051686521, 0.07240816326530612], [0.23204895238035664, 0.8896799321467735, 0.14381632653061224], [0.22675441270695051, 0.8891668976917652, 0.21522448979591835], [0.21928666058175406, 0.8884463127063724, 0.2866326530612245], [0.20955483035407468, 0.8875146076064102, 0.3580408163265306], [0.1974006354241882, 0.8863670793944591, 0.4294489795918367], [0.18254881922623467, 0.8849977007880074, 0.5008571428571428], [0.16450783622947224, 0.8833990257095925, 0.572265306122449], [0.14233873329803728, 0.8815619380384075, 0.643673469387755], [0.11396976670875272, 0.879475372492278, 0.7150816326530612], [0.07290485398349443, 0.8771259346205497, 0.7864897959183673], [null, 0.8744973919963662, 0.8578979591836734], [null, 0.871569983830328, 0.9293061224489796], [null, 0.8683194589141232, 1.0007142857142857], [null, 0.8647157169330458, 1.0721224489795917], [null, 0.8607208147737966, 1.1435306122448978], [null, 0.8562859403267036, 1.214938775510204], [null, 0.8513466003093219, 1.28634693877551], [null, 0.8458145011326622, 1.3577551020408163], [null, 0.8395627249268608, 1.4291632653061224], [null, 0.8323955740647019, 1.5005714285714284], [null, 0.8239762979151477, 1.5719795918367345], [null, 0.8135962042092387, 1.6433877551020406], [null, 0.7983595058273963, 1.7147959183673467], [null, 0.7733558638806157, 1.786204081632653], [null, 0.7501993851616194, 1.857612244897959], [null, 0.7286700200437444, 1.9290204081632651], [null, 0.7085691680591711, 2.0004285714285714], [null, 0.6897179336537129, 2.0718367346938775], [null, 0.6719551915600258, 2.1432448979591836], [null, 0.6551355602990415, 2.2146530612244897], [null, 0.639127342394777, 2.2860612244897958], [null, 0.6238104782238998, 2.357469387755102], [null, 0.6090745033568684, 2.428877551020408], [null, 0.5948165030114227, 2.500285714285714], [null, 0.5809389968689064, 2.57169387755102], [null, 0.5673476694003692, 2.643102040816326], [null, 0.5539487941625654, 2.7145102040816327], [null, 0.5406461124940146, 2.7859183673469388], [null, 0.5273367642325882, 2.857326530612245], [null, 0.5139055685907289, 2.928734693877551], [null, 0.5002163374210405, 3.000142857142857], [null, 0.48609757082442157, 3.071551020408163], [null, 0.4713166424692216, 3.142959183673469], [null, 0.4555276542263814, 3.2143673469387752], [null, 0.43814831048872327, 3.2857755102040813], [null, 0.4179874223612102, 3.3571836734693874], [null, 0.39134587827930645, 3.4285918367346935], [null, -3.2152058793144533e-13, 3.5]]}