{"dim": 3, "delta": 5.5, "mu_eff": 10, "dmu_eff": 3.483333333333333, "C": -0.16033315992328445, "k_c": 50, "data": [[0.7914402687781215, 1.1706110386767108, 0.001], [0.7915616476030259, 1.17019912394858, 0.11322448979591836], [0.7917327759621848, 1.1689671826257622, 0.2254489795918367], [0.7920638861644687, 1.166882310773915, 0.33767346938775505], [0.7926453994259473, 1.1638850175568791, 0.4498979591836734], [0.7936002542899793, 1.1598804756935208, 0.5621224489795917], [0.7951096884998294, 1.1547218509979176, 0.6743469387755101], [0.7974590846583336, 1.1481776406388144, 0.7865714285714285], [0.8011341557161898, 1.1398606777194178, 0.8987959183673468], [0.8070556157793124, 1.1290454617044368, 1.011020408163265], [0.8172952664931075, 1.1140263835808422, 1.1232448979591834]]}