{"dim": 3, "delta": 3, "mu_eff": 10, "dmu_eff": 1.6333333333333333, "C": -0.29363958034959703, "k_c": 50, "data": [[0.2609626977181298, 0.7677569355545031, 0.001], [0.2601576924655175, 0.7676609992857467, 0.06220408163265306], [0.25779741067317397, 0.7673787728135122, 0.12340816326530613], [0.2538922959841756, 0.7669087998489651, 0.1846122448979592], [0.248457174070315, 0.7662486228085686, 0.24581632653061225], [0.24150724022338493, 0.7653947192960693, 0.3070204081632653], [0.23305182564894816, 0.7643424079552068, 0.3682244897959184], [0.22308514874653998, 0.7630857172050599, 0.42942857142857144], [0.2115726918399177, 0.7616172079119717, 0.4906326530612245], [0.19843067421022975, 0.7599277363886199, 0.5518367346938776], [0.18349330859360846, 0.7580061381883197, 0.6130408163265306], [0.166455106080232, 0.7558388022208395, 0.6742448979591836], [0.1467533109058843, 0.7534090929373584, 0.7354489795918367], [0.12327562197893852, 0.7506965493329709, 0.7966530612244899], [0.09337422822366093, 0.7476757516181508, 0.8578571428571429], [0.04609774833486353, 0.7443146705541027, 0.9190612244897959], [null, 0.7405721775079267, 0.980265306122449], [null, 0.7363941207441803, 1.041469387755102], [null, 0.7317067808445537, 1.1026734693877551], [null, 0.7264051383438933, 1.163877551020408], [null, 0.7203295899233356, 1.2250816326530611], [null, 0.7132124311437772, 1.2862857142857143], [null, 0.7045205585268443, 1.3474897959183672], [null, 0.6926413570145332, 1.4086938775510203], [null, 0.6700283182017567, 1.4698979591836734], [null, 0.6476222705568323, 1.5311020408163265], [null, 0.627086794472879, 1.5923061224489796], [null, 0.6081787859984453, 1.6535102040816325], [null, 0.5906823584193989, 1.7147142857142856], [null, 0.5744063648957294, 1.7759183673469388], [null, 0.5591817052878625, 1.8371224489795916], [null, 0.5448585838434329, 1.8983265306122448], [null, 0.5313038225964308, 1.9595306122448979], [null, 0.5183982894059924, 2.020734693877551], [null, 0.506034454807506, 2.081938775510204], [null, 0.49411404446287327, 2.1431428571428572], [null, 0.4825457675777274, 2.2043469387755104], [null, 0.47124298792727737, 2.265551020408163], [null, 0.4601212505585446, 2.326755102040816], [null, 0.4490954395865067, 2.3879591836734693], [null, 0.43807622235035004, 2.4491632653061224], [null, 0.4269653070316516, 2.5103673469387755], [null, 0.41564824896415337, 2.5715714285714286], [null, 0.40398312873036657, 2.6327755102040817], [null, 0.3917802559145189, 2.6939795918367344], [null, 0.37876206727122924, 2.7551836734693875], [null, 0.3644707895251476, 2.8163877551020406], [null, 0.3480007378375052, 2.8775918367346938], [null, 0.3267715323667891, 2.938795918367347], [null, -2.8634872251132037e-12, 3.0]]}