{"dim": 3, "delta": 11, "mu_eff": 10, "dmu_eff": 6.233333333333333, "C": -0.011713988351618188, "k_c": 50, "data": [[1.3838584088840202, 1.6464214504651338, 1.7967551020408163], [1.3276439181909616, 1.5665344900863352, 2.021224489795918], [1.243697650650303, 1.5206715601793817, 2.2456938775510205], [1.144549967534463, 1.4955933441046247, 2.4701632653061227], [1.041021691655892, 1.4799971474114264, 2.6946326530612246], [0.9379854039565962, 1.4686986769584847, 2.9191020408163264], [0.8374673508382962, 1.4594941134744874, 3.1435714285714287], [0.7404191600485537, 1.4513648360706075, 3.368040816326531], [0.6473899508192843, 1.4437893922491232, 3.592510204081633], [0.5587830092427064, 1.436475501533607, 3.8169795918367346], [0.4600338939261186, 1.429246103183584, 4.041448979591837], [0.3177781743462534, 1.4219864141440912, 4.26591836734694], [null, 1.4146172473025589, 4.4903877551020415], [null, 1.4070806415667092, 4.714857142857143], [null, 1.3993316387447883, 4.939326530612246], [null, 1.391333314882992, 5.163795918367348], [null, 1.3830536162662521, 5.38826530612245], [null, 1.3744632303281694, 5.6127346938775515], [null, 1.3655340624763104, 5.837204081632653], [null, 1.3562380624473858, 6.061673469387756], [null, 1.3465462497840204, 6.286142857142858], [null, 1.3364278125880298, 6.51061224489796], [null, 1.3258492203854664, 6.7350816326530625], [null, 1.3147732575623814, 6.959551020408164], [null, 1.3031579117997143, 7.184020408163266], [null, 1.290955024913463, 7.408489795918368], [null, 1.2781085868865145, 7.63295918367347], [null, 1.2645525038201442, 7.8574285714285725], [null, 1.2502075848369794, 8.081897959183673], [null, 1.234977358576773, 8.306367346938776], [null, 1.2187420421533885, 8.530836734693878], [null, 1.2013495881206182, 8.75530612244898], [null, 1.1826017434592602, 8.979775510204082], [null, 1.1622312394469774, 9.204244897959184], [null, 1.1398619208650576, 9.428714285714285], [null, 1.1149327724382847, 9.653183673469387], [null, 1.0865346424602969, 9.87765306122449], [null, 1.0529890582934247, 10.102122448979593], [null, 1.0103441203788768, 10.326591836734694], [null, 0.9350540153638566, 10.551061224489796], [null, 0.6614873735096739, 10.775530612244898], [null, -8.881784197001252e-15, 11.0]]}