{"dim": 3, "delta": 2.5, "mu_eff": 10, "dmu_eff": 1.6658333333333335, "C": -0.33423854337288095, "k_c": 50, "data": [[0.37395842142534136, 0.5911323501166822, 0.001], [0.37411025830935085, 0.5910910151352521, 0.026242424242424244], [0.3741953329866791, 0.5909729187119899, 0.05148484848484849], [0.37428130825267447, 0.5907775946824523, 0.07672727272727273], [0.3743782819735727, 0.5905042643098735, 0.10196969696969697], [0.37449222686954, 0.5901518213750993, 0.12721212121212122], [0.3746281951410607, 0.5897188108346922, 0.15245454545454545], [0.37479117662734196, 0.5892033989509041, 0.17769696969696971], [0.37498648025186565, 0.5886033351158183, 0.20293939393939395], [0.3752199849055355, 0.587915902038991, 0.22818181818181818], [0.37549836188472896, 0.5871378514726616, 0.25342424242424244], [0.3758293129899511, 0.586265323249458, 0.2786666666666667], [0.3762218524488942, 0.5852937403459505, 0.3039090909090909], [0.3766866602660303, 0.5842176737375312, 0.32915151515151514], [0.3772365403092579, 0.5830306679131666, 0.35439393939393943], [0.37788703012534464, 0.5817249997425903, 0.37963636363636366], [0.37865723047114985, 0.5802913814897093, 0.4048787878787879], [0.37957096041709953, 0.5787185161958623, 0.4301212121212121], [0.3806584072647536, 0.5769925055301567, 0.45536363636363636], [0.3819585469902841, 0.5750959824074018, 0.48060606060606065], [0.3835228173843016, 0.5730068249542241, 0.5058484848484849], [0.38542091014163093, 0.5706961613942578, 0.5310909090909091], [0.3877503511626056, 0.568125123355122, 0.5563333333333333], [0.3906533168399302, 0.5652392144420938, 0.5815757575757576], [0.3943485179106111, 0.561957698448161, 0.6068181818181818], [0.399198296448805, 0.5581511521291742, 0.6320606060606061], [0.4058728043370413, 0.5535850814255353, 0.6573030303030303], [0.41586254793826205, 0.5477292025906966, 0.6825454545454546]]}