{"dim": 3, "delta": 3, "mu_eff": 10, "dmu_eff": 1.7, "C": -0.29363958034959703, "k_c": 50, "data": [[0.3105536380036123, 0.7578267503910849, 0.001], [0.3097425853286112, 0.7577219341479132, 0.06220408163265306], [0.3073693878552963, 0.7574134946925478, 0.12340816326530613], [0.3034592440255808, 0.7568995739480789, 0.1846122448979592], [0.2980530436384454, 0.75617702643988, 0.24581632653061225], [0.29120595524322085, 0.7552413247549875, 0.3070204081632653], [0.2829853124528066, 0.754086416688987, 0.3682244897959184], [0.27346743676634844, 0.7527045235102279, 0.42942857142857144], [0.26273243924235484, 0.7510858634383556, 0.4906326530612245], [0.2508547915199219, 0.7492182721422891, 0.5518367346938776], [0.2378858233463066, 0.7470866835164005, 0.6130408163265306], [0.22382553674197994, 0.744672420988054, 0.6742448979591836], [0.20858938389324602, 0.741952164803468, 0.7354489795918367], [0.19197833040301746, 0.7388965054009605, 0.7966530612244899], [0.17363919433498518, 0.735467748439126, 0.8578571428571429], [0.1529700397531889, 0.7316165169644528, 0.9190612244897959], [0.1288612329081952, 0.7272762020930339, 0.980265306122449], [0.0988272621123308, 0.7223532713482883, 1.041469387755102], [0.053703970070938065, 0.7167087841157446, 1.1026734693877551], [null, 0.71011838864639, 1.163877551020408], [null, 0.7021667880246668, 1.2250816326530611], [null, 0.6918409402670177, 1.2862857142857143], [null, 0.6722918530485894, 1.3474897959183672], [null, 0.6470387891774552, 1.4086938775510203], [null, 0.624296778755855, 1.4698979591836734], [null, 0.6037233814828121, 1.5311020408163265], [null, 0.5850148503827484, 1.5923061224489796], [null, 0.5679042753354354, 1.6535102040816325], [null, 0.5521586034404435, 1.7147142857142856], [null, 0.537575042400828, 1.7759183673469388], [null, 0.523977280723996, 1.8371224489795916], [null, 0.5112117486484014, 1.8983265306122448], [null, 0.4991440890973957, 1.9595306122448979], [null, 0.4876558985734942, 2.020734693877551], [null, 0.4766417436875275, 2.081938775510204], [null, 0.46600641263643977, 2.1431428571428572], [null, 0.45566233545610635, 2.2043469387755104], [null, 0.44552706045919477, 2.265551020408163], [null, 0.435520665177233, 2.326755102040816], [null, 0.425562833891591, 2.3879591836734693], [null, 0.4155693616515305, 2.4491632653061224], [null, 0.4054474579309638, 2.5103673469387755], [null, 0.39508889973582106, 2.5715714285714286], [null, 0.3843590728700088, 2.6327755102040817], [null, 0.373077657232743, 2.6939795918367344], [null, 0.3609805383367072, 2.7551836734693875], [null, 0.3476326537386732, 2.8163877551020406], [null, 0.332177602984038, 2.8775918367346938], [null, 0.31221568379845055, 2.938795918367347], [null, 7.912781541108416e-11, 3.0]]}