{"dim": 3, "delta": 2, "mu_eff": 10, "dmu_eff": 0.6673333333333333, "C": -0.3841473026333646, "k_c": 50, "data": [[0.5687396383381204, null, 0.001], [0.5687290451674386, null, 0.021191919191919192], [0.568699170098818, null, 0.041383838383838384], [0.5686499979228903, null, 0.061575757575757575], [0.5685815041635742, null, 0.08176767676767677], [0.5684936543239844, null, 0.10195959595959596], [0.5683864042100757, null, 0.12215151515151515], [0.5682596996574999, null, 0.14234343434343433], [0.5681134764213914, null, 0.16253535353535353], [0.5679476592175907, null, 0.18272727272727274], [0.5677621657024193, null, 0.20291919191919192], [0.5675568978465511, null, 0.2231111111111111], [0.5673317502666204, null, 0.2433030303030303], [0.5670866054148949, null, 0.2634949494949495], [0.5668213344629285, null, 0.28368686868686865], [0.5665357968041066, null, 0.30387878787878786], [0.5662298397609261, null, 0.32407070707070706], [0.5659032980252025, null, 0.34426262626262627], [0.565555993404238, null, 0.3644545454545455], [0.5651877343518243, null, 0.3846464646464646], [0.5647983150351494, null, 0.40483838383838383], [0.5643875153330998, null, 0.42503030303030304], [0.5639550997426228, null, 0.4452222222222222], [0.5635008167449547, null, 0.4654141414141414], [0.563024398901401, null, 0.4856060606060606], [0.5625255599718412, null, 0.5057979797979798], [0.5620039961357235, null, 0.525989898989899], [0.5614593839639326, null, 0.5461818181818182], [0.5608913794850614, null, 0.5663737373737373], [0.5602996170666299, null, 0.5865656565656565], [0.5596837077283848, null, 0.6067575757575757], [0.5590432382397998, null, 0.6269494949494949], [0.5583777693608207, null, 0.6471414141414141], [0.5576868338218572, null, 0.6673333333333333], [0.5569699346753435, null, 0.6875252525252525], [0.55622654321342, null, 0.7077171717171717], [0.5554560962605961, null, 0.727909090909091], [0.5546579939536977, null, 0.74810101010101], [0.5538315968003279, null, 0.7682929292929292], [0.5529762220940295, null, 0.7884848484848485], [0.5520911407415265, null, 0.8086767676767677], [0.5511755730066495, null, 0.8288686868686869], [0.5502286839005303, null, 0.8490606060606061], [0.5492495787656506, null, 0.8692525252525253], [0.5482372961341831, null, 0.8894444444444444], [0.5471908025795362, null, 0.9096363636363636], [0.5461089845920978, null, 0.9298282828282828], [0.5449906402195288, null, 0.950020202020202], [0.5438344692284282, null, 0.9702121212121212], [0.542639062324506, null, 0.9904040404040404], [0.5414028872358745, null, 1.0105959595959595], [0.5401242743322378, null, 1.0307878787878786], [0.5388013984927359, null, 1.050979797979798], [0.537432258713439, null, 1.071171717171717], [0.5360146518477865, null, 1.0913636363636363], [0.5345461443558095, null, 1.1115555555555554], [0.5330240356666393, null, 1.1317474747474745], [0.5314453146470328, null, 1.1519393939393938], [0.529806605789253, null, 1.172131313131313], [0.528104103526235, null, 1.1923232323232322], [0.5263334866229644, null, 1.2125151515151513], [0.5244898132217063, null, 1.2327070707070706], [0.5225673818257566, null, 1.2528989898989897], [0.5205595492165633, null, 1.273090909090909], [0.5184584856014167, null, 1.2932828282828281], [0.5162548375695141, null, 1.3134747474747472], [0.5139372502958184, null, 1.3336666666666666], [0.5114916681990825, null, 1.3538585858585857], [0.5089002674923585, null, 1.374050505050505], [0.5061397401489354, null, 1.394242424242424], [0.5031783436790799, null, 1.4144343434343434], [0.4999703423502789, null, 1.4346262626262625], [0.49644404062312325, null, 1.4548181818181818], [0.49246971661896405, null, 1.4750101010101009], [0.48772082040571474, null, 1.49520202020202], [0.4810022166576177, null, 1.5153939393939393], [0.47399557604671994, null, 1.5355858585858584], [0.4670680225766855, null, 1.5557777777777777], [0.4602098370130929, null, 1.5759696969696968], [0.4534110248166062, null, 1.5961616161616161], [0.44666120801441184, null, 1.6163535353535352], [0.4399494923835694, null, 1.6365454545454543], [0.4332643265176457, null, 1.6567373737373736], [0.4265932625287542, null, 1.6769292929292927], [0.41992274012795316, null, 1.697121212121212], [0.4132377349656358, null, 1.7173131313131311], [0.40652132197597524, null, 1.7375050505050504], [0.39975407770776006, null, 1.7576969696969695], [0.39291324565626073, null, 1.7778888888888886], [0.3859715417202246, null, 1.798080808080808], [0.37889537818974944, null, 1.818272727272727], [0.37164211762995364, null, 1.8384646464646464], [0.36415561041686884, null, 1.8586565656565655], [0.35635845854799947, null, 1.8788484848484848], [0.3481374794293944, null, 1.8990404040404039], [0.3393130711250566, null, 1.9192323232323232], [0.3295628044390597, null, 1.9394242424242423], [0.31816723641543726, null, 1.9596161616161614], [0.3022638416581372, null, 1.9798080808080807], [4.395372954490995e-11, null, 2.0]]}