{"dim": 3, "delta": 0.5, "mu_eff": 10, "dmu_eff": 0.2833333333333333, "C": -0.6968588790391586, "k_c": 50, "data": [[0.049057625804923, 0.1351856697836577, 0.001], [0.04891461203754157, 0.1351664960411042, 0.011183673469387756], [0.04853352963655819, 0.13511518327508618, 0.02136734693877551], [0.047917082829671165, 0.135031493438761, 0.031551020408163266], [0.04706952072484829, 0.13491503334380378, 0.04173469387755102], [0.045996399182236546, 0.13476524544922527, 0.051918367346938776], [0.044704189279127365, 0.13458139436751476, 0.06210204081632653], [0.043199651690011755, 0.13436254828738145, 0.07228571428571429], [0.04148884798536262, 0.13410755416289083, 0.08246938775510204], [0.03957560533284937, 0.13381500494324697, 0.0926530612244898], [0.03745921723157046, 0.133483196140332, 0.10283673469387755], [0.035131161797017356, 0.13311007056382926, 0.1130204081632653], [0.03257051711659114, 0.13269313906563485, 0.12320408163265306], [0.029737080468370872, 0.1322293812918318, 0.13338775510204082], [0.026558955286957255, 0.13171510266973802, 0.14357142857142857], [0.022904599691748944, 0.13114573579089644, 0.15375510204081633], [0.018502804852070003, 0.13051555247765437, 0.16393877551020408], [0.01260083391061266, 0.12981723198101006, 0.17412244897959184], [null, 0.12904118629871886, 0.1843061224489796], [null, 0.1281744472728114, 0.19448979591836735], [null, 0.1271986997463527, 0.2046734693877551], [null, 0.12608646423281097, 0.21485714285714286], [null, 0.12479262224524515, 0.2250408163265306], [null, 0.12323110025252448, 0.23522448979591837], [null, 0.12117607795324879, 0.24540816326530612], [null, 0.11702226856123413, 0.2555918367346939], [null, 0.11214995853143778, 0.26577551020408163], [null, 0.10779496701387346, 0.2759591836734694], [null, 0.103874772727624, 0.28614285714285714], [null, 0.10032019465888882, 0.2963265306122449], [null, 0.09707312343631828, 0.30651020408163265], [null, 0.09408457569551405, 0.3166938775510204], [null, 0.09131309222158047, 0.32687755102040816], [null, 0.08872327496979195, 0.3370612244897959], [null, 0.08628469745323951, 0.3472448979591837], [null, 0.08397087328809949, 0.35742857142857143], [null, 0.08175841084196792, 0.3676122448979592], [null, 0.07962625697816719, 0.37779591836734694], [null, 0.07755499936028497, 0.3879795918367347], [null, 0.07552617932745842, 0.39816326530612245], [null, 0.07352155438474485, 0.4083469387755102], [null, 0.07152221876448021, 0.41853061224489796], [null, 0.06950742913016622, 0.4287142857142857], [null, 0.06745284793412025, 0.43889795918367347], [null, 0.06532760498095291, 0.4490816326530612], [null, 0.06308876597529695, 0.459265306122449], [null, 0.06066932381182523, 0.46944897959183673], [null, 0.05794630197419017, 0.4796326530612245], [null, 0.05462009034575284, 0.48981632653061224], [null, 2.6482371850988784e-11, 0.5]]}