{"dim": 3, "delta": 2.5, "mu_eff": 10, "dmu_eff": 1.3886111111111112, "C": -0.33423854337288095, "k_c": 50, "data": [[0.23527796971275108, 0.646979986690731, 0.001], [0.2351112317693261, 0.6469589636841089, 0.026242424242424244], [0.2346357991001466, 0.646898955119236, 0.05148484848484849], [0.23385252821363092, 0.6467998851041059, 0.07672727272727273], [0.2327628129512711, 0.6466616285266026, 0.10196969696969697], [0.23136855539802756, 0.6464840075609352, 0.12721212121212122], [0.22967212451531854, 0.6462667980847276, 0.15245454545454545], [0.22767630096058278, 0.6460097179541006, 0.17769696969696971], [0.22538420636671255, 0.6457124260677681, 0.20293939393939395], [0.22279921491737678, 0.6453745362011908, 0.22818181818181818], [0.21992484417308916, 0.6449955937663165, 0.25342424242424244], [0.2167646216129911, 0.6445750835608941, 0.2786666666666667], [0.21332192233046818, 0.6441124244150971, 0.3039090909090909], [0.20959977253422754, 0.6436069642424199, 0.32915151515151514], [0.2056006125929202, 0.6430579760015631, 0.35439393939393943], [0.20132601244013193, 0.6424646517435424, 0.37963636363636366], [0.19677633041323367, 0.6418260964838607, 0.4048787878787879], [0.19195030738922905, 0.6411413199036943, 0.4301212121212121], [0.1868445769755903, 0.640409230769938, 0.45536363636363636], [0.18145309088607461, 0.6396286217804312, 0.48060606060606065], [0.17576640661036483, 0.6387981628979401, 0.5058484848484849], [0.1697708202539787, 0.6379163874407207, 0.5310909090909091], [0.16344725896391704, 0.6369816730587462, 0.5563333333333333], [0.15676981936494203, 0.6359922281194607, 0.5815757575757576], [0.14970375384502885, 0.6349460667487413, 0.6068181818181818], [0.142202565399191, 0.6338409853830222, 0.6320606060606061], [0.1342036131964923, 0.6326745316818373, 0.6573030303030303], [0.12562111319962405, 0.6314439682109937, 0.6825454545454546], [0.11633434076493812, 0.6301462283768365, 0.7077878787878789], [0.10616622544057423, 0.6287778626442331, 0.733030303030303], [0.09484071180945518, 0.6273349722270061, 0.7582727272727273], [0.0818856008817401, 0.6258131265670921, 0.7835151515151515], [0.06635989684825373, 0.6242072596603334, 0.8087575757575758], [0.0457235784198201, 0.6225115365694427, 0.8340000000000001], [null, 0.6207191821735452, 0.8592424242424243], [null, 0.6188222479467526, 0.8844848484848485], [null, 0.6168113370458914, 0.9097272727272727], [null, 0.6146751259746606, 0.934969696969697], [null, 0.6123998316876788, 0.9602121212121213], [null, 0.6099683203640894, 0.9854545454545455], [null, 0.6073588081917936, 1.0106969696969696], [null, 0.6045427909612081, 1.035939393939394], [null, 0.6014815575674126, 1.061181818181818], [null, 0.5981198320486136, 1.0864242424242423], [null, 0.5943728417729903, 1.1116666666666666], [null, 0.5900952560448349, 1.1369090909090909], [null, 0.5849811546342386, 1.1621515151515152], [null, 0.5776762503670664, 1.1873939393939392], [null, 0.5667052986540847, 1.2126363636363635], [null, 0.5562702622998599, 1.2378787878787878], [null, 0.5463344053427595, 1.263121212121212], [null, 0.5368631192022143, 1.2883636363636364], [null, 0.5278238633338342, 1.3136060606060604], [null, 0.5191860922628632, 1.3388484848484847], [null, 0.5109211743415215, 1.364090909090909], [null, 0.5030022981066713, 1.3893333333333333], [null, 0.4954043794695563, 1.4145757575757576], [null, 0.4881039626425067, 1.4398181818181817], [null, 0.4810791199580682, 1.465060606060606], [null, 0.47430935046676936, 1.4903030303030302], [null, 0.46777548472805225, 1.5155454545454545], [null, 0.46145958652418884, 1.5407878787878788], [null, 0.45534486026406723, 1.5660303030303029], [null, 0.4494155604858494, 1.5912727272727272], [null, 0.44365690498222815, 1.6165151515151515], [null, 0.4380549925588385, 1.6417575757575757], [null, 0.43259672114957365, 1.667], [null, 0.4272697135002468, 1.692242424242424], [null, 0.4220622417795, 1.7174848484848484], [null, 0.41696315669787076, 1.7427272727272727], [null, 0.41196182139443555, 1.767969696969697], [null, 0.4070480371806781, 1.7932121212121213], [null, 0.40221198353866877, 1.8184545454545453], [null, 0.39744414787721183, 1.8436969696969696], [null, 0.39273525842610835, 1.868939393939394], [null, 0.38807621407401677, 1.8941818181818182], [null, 0.3834580118934332, 1.9194242424242425], [null, 0.37887166631333485, 1.9446666666666665], [null, 0.3743081247840456, 1.9699090909090908], [null, 0.3697581700335872, 1.9951515151515151], [null, 0.3652123095059403, 2.0203939393939394], [null, 0.3606606455857027, 2.0456363636363637], [null, 0.356092719971306, 2.070878787878788], [null, 0.3514973232560706, 2.0961212121212123], [null, 0.3468622563601043, 2.121363636363636], [null, 0.3421740250983282, 2.1466060606060604], [null, 0.3374174399983192, 2.1718484848484847], [null, 0.3325750790388126, 2.197090909090909], [null, 0.3276265470812139, 2.2223333333333333], [null, 0.32254742438759404, 2.2475757575757576], [null, 0.3173077236050625, 2.272818181818182], [null, 0.3118695304925481, 2.298060606060606], [null, 0.3061832271105955, 2.3233030303030304], [null, 0.3001810661143267, 2.3485454545454547], [null, 0.293765371529758, 2.3737878787878786], [null, 0.2867844946849522, 2.399030303030303], [null, 0.278975809758405, 2.424272727272727], [null, 0.26979287006992664, 2.4495151515151514], [null, 0.2575190455546582, 2.4747575757575757], [null, -5.1958437552457326e-14, 2.5]]}