{"dim": 3, "delta": 6, "mu_eff": 10, "dmu_eff": 3.2666666666666666, "C": -0.1414566597248248, "k_c": 50, "data": [[0.5906573685744495, 1.3633668625159254, 0.001], [0.5888068251675241, 1.3631467153507026, 0.12342857142857143], [0.5833425159664839, 1.3624914937013637, 0.24585714285714286], [0.5743446349470926, 1.361395598277906, 0.36828571428571427], [0.5619378652530939, 1.359849454365271, 0.4907142857142857], [0.5462783385952401, 1.3578390963594007, 0.6131428571428571], [0.5275348535287121, 1.3553455205679914, 0.7355714285714285], [0.5058631034444695, 1.3523437374541665, 0.858], [0.4813710218510477, 1.34880139531277, 0.9804285714285714], [0.4540735924707471, 1.3446767652911438, 1.1028571428571428], [0.42383606651995237, 1.3399158029357874, 1.225285714285714], [0.3903003198865445, 1.3344474896999239, 1.3477142857142856], [0.35276932054849786, 1.3281766148152625, 1.470142857142857], [0.30996934079260646, 1.320971368821174, 1.5925714285714285], [0.2594310637023406, 1.3126407822951485, 1.7149999999999999], [0.1953346655727881, 1.3028888579487117, 1.8374285714285714], [0.09304506472485605, 1.2912050904930739, 1.9598571428571427], [null, 1.2765187867225853, 2.0822857142857143], [null, 1.2547606793129609, 2.2047142857142856], [null, 1.217009006569708, 2.327142857142857], [null, 1.182465742959672, 2.4495714285714283], [null, 1.1508667068962257, 2.572], [null, 1.1218492211022688, 2.6944285714285714], [null, 1.0950844910490471, 2.8168571428571427], [null, 1.0702770461804612, 2.939285714285714], [null, 1.0471630295918422, 3.0617142857142854], [null, 1.025507745632242, 3.184142857142857], [null, 1.0051027693842407, 3.3065714285714285], [null, 0.9857628783977952, 3.429], [null, 0.9673229749588279, 3.551428571428571], [null, 0.9496351026771088, 3.673857142857143], [null, 0.9325656040936701, 3.7962857142857143], [null, 0.9159924238495312, 3.9187142857142856], [null, 0.8998025265025945, 4.041142857142858], [null, 0.8838893681782019, 4.163571428571429], [null, 0.868150335052985, 4.2860000000000005], [null, 0.8524839995347062, 4.408428571428572], [null, 0.8367870274395535, 4.530857142857143], [null, 0.8209504136574218, 4.6532857142857145], [null, 0.8048545936482856, 4.775714285714286], [null, 0.7883626280389417, 4.898142857142857], [null, 0.7713100290855835, 5.0205714285714285], [null, 0.7534884594467101, 5.143000000000001], [null, 0.7346174734181905, 5.265428571428572], [null, 0.7142906154617853, 5.387857142857143], [null, 0.6918586233119376, 5.510285714285715], [null, 0.6661233617337166, 5.632714285714286], [null, 0.6342128024264013, 5.755142857142857], [null, 0.5756407667589383, 5.877571428571429], [null, -3.916866830877552e-12, 6.0]]}