{"dim": 3, "delta": 8.5, "mu_eff": 10, "dmu_eff": 4.438888888888889, "C": -0.06658295384727841, "k_c": 50, "data": [[0.7694313606852209, 1.770574955978525, 0.001], [0.7663233626492137, 1.7702399332328684, 0.17444897959183675], [0.7571193365497436, 1.7692386581983188, 0.3478979591836735], [0.7419550003859328, 1.767559444483333, 0.5213469387755102], [0.7210213977870015, 1.7651820910013978, 0.694795918367347], [0.6945155582710407, 1.7620766444413642, 0.8682448979591838], [0.6625750018490356, 1.758201403395441, 1.0416938775510203], [0.6251954786594143, 1.7534998307468181, 1.215142857142857], [0.5821243362442252, 1.7478957379553073, 1.3885918367346939], [0.5327039274178772, 1.7412855880889944, 1.5620408163265307], [0.47558997073495507, 1.733525607704352, 1.7354897959183675], [0.40811085698194793, 1.7244087111829836, 1.908938775510204], [0.32434891206180316, 1.7136190174806536, 2.0823877551020407], [0.20580692293877353, 1.7006283186406175, 2.2558367346938777], [null, 1.6843959486876312, 2.4292857142857143], [null, 1.6618347441511743, 2.6027346938775513], [null, 1.6218001517843688, 2.776183673469388], [null, 1.5830814599780623, 2.9496326530612245], [null, 1.5475709570151168, 3.1230816326530615], [null, 1.5148625920315586, 3.296530612244898], [null, 1.4845929825020572, 3.469979591836735], [null, 1.4564385430469853, 3.6434285714285717], [null, 1.4301121975273787, 3.8168775510204083], [null, 1.405359634923038, 3.9903265306122453], [null, 1.381955717573469, 4.163775510204082], [null, 1.3597007818131417, 4.337224489795919], [null, 1.3384171799869864, 4.510673469387756], [null, 1.3179460347986387, 4.6841224489795925], [null, 1.2981442389068576, 4.857571428571429], [null, 1.2788816791844768, 5.031020408163266], [null, 1.2600386657963702, 5.204469387755103], [null, 1.241503498595721, 5.37791836734694], [null, 1.223170116887707, 5.551367346938776], [null, 1.2049357392740219, 5.724816326530613], [null, 1.186698379040064, 5.8982653061224495], [null, 1.1683540894033528, 6.071714285714287], [null, 1.1497937100038729, 6.2451632653061235], [null, 1.1308987934032189, 6.41861224489796], [null, 1.1115361855625292, 6.592061224489797], [null, 1.0915503871815824, 6.765510204081633], [null, 1.0707521442746013, 6.938959183673471], [null, 1.04890032866419, 7.112408163265307], [null, 1.0256710816126817, 7.285857142857144], [null, 1.0006005654456633, 7.4593061224489805], [null, 0.9729659372094237, 7.632755102040817], [null, 0.9414931842904726, 7.806204081632654], [null, 0.9034087065052615, 7.979653061224491], [null, 0.8483247528500679, 8.153102040816327], [null, 0.620270429352289, 8.326551020408163], [null, 1.163069640597314e-12, 8.5]]}