{"dim": 3, "delta": 3, "mu_eff": 10, "dmu_eff": 1.9666666666666663, "C": -0.29363958034959703, "k_c": 50, "data": [[0.4406131824330873, 0.7031788173704263, 0.001], [0.4393769075063912, 0.702992972081763, 0.06220408163265306], [0.43861781445971504, 0.7024443128723954, 0.12340816326530613], [0.4379793445098629, 0.7015241080192913, 0.1846122448979592], [0.43742437475853746, 0.7002171162066071, 0.24581632653061225], [0.43695756689122195, 0.6985003209086629, 0.3070204081632653], [0.43660202328861525, 0.696340812562547, 0.3682244897959184], [0.43639738941508116, 0.6936923109759564, 0.42942857142857144], [0.43640484014733893, 0.6904893284216199, 0.4906326530612245], [0.43671878467208924, 0.6866368739536671, 0.5518367346938776], [0.43749046582773066, 0.681990842770943, 0.6130408163265306], [0.4389781025794209, 0.6763161854538218, 0.6742448979591836], [0.44166722655131674, 0.6691807562458347, 0.7354489795918367], [0.44662305010987996, 0.6595899755529938, 0.7966530612244899]]}