{"dim": 3, "delta": 0.25, "mu_eff": 10, "dmu_eff": 0.14166666666666666, "C": -0.8537969888401657, "k_c": 50, "data": [[0.024478044851882066, 0.06776303382118289, 0.001], [0.024395312247635952, 0.06775191877143315, 0.006081632653061225], [0.024194411407024115, 0.06772480272045124, 0.011163265306122449], [0.02387673599160736, 0.06768156139203146, 0.016244897959183675], [0.023444421383853987, 0.0676219939956905, 0.0213265306122449], [0.022900220728353363, 0.06754581861215023, 0.026408163265306126], [0.022247302091102452, 0.0674526652977701, 0.03148979591836735], [0.021488925394284812, 0.0673420669173627, 0.036571428571428574], [0.020627933800898918, 0.06721344689399113, 0.0416530612244898], [0.019665968386730515, 0.06706610274875201, 0.046734693877551026], [0.018602299188919907, 0.06689918509987816, 0.05181632653061225], [0.017432161065466707, 0.0667116690444607, 0.05689795918367348], [0.016144412606887214, 0.06650231698273908, 0.061979591836734696], [0.014717959005771955, 0.06626962793557696, 0.06706122448979593], [0.01311516174569639, 0.06601176784210598, 0.07214285714285715], [0.011266739656554527, 0.065726471790927, 0.07722448979591838], [0.009027523401315221, 0.06541090268287038, 0.0823061224489796], [0.005977326207164019, 0.06506143934570041, 0.08738775510204082], [null, 0.06467334709934615, 0.09246938775510205], [null, 0.0642402353088143, 0.09755102040816327], [null, 0.0637531031896708, 0.1026326530612245], [null, 0.06319849836284915, 0.10771428571428572], [null, 0.06255446435190068, 0.11279591836734695], [null, 0.06177955494989776, 0.11787755102040817], [null, 0.06076791900397748, 0.12295918367346939], [null, 0.05875576554363085, 0.1280408163265306], [null, 0.05629255017818919, 0.13312244897959186], [null, 0.05409232948283105, 0.13820408163265308], [null, 0.052112914368623066, 0.1432857142857143], [null, 0.050319021064587605, 0.1483673469387755], [null, 0.0486810703261168, 0.15344897959183676], [null, 0.04717417259705059, 0.15853061224489798], [null, 0.04577727520627457, 0.1636122448979592], [null, 0.044472446880336886, 0.16869387755102042], [null, 0.04324427684027897, 0.17377551020408163], [null, 0.04207936735382795, 0.17885714285714288], [null, 0.040965898150752, 0.1839387755102041], [null, 0.03989324128244641, 0.18902040816326532], [null, 0.038851608566818276, 0.19410204081632654], [null, 0.03783170425662928, 0.19918367346938778], [null, 0.03682435353176658, 0.204265306122449], [null, 0.03582006281652734, 0.20934693877551022], [null, 0.034808431524931814, 0.21442857142857144], [null, 0.03377727615258601, 0.21951020408163266], [null, 0.032711167100213635, 0.2245918367346939], [null, 0.0315886779982535, 0.22967346938775512], [null, 0.030376424326638587, 0.23475510204081634], [null, 0.029013270509001998, 0.23983673469387756], [null, 0.02735086494863416, 0.24491836734693878], [null, 9.836575998178887e-13, 0.25]]}