{"dim": 3, "delta": 4.5, "mu_eff": 10, "dmu_eff": 2.65, "C": -0.2041334864392912, "k_c": 50, "data": [[0.5469765497732695, 1.0537758579963048, 0.001], [0.5453790882582521, 1.0535842857927313, 0.09281632653061224], [0.5406341653298576, 1.0530159102096164, 0.18463265306122448], [0.5325855454249723, 1.0520652241856825, 0.27644897959183673], [0.5211265708171909, 1.0507227864007511, 0.36826530612244895], [0.508931733853124, 1.0489747540359708, 0.4600816326530612], [0.495969572547516, 1.0468021530635445, 0.5518979591836735], [0.4820130446727319, 1.0441797875907128, 0.6437142857142857], [0.4668561850734064, 1.0410746257754175, 0.7355306122448979], [0.45030353573589327, 1.037443380814308, 0.8273469387755101], [0.43217134052395195, 1.0332287989389917, 0.9191632653061224], [0.4122974314653663, 1.0283537265776361, 1.0109795918367346], [0.390558891457956, 1.0227111198174281, 1.1027959183673468], [0.3668958656556492, 1.0161459591082984, 1.194612244897959], [0.34133825290566283, 1.008419067817662, 1.2864285714285713], [0.3140292543572802, 0.9991231932734974, 1.3782448979591835], [0.2852384447411695, 0.9874346039134789, 1.4700612244897957], [0.25535829083623074, 0.9708415102300972, 1.561877551020408], [0.22488257348070656, 0.9339720294374523, 1.6536938775510202], [0.19032840816574928, 0.8967213278263332, 1.7455102040816324], [0.14542596503314392, 0.8639699768458644, 1.8373265306122446], [0.07566381996873962, 0.8350987280590898, 1.9291428571428568], [null, 0.8095323507396671, 2.0209591836734693], [null, 0.7867541100997899, 2.1127755102040813], [null, 0.7663114074551775, 2.2045918367346937], [null, 0.7478148789873346, 2.2964081632653057], [null, 0.7309334555830694, 2.388224489795918], [null, 0.7153874461837826, 2.48004081632653], [null, 0.7009410533571854, 2.5718571428571426], [null, 0.6873951478751466, 2.6636734693877546], [null, 0.6745807159167172, 2.755489795918367], [null, 0.6623531170785997, 2.847306122448979], [null, 0.6505871377238427, 2.9391224489795915], [null, 0.6391727423797026, 3.030938775510204], [null, 0.6280113908532263, 3.122755102040816], [null, 0.6170127544357386, 3.2145714285714284], [null, 0.6060916804493408, 3.3063877551020404], [null, 0.5951651931319446, 3.398204081632653], [null, 0.5841493014956396, 3.490020408163265], [null, 0.5729552799114801, 3.5818367346938773], [null, 0.5614849155096978, 3.6736530612244893], [null, 0.5496238652748116, 3.7654693877551018], [null, 0.5372315579847372, 3.8572857142857138], [null, 0.5241244842917135, 3.949102040816326], [null, 0.5100458709506271, 4.040918367346939], [null, 0.49460399400067007, 4.132734693877551], [null, 0.4771251876594723, 4.224551020408163], [null, 0.4562021566112159, 4.316367346938775], [null, 0.42728920615831595, 4.408183673469388], [null, 3.1397107136399427e-13, 4.5]]}