{"dim": 3, "delta": 10, "mu_eff": 10, "dmu_eff": 5.444444444444445, "C": -0.03196210100412111, "k_c": 50, "data": [[1.1647693396555496, 1.9132094767834722, 0.001], [1.1596335053159252, 1.9126189433747955, 0.20506122448979594], [1.144487519846459, 1.9108443398265353, 0.4091224489795919], [1.119506894240446, 1.907840719371481, 0.6131836734693878], [1.0863865622532003, 1.903526884316614, 0.8172448979591838], [1.0502655837758692, 1.897773649963197, 1.0213061224489797], [1.0105463222435862, 1.8903815497664582, 1.2253673469387756], [0.9668074879803373, 1.8810367941248303, 1.4294285714285715], [0.9188627325608196, 1.8692145374229772, 1.6334897959183674], [0.8667761182216605, 1.8539221225590345, 1.8375510204081633], [0.8108660243704635, 1.8327045102527244, 2.0416122448979594], [0.751679797767723, 1.790147027865717, 2.2456734693877554], [0.689940378730578, 1.7377604463955991, 2.4497346938775513], [0.6236670447396095, 1.69217488453183, 2.653795918367347], [0.5459958852583414, 1.6523373612714434, 2.857857142857143], [0.4526975096947574, 1.6173041780344493, 3.061918367346939], [0.3313174321480497, 1.586252639689536, 3.265979591836735], [0.11295505525058232, 1.5584808883250612, 3.470040816326531], [null, 1.5333992427174699, 3.6741020408163267], [null, 1.5105169529473115, 3.8781632653061227], [null, 1.4894275776453525, 4.0822244897959195], [null, 1.4697946087814202, 4.286285714285715], [null, 1.4513389225474531, 4.490346938775511], [null, 1.4338276842757096, 4.694408163265307], [null, 1.4170652574283409, 4.898469387755103], [null, 1.4008856614719847, 5.102530612244899], [null, 1.3851464071271906, 5.306591836734695], [null, 1.3697234433735013, 5.510653061224491], [null, 1.354506986630973, 5.714714285714287], [null, 1.339398023883365, 5.918775510204083], [null, 1.324305305120282, 6.122836734693879], [null, 1.3091426780144695, 6.3268979591836745], [null, 1.293826602977476, 6.53095918367347], [null, 1.278273711361385, 6.735020408163266], [null, 1.262398236250342, 6.939081632653062], [null, 1.2461091198950023, 7.143142857142858], [null, 1.2293065232459888, 7.347204081632654], [null, 1.2118773387378607, 7.55126530612245], [null, 1.1936890541514498, 7.755326530612246], [null, 1.174581031814228, 7.959387755102042], [null, 1.1543509148682032, 8.163448979591838], [null, 1.1327331328704568, 8.367510204081633], [null, 1.109361248294229, 8.57157142857143], [null, 1.083696848274339, 8.775632653061225], [null, 1.0548776213111117, 8.979693877551021], [null, 1.0213286445141827, 9.183755102040816], [null, 0.9793956983867503, 9.387816326530613], [null, 0.9102179076599266, 9.591877551020408], [null, 0.645284284670418, 9.795938775510205], [null, 3.184119634624949e-13, 10.0]]}