{"dim": 3, "delta": 9, "mu_eff": 10, "dmu_eff": 4.7, "C": -0.05438903589062871, "k_c": 50, "data": [[0.8369934127830316, 1.836930457811167, 0.001], [0.8335669540482727, 1.8365575649579704, 0.1846530612244898], [0.8234288568359652, 1.8354421088367663, 0.3683061224489796], [0.8067662470541023, 1.8335694171859973, 0.5519591836734694], [0.7838453714606486, 1.8309140055440496, 0.7356122448979592], [0.7549492886345307, 1.8274377924014495, 0.9192653061224489], [0.7202983203071552, 1.8230871828409594, 1.1029183673469387], [0.6799553276609124, 1.8177884245482379, 1.2865714285714285], [0.6337108306921516, 1.8114401242811502, 1.4702244897959182], [0.5809249976485734, 1.8039007221235606, 1.653877551020408], [0.5202551814406611, 1.7949661990649888, 1.8375306122448978], [0.4490501897889271, 1.78432663970835, 2.0211836734693875], [0.3615929408558524, 1.7714692635438352, 2.2048367346938775], [0.24125300640659228, 1.7554073365476504, 2.388489795918367], [null, 1.7334414371149893, 2.572142857142857], [null, 1.6936523592167996, 2.7557959183673466], [null, 1.6533568469609015, 2.9394489795918366], [null, 1.6165679282272167, 3.1231020408163266], [null, 1.582828512156846, 3.306755102040816], [null, 1.551731658205394, 3.490408163265306], [null, 1.522917053027908, 3.6740612244897957], [null, 1.4960669380513603, 3.8577142857142857], [null, 1.4709017335669987, 4.041367346938776], [null, 1.4471755964676294, 4.225020408163266], [null, 1.4246720998375026, 4.408673469387756], [null, 1.4032001577295181, 4.592326530612246], [null, 1.3825902610049952, 4.775979591836735], [null, 1.362691043803992, 4.959632653061225], [null, 1.3433661662592034, 5.143285714285715], [null, 1.3244914837723458, 5.326938775510205], [null, 1.3059524273130871, 5.510591836734694], [null, 1.287641564086936, 5.694244897959184], [null, 1.269456221528729, 5.877897959183674], [null, 1.2512960979977203, 6.061551020408164], [null, 1.2330607277540797, 6.245204081632654], [null, 1.2146466332451926, 6.428857142857143], [null, 1.1959439256696114, 6.612510204081633], [null, 1.1768319927386681, 6.796163265306123], [null, 1.1571736985561454, 6.979816326530613], [null, 1.1368071251490566, 7.163469387755102], [null, 1.1155331254147345, 7.347122448979592], [null, 1.0930953718093432, 7.530775510204082], [null, 1.0691460427123092, 7.714428571428572], [null, 1.0431813762577318, 7.898081632653062], [null, 1.0144054281680408, 8.08173469387755], [null, 0.98138690189704, 8.26538775510204], [null, 0.9408889513803724, 8.44904081632653], [null, 0.8785690362991628, 8.63269387755102], [null, 0.6287174972079937, 8.81634693877551], [null, -5.977440764581843e-13, 9.0]]}