{"dim": 3, "delta": 7.5, "mu_eff": 10, "dmu_eff": 3.9166666666666665, "C": -0.09336836265764958, "k_c": 50, "data": [[0.642620906855099, 1.6272478066372247, 0.001], [0.6400555324553037, 1.6269766037957945, 0.1540408163265306], [0.6324498938400896, 1.626167484997864, 0.3070816326530612], [0.6198696854780468, 1.6248128628041831, 0.4601224489795918], [0.602401977631948, 1.6228997234397762, 0.6131632653061224], [0.5801220376231639, 1.6204089960828074, 0.7662040816326531], [0.5530459172753962, 1.6173145684400554, 0.9192448979591836], [0.521064794364033, 1.6135818169369007, 1.072285714285714], [0.48384955334433816, 1.6091654330749838, 1.2253265306122447], [0.4406945594944622, 1.6040061718760381, 1.3783673469387754], [0.3902128574654561, 1.5980258595227708, 1.531408163265306], [0.32959564419542825, 1.5911194195450356, 1.6844489795918365], [0.25216769828472474, 1.5831414172097986, 1.8374897959183671], [0.13167066408206984, 1.5738815911952557, 1.9905306122448978], [null, 1.5630153874253667, 2.1435714285714282], [null, 1.5499865948075335, 2.296612244897959], [null, 1.5336390413127203, 2.4496530612244896], [null, 1.5094988170833492, 2.60269387755102], [null, 1.4706630423954052, 2.755734693877551], [null, 1.4349200257362202, 2.9087755102040815], [null, 1.4019055214702314, 3.061816326530612], [null, 1.3712891133981715, 3.2148571428571424], [null, 1.3427727089373398, 3.367897959183673], [null, 1.316088492762644, 3.5209387755102037], [null, 1.2909964854886053, 3.6739795918367344], [null, 1.2672818677735516, 3.827020408163265], [null, 1.2447522089433636, 3.9800612244897957], [null, 1.223234706390708, 4.133102040816326], [null, 1.2025735035445249, 4.286142857142857], [null, 1.182627121849108, 4.439183673469388], [null, 1.1632660091007412, 4.592224489795918], [null, 1.1443702129675635, 4.745265306122449], [null, 1.1258270605360194, 4.89830612244898], [null, 1.107528914875642, 5.05134693877551], [null, 1.0893707886515631, 5.204387755102041], [null, 1.0712477674416458, 5.357428571428572], [null, 1.053052055305835, 5.510469387755102], [null, 1.0346693206326378, 5.663510204081633], [null, 1.0159740110134465, 5.816551020408164], [null, 0.9968228387395972, 5.969591836734694], [null, 0.9770452617778763, 6.122632653061225], [null, 0.9564286455010796, 6.275673469387755], [null, 0.9346934973195068, 6.428714285714285], [null, 0.9114486034851619, 6.581755102040816], [null, 0.8861006696102272, 6.734795918367347], [null, 0.8576428661859155, 6.887836734693877], [null, 0.8240251838261097, 7.040877551020408], [null, 0.7790453699650544, 7.193918367346939], [null, 0.6029707237819354, 7.346959183673469], [null, -1.4290790772975015e-12, 7.5]]}