{"dim": 3, "delta": 9, "mu_eff": 10, "dmu_eff": 5.1, "C": -0.05438903589062871, "k_c": 50, "data": [[1.133366670698848, 1.7535206686746045, 0.001], [1.1274543526354046, 1.7529367055192882, 0.1846530612244898], [1.1096241289513706, 1.7511819120438963, 0.3683061224489796], [1.089891242220438, 1.7482080626119183, 0.5519591836734694], [1.0685653393850232, 1.7439275300251915, 0.7356122448979592], [1.0447288980529406, 1.7381995501136724, 0.9192653061224489], [1.0176082135830455, 1.730803593163883, 1.1029183673469387], [0.9864731514302516, 1.7213851051336062, 1.2865714285714285], [0.9506566340494061, 1.7093307066164636, 1.4702244897959182], [0.9096401304348979, 1.6934107614206604, 1.653877551020408], [0.8631744852752667, 1.6701371679831056, 1.8375306122448978], [0.8113882070737563, 1.6158149313328092, 2.0211836734693875], [0.754826707899806, 1.5572875697148205, 2.2048367346938775], [0.6943939754207505, 1.5076990067830631, 2.388489795918367], [0.631220987013994, 1.4657119671337537, 2.572142857142857], [0.5665187974458777, 1.4300144325047415, 2.7557959183673466], [0.501465265710995, 1.3994144832604438, 2.9394489795918366], [0.43347339772640164, 1.3728891180821188, 3.1231020408163266], [0.34599634295018433, 1.3495934269775136, 3.306755102040816], [0.2210056738052486, 1.328845872522258, 3.490408163265306], [null, 1.310103447262105, 3.6740612244897957], [null, 1.2929353769315404, 3.8577142857142857], [null, 1.2769992493077837, 4.041367346938776], [null, 1.2620213512410507, 4.225020408163266], [null, 1.2477808174089509, 4.408673469387756], [null, 1.2340973037429834, 4.592326530612246], [null, 1.2208214328598006, 4.775979591836735], [null, 1.2078273959251657, 4.959632653061225], [null, 1.1950071831498783, 5.143285714285715], [null, 1.1822660204038173, 5.326938775510205], [null, 1.1695186790142507, 5.510591836734694], [null, 1.1566863943335854, 5.694244897959184], [null, 1.1436941786550652, 5.877897959183674], [null, 1.1304683377154743, 6.061551020408164], [null, 1.1169340115686814, 6.245204081632654], [null, 1.1030125505905948, 6.428857142857143], [null, 1.0886184799518108, 6.612510204081633], [null, 1.073655729158248, 6.796163265306123], [null, 1.0580126309960918, 6.979816326530613], [null, 1.0415548761913946, 7.163469387755102], [null, 1.02411501757649, 7.347122448979592], [null, 1.0054758872333807, 7.530775510204082], [null, 0.9853426116305237, 7.714428571428572], [null, 0.9632914123771881, 7.898081632653062], [null, 0.9386653869180934, 8.08173469387755], [null, 0.9103271514165734, 8.26538775510204], [null, 0.8759043416464761, 8.44904081632653], [null, 0.8278073873889249, 8.63269387755102], [null, 0.6287174960867757, 8.81634693877551], [null, -3.6415315207705135e-14, 9.0]]}