{"dim": 3, "delta": 1.25, "mu_eff": 10, "dmu_eff": 0.7638888888888888, "C": -0.4898160746313178, "k_c": 50, "data": [[0.1565036440947419, 0.3240889250175691, 0.001], [0.15608699913398338, 0.32403643403055765, 0.02648979591836735], [0.15488772309562904, 0.32388624966210877, 0.0519795918367347], [0.15284974132473575, 0.323637351947517, 0.07746938775510205], [0.1499122847455168, 0.3232880202067661, 0.1029591836734694], [0.14682419518075956, 0.3228357738221126, 0.12844897959183676], [0.1435898448435122, 0.32227728291243535, 0.1539387755102041], [0.1401539535074949, 0.32160824074387295, 0.17942857142857144], [0.13646612495788144, 0.32082318583322333, 0.2049183673469388], [0.1324764346234466, 0.31991525453435127, 0.23040816326530617], [0.1281335466942786, 0.3188758340047008, 0.25589795918367353], [0.12338448432224017, 0.31769406826142227, 0.28138775510204084], [0.11817600931591833, 0.31635613703513865, 0.3068775510204082], [0.11245794497806219, 0.3148441704385727, 0.33236734693877557], [0.10618887173739784, 0.3131345466656583, 0.3578571428571429], [0.0993443812033805, 0.31119508077946795, 0.38334693877551024], [0.09192732854714848, 0.3089800550038046, 0.4088367346938776], [0.08397827877108839, 0.3064205945723483, 0.43432653061224497], [0.07558303583138147, 0.3034034281603058, 0.45981632653061233], [0.06687375363986432, 0.29971333715983983, 0.48530612244897964], [0.05802157540639795, 0.29480149525362037, 0.5107959183673471], [0.04857388994197852, 0.2838643057380276, 0.5362857142857144], [0.035877028856794266, 0.26862937689463273, 0.5617755102040817], [0.013560870754873259, 0.2556631721218288, 0.5872653061224491], [null, 0.24455692274865387, 0.6127551020408164], [null, 0.23496496216381896, 0.6382448979591837], [null, 0.2266006699120285, 0.6637346938775511], [null, 0.21922961006338837, 0.6892244897959184], [null, 0.21266157377382364, 0.7147142857142857], [null, 0.2067427325415794, 0.7402040816326532], [null, 0.20134857418022487, 0.7656938775510205], [null, 0.19637787532885748, 0.7911836734693879], [null, 0.19174772823377192, 0.8166734693877552], [null, 0.18738951031717416, 0.8421632653061225], [null, 0.1832456390595044, 0.8676530612244899], [null, 0.17926694927217235, 0.8931428571428572], [null, 0.17541053904568785, 0.9186326530612247], [null, 0.17163794504283506, 0.944122448979592], [null, 0.1679135157368806, 0.9696122448979593], [null, 0.16420284595284598, 0.9951020408163267], [null, 0.1604711114372912, 1.020591836734694], [null, 0.15668108447416507, 1.0460816326530613], [null, 0.1527904340467538, 1.0715714285714286], [null, 0.14874766644569348, 1.097061224489796], [null, 0.14448523880603778, 1.1225510204081632], [null, 0.13990647560795175, 1.1480408163265305], [null, 0.13485692168624927, 1.173530612244898], [null, 0.12904741110329068, 1.1990204081632654], [null, 0.12175672924315196, 1.2245102040816327], [null, -2.6556534749033744e-13, 1.25]]}