{"dim": 3, "delta": 4, "mu_eff": 10, "dmu_eff": 2.2666666666666666, "C": -0.2300055717506968, "k_c": 50, "data": [[0.426756606392393, 0.9722665434570131, 0.001], [0.4256113168848265, 0.9721210571812984, 0.08261224489795918], [0.4222448965915612, 0.9716905394640608, 0.16422448979591836], [0.41670025553559975, 0.9709719338449748, 0.24583673469387754], [0.4090469748157209, 0.9699600494942284, 0.3274489795918367], [0.39937893708281236, 0.9686473657342713, 0.40906122448979587], [0.3878113249885602, 0.9670237586214578, 0.4906734693877551], [0.3744772396355628, 0.9650760912670084, 0.5722857142857143], [0.35952419269664737, 0.9627876450357696, 0.6538979591836734], [0.34311068718481064, 0.9601373208110954, 0.7355102040816326], [0.32540246055834404, 0.9570985082943917, 0.8171224489795917], [0.3065113456031312, 0.9536374569164433, 0.898734693877551], [0.28628321789871475, 0.949710858313533, 0.9803469387755102], [0.26439295628270376, 0.945262142930244, 1.0619591836734692], [0.240369491168608, 0.940215523589337, 1.1435714285714285], [0.21347852340931836, 0.9344658335528452, 1.2251836734693875], [0.18244230291988117, 0.9278597499912347, 1.3067959183673468], [0.14460178192256157, 0.9201570136023309, 1.388408163265306], [0.09188675463667718, 0.9109355408991398, 1.470020408163265], [null, 0.8992792669649354, 1.5516326530612243], [null, 0.8810334436808099, 1.6332448979591834], [null, 0.8487879865521109, 1.7148571428571426], [null, 0.8197578487489794, 1.796469387755102], [null, 0.7935320380879943, 1.878081632653061], [null, 0.7697367767523603, 1.9596938775510202], [null, 0.748037178848119, 2.0413061224489795], [null, 0.7281365832248681, 2.1229183673469385], [null, 0.7097742685404295, 2.2045306122448975], [null, 0.6927221841501595, 2.286142857142857], [null, 0.6767812236316254, 2.367755102040816], [null, 0.6617773767075689, 2.449367346938775], [null, 0.6475580093281483, 2.5309795918367346], [null, 0.6339883572566342, 2.6125918367346936], [null, 0.6209482871820518, 2.6942040816326527], [null, 0.6083293017734306, 2.775816326530612], [null, 0.5960317300297244, 2.857428571428571], [null, 0.5839620182009223, 2.9390408163265302], [null, 0.5720299635211793, 3.0206530612244897], [null, 0.5601457448700792, 3.1022653061224488], [null, 0.5482164278046276, 3.183877551020408], [null, 0.5361415202381453, 3.265489795918367], [null, 0.5238068033400874, 3.3471020408163263], [null, 0.5110750201203246, 3.4287142857142854], [null, 0.497770574970909, 3.5103265306122444], [null, 0.483651933639925, 3.591938775510204], [null, 0.46835582937634557, 3.673551020408163], [null, 0.4512653529897465, 3.755163265306122], [null, 0.43110985434174814, 3.8367755102040815], [null, 0.40390979409180994, 3.9183877551020405], [null, -3.552713678800501e-13, 4.0]]}