{"dim": 3, "delta": 1.5, "mu_eff": 10, "dmu_eff": 0.8166666666666667, "C": -0.4487568044094923, "k_c": 50, "data": [[0.12395625136379002, 0.40231583109185676, 0.001], [0.12385185757409123, 0.4023033227928741, 0.016141414141414144], [0.12356308425004911, 0.4022687036856519, 0.03128282828282829], [0.12309005952492275, 0.40221193703538044, 0.04642424242424243], [0.12243297601011778, 0.40213296240928154, 0.061565656565656574], [0.12159206503163765, 0.40203169544334444, 0.07670707070707072], [0.12056755966835198, 0.4019080272025069, 0.09184848484848486], [0.11935964537601457, 0.4017618238894182, 0.106989898989899], [0.11796839652544208, 0.40159292590321893, 0.12213131313131315], [0.11639369666246173, 0.40140114703892354, 0.1372727272727273], [0.1146351394614198, 0.4011862735505191, 0.15241414141414145], [0.11269190664388043, 0.400948062750456, 0.16755555555555557], [0.11056261753854171, 0.4006862379370537, 0.18269696969696972], [0.1082451435982933, 0.4004005060219256, 0.19783838383838387], [0.10573637807438535, 0.40009051704126625, 0.212979797979798], [0.10303194767515687, 0.3997559007215654, 0.22812121212121214], [0.10012584690253773, 0.3993962446916942, 0.2432626262626263], [0.09700996612044568, 0.39901107777144906, 0.2584040404040404], [0.09367347143924891, 0.3985999565668688, 0.2735454545454546], [0.0901019636099079, 0.3981622820675697, 0.2886868686868687], [0.08627631154435157, 0.3976974758020858, 0.3038282828282829], [0.08217096712030403, 0.39720488463556136, 0.318969696969697], [0.07775143586405056, 0.3966837938870899, 0.33411111111111114], [0.07297029243863545, 0.3961334208817908, 0.3492525252525253], [0.06776053246967886, 0.39555290820855776, 0.36439393939393944], [0.06202365500490281, 0.39494131490589596, 0.37953535353535356], [0.055606193934462984, 0.39429760744594344, 0.39467676767676774], [0.048247040181498606, 0.39362064815765835, 0.40981818181818186], [0.039432923311239314, 0.39290918219174387, 0.424959595959596], [0.027826696328919043, 0.3921618218824588, 0.44010101010101016], [null, 0.3913770281741712, 0.4552424242424243], [null, 0.3905530883952188, 0.47038383838383846], [null, 0.3896880893502776, 0.4855252525252526], [null, 0.3887798846615496, 0.5006666666666667], [null, 0.3878260543179129, 0.5158080808080808], [null, 0.38682385474697983, 0.5309494949494951], [null, 0.38577015597045905, 0.5460909090909092], [null, 0.3846613609692883, 0.5612323232323233], [null, 0.38349330243639246, 0.5763737373737374], [null, 0.3822611059813893, 0.5915151515151515], [null, 0.3809590073740606, 0.6066565656565658], [null, 0.3795801016124734, 0.6217979797979799], [null, 0.37811599078042596, 0.636939393939394], [null, 0.3765562708295018, 0.6520808080808081], [null, 0.3748877616354351, 0.6672222222222223], [null, 0.37309329030434507, 0.6823636363636364], [null, 0.3711496582982177, 0.6975050505050506], [null, 0.36902397249338953, 0.7126464646464648], [null, 0.3666662880328364, 0.7277878787878789], [null, 0.3639923178793476, 0.742929292929293], [null, 0.3608301193245967, 0.7580707070707071], [null, 0.3565698924521305, 0.7732121212121214], [null, 0.3497278864665173, 0.7883535353535355], [null, 0.3431714082244266, 0.8034949494949496], [null, 0.3369195086232981, 0.8186363636363637], [null, 0.3309500284996468, 0.8337777777777778], [null, 0.32524235461762935, 0.848919191919192], [null, 0.3197773139821635, 0.8640606060606062], [null, 0.31453707270438336, 0.8792020202020203], [null, 0.30950503825939885, 0.8943434343434344], [null, 0.3046657666877296, 0.9094848484848486], [null, 0.30000486952536837, 0.9246262626262627], [null, 0.2955089473181167, 0.9397676767676769], [null, 0.2911654767638972, 0.954909090909091], [null, 0.2869627668336973, 0.9700505050505052], [null, 0.2828898733777892, 0.9851919191919193], [null, 0.27893652871367713, 1.0003333333333333], [null, 0.27509310604003917, 1.0154747474747474], [null, 0.2713505045033571, 1.0306161616161615], [null, 0.26770014566975137, 1.0457575757575757], [null, 0.2641338938580494, 1.06089898989899], [null, 0.2606440076188131, 1.0760404040404041], [null, 0.2572230891979168, 1.0911818181818183], [null, 0.25386403458835455, 1.1063232323232324], [null, 0.2505599839498268, 1.1214646464646465], [null, 0.24730427071963082, 1.1366060606060606], [null, 0.24409037447538953, 1.1517474747474747], [null, 0.24091185827165823, 1.1668888888888889], [null, 0.23776231978007045, 1.182030303030303], [null, 0.23463532416911836, 1.197171717171717], [null, 0.23152433333086378, 1.2123131313131315], [null, 0.22842262436139177, 1.2274545454545456], [null, 0.2253231941948332, 1.2425959595959597], [null, 0.22221864310046846, 1.2577373737373738], [null, 0.2191010314632879, 1.272878787878788], [null, 0.21596169845842456, 1.288020202020202], [null, 0.2127910266142377, 1.3031616161616162], [null, 0.20957812900362607, 1.3183030303030303], [null, 0.20631042206047712, 1.3334444444444444], [null, 0.20297302438708947, 1.3485858585858586], [null, 0.1995478836300139, 1.3637272727272727], [null, 0.19601245746750215, 1.378868686868687], [null, 0.19233762908155763, 1.3940101010101011], [null, 0.18848422203142387, 1.4091515151515153], [null, 0.18439673763085807, 1.4242929292929294], [null, 0.17999099665141005, 1.4394343434343435], [null, 0.17512610435515907, 1.4545757575757576], [null, 0.16952604457507098, 1.4697171717171718], [null, 0.16244933700005057, 1.4848585858585859], [null, -6.922906692352626e-12, 1.5]]}