{"dim": 3, "delta": 1.5, "mu_eff": 10, "dmu_eff": 0.7833333333333333, "C": -0.4487568044094923, "k_c": 50, "data": [[0.09013636854524582, 0.40667208880293937, 0.001], [0.0900111410851836, 0.4066603884331888, 0.016141414141414144], [0.08966428000159174, 0.40662800684157935, 0.03128282828282829], [0.0890946354213041, 0.4065749135527524, 0.04642424242424243], [0.08830025249314016, 0.4065010584941978, 0.061565656565656574], [0.08727826331611908, 0.40640637174021976, 0.07670707070707072], [0.08602472546521577, 0.40629076320209745, 0.09184848484848486], [0.08453439405084741, 0.406154122198645, 0.106989898989899], [0.08280040719842717, 0.40599631695045524, 0.12213131313131315], [0.08081385409885175, 0.4058171938988065, 0.1372727272727273], [0.07856317778494398, 0.4056165770682996, 0.15241414141414145], [0.07603333663667723, 0.4053942670353763, 0.16755555555555557], [0.07320460018081255, 0.4051500400542998, 0.18269696969696972], [0.07005076727349636, 0.4048836468812901, 0.19783838383838387], [0.06653642828676504, 0.40459481145259263, 0.212979797979798], [0.06261255462291869, 0.40428322930112365, 0.22812121212121214], [0.05820895640368094, 0.4039485660191685, 0.2432626262626263], [0.053220344537676094, 0.40359045523733283, 0.2584040404040404], [0.047477725977142414, 0.4032084965240019, 0.2735454545454546], [0.0406801208308397, 0.4028022528380236, 0.2886868686868687], [0.032186576510782244, 0.4023712476990384, 0.3038282828282829], [0.01996871301149449, 0.40191496276496586, 0.318969696969697], [null, 0.40143283266938834, 0.33411111111111114], [null, 0.40092424251611875, 0.3492525252525253], [null, 0.4003885227242736, 0.36439393939393944], [null, 0.3998249432652547, 0.37953535353535356], [null, 0.399232708180067, 0.39467676767676774], [null, 0.398610948273442, 0.40981818181818186], [null, 0.39795871299904206, 0.424959595959596], [null, 0.39727496078421215, 0.44010101010101016], [null, 0.39655854943273827, 0.4552424242424243], [null, 0.39580822026515033, 0.47038383838383846], [null, 0.39502258577729643, 0.4855252525252526], [null, 0.3942001099861324, 0.5006666666666667], [null, 0.3933390869787345, 0.5158080808080808], [null, 0.3924376146488631, 0.5309494949494951], [null, 0.39149356275710123, 0.5460909090909092], [null, 0.3905045338060436, 0.5612323232323233], [null, 0.38946781352291066, 0.5763737373737374], [null, 0.3883803127126592, 0.5915151515151515], [null, 0.38723848361790514, 0.6066565656565658], [null, 0.3860382249781776, 0.6217979797979799], [null, 0.3847747473031728, 0.636939393939394], [null, 0.3834423955550593, 0.6520808080808081], [null, 0.38203441079377604, 0.6672222222222223], [null, 0.38054258347661946, 0.6823636363636364], [null, 0.3789567671010825, 0.6975050505050506], [null, 0.37726413486863425, 0.7126464646464648], [null, 0.3754480142743929, 0.7277878787878789], [null, 0.3734859424286467, 0.742929292929293], [null, 0.3713461625808266, 0.7580707070707071], [null, 0.368980618164609, 0.7732121212121214], [null, 0.3663084955588732, 0.7883535353535355], [null, 0.36316542366959353, 0.8034949494949496], [null, 0.35895432518862663, 0.8186363636363637], [null, 0.35250952684749065, 0.8337777777777778], [null, 0.34632528870379503, 0.848919191919192], [null, 0.340391735948155, 0.8640606060606062], [null, 0.33469151859842394, 0.8792020202020203], [null, 0.3292083887480978, 0.8943434343434344], [null, 0.32392726745850436, 0.9094848484848486], [null, 0.31883386473793296, 0.9246262626262627], [null, 0.31391493344332394, 0.9397676767676769], [null, 0.3091579882498945, 0.954909090909091], [null, 0.30455133165044335, 0.9700505050505052], [null, 0.30008395949423294, 0.9851919191919193], [null, 0.29574550749079254, 1.0003333333333333], [null, 0.29152619310721356, 1.0154747474747474], [null, 0.2874167624165591, 1.0306161616161615], [null, 0.2834084370445609, 1.0457575757575757], [null, 0.27949286418128094, 1.06089898989899], [null, 0.27566206745711047, 1.0760404040404041], [null, 0.2719083991265176, 1.0911818181818183], [null, 0.2682244928133297, 1.1063232323232324], [null, 0.2646032154791143, 1.1214646464646465], [null, 0.2610376192713425, 1.1366060606060606], [null, 0.25752089108041076, 1.1517474747474747], [null, 0.2540462990661767, 1.1668888888888889], [null, 0.2506071355597854, 1.182030303030303], [null, 0.24719665281366998, 1.197171717171717], [null, 0.2438079925844576, 1.2123131313131315], [null, 0.2404341012312119, 1.2274545454545456], [null, 0.23706763304805373, 1.2425959595959597], [null, 0.2337008281732092, 1.2577373737373738], [null, 0.23032537773187486, 1.272878787878788], [null, 0.22693221058618437, 1.288020202020202], [null, 0.22351127657164688, 1.3031616161616162], [null, 0.22005120911822407, 1.3183030303030303], [null, 0.21653888502827026, 1.3334444444444444], [null, 0.21295880088156133, 1.3485858585858586], [null, 0.20929216589486535, 1.3637272727272727], [null, 0.20551553006598142, 1.378868686868687], [null, 0.20159861441315247, 1.3940101010101011], [null, 0.19750067707062893, 1.4091515151515153], [null, 0.1931639747556677, 1.4242929292929294], [null, 0.18850081380397363, 1.4394343434343435], [null, 0.18336411571245598, 1.4545757575757576], [null, 0.17746453463069298, 1.4697171717171718], [null, 0.17001668258787137, 1.4848585858585859], [null, -7.489564524121306e-12, 1.5]]}