{"dim": 3, "delta": 3, "mu_eff": 10, "dmu_eff": 2.033333333333333, "C": -0.29363958034959703, "k_c": 50, "data": [[0.4634020139485644, 0.6825592187555178, 0.001], [0.4659743089873694, 0.6823158505691542, 0.06220408163265306], [0.4690240514064119, 0.6815952963998604, 0.12340816326530613], [0.4721009501634324, 0.6803796068352705, 0.1846122448979592], [0.47552958048323324, 0.6786365769042413, 0.24581632653061225], [0.4795566554665125, 0.6763153846843821, 0.3070204081632653], [0.4844741202276835, 0.6733385261005186, 0.3682244897959184], [0.4907009366397564, 0.6695865166069538, 0.42942857142857144], [0.4989167316160686, 0.6648664655521034, 0.4906326530612245], [0.5103720498295768, 0.658838077167962, 0.5518367346938776]]}