{"dim": 3, "delta": 8.5, "mu_eff": 10, "dmu_eff": 4.816666666666666, "C": -0.06658295384727841, "k_c": 50, "data": [[1.052875068428102, 1.6957740820507652, 0.001], [1.0481655620950903, 1.6952739864276438, 0.17444897959183675], [1.0331288888094248, 1.6937741113429554, 0.3478979591836735], [1.0127144496746465, 1.6912406472350978, 0.5213469387755102], [0.9910420897153737, 1.6876128944717517, 0.694795918367347], [0.967255778299742, 1.6827959755309803, 0.8682448979591838], [0.940693814857157, 1.6766467847837818, 1.0416938775510203], [0.9107687866173994, 1.668948353944523, 1.215142857142857], [0.8769616550591374, 1.6593581603408685, 1.3885918367346939], [0.8388673924542267, 1.6472901833652884, 1.5620408163265307], [0.7962674616055364, 1.6315780719920134, 1.7354897959183675], [0.749202628815131, 1.6089250373056019, 1.908938775510204], [0.6980147672668843, 1.5580951661209659, 2.0823877551020407], [0.6433348438123332, 1.5038914186875698, 2.2558367346938777], [0.5860178003048864, 1.4572555507505995, 2.4292857142857143], [0.52704859515736, 1.4170914994305321, 2.6027346938775513], [0.46745084391704617, 1.3823493162522285, 2.776183673469388], [0.4020934820898695, 1.3520783041582791, 2.9496326530612245], [0.31794463959381064, 1.3254537056093538, 3.1230816326530615], [0.1963631983266333, 1.3017812171566692, 3.296530612244898], [null, 1.2804875468715913, 3.469979591836735], [null, 1.2611044296533733, 3.6434285714285717], [null, 1.2432510386756594, 3.8168775510204083], [null, 1.2266174618437446, 3.9903265306122453], [null, 1.2109503657277214, 4.163775510204082], [null, 1.196041090871611, 4.337224489795919], [null, 1.1817160003189682, 4.510673469387756], [null, 1.1678287412748425, 4.6841224489795925], [null, 1.1542540535150003, 4.857571428571429], [null, 1.140882782518307, 5.031020408163266], [null, 1.1276178054766233, 5.204469387755103], [null, 1.114370624466124, 5.37791836734694], [null, 1.1010584134033408, 5.551367346938776], [null, 1.0876013358091083, 5.724816326530613], [null, 1.0739199444932532, 5.8982653061224495], [null, 1.0599325006465057, 6.071714285714287], [null, 1.045551920442195, 6.2451632653061235], [null, 1.030682130667912, 6.41861224489796], [null, 1.0152132858965695, 6.592061224489797], [null, 0.9990151562018507, 6.765510204081633], [null, 0.9819273870178832, 6.938959183673471], [null, 0.9637442619351636, 7.112408163265307], [null, 0.9441892252121546, 7.285857142857144], [null, 0.9228687410066009, 7.4593061224489805], [null, 0.8991795814729432, 7.632755102040817], [null, 0.8720929219583102, 7.806204081632654], [null, 0.8395173984911269, 7.979653061224491], [null, 0.7952301456939973, 8.153102040816327], [null, 0.6202704285158416, 8.326551020408163], [null, 1.1599610161283636e-12, 8.5]]}