{"dim": 3, "delta": 3, "mu_eff": 10, "dmu_eff": 1.5666666666666667, "C": -0.29363958034959703, "k_c": 50, "data": [[0.19636999038047454, 0.7767391535535831, 0.001], [0.195445924855154, 0.7766503203584182, 0.06220408163265306], [0.19272402769948008, 0.7763890472424708, 0.12340816326530613], [0.18817789345095323, 0.7759541578938333, 0.1846122448979592], [0.1817557037047801, 0.7753436715184641, 0.24581632653061225], [0.1733660321538244, 0.774554758200818, 0.3070204081632653], [0.16285194211827922, 0.7735836738697396, 0.3682244897959184], [0.1499420925825555, 0.7724256693790529, 0.42942857142857144], [0.13414898305185674, 0.7710748705285244, 0.4906326530612245], [0.11451939534910374, 0.7695241199116397, 0.5518367346938776], [0.08882651757692314, 0.7677647689234484, 0.6130408163265306], [0.04867590696357025, 0.7657864058951379, 0.6742448979591836], [null, 0.7635764953044577, 0.7354489795918367], [null, 0.7611198945561306, 0.7966530612244899], [null, 0.7583981949306283, 0.8578571428571429], [null, 0.7553888058203906, 0.9190612244897959], [null, 0.7520636430116172, 0.980265306122449], [null, 0.748387199529234, 1.041469387755102], [null, 0.7443135848115227, 1.1026734693877551], [null, 0.7397817560912926, 1.163877551020408], [null, 0.7347073432153189, 1.2250816326530611], [null, 0.7289673949286473, 1.2862857142857143], [null, 0.7223683458327826, 1.3474897959183672], [null, 0.714565251335112, 1.4086938775510203], [null, 0.704776326756502, 1.4698979591836734], [null, 0.6885121015572383, 1.5311020408163265], [null, 0.6664618586411757, 1.5923061224489796], [null, 0.646047568841245, 1.6535102040816325], [null, 0.627068034103171, 1.7147142857142856], [null, 0.6093429135602153, 1.7759183673469388], [null, 0.5927106448065081, 1.8371224489795916], [null, 0.5770262957954283, 1.8983265306122448], [null, 0.5621594172137858, 1.9595306122448979], [null, 0.5479919292272681, 2.020734693877551], [null, 0.5344160592785392, 2.081938775510204], [null, 0.5213323056514807, 2.1431428571428572], [null, 0.5086473855741487, 2.2043469387755104], [null, 0.496272086643568, 2.265551020408163], [null, 0.48411889474960673, 2.326755102040816], [null, 0.47209919551446994, 2.3879591836734693], [null, 0.46011971419213915, 2.4491632653061224], [null, 0.4480776122368464, 2.5103673469387755], [null, 0.43585316190930007, 2.5715714285714286], [null, 0.42329784756034033, 2.6327755102040817], [null, 0.41021316738750374, 2.6939795918367344], [null, 0.396308411680729, 2.7551836734693875], [null, 0.3811028644992215, 2.8163877551020406], [null, 0.36363930238985254, 2.8775918367346938], [null, 0.34113930543487847, 2.938795918367347], [null, -2.8621549574836536e-12, 3.0]]}