{"dim": 3, "delta": 1.25, "mu_eff": 10, "dmu_eff": 0.5556944444444445, "C": -0.4898160746313178, "k_c": 50, "data": [[0.35139340925357415, null, 0.001], [0.35138507008360853, null, 0.013616161616161616], [0.35136232937580675, null, 0.026232323232323235], [0.3513251720213201, null, 0.038848484848484854], [0.3512735733150235, null, 0.05146464646464647], [0.35120749896515024, null, 0.06408080808080809], [0.35112690469502184, null, 0.07669696969696971], [0.3510317365477035, null, 0.08931313131313132], [0.3509219301835714, null, 0.10192929292929294], [0.3507974110963668, null, 0.11454545454545456], [0.3506580941607138, null, 0.12716161616161617], [0.35050388337926014, null, 0.13977777777777778], [0.3503346644145761, null, 0.15239393939393941], [0.3501503399445064, null, 0.16501010101010102], [0.349950757762, null, 0.17762626262626263], [0.34973578176983666, null, 0.19024242424242427], [0.34950525590419285, null, 0.20285858585858588], [0.34925901024289, null, 0.21547474747474749], [0.3489968607768685, null, 0.22809090909090912], [0.3487186085555485, null, 0.24070707070707073], [0.3484240388421082, null, 0.25332323232323234], [0.34811292024310053, null, 0.265939393939394], [0.347785003758274, null, 0.27855555555555556], [0.34744002159652804, null, 0.2911717171717172], [0.3470776860336671, null, 0.30378787878787883], [0.34669768812749974, null, 0.3164040404040404], [0.34629969576911, null, 0.32902020202020205], [0.345883352830886, null, 0.3416363636363637], [0.34544827646955606, null, 0.35425252525252526], [0.3449940554777043, null, 0.3668686868686869], [0.34452024783023855, null, 0.37948484848484854], [0.3440263778920309, null, 0.3921010101010101], [0.3435119327351175, null, 0.40471717171717175], [0.3429763631341291, null, 0.4173333333333334], [0.3424190708295573, null, 0.42994949494949497], [0.3418394130507097, null, 0.4425656565656566], [0.3412366930992546, null, 0.45518181818181824], [0.34061015544768924, null, 0.4677979797979798], [0.33995897945754644, null, 0.48041414141414146], [0.3392822710910152, null, 0.4930303030303031], [0.3385790546807982, null, 0.5056464646464647], [0.3378482623676564, null, 0.5182626262626263], [0.33708872154364844, null, 0.530878787878788], [0.3362991406769309, null, 0.5434949494949496], [0.3354780910477685, null, 0.5561111111111111], [0.33462399012169286, null, 0.5687272727272727], [0.3337350678983809, null, 0.5813434343434344], [0.33280934438168164, null, 0.593959595959596], [0.3318445866726983, null, 0.6065757575757577], [0.330838263919131, null, 0.6191919191919193], [0.3297874827065112, null, 0.6318080808080808], [0.3286889120142657, null, 0.6444242424242425], [0.3275386828919733, null, 0.6570404040404041], [0.3263322451390383, null, 0.6696565656565657], [0.32506418953576854, null, 0.6822727272727274], [0.32372798492245936, null, 0.694888888888889], [0.3223156058581419, null, 0.7075050505050505], [0.32081697539938525, null, 0.7201212121212122], [0.31921909417293837, null, 0.7327373737373738], [0.31750459905173467, null, 0.7453535353535354], [0.315649194425166, null, 0.7579696969696971], [0.31361655809108646, null, 0.7705858585858587], [0.3113465569731608, null, 0.7832020202020202], [0.30871939812940324, null, 0.7958181818181819], [0.30530760550491, null, 0.8084343434343435], [0.30047007159947375, null, 0.8210505050505051], [0.2957663517606281, null, 0.8336666666666668], [0.29118760717686154, null, 0.8462828282828283], [0.2867254161499142, null, 0.8588989898989899], [0.2823717346067276, null, 0.8715151515151516], [0.2781188571015108, null, 0.8841313131313132], [0.27395937886590577, null, 0.8967474747474748], [0.26988615764139545, null, 0.9093636363636365], [0.2658922775605401, null, 0.921979797979798], [0.2619710059579457, null, 0.9345959595959596], [0.258115758190811, null, 0.9472121212121213], [0.2543200527653207, null, 0.9598282828282829], [0.2505774666895739, null, 0.9724444444444446], [0.2468815856222799, null, 0.9850606060606062], [0.24322594798665398, null, 0.9976767676767677], [0.23960398259159202, null, 1.0102929292929292], [0.23600893110239898, null, 1.022909090909091], [0.23243376530964763, null, 1.0355252525252525], [0.22887107243041607, null, 1.048141414141414], [0.22531293369550562, null, 1.0607575757575758], [0.22175072463030676, null, 1.0733737373737373], [0.2181749272032333, null, 1.085989898989899], [0.2145748098637836, null, 1.0986060606060606], [0.21093802641493625, null, 1.1112222222222221], [0.20725004079455694, null, 1.1238383838383839], [0.20349329143859565, null, 1.1364545454545454], [0.19964592643098897, null, 1.1490707070707071], [0.19567979967051533, null, 1.1616868686868687], [0.19155713250521814, null, 1.1743030303030304], [0.18722445650053693, null, 1.186919191919192], [0.18260069481957023, null, 1.1995353535353535], [0.17755001966495795, null, 1.2121515151515152], [0.1718054942487994, null, 1.2247676767676767], [0.1646438176103518, null, 1.2373838383838385], [2.4428903344642094e-11, null, 1.25]]}