{"dim": 3, "delta": 7.5, "mu_eff": 10, "dmu_eff": 4.25, "C": -0.09336836265764958, "k_c": 50, "data": [[0.8984360184919336, 1.5668940670571174, 0.001], [0.8951626048313299, 1.5665180325185557, 0.1540408163265306], [0.8854017451231786, 1.5653936919210716, 0.3070816326530612], [0.8685236456577989, 1.5635028879907906, 0.4601224489795918], [0.847416675922327, 1.5608138032073602, 0.6131632653061224], [0.8248510387867359, 1.557278225246635, 0.7662040816326531], [0.8003031299260073, 1.552826926521274, 0.9192448979591836], [0.773349278080712, 1.5473619780739314, 1.072285714285714], [0.743633241119448, 1.5407436047271004, 1.2253265306122447], [0.7108751046420156, 1.532766362863498, 1.3783673469387754], [0.6749004518992696, 1.5231118595464692, 1.531408163265306], [0.6356772086689464, 1.5112409787794094, 1.6844489795918365], [0.5933474959565902, 1.4960846848508567, 1.8374897959183671], [0.5482422981869721, 1.4745856651310414, 1.9905306122448978], [0.5008714506347167, 1.4288280424056812, 2.1435714285714282], [0.4518899027206835, 1.3813360163295862, 2.296612244897959], [0.40115766684903864, 1.3395996947105213, 2.4496530612244896], [0.34019849701290533, 1.3028328658548467, 2.60269387755102], [0.26288644886016993, 1.270299683988153, 2.755734693877551], [0.1465507465811934, 1.2413353740548458, 2.9087755102040815], [null, 1.2153556941467976, 3.061816326530612], [null, 1.1918573782511634, 3.2148571428571424], [null, 1.1704127124802766, 3.367897959183673], [null, 1.1506610669852466, 3.5209387755102037], [null, 1.132299398567316, 3.6739795918367344], [null, 1.1150729534171133, 3.827020408163265], [null, 1.0987667993850483, 3.9800612244897957], [null, 1.0831984297962345, 4.133102040816326], [null, 1.0682114474924123, 4.286142857142857], [null, 1.0536702382603975, 4.439183673469388], [null, 1.0394554731457566, 4.592224489795918], [null, 1.025460280269547, 4.745265306122449], [null, 1.0115869193529141, 4.89830612244898], [null, 0.9977437984388263, 5.05134693877551], [null, 0.9838426702183884, 5.204387755102041], [null, 0.9697958398464157, 5.357428571428572], [null, 0.9555131601264137, 5.510469387755102], [null, 0.9408985728840119, 5.663510204081633], [null, 0.9258457742187958, 5.816551020408164], [null, 0.9102324034386347, 5.969591836734694], [null, 0.8939117020934355, 6.122632653061225], [null, 0.876699704105923, 6.275673469387755], [null, 0.8583544491961526, 6.428714285714285], [null, 0.838538463562238, 6.581755102040816], [null, 0.8167462441635671, 6.734795918367347], [null, 0.792140427529239, 6.887836734693877], [null, 0.7630974760548944, 7.040877551020408], [null, 0.7253183183235142, 7.193918367346939], [null, 0.6029707292816429, 7.346959183673469], [null, 5.000284630796159e-10, 7.5]]}