{"dim": 3, "delta": 0.75, "mu_eff": 10, "dmu_eff": 0.5249999999999999, "C": -0.605144141797342, "k_c": 50, "data": [[0.11952949123957457, 0.1800782757166953, 0.001], [0.12018131643813408, 0.18001428471420577, 0.016285714285714285], [0.12106034471721099, 0.17983585960360593, 0.03157142857142857], [0.1219321258279642, 0.17953933038863415, 0.04685714285714286], [0.1228818884159924, 0.1791182699088662, 0.062142857142857146], [0.12396832561628807, 0.17856278595597333, 0.07742857142857143], [0.1252543566214538, 0.17785827812333566, 0.09271428571428572], [0.12682229759041458, 0.17698324049442252, 0.108], [0.12879252324157597, 0.17590517791022475, 0.12328571428571429], [0.13135779734719533, 0.1745723114937653, 0.13857142857142857], [0.13486073418546868, 0.1728942368741918, 0.15385714285714286], [0.14000968991051724, 0.17068539995017065, 0.16914285714285715], [0.14873241506055979, 0.16740531491260954, 0.18442857142857144]]}