{"dim": 3, "delta": 1, "mu_eff": 10, "dmu_eff": 0.5888888888888889, "C": -0.5401527062406859, "k_c": 50, "data": [[0.11285956252368297, 0.2646443798542906, 0.001], [0.11278368429436862, 0.2646340930316643, 0.011090909090909092], [0.11258128709582146, 0.2646066220266268, 0.021181818181818184], [0.11225273671934607, 0.2645619297510387, 0.03127272727272727], [0.11179861960296664, 0.2644999555595815, 0.041363636363636366], [0.1112197298881637, 0.2644206149039094, 0.05145454545454546], [0.11051704826823466, 0.2643237987664255, 0.06154545454545455], [0.10969170791626041, 0.26420937293169644, 0.07163636363636364], [0.1087449378487953, 0.26407717697306243, 0.08172727272727273], [0.10767796202689361, 0.2639270233164178, 0.09181818181818183], [0.10649180086932317, 0.26375869571537036, 0.10190909090909092], [0.10518681213372262, 0.26357194772923054, 0.112], [0.10376128852813489, 0.2633665008227876, 0.1220909090909091], [0.10220068129471213, 0.26314204244925427, 0.13218181818181818], [0.10052663740708001, 0.2628982230044653, 0.14227272727272727], [0.0988052879337952, 0.2626346534577098, 0.15236363636363637], [0.09703252632104428, 0.2623509016673051, 0.16245454545454546], [0.09520448560424162, 0.26204648853744317, 0.17254545454545456], [0.09331751830356425, 0.26172088352082057, 0.18263636363636365], [0.0913681975357319, 0.26137349603823423, 0.19272727272727275], [0.08935333709935478, 0.26100368514259875, 0.20281818181818184], [0.08727002828074046, 0.26061072072800134, 0.2129090909090909], [0.08511569191071544, 0.2601938063061295, 0.223], [0.08288814536293256, 0.2597520542229101, 0.2330909090909091], [0.08058568230710204, 0.2592844744754065, 0.2431818181818182], [0.07820716483039866, 0.2587899626981068, 0.25327272727272726], [0.07575212321908606, 0.25826728149230227, 0.26336363636363636], [0.07322086607807987, 0.25771503959544934, 0.27345454545454545], [0.07061458717904301, 0.2571316660479821, 0.28354545454545454], [0.06793547304082641, 0.25651537767743066, 0.29363636363636364], [0.06518679982311762, 0.25586413910003314, 0.30372727272727273], [0.06237301404946995, 0.2551756115376818, 0.31381818181818183], [0.05949979022084994, 0.2544470869686031, 0.3239090909090909], [0.056512346961236574, 0.25367540221617757, 0.334], [0.053291029802252296, 0.25285682436936524, 0.3440909090909091], [0.049830896741107286, 0.2519868958605861, 0.3541818181818182], [0.04608881482032974, 0.25106021746097107, 0.3642727272727273], [0.04199442406772823, 0.2500701387966791, 0.3743636363636364], [0.0374352517903586, 0.24900830013842937, 0.3844545454545455], [0.03221660757473812, 0.2478639241187319, 0.3945454545454546], [0.025945143941335555, 0.2466226667174854, 0.4046363636363637], [0.017526429521959104, 0.24526462243470515, 0.4147272727272727], [null, 0.2437605477798082, 0.4248181818181818], [null, 0.24206375496077512, 0.4349090909090909], [null, 0.24008902772354399, 0.445], [null, 0.237633007503701, 0.4550909090909091], [null, 0.23336136243785144, 0.4651818181818182], [null, 0.22775232108730456, 0.4752727272727273], [null, 0.2225107056485068, 0.4853636363636364], [null, 0.21760479800405674, 0.4954545454545455], [null, 0.21300542695383812, 0.5055454545454545], [null, 0.20868581291029814, 0.5156363636363637], [null, 0.204621454532175, 0.5257272727272727], [null, 0.2007898935424294, 0.5358181818181819], [null, 0.19717064016248886, 0.5459090909090909], [null, 0.1937449808525339, 0.556], [null, 0.19049584136776126, 0.5660909090909091], [null, 0.1874076433085743, 0.5761818181818182], [null, 0.1844661744066419, 0.5862727272727273], [null, 0.18165846200630942, 0.5963636363636364], [null, 0.1789726575792328, 0.6064545454545455], [null, 0.17639792858760936, 0.6165454545454546], [null, 0.173924359168567, 0.6266363636363637], [null, 0.17154285881689815, 0.6367272727272728], [null, 0.1692450768458302, 0.6468181818181818], [null, 0.16702333374874243, 0.6569090909090909], [null, 0.1648705347103363, 0.667], [null, 0.16278012148995208, 0.6770909090909091], [null, 0.16074600552893956, 0.6871818181818182], [null, 0.158762514845646, 0.6972727272727273], [null, 0.15682434431893616, 0.7073636363636364], [null, 0.15492650889003967, 0.7174545454545455], [null, 0.15306429990132814, 0.7275454545454546], [null, 0.15123324372806146, 0.7376363636363636], [null, 0.14942906224704092, 0.7477272727272728], [null, 0.14764763396578223, 0.7578181818181818], [null, 0.14588495562988577, 0.767909090909091], [null, 0.14413710367438676, 0.778], [null, 0.14240019363374956, 0.7880909090909092], [null, 0.14067033705228876, 0.7981818181818182], [null, 0.13894359457233565, 0.8082727272727274], [null, 0.13721592255615728, 0.8183636363636364], [null, 0.1354831118942275, 0.8284545454545454], [null, 0.13374071462816672, 0.8385454545454546], [null, 0.1319839549476061, 0.8486363636363636], [null, 0.13020761612578066, 0.8587272727272728], [null, 0.12840589697436613, 0.8688181818181818], [null, 0.12657222015246344, 0.878909090909091], [null, 0.12469897294845732, 0.889], [null, 0.12277714420117496, 0.8990909090909092], [null, 0.12079579882305995, 0.9091818181818182], [null, 0.11874128950069443, 0.9192727272727274], [null, 0.11659601805633381, 0.9293636363636364], [null, 0.11433638155269979, 0.9394545454545455], [null, 0.11192906066030744, 0.9495454545454546], [null, 0.10932418906128089, 0.9596363636363637], [null, 0.10643897765782553, 0.9697272727272728], [null, 0.10311550442903689, 0.9798181818181818], [null, 0.09895295367314152, 0.989909090909091], [null, 5.084377363573367e-12, 1.0]]}