{"dim": 3, "delta": 3.0, "mu_eff": 10, "dmu_eff": 1.3336666666666666, "C": -0.29363958034959703, "k_c": 50, "data": [[0.8024055388811541, null, 0.001], [0.8023872484005674, null, 0.031292929292929296], [0.8023346286366642, null, 0.06158585858585859], [0.8022476397839353, null, 0.0918787878787879], [0.8021262161186827, null, 0.12217171717171718], [0.801970265223144, null, 0.15246464646464647], [0.8017796681618693, null, 0.18275757575757579], [0.8015542788462894, null, 0.21305050505050507], [0.8012939234756667, null, 0.24334343434343436], [0.8009983999328163, null, 0.2736363636363637], [0.8006674764291971, null, 0.30392929292929294], [0.8003008934130502, null, 0.33422222222222225], [0.7998983569823233, null, 0.36451515151515157], [0.7994595398971034, null, 0.39480808080808083], [0.7989840942475264, null, 0.42510101010101015], [0.7984716170984638, null, 0.4553939393939394], [0.7979216818093983, null, 0.4856868686868687], [0.7973338214316913, null, 0.515979797979798], [0.796707526113653, null, 0.5462727272727274], [0.7960422443350473, null, 0.5765656565656566], [0.7953373797794849, null, 0.6068585858585859], [0.7945922859461005, null, 0.6371515151515152], [0.7938062660180777, null, 0.6674444444444445], [0.7929785671639693, null, 0.6977373737373738], [0.7921083775448547, null, 0.7280303030303031], [0.791194821359205, null, 0.7583232323232324], [0.7902369534902366, null, 0.7886161616161617], [0.7892337542609856, null, 0.8189090909090909], [0.788184122577867, null, 0.8492020202020203], [0.7870868686383544, null, 0.8794949494949496], [0.7859407055964697, null, 0.9097878787878788], [0.7847442374827545, null, 0.9400808080808082], [0.7834959608305082, null, 0.9703737373737374], [0.7821942271129103, null, 1.0006666666666666], [0.7808372535583311, null, 1.0309595959595959], [0.7794230934559986, null, 1.0612525252525251], [0.7779496197300687, null, 1.0915454545454546], [0.7764145017948693, null, 1.1218383838383839], [0.7748151791040279, null, 1.1521313131313131], [0.773148829005047, null, 1.1824242424242424], [0.77141232911015, null, 1.2127171717171716], [0.7696022116043885, null, 1.243010101010101], [0.7677146078124498, null, 1.2733030303030304], [0.7657451809395394, null, 1.3035959595959596], [0.7636890414939566, null, 1.333888888888889], [0.7615406409928381, null, 1.3641818181818182], [0.7592936477531245, null, 1.3944747474747474], [0.7569407578508915, null, 1.4247676767676767], [0.754473488423684, null, 1.4550606060606062], [0.7518818714916734, null, 1.4853535353535354], [0.7491540447745403, null, 1.5156464646464647], [0.7462756851892164, null, 1.545939393939394], [0.7432291843138611, null, 1.5762323232323232], [0.7399924162518517, null, 1.6065252525252525], [0.7365368051309098, null, 1.6368181818181817], [0.7328241089416427, null, 1.6671111111111112], [0.7288006344725851, null, 1.6974040404040405], [0.7243856302332258, null, 1.7276969696969697], [0.7194437710772276, null, 1.757989898989899], [0.7136969989312004, null, 1.7882828282828283], [0.7059225135326256, null, 1.8185757575757575], [0.6960422940217847, null, 1.848868686868687], [0.6864054879849039, null, 1.8791616161616163], [0.6769976783119156, null, 1.9094545454545455], [0.6678049697325897, null, 1.9397474747474748], [0.6588139473778014, null, 1.970040404040404], [0.6500116357285955, null, 2.0003333333333333], [0.6413854564579211, null, 2.030626262626263], [0.6329231851242901, null, 2.060919191919192], [0.624612906243484, null, 2.0912121212121213], [0.6164429664554855, null, 2.1215050505050503], [0.6084019250698541, null, 2.15179797979798], [0.600478501326678, null, 2.1820909090909093], [0.5926615175052367, null, 2.2123838383838383], [0.5849398366350691, null, 2.242676767676768], [0.5773022935587534, null, 2.272969696969697], [0.5697376171556664, null, 2.3032626262626263], [0.5622343415723433, null, 2.333555555555556], [0.5547807038439739, null, 2.363848484848485], [0.5473645223370599, null, 2.3941414141414143], [0.5399730507364422, null, 2.4244343434343434], [0.5325928040837938, null, 2.454727272727273], [0.5252093374804385, null, 2.485020202020202], [0.5178069736113324, null, 2.5153131313131314], [0.5103684496585015, null, 2.545606060606061], [0.5028744574030797, null, 2.57589898989899], [0.49530302913953606, null, 2.6061919191919194], [0.4876286986438441, null, 2.6364848484848484], [0.47982132407280853, null, 2.666777777777778], [0.47184438556358194, null, 2.697070707070707], [0.46365243349423074, null, 2.7273636363636364], [0.45518709577269634, null, 2.757656565656566], [0.44637049068461215, null, 2.787949494949495], [0.4370936021031247, null, 2.8182424242424244], [0.42719385049273456, null, 2.8485353535353535], [0.41640605755396504, null, 2.878828282828283], [0.4042326571054332, null, 2.9091212121212124], [0.38945792235772575, null, 2.9394141414141415], [0.35895770913801656, null, 2.969707070707071], [-1.248334768888526e-12, null, 3.0]]}