{"dim": 3, "delta": 3, "mu_eff": 10, "dmu_eff": 1.833333333333333, "C": -0.29363958034959703, "k_c": 50, "data": [[0.3860414014715046, 0.7342821806554539, 0.001], [0.38488527940132544, 0.7341506870013729, 0.06220408163265306], [0.3813712124946006, 0.7337633767072277, 0.12340816326530613], [0.3752711638597352, 0.7331168026581129, 0.1846122448979592], [0.3688618536999065, 0.7322050776828574, 0.24581632653061225], [0.36221175902814773, 0.7310196083775354, 0.3070204081632653], [0.35515949024788135, 0.7295486828942798, 0.3682244897959184], [0.34756909382266676, 0.7277768627202893, 0.42942857142857144], [0.3393083187852871, 0.7256840985349642, 0.4906326530612245], [0.3302386769409146, 0.7232444334031637, 0.5518367346938776], [0.32021101105585786, 0.7204240648150783, 0.6130408163265306], [0.3090653216316727, 0.7171783556761007, 0.6742448979591836], [0.2966356755116366, 0.7134470212183245, 0.7354489795918367], [0.28276202334220696, 0.7091459218310294, 0.7966530612244899], [0.2673108582617938, 0.7041519510641048, 0.8578571428571429], [0.250205129985428, 0.6982720676090013, 0.9190612244897959], [0.2314599638352482, 0.6911689120513934, 0.980265306122449], [0.21121517950671215, 0.6821268410287017, 1.041469387755102], [0.18975160974342814, 0.6686256268112664, 1.1026734693877551], [0.16748054251982106, 0.6351907345393315, 1.163877551020408], [0.14490566661397974, 0.6039489222388292, 1.2250816326530611], [0.12256898187490135, 0.5772575299838559, 1.2862857142857143], [0.09517076085802359, 0.5543901543204098, 1.3474897959183672], [0.05227827548426438, 0.5346834812916047, 1.4086938775510203], [null, 0.5175587463950123, 1.4698979591836734], [null, 0.5025272025397418, 1.5311020408163265], [null, 0.4891850175581484, 1.5923061224489796], [null, 0.4772027838470275, 1.6535102040816325], [null, 0.4663133586447212, 1.7147142857142856], [null, 0.4563001574610291, 1.7759183673469388], [null, 0.4469868568236188, 1.8371224489795916], [null, 0.4382287722101618, 1.8983265306122448], [null, 0.42990582314458536, 1.9595306122448979], [null, 0.4219168567140348, 2.020734693877551], [null, 0.4141750522347247, 2.081938775510204], [null, 0.4066041490838912, 2.1431428571428572], [null, 0.3991352538983215, 2.2043469387755104], [null, 0.39170399984474163, 2.265551020408163], [null, 0.3842478331722228, 2.326755102040816], [null, 0.37670316701735546, 2.3879591836734693], [null, 0.36900205790540763, 2.4491632653061224], [null, 0.36106787860526035, 2.5103673469387755], [null, 0.3528090614268316, 2.5715714285714286], [null, 0.3441091524668681, 2.6327755102040817], [null, 0.3348093577375289, 2.6939795918367344], [null, 0.32467433521020944, 2.7551836734693875], [null, 0.31331465378942897, 2.8163877551020406], [null, 0.29996766350329396, 2.8775918367346938], [null, 0.2825530151504551, 2.938795918367347], [null, -2.864819492742754e-12, 3.0]]}