{"dim": 3, "delta": 0.5, "mu_eff": 10, "dmu_eff": 0.33888888888888885, "C": -0.6968588790391586, "k_c": 50, "data": [[0.07575089440812006, 0.12407521548932579, 0.001], [0.07572186657546875, 0.12404020668105527, 0.011183673469387756], [0.07571438644491442, 0.12394622720809817, 0.02136734693877551], [0.0757230640573275, 0.12379202873752186, 0.031551020408163266], [0.07575205608170005, 0.1235754900662348, 0.04173469387755102], [0.07580776868722551, 0.12329347067893084, 0.051918367346938776], [0.07589895247506406, 0.12294157401408347, 0.06210204081632653], [0.07603758267748092, 0.12251377463205708, 0.07228571428571429], [0.07624044989114283, 0.12200182542769669, 0.08246938775510204], [0.07653192681385555, 0.12139428307557604, 0.0926530612244898], [0.07694901566378277, 0.12067482304880674, 0.10283673469387755], [0.0775513024514547, 0.11981908721931672, 0.1130204081632653], [0.07844285280235333, 0.11878815140069111, 0.12320408163265306], [0.07982872864724161, 0.11751261844636601, 0.13338775510204082], [0.08220467922275684, 0.11584211739593475, 0.14357142857142857], [0.08748565411089364, 0.1132497483732948, 0.15375510204081633]]}