{"dim": 3, "delta": 1, "mu_eff": 10, "dmu_eff": 0.611111111111111, "C": -0.5401527062406859, "k_c": 50, "data": [[0.12486268613471797, 0.2607695126239538, 0.001], [0.1247734976287717, 0.26075816517576433, 0.011090909090909092], [0.12453506884235466, 0.2607278573173127, 0.021181818181818184], [0.12414625353424491, 0.26067854185157946, 0.03127272727272727], [0.12360465440542422, 0.2606101387673204, 0.041363636363636366], [0.12290533850985103, 0.26052253707369416, 0.05145454545454546], [0.12203656913790471, 0.26041559338863496, 0.06154545454545455], [0.12094695056060979, 0.2602891308125954, 0.07163636363636364], [0.11974022986913355, 0.2601429374641786, 0.08172727272727273], [0.118519194588414, 0.2599767647153174, 0.09181818181818183], [0.11727649396569755, 0.25979032501900956, 0.10190909090909092], [0.11600589952552898, 0.2595832893858047, 0.112], [0.11470186932795041, 0.2593552843682797, 0.1220909090909091], [0.11335927404434817, 0.25910588851033084, 0.13218181818181818], [0.1119732188302747, 0.2588346281145528, 0.14227272727272727], [0.1105389206835046, 0.2585409727939541, 0.15236363636363637], [0.10905162571837977, 0.25822432880099877, 0.16245454545454546], [0.10750655310062547, 0.2578840333037524, 0.17254545454545456], [0.10589885925983544, 0.25751934580445784, 0.18263636363636365], [0.10422362112424507, 0.257129438797568, 0.19272727272727275], [0.10247583583198906, 0.25671338684045325, 0.20281818181818184], [0.10065043803962136, 0.2562701524986637, 0.2129090909090909], [0.09874233725707553, 0.25579857058622096, 0.223], [0.09674647389824761, 0.2552973285031869, 0.2330909090909091], [0.0946579046370037, 0.25476494155118173, 0.2431818181818182], [0.09247190762476094, 0.25419972413103087, 0.25327272727272726], [0.09018412309402192, 0.25359975131301643, 0.26336363636363636], [0.08779072045025271, 0.2529628129731052, 0.27345454545454545], [0.085288597041405, 0.2522863532696266, 0.28354545454545454], [0.08267560395018893, 0.25156739265887346, 0.29363636363636364], [0.07995079192770571, 0.2508024249962501, 0.30372727272727273], [0.0771146671926347, 0.24998727875788032, 0.31381818181818183], [0.0741694426386632, 0.2491169265670253, 0.3239090909090909], [0.07111926451007733, 0.24818521490938175, 0.334], [0.0679703934007319, 0.2471844722205341, 0.3440909090909091], [0.06473131728548094, 0.2461049124636708, 0.3541818181818182], [0.06141277778248922, 0.24493369583415447, 0.3642727272727273], [0.05802769361428624, 0.24365334779367853, 0.3743636363636364], [0.0545909815272086, 0.24223890415971308, 0.3844545454545455], [0.05111927311850411, 0.24065218559288706, 0.3945454545454546], [0.04763055808108905, 0.23882845324436955, 0.4046363636363637], [0.04414375959644317, 0.23663639661372923, 0.4147272727272727], [0.0403819955780211, 0.2336634186616237, 0.4248181818181818], [0.036012765189449854, 0.22747759993924446, 0.4349090909090909], [0.030918117629879817, 0.22117443730750744, 0.445], [0.02469793725328841, 0.21536507667261418, 0.4550909090909091], [0.016131006465201075, 0.21000350914905844, 0.4651818181818182], [null, 0.2050471936142054, 0.4752727272727273], [null, 0.2004570140268947, 0.4853636363636364], [null, 0.1961971834063635, 0.4954545454545455], [null, 0.19223510448875192, 0.5055454545454545], [null, 0.18854119399528407, 0.5156363636363637], [null, 0.18508868672937176, 0.5257272727272727], [null, 0.18185342482925196, 0.5358181818181819], [null, 0.1788136426480807, 0.5459090909090909], [null, 0.17594975372463614, 0.556], [null, 0.17324414340088157, 0.5660909090909091], [null, 0.17068097493460396, 0.5761818181818182], [null, 0.16824600397230202, 0.5862727272727273], [null, 0.16592641254340323, 0.5963636363636364], [null, 0.16371064995038864, 0.6064545454545455], [null, 0.16158829621900797, 0.6165454545454546], [null, 0.1595499315821112, 0.6266363636363637], [null, 0.15758702390108129, 0.6367272727272728], [null, 0.15569182475688786, 0.6468181818181818], [null, 0.15385727824541864, 0.6569090909090909], [null, 0.1520769368494998, 0.667], [null, 0.15034488919455327, 0.6770909090909091], [null, 0.14865569182622343, 0.6871818181818182], [null, 0.1470043102997425, 0.6972727272727273], [null, 0.14538606426132153, 0.7073636363636364], [null, 0.1437965779467843, 0.7174545454545455], [null, 0.1422317340171971, 0.7275454545454546], [null, 0.1406876317910633, 0.7376363636363636], [null, 0.1391605463992252, 0.7477272727272728], [null, 0.13764688984710974, 0.7578181818181818], [null, 0.1361431739827154, 0.767909090909091], [null, 0.1346459717970309, 0.778], [null, 0.13315187853871754, 0.7880909090909092], [null, 0.13165746991383082, 0.7981818181818182], [null, 0.13015925708836992, 0.8082727272727274], [null, 0.12865363565026686, 0.8183636363636364], [null, 0.1271368266989226, 0.8284545454545454], [null, 0.12560480720701275, 0.8385454545454546], [null, 0.12405322338386207, 0.8486363636363636], [null, 0.12247728466846618, 0.8587272727272728], [null, 0.12087162328533323, 0.8688181818181818], [null, 0.11923011240287211, 0.878909090909091], [null, 0.11754561639761978, 0.889], [null, 0.1158096419868713, 0.8990909090909092], [null, 0.11401183384633273, 0.9091818181818182], [null, 0.11213921730719899, 0.9192727272727274], [null, 0.11017500911039765, 0.9293636363636364], [null, 0.10809664610076826, 0.9394545454545455], [null, 0.10587228063774747, 0.9495454545454546], [null, 0.10345396050043747, 0.9596363636363637], [null, 0.10076251247461883, 0.9697272727272728], [null, 0.09764670329671848, 0.9798181818181818], [null, 0.09372417384927047, 0.989909090909091], [null, 5.1665338673956285e-12, 1.0]]}