{"dim": 3, "delta": 9.5, "mu_eff": 10, "dmu_eff": 4.75, "C": -0.04287314854437296, "k_c": 50, "data": [[0.656144835871908, 1.9351245946875761, 0.001], [0.6519159466675452, 1.9347722778795609, 0.19485714285714287], [0.639290083501974, 1.9337185998063597, 0.38871428571428573], [0.6181661692037068, 1.9319516379637205, 0.5825714285714286], [0.5882887007812158, 1.929450797105606, 0.7764285714285715], [0.549093463499169, 1.9261855772596936, 0.9702857142857143], [0.49941274223081056, 1.9221135952248023, 1.1641428571428571], [0.43683266569961854, 1.9171775265743296, 1.3579999999999999], [0.35590249941165303, 1.9113003628108383, 1.5518571428571428], [0.24034083946643708, 1.9043778652551664, 1.7457142857142858], [null, 1.8962660107394949, 1.9395714285714285], [null, 1.8867586873497624, 2.1334285714285715], [null, 1.8755441560689627, 2.3272857142857144], [null, 1.8621072018767495, 2.5211428571428574], [null, 1.8454505876228169, 2.715], [null, 1.8227216090155587, 2.908857142857143], [null, 1.7842580992668062, 3.1027142857142858], [null, 1.7467742554996697, 3.2965714285714287], [null, 1.712022113907637, 3.4904285714285717], [null, 1.6796596429736381, 3.684285714285714], [null, 1.649382427188987, 3.878142857142857], [null, 1.6209196472742629, 4.072000000000001], [null, 1.5940302789347751, 4.2658571428571435], [null, 1.5684995122514835, 4.459714285714286], [null, 1.5441354045679618, 4.653571428571429], [null, 1.5207657754593813, 4.847428571428572], [null, 1.4982353402492883, 5.041285714285715], [null, 1.476403066725943, 5.235142857142858], [null, 1.4551397288907821, 5.429], [null, 1.4343256168513139, 5.622857142857144], [null, 1.4138483589777058, 5.816714285714286], [null, 1.3936007987407653, 6.01057142857143], [null, 1.3734788319510458, 6.204428571428572], [null, 1.353379145185452, 6.398285714285715], [null, 1.3331966863508093, 6.592142857142858], [null, 1.3128217069487957, 6.7860000000000005], [null, 1.2921360976238967, 6.979857142857144], [null, 1.2710085926555532, 7.173714285714286], [null, 1.2492881546626144, 7.367571428571429], [null, 1.2267943507336934, 7.561428571428572], [null, 1.2033025555397145, 7.755285714285715], [null, 1.1785197513395684, 7.949142857142858], [null, 1.1520419203089782, 8.143], [null, 1.123271599917817, 8.336857142857143], [null, 1.0912360718882137, 8.530714285714286], [null, 1.0540972095413954, 8.724571428571428], [null, 1.0072290249705789, 8.91842857142857], [null, 0.9007209856254418, 9.112285714285715], [null, 0.6370512561411298, 9.306142857142857], [null, 2.509992214072554e-12, 9.5]]}