{"dim": 3, "delta": 0.5, "mu_eff": 10, "dmu_eff": 0.2611111111111111, "C": -0.6968588790391586, "k_c": 50, "data": [[0.028883012027489944, 0.13819978794508286, 0.001], [0.028701254261652074, 0.1381830282856141, 0.011183673469387756], [0.028212818425086217, 0.138138192513171, 0.02136734693877551], [0.027409334899128904, 0.13806511804177737, 0.031551020408163266], [0.026275026023168238, 0.1379635372357043, 0.04173469387755102], [0.02478272285762413, 0.13783307258080355, 0.051918367346938776], [0.02288590937022089, 0.13767322958724018, 0.06210204081632653], [0.02050156554540887, 0.13748338725722217, 0.07228571428571429], [0.017466786485600554, 0.13726278561728428, 0.08246938775510204], [0.013392442607004453, 0.1370105095455248, 0.0926530612244898], [0.006659992424365619, 0.13672546829244162, 0.10283673469387755], [null, 0.13640636922409824, 0.1130204081632653], [null, 0.13605168434789536, 0.12320408163265306], [null, 0.13565960693152404, 0.13338775510204082], [null, 0.13522799536735186, 0.14357142857142857], [null, 0.1347542988970176, 0.15375510204081633], [null, 0.13423545798148834, 0.16393877551020408], [null, 0.13366776795243915, 0.17412244897959184], [null, 0.13304668963666436, 0.1843061224489796], [null, 0.13236657201435223, 0.19448979591836735], [null, 0.13162024533866312, 0.2046734693877551], [null, 0.1307983826259125, 0.21485714285714286], [null, 0.12988845499250076, 0.2250408163265306], [null, 0.12887289584633382, 0.23522448979591837], [null, 0.1277255625385794, 0.24540816326530612], [null, 0.1264039453755709, 0.2555918367346939], [null, 0.12482793216762048, 0.26577551020408163], [null, 0.1227907593565965, 0.2759591836734694], [null, 0.11900848089144263, 0.28614285714285714], [null, 0.1147043155429203, 0.2963265306122449], [null, 0.11074704060647188, 0.30651020408163265], [null, 0.10708712870554897, 0.3166938775510204], [null, 0.10368186356794494, 0.32687755102040816], [null, 0.10049416849793864, 0.3370612244897959], [null, 0.09749160631977928, 0.3472448979591837], [null, 0.0946455070398465, 0.35742857142857143], [null, 0.09193020543500008, 0.3676122448979592], [null, 0.0893223419172206, 0.37779591836734694], [null, 0.08680019877584437, 0.3879795918367347], [null, 0.08434302516012859, 0.39816326530612245], [null, 0.0819302917578107, 0.4083469387755102], [null, 0.07954078229761602, 0.41853061224489796], [null, 0.0771513592878391, 0.4287142857142857], [null, 0.0747351030474428, 0.43889795918367347], [null, 0.0722581823061251, 0.4490816326530612], [null, 0.06967394924345208, 0.459265306122449], [null, 0.06691010288254523, 0.46944897959183673], [null, 0.06383455870033024, 0.4796326530612245], [null, 0.060126071962438105, 0.48981632653061224], [null, 7.673861546209082e-13, 0.5]]}