{"dim": 3, "delta": 1.5, "mu_eff": 10, "dmu_eff": 0.8331666666666666, "C": -0.4487568044094923, "k_c": 50, "data": [[0.13732498729377884, 0.4000063053785111, 0.001], [0.13722317854848576, 0.3999933340682384, 0.016141414141414144], [0.13694164787198715, 0.3999574325790262, 0.03128282828282829], [0.13648078263991836, 0.39989856026153814, 0.04642424242424243], [0.13584120614070921, 0.3998166502226425, 0.061565656565656574], [0.13502376132956836, 0.39971160898604147, 0.07670707070707072], [0.1340294871320249, 0.3995833159339123, 0.09184848484848486], [0.13285958690759242, 0.3994316227339902, 0.106989898989899], [0.1315153877708964, 0.39925635229817535, 0.12213131313131315], [0.1299982895976802, 0.39905729790253563, 0.1372727272727273], [0.12830970188011492, 0.398834221980991, 0.15241414141414145], [0.12645096640467096, 0.3985868545337427, 0.16755555555555557], [0.12442326255666966, 0.39831489162350353, 0.18269696969696972], [0.12222749303828412, 0.3980179933569041, 0.19783838383838387], [0.11986414506852844, 0.39769578155997504, 0.212979797979798], [0.11733312238581205, 0.39734783788776423, 0.22812121212121214], [0.11463354359081955, 0.39697369960488654, 0.2432626262626263], [0.11176349631766574, 0.39657285755419247, 0.2584040404040404], [0.10871973963883236, 0.39614475109845, 0.2735454545454546], [0.10549733808222665, 0.3956887667946873, 0.2886868686868687], [0.102089205364857, 0.3952042275478316, 0.3038282828282829], [0.09848552268399483, 0.3946903925963405, 0.318969696969697], [0.09467297544119599, 0.3941464479683478, 0.33411111111111114], [0.09063371580058008, 0.393571499306816, 0.3492525252525253], [0.08634389573807019, 0.39296456284796843, 0.36439393939393944], [0.08177150245460599, 0.3923245549113568, 0.37953535353535356], [0.07687300271594939, 0.3916502796270206, 0.39467676767676774], [0.07158785658804528, 0.3909404141635628, 0.40981818181818186], [0.06582893483863513, 0.3901934914674118, 0.424959595959596], [0.059464321897314015, 0.3894078803164992, 0.44010101010101016], [0.052278640263669775, 0.38858175855409843, 0.4552424242424243], [0.043875652435147655, 0.387713085338942, 0.47038383838383846], [0.03335347055933371, 0.38679956165988333, 0.4855252525252526], [null, 0.385838586026701, 0.5006666666666667], [null, 0.3848271969831006, 0.5158080808080808], [null, 0.38376199902885316, 0.5309494949494951], [null, 0.3826390712571013, 0.5460909090909092], [null, 0.38145384307757213, 0.5612323232323233], [null, 0.3802009337312039, 0.5763737373737374], [null, 0.3788739313358991, 0.5915151515151515], [null, 0.37746508635158155, 0.6066565656565658], [null, 0.37596487604908746, 0.6217979797979799], [null, 0.37436135069033005, 0.636939393939394], [null, 0.37263913891658623, 0.6520808080808081], [null, 0.37077781540984095, 0.6672222222222223], [null, 0.36874907168335974, 0.6823636363636364], [null, 0.36651133690712806, 0.6975050505050506], [null, 0.36399810120074344, 0.7126464646464648], [null, 0.36108690020200523, 0.7277878787878789], [null, 0.35747479025921103, 0.742929292929293], [null, 0.35142699551805234, 0.7580707070707071], [null, 0.34446573636241756, 0.7732121212121214], [null, 0.3378559997244426, 0.7883535353535355], [null, 0.3315714915979968, 0.8034949494949496], [null, 0.32558779229074625, 0.8186363636363637], [null, 0.3198822380399872, 0.8337777777777778], [null, 0.31443380389029996, 0.848919191919192], [null, 0.30922298942877013, 0.8640606060606062], [null, 0.3042317090242785, 0.8792020202020203], [null, 0.299443185520687, 0.8943434343434344], [null, 0.2948418474083178, 0.9094848484848486], [null, 0.2904132348793255, 0.9246262626262627], [null, 0.28614390662440914, 0.9397676767676769], [null, 0.28202135811007834, 0.954909090909091], [null, 0.2780339324789536, 0.9700505050505052], [null, 0.27417075277301545, 0.9851919191919193], [null, 0.27042164626865745, 1.0003333333333333], [null, 0.266777077525638, 1.0154747474747474], [null, 0.26322808567438943, 1.0306161616161615], [null, 0.2597662240552628, 1.0457575757575757], [null, 0.2563835030092961, 1.06089898989899], [null, 0.2530723358265269, 1.0760404040404041], [null, 0.24982548540815994, 1.0911818181818183], [null, 0.24663601333869634, 1.1063232323232324], [null, 0.2434972301347055, 1.1214646464646465], [null, 0.240402641679929, 1.1366060606060606], [null, 0.23734590008834172, 1.1517474747474747], [null, 0.23432074827142052, 1.1668888888888889], [null, 0.23132096144313416, 1.182030303030303], [null, 0.22834028654465938, 1.197171717171717], [null, 0.22537236890151555, 1.2123131313131315], [null, 0.22241067284495794, 1.2274545454545456], [null, 0.21944838716140183, 1.2425959595959597], [null, 0.21647831003457754, 1.2577373737373738], [null, 0.21349270804675896, 1.272878787878788], [null, 0.21048313770280852, 1.288020202020202], [null, 0.20744021422863626, 1.3031616161616162], [null, 0.2043533041288973, 1.3183030303030303], [null, 0.2012101056607046, 1.3334444444444444], [null, 0.19799605923101835, 1.3485858585858586], [null, 0.19469349036281314, 1.3637272727272727], [null, 0.19128031717846927, 1.378868686868687], [null, 0.18772800724705435, 1.3940101010101011], [null, 0.18399816531787194, 1.4091515151515153], [null, 0.18003640858472308, 1.4242929292929294], [null, 0.1757602760290156, 1.4394343434343435], [null, 0.17103190333527876, 1.4545757575757576], [null, 0.1655817138289383, 1.4697171717171718], [null, 0.1586890330199432, 1.4848585858585859], [null, 7.896794329553813e-12, 1.5]]}