{"dim": 3, "delta": 0.25, "mu_eff": 10, "dmu_eff": 0.1361111111111111, "C": -0.8537969888401657, "k_c": 50, "data": [[0.02014797843194343, 0.06854968821157108, 0.001], [0.020062111884397535, 0.06853933472129804, 0.006081632653061225], [0.01985305143702564, 0.0685140820883225, 0.011163265306122449], [0.019520817785883257, 0.06847382864135108, 0.016244897959183675], [0.01906521187274268, 0.06841841043910896, 0.0213265306122449], [0.018485461409994793, 0.06834759799326032, 0.026408163265306126], [0.017779657266966786, 0.06826109129121107, 0.03148979591836735], [0.016943876504382893, 0.06815851345683106, 0.036571428571428574], [0.015970795908007103, 0.06803940218668916, 0.0416530612244898], [0.01484739593366011, 0.06790319836855728, 0.046734693877551026], [0.013550841004483229, 0.06774923192930477, 0.05181632653061225], [0.012040147436810965, 0.06757670337881834, 0.05689795918367348], [0.0102361383731075, 0.06738465865697513, 0.061979591836734696], [0.007958056422457414, 0.06717195833679376, 0.06706122448979593], [0.0045649831450943965, 0.06693723462524696, 0.07214285714285715], [null, 0.06667883377009515, 0.07722448979591838], [null, 0.06639473672987312, 0.0823061224489796], [null, 0.06608244586599188, 0.08738775510204082], [null, 0.06573881975360818, 0.09246938775510205], [null, 0.06535982189437683, 0.09755102040816327], [null, 0.06494012107112275, 0.1026326530612245], [null, 0.0644724165861482, 0.10771428571428572], [null, 0.06394620752249319, 0.11279591836734695], [null, 0.06334529343851926, 0.11787755102040817], [null, 0.06264182290910938, 0.12295918367346939], [null, 0.061777666099193426, 0.1280408163265306], [null, 0.06054517393879153, 0.13312244897959186], [null, 0.05818823125792814, 0.13820408163265308], [null, 0.055997892294411086, 0.1432857142857143], [null, 0.05400431252039881, 0.1483673469387755], [null, 0.05217791208717796, 0.15344897959183676], [null, 0.05049354817961582, 0.15853061224489798], [null, 0.04892973680602204, 0.1636122448979592], [null, 0.04746799889988729, 0.16869387755102042], [null, 0.04609230568119997, 0.17377551020408163], [null, 0.04478860534092464, 0.17885714285714288], [null, 0.043544409255168975, 0.1839387755102041], [null, 0.04234842442477058, 0.18902040816326532], [null, 0.041190207273447015, 0.19410204081632654], [null, 0.04005981949033107, 0.19918367346938778], [null, 0.038947454438865506, 0.204265306122449], [null, 0.03784298787060758, 0.20934693877551022], [null, 0.03673537552211422, 0.21442857142857144], [null, 0.0356117499337057, 0.21951020408163266], [null, 0.03445590936936177, 0.2245918367346939], [null, 0.03324547504106579, 0.22967346938775512], [null, 0.0319457273671745, 0.23475510204081634], [null, 0.03049327222836491, 0.23983673469387756], [null, 0.028734517458061857, 0.24491836734693878], [null, 5.135003533496274e-12, 0.25]]}