{"dim": 3, "delta": 9, "mu_eff": 10, "dmu_eff": 4.9, "C": -0.05438903589062871, "k_c": 50, "data": [[1.00537489026623, 1.7992160650278595, 0.001], [1.0015319531487485, 1.7987642671680544, 0.1846530612244898], [0.9902157762951497, 1.797410643414782, 0.3683061224489796], [0.9717909468298398, 1.7951307370944907, 0.5519591836734694], [0.9467829370833051, 1.7918813979489865, 0.7356122448979592], [0.9155554324356571, 1.7875965368845317, 0.9192653061224489], [0.8800184674066559, 1.7821797709674694, 1.1029183673469387], [0.8415851070365636, 1.7754917094056515, 1.2865714285714285], [0.8000573570633465, 1.7673270376703925, 1.4702244897959182], [0.7554003523582815, 1.7573697349696533, 1.653877551020408], [0.7077476225426016, 1.745093697585811, 1.8375306122448978], [0.6573992183488445, 1.7294903512535025, 2.0211836734693875], [0.6027792750977077, 1.707914821503921, 2.2048367346938775], [0.541077457252009, 1.6652710395405055, 2.388489795918367], [0.47003337105261966, 1.618589839958061, 2.572142857142857], [0.3845986226635905, 1.5771242982052556, 2.7557959183673466], [0.2715585047472457, 1.5401364583575265, 2.9394489795918366], [null, 1.5069628230454788, 3.1231020408163266], [null, 1.4770178428812046, 3.306755102040816], [null, 1.449792287716752, 3.490408163265306], [null, 1.42484797001948, 3.6740612244897957], [null, 1.401810365745536, 3.8577142857142857], [null, 1.3803604332538804, 4.041367346938776], [null, 1.3602264922696867, 4.225020408163266], [null, 1.3411766692089935, 4.408673469387756], [null, 1.3230121468895175, 4.592326530612246], [null, 1.3055612716978333, 4.775979591836735], [null, 1.2886744838086124, 4.959632653061225], [null, 1.2722199716411475, 5.143285714285715], [null, 1.2560799330930132, 5.326938775510205], [null, 1.2401473221275243, 5.510591836734694], [null, 1.2243229476104802, 5.694244897959184], [null, 1.2085128114899002, 5.877897959183674], [null, 1.1926255409410367, 6.061551020408164], [null, 1.1765697782292555, 6.245204081632654], [null, 1.160251343908965, 6.428857142857143], [null, 1.1435699373249244, 6.612510204081633], [null, 1.126415029715422, 6.796163265306123], [null, 1.108660414423976, 6.979816326530613], [null, 1.0901565310513501, 7.163469387755102], [null, 1.0707189859759438, 7.347122448979592], [null, 1.0501104038099012, 7.530775510204082], [null, 1.0280093440899492, 7.714428571428572], [null, 1.0039530734855455, 7.898081632653062], [null, 0.9772187056034881, 8.08173469387755], [null, 0.9465332714241641, 8.26538775510204], [null, 0.9091427641251939, 8.44904081632653], [null, 0.8550376861946896, 8.63269387755102], [null, 0.6287174963512598, 8.81634693877551], [null, -5.782041512247815e-13, 9.0]]}