{"dim": 3, "delta": 11, "mu_eff": 10, "dmu_eff": 5.7444444444444445, "C": -0.011713988351618188, "k_c": 50, "data": [[1.1384464099165785, 2.0688152924685688, 0.001], [1.1332151441348346, 2.0682249065606393, 0.22546938775510206], [1.1178446283577836, 2.0664508768067407, 0.4499387755102041], [1.0929706284574527, 2.0634519767916477, 0.6744081632653062], [1.0594897808014727, 2.0591541550355084, 0.8988775510204082], [1.0183641612208665, 2.05344068938073, 1.1233469387755102], [0.9704090462540248, 2.0461338689325723, 1.3478163265306122], [0.9160894907568644, 2.0369598622979392, 1.5722857142857143], [0.8553507590222542, 2.025474880045307, 1.7967551020408163], [0.7874818600739808, 2.01088247090494, 2.021224489795918], [0.7109210713168601, 1.991418970588591, 2.2456938775510205], [0.6227614751676774, 1.95810927421861, 2.4701632653061227], [0.5172947794258208, 1.909831732984383, 2.6946326530612246], [0.380537546175613, 1.8669902816251973, 2.9191020408163264], [0.13982262948165644, 1.8287456219906182, 3.1435714285714287], [null, 1.7943720140711847, 3.368040816326531], [null, 1.7632473441852239, 3.592510204081633], [null, 1.7348419925384695, 3.8169795918367346], [null, 1.7087071153901616, 4.041448979591837], [null, 1.684463124352526, 4.26591836734694], [null, 1.6617889444538954, 4.4903877551020415], [null, 1.640412382302007, 4.714857142857143], [null, 1.6201017243324498, 4.939326530612246], [null, 1.6006585372700004, 5.163795918367348], [null, 1.5819115785006144, 5.38826530612245], [null, 1.563711654814305, 5.6127346938775515], [null, 1.545927287058697, 5.837204081632653], [null, 1.5284410363642544, 6.061673469387756], [null, 1.511146339753171, 6.286142857142858], [null, 1.4939447315749104, 6.51061224489796], [null, 1.4767433383743953, 6.7350816326530625], [null, 1.4594525202997903, 6.959551020408164], [null, 1.4419835444674762, 7.184020408163266], [null, 1.4242461524772407, 7.408489795918368], [null, 1.406145854278675, 7.63295918367347], [null, 1.3875807226767627, 7.8574285714285725], [null, 1.36843736185209, 8.081897959183673], [null, 1.348585546303331, 8.306367346938776], [null, 1.3278707041089182, 8.530836734693878], [null, 1.3061028215718633, 8.75530612244898], [null, 1.28303913789403, 8.979775510204082], [null, 1.2583554262502643, 9.204244897959184], [null, 1.2315946145103034, 9.428714285714285], [null, 1.2020651881425277, 9.653183673469387], [null, 1.1686104352433684, 9.87765306122449], [null, 1.1289542358340932, 10.102122448979593], [null, 1.0768206578349944, 10.326591836734694], [null, 0.9350540153604653, 10.551061224489796], [null, 0.6614873769449914, 10.775530612244898], [null, -1.709743457922741e-13, 11.0]]}