{"dim": 3, "delta": 11, "mu_eff": 10, "dmu_eff": 5.988888888888889, "C": -0.011713988351618188, "k_c": 50, "data": [[1.335530317265, 2.01132527760184, 0.001], [1.3281186507371168, 2.0105227814609816, 0.22546938775510206], [1.3050369169276907, 2.008100074410264, 0.4499387755102041], [1.2739215553606584, 2.0039639647945475, 0.6744081632653062], [1.2396551628030978, 1.9979388035003978, 0.8988775510204082], [1.2009711702783215, 1.9897243918770113, 1.1233469387755102], [1.1569941517993938, 1.9788008084395639, 1.3478163265306122], [1.1071864327995566, 1.9641789554786357, 1.5722857142857143], [1.0514157486538818, 1.943491636003565, 1.7967551020408163], [0.9900051820572635, 1.901666716074535, 2.021224489795918], [0.9236995690012728, 1.8409784836466836, 2.2456938775510205], [0.8535457639637287, 1.789853441567904, 2.4701632653061227], [0.7807355918618425, 1.7466394695174023, 2.6946326530612246], [0.7064692070948881, 1.7098445858423854, 2.9191020408163264], [0.623663469988716, 1.6781863662634995, 3.1435714285714287], [0.5223054704486019, 1.650602796934138, 3.368040816326531], [0.39120438385524464, 1.6262358377944173, 3.592510204081633], [0.17385674376028298, 1.6044019638456204, 3.8169795918367346], [null, 1.584559926408282, 4.041448979591837], [null, 1.5662811481805694, 4.26591836734694], [null, 1.5492248038552885, 4.4903877551020415], [null, 1.5331178117949076, 4.714857142857143], [null, 1.517739174038995, 4.939326530612246], [null, 1.5029078699718543, 5.163795918367348], [null, 1.4884735303911008, 5.38826530612245], [null, 1.4743092325969125, 5.6127346938775515], [null, 1.4603058899924621, 5.837204081632653], [null, 1.4463678153339066, 6.061673469387756], [null, 1.4324091554862635, 6.286142857142858], [null, 1.4183509248767394, 6.51061224489796], [null, 1.4041184648062817, 6.7350816326530625], [null, 1.3896391422769527, 6.959551020408164], [null, 1.3748401465128746, 7.184020408163266], [null, 1.359646114242626, 7.408489795918368], [null, 1.343977217002838, 7.63295918367347], [null, 1.3277450778323303, 7.8574285714285725], [null, 1.3108502381852212, 8.081897959183673], [null, 1.293176690250353, 8.306367346938776], [null, 1.2745851488947686, 8.530836734693878], [null, 1.2549029909669822, 8.75530612244898], [null, 1.2339086816050566, 8.979775510204082], [null, 1.211306120159611, 9.204244897959184], [null, 1.1866795387386098, 9.428714285714285], [null, 1.1594058480588465, 9.653183673469387], [null, 1.1284615791215002, 9.87765306122449], [null, 1.0919026237210463, 10.102122448979593], [null, 1.0448272678747383, 10.326591836734694], [null, 0.9350540153617403, 10.551061224489796], [null, 0.6614873757061867, 10.775530612244898], [null, -1.6786572132332367e-13, 11.0]]}