{"dim": 3, "delta": 5.5, "mu_eff": 10, "dmu_eff": 2.75, "C": -0.16033315992328445, "k_c": 50, "data": [[0.2567062068491208, 1.3104336310776719, 0.001], [0.2542488275666064, 1.310273362720901, 0.11322448979591836], [0.24686728830611224, 1.3097972944220564, 0.2254489795918367], [0.23424390340390733, 1.3090027987355646, 0.33767346938775505], [0.21571289505341648, 1.307885428282164, 0.4498979591836734], [0.18992328879425566, 1.3064387926447538, 0.5621224489795917], [0.15379085878742102, 1.3046543745485062, 0.6743469387755101], [0.09722441168529043, 1.302521272672666, 0.7865714285714285], [null, 1.300025850782389, 0.8987959183673468], [null, 1.2971512644755148, 1.011020408163265], [null, 1.2938768211197331, 1.1232448979591834], [null, 1.2901771065858831, 1.2354693877551017], [null, 1.2860207782190909, 1.34769387755102], [null, 1.281368854683925, 1.4599183673469385], [null, 1.2761722328218055, 1.5721428571428568], [null, 1.2703679531198833, 1.6843673469387752], [null, 1.2638733298000435, 1.7965918367346936], [null, 1.256576200901744, 1.908816326530612], [null, 1.2483174942139488, 2.02104081632653], [null, 1.238856722326349, 2.1332653061224485], [null, 1.2277925840480723, 2.245489795918367], [null, 1.214326979970256, 2.357714285714285], [null, 1.1959255643923734, 2.4699387755102036], [null, 1.16538376039728, 2.582163265306122], [null, 1.1361138918446925, 2.6943877551020403], [null, 1.1086102727133922, 2.8066122448979587], [null, 1.0826747237490209, 2.918836734693877], [null, 1.058125605699499, 3.0310612244897954], [null, 1.0347964421910347, 3.143285714285714], [null, 1.0125342792643908, 3.255510204081632], [null, 0.9911981829713274, 3.3677346938775505], [null, 0.9706575274821242, 3.479959183673469], [null, 0.9507902959360707, 3.5921836734693873], [null, 0.931481305533046, 3.7044081632653056], [null, 0.912620329000025, 3.816632653061224], [null, 0.8941000432196795, 3.9288571428571424], [null, 0.8758136919016062, 4.041081632653061], [null, 0.8576523219424418, 4.15330612244898], [null, 0.8395012203091606, 4.2655306122448975], [null, 0.8212352526605898, 4.377755102040816], [null, 0.8027121633507733, 4.489979591836734], [null, 0.7837624895698391, 4.602204081632653], [null, 0.7641732596716769, 4.714428571428571], [null, 0.7436595588506071, 4.82665306122449], [null, 0.7218099273848934, 4.938877551020408], [null, 0.6979670473860466, 5.0511020408163265], [null, 0.6709109731999284, 5.1633265306122444], [null, 0.6376635936067675, 5.275551020408163], [null, 0.5660162948419432, 5.387775510204081], [null, -3.6859404417555197e-13, 5.5]]}