{"dim": 3, "delta": 5.5, "mu_eff": 10, "dmu_eff": 3.238888888888889, "C": -0.16033315992328445, "k_c": 50, "data": [[0.6864771970410415, 1.2320739788213255, 0.001], [0.6841760287596917, 1.2318157891163244, 0.11322448979591836], [0.6771856697344314, 1.2310471186721061, 0.2254489795918367], [0.6650761364442929, 1.229758437023225, 0.33767346938775505], [0.6519888575814615, 1.2279332554855487, 0.4498979591836734], [0.6381603584065559, 1.2255470691534345, 0.5621224489795917], [0.6232447807923889, 1.2225656496646282, 0.6743469387755101], [0.6069423345292292, 1.218942382580504, 0.7865714285714285], [0.5889646082901516, 1.2146140937215602, 0.8987959183673468], [0.5690259825696251, 1.209494323729002, 1.011020408163265], [0.5468507211725326, 1.2034619667885946, 1.1232448979591834], [0.5221937673112106, 1.1963407285997267, 1.2354693877551017], [0.4948743843534501, 1.18785821245023, 1.34769387755102], [0.46481903646897055, 1.1775518936558247, 1.4599183673469385], [0.4321048146716283, 1.1644956612191537, 1.5721428571428568], [0.3969902285859749, 1.145975087350379, 1.6843673469387752], [0.35992046821216067, 1.1038704877284888, 1.7965918367346936], [0.3215017616664816, 1.0596083897607753, 1.908816326530612], [0.2824508001160787, 1.021029863941793, 2.02104081632653], [0.24221442604108706, 0.987375501711078, 2.1332653061224485], [0.19053142936836884, 0.9579120577940471, 2.245489795918367], [0.11450279671510796, 0.9319662171746216, 2.357714285714285], [null, 0.9089427775266526, 2.4699387755102036], [null, 0.888329854867339, 2.582163265306122], [null, 0.8696951928350135, 2.6943877551020403], [null, 0.8526777597082834, 2.8066122448979587], [null, 0.8369775486484403, 2.918836734693877], [null, 0.8223453547269971, 3.0310612244897954], [null, 0.8085734373405016, 3.143285714285714], [null, 0.795487419602613, 3.255510204081632], [null, 0.7829394465533804, 3.3677346938775505], [null, 0.7708024775999365, 3.479959183673469], [null, 0.7589655264922808, 3.5921836734693873], [null, 0.7473296447915608, 3.7044081632653056], [null, 0.7358044452360478, 3.816632653061224], [null, 0.7243049703769647, 3.9288571428571424], [null, 0.7127487031607878, 4.041081632653061], [null, 0.7010524927391467, 4.15330612244898], [null, 0.6891291078301657, 4.2655306122448975], [null, 0.6768830252888395, 4.377755102040816], [null, 0.6642047644431285, 4.489979591836734], [null, 0.6509627403996988, 4.602204081632653], [null, 0.6369904858513767, 4.714428571428571], [null, 0.6220650327842677, 4.82665306122449], [null, 0.6058668221782273, 4.938877551020408], [null, 0.5878960264190609, 5.0511020408163265], [null, 0.5672657699988254, 5.1633265306122444], [null, 0.5420240320072468, 5.275551020408163], [null, 0.504723180973672, 5.387775510204081], [null, -4.884981308350689e-15, 5.5]]}