{"dim": 3, "delta": 6.5, "mu_eff": 10, "dmu_eff": 3.8277777777777775, "C": -0.12415470541762241, "k_c": 50, "data": [[0.8334517322584917, 1.3900042471413243, 0.001], [0.829982486538325, 1.3896563648812357, 0.1336326530612245], [0.8188438980571056, 1.388617391648041, 0.266265306122449], [0.8058422912660197, 1.3868700200375053, 0.39889795918367343], [0.7923305356827491, 1.38438389116283, 0.531530612244898], [0.7777646808344961, 1.3811129151609367, 0.6641632653061225], [0.7617225952738469, 1.37699072554131, 0.7967959183673469], [0.7437998831926873, 1.371923102612094, 0.9294285714285714], [0.7235758540029046, 1.3657748611857827, 1.0620612244897958], [0.7006092401775001, 1.358345986935941, 1.1946938775510203], [0.6744581323233213, 1.3493236546618, 1.3273265306122448], [0.6447264126826164, 1.3381712397675116, 1.4599591836734693], [0.6111361598109363, 1.3238027431862764, 1.5925918367346936], [0.573614015137757, 1.3029797100741938, 1.7252244897959181], [0.5323643119351661, 1.2532817363307716, 1.8578571428571427], [0.4878958856632105, 1.2013457806256123, 1.9904897959183672], [0.44098464908557605, 1.1567933531408106, 2.1231224489795917], [0.3925841772189195, 1.118652108563344, 2.255755102040816], [0.34371877763024916, 1.0859273390383677, 2.3883877551020407], [0.2953925423259101, 1.0576815714195187, 2.521020408163265], [0.23833586692925976, 1.0330833844197813, 2.6536530612244897], [0.15579762843929365, 1.0114260661905896, 2.786285714285714], [null, 0.9921252742455322, 2.9189183673469388], [null, 0.9747055924156292, 3.051551020408163], [null, 0.9587831246354364, 3.1841836734693874], [null, 0.9440482296598932, 3.316816326530612], [null, 0.930250224680192, 3.4494489795918364], [null, 0.9171846241111283, 3.582081632653061], [null, 0.9046828197639851, 3.7147142857142854], [null, 0.8926038598056915, 3.84734693877551], [null, 0.8808279195168236, 3.9799795918367344], [null, 0.8692510817930548, 4.112612244897959], [null, 0.8577810938936031, 4.245244897959184], [null, 0.8463338190537529, 4.377877551020409], [null, 0.8348301400998167, 4.5105102040816325], [null, 0.8231930943500333, 4.643142857142857], [null, 0.8113450152324901, 4.775775510204082], [null, 0.7992044436127624, 4.908408163265307], [null, 0.7866824274324217, 5.041040816326531], [null, 0.7736778049118972, 5.173673469387755], [null, 0.760070593851524, 5.30630612244898], [null, 0.7457121382903422, 5.438938775510204], [null, 0.7304093226525167, 5.571571428571429], [null, 0.7138972806301015, 5.704204081632653], [null, 0.6957876449850658, 5.836836734693878], [null, 0.6754575480512767, 5.969469387755102], [null, 0.6517637894866116, 6.102102040816327], [null, 0.6220291154158617, 6.234734693877551], [null, 0.5725355010846984, 6.367367346938775], [null, -2.935429677108914e-13, 6.5]]}