{"dim": 3, "delta": 2, "mu_eff": 10, "dmu_eff": 1.1108888888888888, "C": -0.3841473026333646, "k_c": 50, "data": [[0.18548769726638822, 0.5259057144384657, 0.001], [0.18535411402906654, 0.5258887838168125, 0.021191919191919192], [0.18497765044773978, 0.5258410236261803, 0.041383838383838384], [0.18435889739224817, 0.5257623770432291, 0.061575757575757575], [0.18349881210709607, 0.5256527500268513, 0.08176767676767677], [0.1823986958469447, 0.5255120108534312, 0.10195959595959596], [0.18106016206608366, 0.5253399897324328, 0.12215151515151515], [0.17948509207253563, 0.5251364770636876, 0.14234343434343433], [0.17767558289563715, 0.5249012225426755, 0.16253535353535353], [0.17563387540479566, 0.5246339339760131, 0.18272727272727274], [0.1733622703888882, 0.524334274856809, 0.20291919191919192], [0.17086302380173657, 0.524001862603838, 0.2231111111111111], [0.16813821956640518, 0.5236362659642743, 0.2433030303030303], [0.165189615324016, 0.5232370020424667, 0.2634949494949495], [0.16201845623406683, 0.5228035332959795, 0.28368686868686865], [0.1586252505748214, 0.5223352631225284, 0.30387878787878786], [0.15500950006163275, 0.5218315319519159, 0.32407070707070706], [0.15116937537731714, 0.5212916121103769, 0.34426262626262627], [0.1471013254320111, 0.5207147017602313, 0.3644545454545455], [0.14279960235775718, 0.5200999180152064, 0.3846464646464646], [0.13825567768406993, 0.5194462914272373, 0.40483838383838383], [0.13345750759923536, 0.5187527524422262, 0.42503030303030304], [0.12838858272648704, 0.5180181257300114, 0.4452222222222222], [0.12302665370340375, 0.5172411156032741, 0.4654141414141414], [0.11734195070944284, 0.5164202926690271, 0.4856060606060606], [0.11129458422291606, 0.5155540770233472, 0.5057979797979798], [0.104830566125695, 0.5146407188225429, 0.525989898989899], [0.09787539053687538, 0.5136782757094959, 0.5461818181818182], [0.09032301705094788, 0.5126645806789415, 0.5663737373737373], [0.08201543755860784, 0.5115972167236918, 0.5865656565656565], [0.07270063071688135, 0.510473467822768, 0.6067575757575757], [0.061932027357446184, 0.5092902725011095, 0.6269494949494949], [0.04876230698611312, 0.5080441606881988, 0.6471414141414141], [0.03020725310480728, 0.5067311764352503, 0.6673333333333333], [null, 0.5053467765979934, 0.6875252525252525], [null, 0.5038857049348813, 0.7077171717171717], [null, 0.5023418232463598, 0.727909090909091], [null, 0.5007078889053416, 0.74810101010101], [null, 0.49897524839803176, 0.7682929292929292], [null, 0.49713341326725125, 0.7884848484848485], [null, 0.495169445722201, 0.8086767676767677], [null, 0.49306704553217934, 0.8288686868686869], [null, 0.49080512636467344, 0.8490606060606061], [null, 0.48835547512757205, 0.8692525252525253], [null, 0.48567862019103264, 0.8894444444444444], [null, 0.48271580234610906, 0.9096363636363636], [null, 0.4793710175921354, 0.9298282828282828], [null, 0.47546049331707546, 0.950020202020202], [null, 0.4704772681416441, 0.9702121212121212], [null, 0.4619978691651178, 0.9904040404040404], [null, 0.45314324171199355, 1.0105959595959595], [null, 0.4447241152747432, 1.0307878787878786], [null, 0.43670918173307793, 1.050979797979798], [null, 0.429069174692493, 1.071171717171717], [null, 0.421776769914934, 1.0913636363636363], [null, 0.4148064803633443, 1.1115555555555554], [null, 0.4081345490631648, 1.1317474747474745], [null, 0.4017388416071736, 1.1519393939393938], [null, 0.3955987395878984, 1.172131313131313], [null, 0.3896950354460439, 1.1923232323232322], [null, 0.3840098306605882, 1.2125151515151513], [null, 0.37852643712377815, 1.2327070707070706], [null, 0.37322928263485877, 1.2528989898989897], [null, 0.36810382104263717, 1.273090909090909], [null, 0.36313644513715304, 1.2932828282828281], [null, 0.3583144057015868, 1.3134747474747472], [null, 0.3536257332053277, 1.3336666666666666], [null, 0.34905916447427626, 1.3538585858585857], [null, 0.3446040711959322, 1.374050505050505], [null, 0.34025039364410803, 1.394242424242424], [null, 0.33598857543817634, 1.4144343434343434], [null, 0.3318095011641399, 1.4346262626262625], [null, 0.32770443507676905, 1.4548181818181818], [null, 0.3236649606366565, 1.4750101010101009], [null, 0.3196829210898008, 1.49520202020202], [null, 0.3157503569733411, 1.5153939393939393], [null, 0.3118594416677286, 1.5355858585858584], [null, 0.30800241635694514, 1.5557777777777777], [null, 0.3041715156802176, 1.5759696969696968], [null, 0.3003588877923768, 1.5961616161616161], [null, 0.2965565033191687, 1.6163535353535352], [null, 0.29275604987991816, 1.6365454545454543], [null, 0.28894880689791896, 1.6567373737373736], [null, 0.2851254935312854, 1.6769292929292927], [null, 0.2812760796512987, 1.697121212121212], [null, 0.27738954518388836, 1.7173131313131311], [null, 0.2734535667616013, 1.7375050505050504], [null, 0.26945409932557635, 1.7576969696969695], [null, 0.26537480119186585, 1.7778888888888886], [null, 0.2611962263792247, 1.798080808080808], [null, 0.2568946358814122, 1.818272727272727], [null, 0.25244020666596717, 1.8384646464646464], [null, 0.247794173345503, 1.8586565656565655], [null, 0.24290401903832462, 1.8788484848484848], [null, 0.23769475314724461, 1.8990404040404039], [null, 0.23205144564085906, 1.9192323232323232], [null, 0.22577890366038042, 1.9394242424242423], [null, 0.21848492363879393, 1.9596161616161614], [null, 0.20904856502864091, 1.9798080808080807], [null, 2.7757796061678164e-11, 2.0]]}