{"dim": 3, "delta": 10, "mu_eff": 10, "dmu_eff": 5.0, "C": -0.03196210100412111, "k_c": 50, "data": [[0.7175147761247204, 1.9980712030531451, 0.001], [0.7129531114914374, 1.9976831868601224, 0.20506122448979594], [0.6993449316023757, 1.9965218534827014, 0.4091224489795919], [0.6766276549687258, 1.9945725183696776, 0.6131836734693878], [0.644601978544672, 1.991809704466926, 0.8172448979591838], [0.602770513990257, 1.9881954158258786, 1.0213061224489797], [0.5500440773853835, 1.9836763262281043, 1.2253673469387756], [0.4841321941903186, 1.978179326744582, 1.4294285714285715], [0.399934375304193, 1.9716043985215093, 1.6334897959183674], [0.2831826258389033, 1.9638127915932366, 1.8375510204081633], [null, 1.9546061977870213, 2.0416122448979594], [null, 1.9436868123617344, 2.2456734693877554], [null, 1.930569843498491, 2.4497346938775513], [null, 1.9143464790727993, 2.653795918367347], [null, 1.892671666014904, 2.857857142857143], [null, 1.8552940405803422, 3.061918367346939], [null, 1.8165235388346976, 3.265979591836735], [null, 1.780724198412968, 3.470040816326531], [null, 1.7475126731226498, 3.6741020408163267], [null, 1.716550129566702, 3.8781632653061227], [null, 1.68753719589909, 4.0822244897959195], [null, 1.6602092877135355, 4.286285714285715], [null, 1.6343322550765638, 4.490346938775511], [null, 1.609698399165032, 4.694408163265307], [null, 1.5861228084402959, 4.898469387755103], [null, 1.5634400340058445, 5.102530612244899], [null, 1.5415010707560077, 5.306591836734695], [null, 1.520170614081732, 5.510653061224491], [null, 1.4993245463393914, 5.714714285714287], [null, 1.4788476056284987, 5.918775510204083], [null, 1.4586311792852122, 6.122836734693879], [null, 1.4385711381992914, 6.3268979591836745], [null, 1.41856565534122, 6.53095918367347], [null, 1.3985128739513073, 6.735020408163266], [null, 1.378308300579419, 6.939081632653062], [null, 1.3578417169370178, 7.143142857142858], [null, 1.3369933142857302, 7.347204081632654], [null, 1.3156285865295876, 7.55126530612245], [null, 1.2935912205273665, 7.755326530612246], [null, 1.2706926655514084, 7.959387755102042], [null, 1.2466959600224443, 8.163448979591838], [null, 1.2212890379617296, 8.367510204081633], [null, 1.1940372184519314, 8.57157142857143], [null, 1.1642899589565698, 8.775632653061225], [null, 1.130970951411889, 8.979693877551021], [null, 1.0919924760125395, 9.183755102040816], [null, 1.0417727091922997, 9.387816326530613], [null, 0.9122881576821256, 9.591877551020408], [null, 0.6452842857249864, 9.795938775510205], [null, 3.219646771412954e-13, 10.0]]}