{"dim": 3, "delta": 1.25, "mu_eff": 10, "dmu_eff": 0.6527777777777778, "C": -0.4898160746313178, "k_c": 50, "data": [[0.07422485074623315, 0.340924320798747, 0.001], [0.07381761309437736, 0.3408864423605979, 0.02648979591836735], [0.07264937994157554, 0.3407781774611484, 0.0519795918367347], [0.07070217692766953, 0.3405991157584399, 0.07746938775510205], [0.0679417129109888, 0.3403485718272343, 0.1029591836734694], [0.06430881815803989, 0.3400255720462691, 0.12844897959183676], [0.05970271097651167, 0.33962883577077796, 0.1539387755102041], [0.05394618024572452, 0.3391567494856084, 0.17942857142857144], [0.046702359975244946, 0.33860733290865164, 0.2049183673469388], [0.03722085390532823, 0.3379781950058034, 0.23040816326530617], [0.023043544222293114, 0.33726647829038814, 0.25589795918367353], [null, 0.3364687854942957, 0.28138775510204084], [null, 0.3355810881160659, 0.3068775510204082], [null, 0.3345986048026811, 0.33236734693877557], [null, 0.33351564398656536, 0.3578571428571429], [null, 0.33232539339329836, 0.38334693877551024], [null, 0.33101963504719184, 0.4088367346938776], [null, 0.3295883511805148, 0.43432653061224497], [null, 0.3280191642935107, 0.45981632653061233], [null, 0.32629651693777223, 0.48530612244897964], [null, 0.32440042331100866, 0.5107959183673471], [null, 0.3223044772540162, 0.5362857142857144], [null, 0.3199724762560224, 0.5617755102040817], [null, 0.3173522246241648, 0.5872653061224491], [null, 0.314362830127007, 0.6127551020408164], [null, 0.31086393050938116, 0.6382448979591837], [null, 0.3065557913069466, 0.6637346938775511], [null, 0.3001372942233855, 0.6892244897959184], [null, 0.28933989839808966, 0.7147142857142857], [null, 0.27941668221319077, 0.7402040816326532], [null, 0.27024752524552526, 0.7656938775510205], [null, 0.26172795401186577, 0.7911836734693879], [null, 0.253766749686533, 0.8166734693877552], [null, 0.2462838269769598, 0.8421632653061225], [null, 0.2392083497475488, 0.8676530612244899], [null, 0.23247704064517996, 0.8931428571428572], [null, 0.22603263784386218, 0.9186326530612247], [null, 0.2198224405506185, 0.944122448979592], [null, 0.2137968729088944, 0.9696122448979593], [null, 0.2079079700630411, 0.9951020408163267], [null, 0.20210764189348213, 1.020591836734694], [null, 0.19634549121560743, 1.0460816326530613], [null, 0.19056576729312, 1.0715714285714286], [null, 0.18470268753690264, 1.097061224489796], [null, 0.17867246005163773, 1.1225510204081632], [null, 0.17235805511758898, 1.1480408163265305], [null, 0.1655756675985685, 1.173530612244898], [null, 0.15798402766051892, 1.1990204081632654], [null, 0.14872831820202304, 1.2245102040816327], [null, -4.9391601919523964e-12, 1.25]]}