{"dim": 3, "delta": 0.25, "mu_eff": 10, "dmu_eff": 0.15277777777777776, "C": -0.8537969888401657, "k_c": 50, "data": [[0.031047149893093994, 0.06593797215292904, 0.001], [0.030944781251738853, 0.0659247201508484, 0.006081632653061225], [0.030693850227474652, 0.0658923693262678, 0.011163265306122449], [0.03028644845880355, 0.06584071646495288, 0.016244897959183675], [0.029698646675011067, 0.06576943134017285, 0.0213265306122449], [0.029063569420529928, 0.06567804583250841, 0.026408163265306126], [0.028399067358331625, 0.06556593895366918, 0.03148979591836735], [0.02769446285971203, 0.06543231410017576, 0.036571428571428574], [0.02694003695429634, 0.06527616872426589, 0.0416530612244898], [0.026126240351283487, 0.0650962527960041, 0.046734693877551026], [0.025243299398989966, 0.06489101187084612, 0.05181632653061225], [0.024281319759381345, 0.0646585044505709, 0.05689795918367348], [0.023230445788763838, 0.06439628717445395, 0.061979591836734696], [0.02208156298004432, 0.06410124398727206, 0.06706122448979593], [0.02082735473629178, 0.06376932576930644, 0.07214285714285715], [0.01946382369537204, 0.06339513526053255, 0.07722448979591838], [0.01799215911748258, 0.06297122550229826, 0.0823061224489796], [0.016420627536403182, 0.06248682255298163, 0.08738775510204082], [0.01476593896048376, 0.061925242428319496, 0.09246938775510205], [0.013053467837664479, 0.06125781801782639, 0.09755102040816327], [0.011315946754344242, 0.06042550168390971, 0.1026326530612245], [0.009339594226368632, 0.059239916419708626, 0.10771428571428572], [0.00664163586470883, 0.056280143670422104, 0.11279591836734695], [0.00011594874246208881, 0.053328058272810244, 0.11787755102040817], [null, 0.050815371153591186, 0.12295918367346939], [null, 0.04865804237236529, 0.1280408163265306], [null, 0.04678742833528977, 0.13312244897959186], [null, 0.04514798999549228, 0.13820408163265308], [null, 0.043695035787853366, 0.1432857142857143], [null, 0.04239266188443794, 0.1483673469387755], [null, 0.041211974308196904, 0.15344897959183676], [null, 0.040129608952809745, 0.15853061224489798], [null, 0.039126531402913375, 0.1636122448979592], [null, 0.038187075685198975, 0.16869387755102042], [null, 0.037298178102995946, 0.17377551020408163], [null, 0.03644876509540707, 0.17885714285714288], [null, 0.03562925387182783, 0.1839387755102041], [null, 0.034831138303057285, 0.18902040816326532], [null, 0.03404662417058876, 0.19410204081632654], [null, 0.03326828717287908, 0.19918367346938778], [null, 0.03248871885372523, 0.204265306122449], [null, 0.03170011369670478, 0.20934693877551022], [null, 0.030893723753282688, 0.21442857142857144], [null, 0.03005904683917679, 0.21951020408163266], [null, 0.029182468977708938, 0.2245918367346939], [null, 0.028244708867492644, 0.22967346938775512], [null, 0.02721527583771538, 0.23475510204081634], [null, 0.026037785618650805, 0.23983673469387756], [null, 0.0245747003521362, 0.24491836734693878], [null, 8.71791527856658e-12, 0.25]]}