{"dim": 3, "delta": 1.25, "mu_eff": 10, "dmu_eff": 0.875, "C": -0.4898160746313178, "k_c": 50, "data": [[0.19999588655976833, 0.2960413244420042, 0.001], [0.20099388766476278, 0.29593407187378007, 0.02648979591836735], [0.2026732368648976, 0.2956255556384112, 0.0519795918367347], [0.20433521333494803, 0.29510869839357456, 0.07746938775510205], [0.20614566366700554, 0.29437094111162526, 0.1029591836734694], [0.20821897343878165, 0.2933926885218123, 0.12844897959183676], [0.21067971274482267, 0.2921444985291032, 0.1539387755102041], [0.21369452313481271, 0.2905819242528966, 0.17942857142857144], [0.21751423423434638, 0.2886354042941793, 0.2049183673469388], [0.2225567963554558, 0.2861880908346771, 0.23040816326530617], [0.2296110970196926, 0.28301757555269236, 0.25589795918367353], [0.24048942677433113, 0.2785837207186541, 0.28138775510204084]]}