{
    "dim": 3,
    "delta": 1.25,
    "mu_eff": 10,
    "dmu_eff": 0.41708333333333336,
    "C": -0.4898160746313178,
    "k_c": 50,
    "data": [
        [
            0.3620091170728253,
            null,
            0.001
        ],
        [
            0.3620020505018456,
            null,
            0.013616161616161616
        ],
        [
            0.3619827812614913,
            null,
            0.026232323232323235
        ],
        [
            0.36195130011238646,
            null,
            0.038848484848484854
        ],
        [
            0.361907591856248,
            null,
            0.05146464646464647
        ],
        [
            0.36185163536388903,
            null,
            0.06408080808080809
        ],
        [
            0.36178340351898963,
            null,
            0.07669696969696971
        ],
        [
            0.3617028631536689,
            null,
            0.08931313131313132
        ],
        [
            0.36160997497312053,
            null,
            0.10192929292929294
        ],
        [
            0.36150469346430797,
            null,
            0.11454545454545456
        ],
        [
            0.3613869667712418,
            null,
            0.12716161616161617
        ],
        [
            0.3612567364119543,
            null,
            0.13977777777777778
        ],
        [
            0.36111393816148535,
            null,
            0.15239393939393941
        ],
        [
            0.36095849964835824,
            null,
            0.16501010101010102
        ],
        [
            0.36079034272530286,
            null,
            0.17762626262626263
        ],
        [
            0.3606093815467685,
            null,
            0.19024242424242427
        ],
        [
            0.36041552316522263,
            null,
            0.20285858585858588
        ],
        [
            0.36020866757955955,
            null,
            0.21547474747474749
        ],
        [
            0.35998870470746613,
            null,
            0.22809090909090912
        ],
        [
            0.3597555195239625,
            null,
            0.24070707070707073
        ],
        [
            0.3595089803448241,
            null,
            0.25332323232323234
        ],
        [
            0.35924897276608186,
            null,
            0.265939393939394
        ],
        [
            0.35897533426989303,
            null,
            0.27855555555555556
        ],
        [
            0.35868791902117153,
            null,
            0.2911717171717172
        ],
        [
            0.3583865645251199,
            null,
            0.30378787878787883
        ],
        [
            0.3580710978073917,
            null,
            0.3164040404040404
        ],
        [
            0.35774133497643806,
            null,
            0.32902020202020205
        ],
        [
            0.35739708034499934,
            null,
            0.3416363636363637
        ],
        [
            0.3570381261133446,
            null,
            0.35425252525252526
        ],
        [
            0.3566642515847445,
            null,
            0.3668686868686869
        ],
        [
            0.35627522217777907,
            null,
            0.37948484848484854
        ],
        [
            0.35587078904666014,
            null,
            0.3921010101010101
        ],
        [
            0.3554506877473916,
            null,
            0.40471717171717175
        ],
        [
            0.35501463743545364,
            null,
            0.4173333333333334
        ],
        [
            0.3545623398292722,
            null,
            0.42994949494949497
        ],
        [
            0.3540934777407217,
            null,
            0.4425656565656566
        ],
        [
            0.35360771396814755,
            null,
            0.45518181818181824
        ],
        [
            0.3531046899462878,
            null,
            0.4677979797979798
        ],
        [
            0.35258402359592306,
            null,
            0.48041414141414146
        ],
        [
            0.35204530804838635,
            null,
            0.4930303030303031
        ],
        [
            0.35148810934474545,
            null,
            0.5056464646464647
        ],
        [
            0.3509119642758744,
            null,
            0.5182626262626263
        ],
        [
            0.3503163777702996,
            null,
            0.530878787878788
        ],
        [
            0.34970082026252386,
            null,
            0.5434949494949496
        ],
        [
            0.34906472418899076,
            null,
            0.5561111111111111
        ],
        [
            0.34840748081323447,
            null,
            0.5687272727272727
        ],
        [
            0.34772843575529666,
            null,
            0.5813434343434344
        ],
        [
            0.3470268845142732,
            null,
            0.593959595959596
        ],
        [
            0.34630206727712326,
            null,
            0.6065757575757577
        ],
        [
            0.34555316327299895,
            null,
            0.6191919191919193
        ],
        [
            0.34477928249565865,
            null,
            0.6318080808080808
        ],
        [
            0.3439794591410783,
            null,
            0.6444242424242425
        ],
        [
            0.34315264144982566,
            null,
            0.6570404040404041
        ],
        [
            0.3422976808961036,
            null,
            0.6696565656565657
        ],
        [
            0.34141331950447623,
            null,
            0.6822727272727274
        ],
        [
            0.34049817414359373,
            null,
            0.694888888888889
        ],
        [
            0.33955071860398206,
            null,
            0.7075050505050505
        ],
        [
            0.3385692622929572,
            null,
            0.7201212121212122
        ],
        [
            0.33755192207045237,
            null,
            0.7327373737373738
        ],
        [
            0.33649659133648174,
            null,
            0.7453535353535354
        ],
        [
            0.3354008980754312,
            null,
            0.7579696969696971
        ],
        [
            0.334262159706777,
            null,
            0.7705858585858587
        ],
        [
            0.33307730851045736,
            null,
            0.7832020202020202
        ],
        [
            0.33184282021037226,
            null,
            0.7958181818181819
        ],
        [
            0.3305546007504892,
            null,
            0.8084343434343435
        ],
        [
            0.32920784340244935,
            null,
            0.8210505050505051
        ],
        [
            0.3277968325346004,
            null,
            0.8336666666666668
        ],
        [
            0.3263146683192207,
            null,
            0.8462828282828283
        ],
        [
            0.3247528687485182,
            null,
            0.8588989898989899
        ],
        [
            0.32310077173900137,
            null,
            0.8715151515151516
        ],
        [
            0.32134459343927024,
            null,
            0.8841313131313132
        ],
        [
            0.31946585229171603,
            null,
            0.8967474747474748
        ],
        [
            0.31743850999602624,
            null,
            0.9093636363636365
        ],
        [
            0.3152231588847473,
            null,
            0.921979797979798
        ],
        [
            0.31275291854871534,
            null,
            0.9345959595959596
        ],
        [
            0.3098858379867622,
            null,
            0.9472121212121213
        ],
        [
            0.3059622017803735,
