{"dim": 3, "delta": 7.5, "mu_eff": 10, "dmu_eff": 4.083333333333333, "C": -0.09336836265764958, "k_c": 50, "data": [[0.7866445282819203, 1.5993710400254613, 0.001], [0.7840051498105188, 1.5990574829780828, 0.1540408163265306], [0.7762172249981588, 1.5981212161719227, 0.3070816326530612], [0.7634599677545149, 1.5965510422341855, 0.4601224489795918], [0.7460128305434666, 1.5943275952585363, 0.6131632653061224], [0.724230171782274, 1.5914221386667273, 0.7662040816326531], [0.6985088537447186, 1.587794600840076, 0.9192448979591836], [0.6692462501227521, 1.583390561725588, 1.072285714285714], [0.6367777060604548, 1.5781365138627903, 1.2253265306122447], [0.6012795482855476, 1.5719322720387787, 1.3783673469387754], [0.5626573822451567, 1.564638212059865, 1.531408163265306], [0.5204744584696541, 1.5560523128126718, 1.6844489795918365], [0.4738936609010083, 1.545864659748725, 1.8374897959183671], [0.42150081684565066, 1.5335532463022001, 1.9905306122448978], [0.3607831172921781, 1.5180800510122372, 2.1435714285714282], [0.28649242372088496, 1.4963440322725539, 2.296612244897959], [0.18275338974706354, 1.455139375520427, 2.4496530612244896], [null, 1.414911134190458, 2.60269387755102], [null, 1.378494251255905, 2.755734693877551], [null, 1.3453981504961259, 2.9087755102040815], [null, 1.3151788585669881, 3.061816326530612], [null, 1.2874394973789909, 3.2148571428571424], [null, 1.2618286509197696, 3.367897959183673], [null, 1.2380372348887945, 3.5209387755102037], [null, 1.215794482881875, 3.6739795918367344], [null, 1.1948635424752079, 3.827020408163265], [null, 1.1750370358773612, 3.9800612244897957], [null, 1.1561328055330107, 4.133102040816326], [null, 1.1379899612575697, 4.286142857142857], [null, 1.1204652704185436, 4.439183673469388], [null, 1.103429881381455, 4.592224489795918], [null, 1.0867663364948186, 4.745265306122449], [null, 1.0703658059647863, 4.89830612244898], [null, 1.0541254613897821, 5.05134693877551], [null, 1.0379458568391944, 5.204387755102041], [null, 1.021728258119181, 5.357428571428572], [null, 1.0053715450605762, 5.510469387755102], [null, 0.9887687147059958, 5.663510204081633], [null, 0.9718022926224678, 5.816551020408164], [null, 0.9543381672216809, 5.969591836734694], [null, 0.9362166557858219, 6.122632653061225], [null, 0.9172387217546855, 6.275673469387755], [null, 0.8971431956942226, 6.428714285714285], [null, 0.8755659705281641, 6.581755102040816], [null, 0.8519590069856157, 6.734795918367347], [null, 0.8254048351636231, 6.887836734693877], [null, 0.7940843509375538, 7.040877551020408], [null, 0.7528858555646041, 7.193918367346939], [null, 0.6029707277882174, 7.346959183673469], [null, -1.850963826655061e-12, 7.5]]}