{"dim": 3, "delta": 9, "mu_eff": 10, "dmu_eff": 4.5, "C": -0.05438903589062871, "k_c": 50, "data": [[0.5975381682184339, 1.8691278612419808, 0.001], [0.5936088772555221, 1.8688076238381053, 0.1846530612244898], [0.5818687813381523, 1.8678505991502692, 0.3683061224489796], [0.5621847538611838, 1.8662470386549976, 0.5519591836734694], [0.5342524929998517, 1.8639801702544132, 0.7356122448979592], [0.49744459322453854, 1.8610253014009113, 0.9192653061224489], [0.45050676094495823, 1.8573484047323368, 1.1029183673469387], [0.3908615200017789, 1.8529039723282577, 1.2865714285714285], [0.3125410014584071, 1.8476317754116403, 1.4702244897959182], [0.19591295926250132, 1.8414518816409213, 1.653877551020408], [null, 1.8342567312336266, 1.8375306122448978], [null, 1.8258978776214077, 2.0211836734693875], [null, 1.8161621728317936, 2.2048367346938775], [null, 1.804724463406954, 2.388489795918367], [null, 1.7910382413406802, 2.572142857142857], [null, 1.7740074024748516, 2.7557959183673466], [null, 1.750007206428329, 2.9394489795918366], [null, 1.7112645245698899, 3.1231020408163266], [null, 1.6750030589531153, 3.306755102040816], [null, 1.6412663054163097, 3.490408163265306], [null, 1.6097461106990592, 3.6740612244897957], [null, 1.5801665329973897, 3.8577142857142857], [null, 1.552280572843045, 4.041367346938776], [null, 1.5258670291843879, 4.225020408163266], [null, 1.5007274753614988, 4.408673469387756], [null, 1.4766834142826903, 4.592326530612246], [null, 1.453573583817858, 4.775979591836735], [null, 1.4312514389271953, 4.959632653061225], [null, 1.40958279553407, 5.143285714285715], [null, 1.388443590074656, 5.326938775510205], [null, 1.3677177550934263, 5.510591836734694], [null, 1.3472951250185727, 5.694244897959184], [null, 1.3270693368730524, 5.877897959183674], [null, 1.3069355981951158, 6.061551020408164], [null, 1.286788265670269, 6.245204081632654], [null, 1.2665180049945988, 6.428857142857143], [null, 1.2460083208185548, 6.612510204081633], [null, 1.2251310600244107, 6.796163265306123], [null, 1.2037402651720008, 6.979816326530613], [null, 1.1816633111040094, 7.163469387755102], [null, 1.158687394032964, 7.347122448979592], [null, 1.1345376369789948, 7.530775510204082], [null, 1.1088389552988938, 7.714428571428572], [null, 1.081043282690544, 7.898081632653062], [null, 1.0502722307321681, 8.08173469387755], [null, 1.0149063517105255, 8.26538775510204], [null, 0.9710806688586595, 8.44904081632653], [null, 0.889012486433174, 8.63269387755102], [null, 0.6287174972095201, 8.81634693877551], [null, -2.8377300509419e-13, 9.0]]}