{"dim": 3, "delta": 7.5, "mu_eff": 10, "dmu_eff": 3.75, "C": -0.09336836265764958, "k_c": 50, "data": [[0.43700901290199223, 1.6516525573510812, 0.001], [0.4338221586102727, 1.6514120103291705, 0.1540408163265306], [0.4242811950454389, 1.6506947569947958, 0.3070816326530612], [0.4081768860727485, 1.6494953163517445, 0.4601224489795918], [0.38507613066740676, 1.6478043294792197, 0.6131632653061224], [0.3541488047171983, 1.645608206609439, 0.7662040816326531], [0.3137707587970476, 1.6428885564141802, 0.9192448979591836], [0.26043162563083044, 1.6396213805486735, 1.072285714285714], [0.18433479381363946, 1.6357759048225664, 1.2253265306122447], [null, 1.631312922885885, 1.3783673469387754], [null, 1.626182388627117, 1.531408163265306], [null, 1.6203198393201272, 1.6844489795918365], [null, 1.6136408905450683, 1.8374897959183671], [null, 1.606032363865023, 1.9905306122448978], [null, 1.5973370707723755, 2.1435714285714282], [null, 1.5873254424692942, 2.296612244897959], [null, 1.575635894380792, 2.4496530612244896], [null, 1.5616235396053462, 2.60269387755102], [null, 1.5438103775868224, 2.755734693877551], [null, 1.5145337337192162, 2.9087755102040815], [null, 1.4795005304958486, 3.061816326530612], [null, 1.44676811816586, 3.2148571428571424], [null, 1.4160759339327063, 3.367897959183673], [null, 1.3871871180740092, 3.5209387755102037], [null, 1.3598865660389752, 3.6739795918367344], [null, 1.3339789178529387, 3.827020408163265], [null, 1.309286522140626, 3.9800612244897957], [null, 1.2856474018330912, 4.133102040816326], [null, 1.262913246776749, 4.286142857142857], [null, 1.2409474410977617, 4.439183673469388], [null, 1.219623134228831, 4.592224489795918], [null, 1.1988212990169576, 4.745265306122449], [null, 1.1784288038625619, 4.89830612244898], [null, 1.1583363800238582, 5.05134693877551], [null, 1.1384364381058962, 5.204387755102041], [null, 1.1186206025626908, 5.357428571428572], [null, 1.0987767724487656, 5.510469387755102], [null, 1.0787854440243594, 5.663510204081633], [null, 1.058514824592922, 5.816551020408164], [null, 1.0378139881203305, 5.969591836734694], [null, 1.0165027238992266, 6.122632653061225], [null, 0.9943555459753067, 6.275673469387755], [null, 0.9710747185078271, 6.428714285714285], [null, 0.9462407898043004, 6.581755102040816], [null, 0.9192113553407302, 6.734795918367347], [null, 0.8888784459761927, 6.887836734693877], [null, 0.8529149814902555, 7.040877551020408], [null, 0.8035811203405063, 7.193918367346939], [null, 0.6029707299299526, 7.346959183673469], [null, -1.3953282973488967e-12, 7.5]]}