{"dim": 3, "delta": 6.5, "mu_eff": 10, "dmu_eff": 3.683333333333333, "C": -0.12415470541762241, "k_c": 50, "data": [[0.7528689710459253, 1.42032953022909, 0.001], [0.7504676577202702, 1.4200416307141643, 0.1336326530612245], [0.7433669056315182, 1.419183038975608, 0.266265306122449], [0.73163642390535, 1.4177432869066104, 0.39889795918367343], [0.7151739691365779, 1.4157042679728278, 0.531530612244898], [0.694686789181073, 1.413039087869863, 0.6641632653061225], [0.6727769107103038, 1.4097102188963666, 0.7967959183673469], [0.6491280988456546, 1.4056666134145146, 0.9294285714285714], [0.623473378470431, 1.400839204035315, 1.0620612244897958], [0.5956030920062931, 1.3951336535660892, 1.1946938775510203], [0.5653763352733355, 1.3884181428069435, 1.3273265306122448], [0.5327408637261648, 1.380501342425747, 1.4599591836734693], [0.49775475617099924, 1.371088644958066, 1.5925918367346936], [0.46060313086058646, 1.35968174621229, 1.7252244897959181], [0.4216039466198416, 1.3452861844447361, 1.8578571428571427], [0.38118154388875836, 1.3249615427177373, 1.9904897959183672], [0.3352401738455748, 1.2831135374576537, 2.1231224489795917], [0.2801941797441046, 1.241053760838223, 2.255755102040816], [0.2098176557263787, 1.2035960253381126, 2.3883877551020407], [0.09498695242236568, 1.1701358544407652, 2.521020408163265], [null, 1.1401142401098434, 2.6536530612244897], [null, 1.1130270314333077, 2.786285714285714], [null, 1.0884283444636251, 2.9189183673469388], [null, 1.0659294111158961, 3.051551020408163], [null, 1.0451944918112006, 3.1841836734693874], [null, 1.0259352129332702, 3.316816326530612], [null, 1.0079043496074471, 3.4494489795918364], [null, 0.9908896850484996, 3.582081632653061], [null, 0.9747082979964953, 3.7147142857142854], [null, 0.9592014273593839, 3.84734693877551], [null, 0.9442299440322579, 3.9799795918367344], [null, 0.9296703681872867, 4.112612244897959], [null, 0.9154113573562707, 4.245244897959184], [null, 0.9013505907897326, 4.377877551020409], [null, 0.8873917582579564, 4.5105102040816325], [null, 0.8734417996929543, 4.643142857142857], [null, 0.8594079224407972, 4.775775510204082], [null, 0.845194346184462, 4.908408163265307], [null, 0.8306983841163189, 5.041040816326531], [null, 0.8158053633760047, 5.173673469387755], [null, 0.8003815456422757, 5.30630612244898], [null, 0.7842635277637566, 5.438938775510204], [null, 0.7672412153447241, 5.571571428571429], [null, 0.7490282301176943, 5.704204081632653], [null, 0.729205323336224, 5.836836734693878], [null, 0.7070974165804826, 5.969469387755102], [null, 0.681450087112332, 6.102102040816327], [null, 0.649230777789776, 6.234734693877551], [null, 0.5849776556255382, 6.367367346938775], [null, -3.1086244689504383e-13, 6.5]]}