{"dim": 3, "delta": 11, "mu_eff": 10, "dmu_eff": 5.5, "C": -0.011713988351618188, "k_c": 50, "data": [[0.8493791832960442, 2.1151553935893563, 0.001], [0.8440273724174457, 2.114682060016489, 0.22546938775510206], [0.8280944483435599, 2.1132629649365504, 0.4499387755102041], [0.8016259875860319, 2.110875251805825, 0.6744081632653062], [0.7645723258240801, 2.1074787693253136, 0.8988775510204082], [0.7165952387424043, 2.103012636080367, 1.1233469387755102], [0.6567535987049867, 2.097388919157696, 1.3478163265306122], [0.5829155893654641, 2.0904826447159937, 1.5722857142857143], [0.49034208321690653, 2.082113791582994, 1.7967551020408163], [0.366764377426224, 2.072013879418086, 2.021224489795918], [0.1517466096236809, 2.0597562271159298, 2.2456938775510205], [null, 2.0445825537670634, 2.4701632653061227], [null, 2.0248026261451706, 2.6946326530612246], [null, 1.9918433497163397, 2.9191020408163264], [null, 1.9501814825939834, 3.1435714285714287], [null, 1.9121035211133421, 3.368040816326531], [null, 1.8771114553302615, 3.592510204081633], [null, 1.8447724096493987, 3.8169795918367346], [null, 1.814710169021503, 4.041448979591837], [null, 1.7865976430423762, 4.26591836734694], [null, 1.7601501141511215, 4.4903877551020415], [null, 1.7351192024255355, 4.714857142857143], [null, 1.7112875027587486, 4.939326530612246], [null, 1.688463848322174, 5.163795918367348], [null, 1.6664791418581735, 5.38826530612245], [null, 1.645182695087191, 5.6127346938775515], [null, 1.6244390008404619, 5.837204081632653], [null, 1.6041248682140403, 6.061673469387756], [null, 1.5841268476487067, 6.286142857142858], [null, 1.5643388613007483, 6.51061224489796], [null, 1.544659972714522, 6.7350816326530625], [null, 1.5249921964423991, 6.959551020408164], [null, 1.5052382526191197, 7.184020408163266], [null, 1.4852991403248128, 7.408489795918368], [null, 1.465071363690339, 7.63295918367347], [null, 1.4444435718522342, 7.8574285714285725], [null, 1.423292294260382, 8.081897959183673], [null, 1.4014761225956094, 8.306367346938776], [null, 1.3788275798877387, 8.530836734693878], [null, 1.3551409074489582, 8.75530612244898], [null, 1.33015285464371, 8.979775510204082], [null, 1.3035103870956286, 9.204244897959184], [null, 1.2747119340278104, 9.428714285714285], [null, 1.242988637519728, 9.653183673469387], [null, 1.2070251201356927, 9.87765306122449], [null, 1.1641190595033029, 10.102122448979593], [null, 1.1058469966267044, 10.326591836734694], [null, 0.9350540153601897, 10.551061224489796], [null, 0.6614873769640645, 10.775530612244898], [null, -1.652011860642233e-13, 11.0]]}