{"dim": 3, "delta": 3.5, "mu_eff": 10, "dmu_eff": 2.2166666666666663, "C": -0.2594696251399773, "k_c": 50, "data": [[0.48870043341213554, 0.822187967604493, 0.001], [0.4858810965161187, 0.8220004847687338, 0.07240816326530612], [0.48181736857451873, 0.8214458556825276, 0.14381632653061224], [0.47805095690993965, 0.8205168414735471, 0.21522448979591835], [0.4742596204580513, 0.8192009108647763, 0.2866326530612245], [0.47029856650065777, 0.8174793951567924, 0.3580408163265306], [0.4660638375671897, 0.8153261239711291, 0.4294489795918367], [0.461456110806745, 0.812705263783547, 0.5008571428571428], [0.4563632920137275, 0.8095679272831173, 0.572265306122449], [0.45064660989072536, 0.8058466016519948, 0.643673469387755], [0.4441250599857935, 0.8014456252696103, 0.7150816326530612], [0.43655530868825787, 0.796223591968074, 0.7864897959183673], [0.42760523934175193, 0.7899573813845817, 0.8578979591836734], [0.41682198130344483, 0.7822563940837777, 0.9293061224489796], [0.403603651768214, 0.7722983298465194, 1.0007142857142857], [0.38720480873759683, 0.7573714803973197, 1.0721224489795917], [0.3668394298852147, 0.7088445789319912, 1.1435306122448978], [0.3419520323739117, 0.6581765503005567, 1.214938775510204], [0.31260405329485497, 0.6174222437269296, 1.28634693877551], [0.2796863489858371, 0.5855421006089857, 1.3577551020408163], [0.24469829525263245, 0.5608943839825178, 1.4291632653061224], [0.2092637199415577, 0.5417149845043828, 1.5005714285714284], [0.17476148264951508, 0.5264848352858199, 1.5719795918367345], [0.14220484432934877, 0.5140503315536606, 1.6433877551020406], [0.11227325112646917, 0.5035883557325982, 1.7147959183673467], [0.07142802328052919, 0.4945249059553458, 1.786204081632653], [null, 0.4864597428582579, 1.857612244897959], [null, 0.4791102778524692, 1.9290204081632651], [null, 0.47227308100770554, 2.0004285714285714], [null, 0.4657982268833846, 2.0718367346938775], [null, 0.459572263997962, 2.1432448979591836], [null, 0.45350679502985025, 2.2146530612244897], [null, 0.4475306825157395, 2.2860612244897958], [null, 0.4415845773313072, 2.357469387755102], [null, 0.43561694503157045, 2.428877551020408], [null, 0.4295810346103997, 2.500285714285714], [null, 0.42343240057355863, 2.57169387755102], [null, 0.4171266618726193, 2.643102040816326], [null, 0.4106172889839967, 2.7145102040816327], [null, 0.4038530807259804, 2.7859183673469388], [null, 0.3967749921491742, 2.857326530612245], [null, 0.3893117222619659, 2.928734693877551], [null, 0.3813730342481217, 3.000142857142857], [null, 0.372838805975282, 3.071551020408163], [null, 0.36353947331040387, 3.142959183673469], [null, 0.3532172561310866, 3.2143673469387752], [null, 0.3414374739746215, 3.2857755102040813], [null, 0.3273352030731162, 3.3571836734693874], [null, 0.3084981539466693, 3.4285918367346935], [null, -2.6645352591003757e-15, 3.5]]}