{"dim": 3, "delta": 1, "mu_eff": 10, "dmu_eff": 0.5666666666666667, "C": -0.5401527062406859, "k_c": 50, "data": [[0.09876526691635355, 0.26813247376889304, 0.001], [0.09869427983847472, 0.2681230178113231, 0.011090909090909092], [0.09850493296382613, 0.26809776752064624, 0.021181818181818184], [0.09819757959347637, 0.2680566934865437, 0.03127272727272727], [0.0977727899043174, 0.267999747735213, 0.041363636363636366], [0.09723134496636089, 0.2679268634454264, 0.05145454545454546], [0.09657422815530302, 0.26783795456636034, 0.06154545454545455], [0.09580261355476538, 0.26773291532030774, 0.07163636363636364], [0.09491785091427217, 0.2676116195425495, 0.08172727272727273], [0.09392144639705625, 0.2674739199514554, 0.09181818181818183], [0.09281503826503029, 0.2673196473336027, 0.10190909090909092], [0.09160036611505563, 0.26714860927049605, 0.112], [0.09027923226615804, 0.26696058902840614, 0.1220909090909091], [0.08885345293704815, 0.26675534442269294, 0.13218181818181818], [0.08732479689621608, 0.26653260555691244, 0.14227272727272727], [0.08569490837657896, 0.26629207344880257, 0.15236363636363637], [0.08396521086882319, 0.2660334176302618, 0.16245454545454546], [0.08213678813667209, 0.2657562740010104, 0.17254545454545456], [0.08021023920748262, 0.26546024128914014, 0.18263636363636365], [0.07818550428055554, 0.2651448786619999, 0.19272727272727275], [0.07606165974066018, 0.26480970129951426, 0.20281818181818184], [0.07383667976597577, 0.2644541763308173, 0.2129090909090909], [0.07150716107734817, 0.2640777178544126, 0.223], [0.06906800046908405, 0.2636796808542612, 0.2330909090909091], [0.0665120050199154, 0.26325935459383026, 0.2431818181818182], [0.06382939553940362, 0.2628159546294554, 0.25327272727272726], [0.06100713511859077, 0.2623486132802222, 0.26336363636363636], [0.05802796813132091, 0.2618563684487821, 0.27345454545454545], [0.054868973592267695, 0.261338150305251, 0.28354545454545454], [0.05149928401867762, 0.26079276495396353, 0.29363636363636364], [0.04787628975831278, 0.26021887721422887, 0.30372727272727273], [0.04393895791900431, 0.25961498215392825, 0.31381818181818183], [0.03959497596336656, 0.2589793807021002, 0.3239090909090909], [0.03469311297460877, 0.25831014064689484, 0.334], [0.02895246671622109, 0.25760505148297413, 0.3440909090909091], [0.021718895121493473, 0.2568615646637198, 0.3541818181818182], [0.010200210399879048, 0.2560767179379318, 0.3642727272727273], [null, 0.25524703404974525, 0.3743636363636364], [null, 0.2543683839018221, 0.3844545454545455], [null, 0.25343579953185813, 0.3945454545454546], [null, 0.25244320729687414, 0.4046363636363637], [null, 0.2513830388099156, 0.4147272727272727], [null, 0.25024563817529105, 0.4248181818181818], [null, 0.24901831873652325, 0.4349090909090909], [null, 0.24768376057388267, 0.445], [null, 0.2462170693103887, 0.4550909090909091], [null, 0.24457972672193687, 0.4651818181818182], [null, 0.24270485441003178, 0.4752727272727273], [null, 0.24044861940548537, 0.4853636363636364], [null, 0.23711689112100398, 0.4954545454545455], [null, 0.23200768699954352, 0.5055454545454545], [null, 0.22718511870285943, 0.5156363636363637], [null, 0.22262618101558174, 0.5257272727272727], [null, 0.21830968039340057, 0.5358181818181819], [null, 0.21421610433519, 0.5459090909090909], [null, 0.2103274953839057, 0.556], [null, 0.2066273309839308, 0.5660909090909091], [null, 0.20310040910381796, 0.5761818181818182], [null, 0.19973273930116775, 0.5862727272727273], [null, 0.19651144167359852, 0.5963636363636364], [null, 0.19342465082286125, 0.6064545454545455], [null, 0.190461427136194, 0.6165454545454546], [null, 0.1876116736890667, 0.6266363636363637], [null, 0.1848660593403796, 0.6367272727272728], [null, 0.1822159475900001, 0.6468181818181818], [null, 0.17965333006831982, 0.6569090909090909], [null, 0.17717076584735394, 0.667], [null, 0.17476132419713153, 0.6770909090909091], [null, 0.17241853255444947, 0.6871818181818182], [null, 0.17013632655405825, 0.6972727272727273], [null, 0.16790900485008523, 0.7073636363636364], [null, 0.16573118542040732, 0.7174545454545455], [null, 0.1635977641649451, 0.7275454545454546], [null, 0.1615038760113309, 0.7376363636363636], [null, 0.1594448565780748, 0.7477272727272728], [null, 0.15741619443282212, 0.7578181818181818], [null, 0.15541354123706863, 0.767909090909091], [null, 0.153432577281046, 0.778], [null, 0.15146906650805894, 0.7880909090909092], [null, 0.149518764867611, 0.7981818181818182], [null, 0.14757738177750476, 0.8082727272727274], [null, 0.1456405256978102, 0.8183636363636364], [null, 0.14370364051742643, 0.8284545454545454], [null, 0.14176193038899365, 0.8385454545454546], [null, 0.13981026663041288, 0.8486363636363636], [null, 0.13784307184345002, 0.8587272727272728], [null, 0.13585416983579665, 0.8688181818181818], [null, 0.1338365875923173, 0.878909090909091], [null, 0.13178228566079359, 0.889], [null, 0.12968178117008425, 0.8990909090909092], [null, 0.12752360270071278, 0.9091818181818182], [null, 0.1252934703705466, 0.9192727272727274], [null, 0.12297300911741998, 0.9293636363636364], [null, 0.12053761092385286, 0.9394545454545455], [null, 0.11795263337636148, 0.9495454545454546], [null, 0.1151659784589464, 0.9596363636363637], [null, 0.11209160603585046, 0.9697272727272728], [null, 0.10856476449163738, 0.9798181818181818], [null, 0.10416585395714519, 0.989909090909091], [null, 5.158540261618327e-12, 1.0]]}