{"dim": 3, "delta": 1, "mu_eff": 10, "dmu_eff": 0.5222222222222223, "C": -0.5401527062406859, "k_c": 50, "data": [[0.05874585476662974, 0.2741849422901692, 0.001], [0.05865704601092154, 0.27417670482103434, 0.011090909090909092], [0.05841969026991907, 0.2741547088295827, 0.021181818181818184], [0.058032925555945664, 0.2741189349006647, 0.03127272727272727], [0.05749529850342642, 0.27406935049623365, 0.041363636363636366], [0.05680468537307923, 0.27400591034605665, 0.05145454545454546], [0.05595817390956835, 0.2739285562544479, 0.06154545454545455], [0.05495189594942733, 0.27383721682988765, 0.07163636363636364], [0.05378079511844174, 0.2737318071428505, 0.08172727272727273], [0.05243830541363218, 0.27361222842920957, 0.09181818181818183], [0.05091590272160426, 0.27347836739665127, 0.10190909090909092], [0.049202468206575874, 0.27333009602818303, 0.112], [0.04728336211446992, 0.27316727060774676, 0.1220909090909091], [0.04513903191434433, 0.2729897310665614, 0.13218181818181818], [0.04274283332649832, 0.27279730099337207, 0.14227272727272727], [0.040057438437191444, 0.27258978482624285, 0.15236363636363637], [0.03702851096545127, 0.27236696886638484, 0.16245454545454546], [0.03357255700748315, 0.27212861886806433, 0.17254545454545456], [0.0295505996357901, 0.27187447912360524, 0.18263636363636365], [0.024699856806063656, 0.27160427088477596, 0.19272727272727275], [0.018391352250938343, 0.2713176906587602, 0.20281818181818184], [0.0076343466930195725, 0.27101440831041707, 0.2129090909090909], [null, 0.2706940650280362, 0.223], [null, 0.270356269989658, 0.2330909090909091], [null, 0.27000059968213475, 0.2431818181818182], [null, 0.2696265918886874, 0.25327272727272726], [null, 0.26923374421240254, 0.26336363636363636], [null, 0.2688215088848764, 0.27345454545454545], [null, 0.26838928823412783, 0.28354545454545454], [null, 0.26793642893882075, 0.29363636363636364], [null, 0.26746221533508047, 0.30372727272727273], [null, 0.2669658632870047, 0.31381818181818183], [null, 0.26644650825331423, 0.3239090909090909], [null, 0.2659031977595536, 0.334], [null, 0.2653348773327972, 0.3440909090909091], [null, 0.2647403759272245, 0.3541818181818182], [null, 0.26411838748646954, 0.3642727272727273], [null, 0.2634674491929957, 0.3743636363636364], [null, 0.2627859141308167, 0.3844545454545455], [null, 0.2620719175702103, 0.3945454545454546], [null, 0.2613233346168958, 0.4046363636363637], [null, 0.2605377259532903, 0.4147272727272727], [null, 0.2597122681551437, 0.4248181818181818], [null, 0.2588436616132529, 0.4349090909090909], [null, 0.25792800678056993, 0.445], [null, 0.2569606365956865, 0.4550909090909091], [null, 0.25593587612641416, 0.4651818181818182], [null, 0.2548466971262978, 0.4752727272727273], [null, 0.2536841970908567, 0.4853636363636364], [null, 0.25243677351453037, 0.4954545454545455], [null, 0.25108873913137003, 0.5055454545454545], [null, 0.24961781337077055, 0.5156363636363637], [null, 0.24799004869066615, 0.5257272727272727], [null, 0.24614774867972844, 0.5358181818181819], [null, 0.24397106477002312, 0.5459090909090909], [null, 0.24095315221875238, 0.556], [null, 0.23651727850974202, 0.5660909090909091], [null, 0.23227058795191363, 0.5761818181818182], [null, 0.2281995622786245, 0.5862727272727273], [null, 0.22429163439814037, 0.5963636363636364], [null, 0.2205351109550599, 0.6064545454545455], [null, 0.21691910214459814, 0.6165454545454546], [null, 0.2134334563521128, 0.6266363636363637], [null, 0.21006869861764738, 0.6367272727272728], [null, 0.20681597328268672, 0.6468181818181818], [null, 0.20366699034393804, 0.6569090909090909], [null, 0.20061397510537046, 0.667], [null, 0.19764962132389485, 0.6770909090909091], [null, 0.19476704635763525, 0.6871818181818182], [null, 0.19195974765423915, 0.6972727272727273], [null, 0.18922157043057583, 0.7073636363636364], [null, 0.18654665458426803, 0.7174545454545455], [null, 0.18392938796627875, 0.7275454545454546], [null, 0.18136448453802437, 0.7376363636363636], [null, 0.17884670681210044, 0.7477272727272728], [null, 0.1763710732771077, 0.7578181818181818], [null, 0.17393269014429477, 0.767909090909091], [null, 0.17152678761948162, 0.778], [null, 0.16914857825292623, 0.7880909090909092], [null, 0.16679331386890334, 0.7981818181818182], [null, 0.16445618530415643, 0.8082727272727274], [null, 0.16213227601750618, 0.8183636363636364], [null, 0.15981649567416464, 0.8284545454545454], [null, 0.15750350057520998, 0.8385454545454546], [null, 0.1551875953233081, 0.8486363636363636], [null, 0.15286260938466562, 0.8587272727272728], [null, 0.15052173694132925, 0.8688181818181818], [null, 0.14815732529848788, 0.878909090909091], [null, 0.14576058647464993, 0.889], [null, 0.14332119280213884, 0.8990909090909092], [null, 0.14082669165751638, 0.9091818181818182], [null, 0.13826162523763827, 0.9192727272727274], [null, 0.13560614554089287, 0.9293636363636364], [null, 0.13283371183722392, 0.9394545454545455], [null, 0.1299069886813194, 0.9495454545454546], [null, 0.1267698176317953, 0.9596363636363637], [null, 0.12332932402855105, 0.9697272727272728], [null, 0.11940707266225281, 0.9798181818181818], [null, 0.11454468371372646, 0.989909090909091], [null, 4.704236999941713e-12, 1.0]]}