{"dim": 3, "delta": 4.5, "mu_eff": 10, "dmu_eff": 2.75, "C": -0.2041334864392912, "k_c": 50, "data": [[0.5967177747438949, 1.0331342569273414, 0.001], [0.5943496082739143, 1.0329095949054832, 0.09281632653061224], [0.5870563529706903, 1.0322424008763438, 0.18463265306122448], [0.5793803909752738, 1.0311242378003678, 0.27644897959183673], [0.5715695099230476, 1.0295405064937884, 0.36826530612244895], [0.5633151776341453, 1.027469491853476, 0.4600816326530612], [0.5543913572875159, 1.0248808137198173, 0.5518979591836735], [0.5445850194482866, 1.0217330682268269, 0.6437142857142857], [0.5336674239951864, 1.0179699420828274, 0.7355306122448979], [0.5213780611223126, 1.0135141888450807, 0.8273469387755101], [0.5074152457240183, 1.00825718690205, 0.9191632653061224], [0.4914343539458896, 1.0020400550714221, 1.0109795918367346], [0.473058963305011, 0.9946157607616753, 1.1027959183673468], [0.4519132784124616, 0.9855612939334347, 1.194612244897959], [0.4276838048266451, 0.9740193720165918, 1.2864285714285713], [0.4002092685697137, 0.9574298349275081, 1.3782448979591835], [0.36957775461103476, 0.914343871015413, 1.4700612244897957], [0.33618904605468747, 0.8674241657484792, 1.561877551020408], [0.3007420458719345, 0.8277645757620158, 1.6536938775510202], [0.2641432774913107, 0.7944051492783386, 1.7455102040816324], [0.22737620158594532, 0.7663214674940891, 1.8373265306122446], [0.19138369601169547, 0.7425353362406542, 1.9291428571428568], [0.1540690756232701, 0.7221840133360503, 2.0209591836734693], [0.0984004624863234, 0.7045463336170015, 2.1127755102040813], [null, 0.6890393819853644, 2.2045918367346937], [null, 0.6752006724966931, 2.2964081632653057], [null, 0.6626661059263592, 2.388224489795918], [null, 0.6511490506237348, 2.48004081632653], [null, 0.6404225992994569, 2.5718571428571426], [null, 0.6303053456817062, 2.6636734693877546], [null, 0.6206502977830242, 2.755489795918367], [null, 0.6113363314156305, 2.847306122448979], [null, 0.6022615937934683, 2.9391224489795915], [null, 0.5933383514351972, 3.030938775510204], [null, 0.5844888694509404, 3.122755102040816], [null, 0.575641987445122, 3.2145714285714284], [null, 0.566730107863315, 3.3063877551020404], [null, 0.5576863369081536, 3.398204081632653], [null, 0.5484415001949985, 3.490020408163265], [null, 0.5389206903420856, 3.5818367346938773], [null, 0.5290388493668211, 3.6736530612244893], [null, 0.5186945705859612, 3.7654693877551018], [null, 0.50776064229335, 3.8572857142857138], [null, 0.4960683869266511, 3.949102040816326], [null, 0.48337928790961404, 4.040918367346939], [null, 0.46932757883346793, 4.132734693877551], [null, 0.45328463161450344, 4.224551020408163], [null, 0.4339494572797251, 4.316367346938775], [null, 0.4072704028138751, 4.408183673469388], [null, 3.12194714524594e-13, 4.5]]}