{"dim": 3, "delta": 7.5, "mu_eff": 10, "dmu_eff": 4.416666666666667, "C": -0.09336836265764958, "k_c": 50, "data": [[0.9876568378318447, 1.5278399504908982, 0.001], [0.9812777532954451, 1.5273617321900035, 0.1540408163265306], [0.9695619069335439, 1.5259283289652161, 0.3070816326530612], [0.9580293302798847, 1.523505454294938, 0.4601224489795918], [0.945710553548462, 1.5200315544142151, 0.6131632653061224], [0.9320400489540706, 1.5154096908665442, 0.7662040816326531], [0.9164981919710329, 1.5094925219365363, 0.9192448979591836], [0.898510866570822, 1.5020538780851256, 1.072285714285714], [0.8774070480301585, 1.4927303677751622, 1.2253265306122447], [0.8524124485303491, 1.480883136829661, 1.3783673469387754], [0.8226945747081708, 1.465179035338991, 1.531408163265306], [0.7874853711556616, 1.4413589497226023, 1.6844489795918365], [0.7462864692514167, 1.3791806913500364, 1.8374897959183671], [0.6990971180229013, 1.3170649108568524, 1.9905306122448978], [0.6465387345312084, 1.2652856746979901, 2.1435714285714282], [0.5897794691717588, 1.2225389864947067, 2.296612244897959], [0.5302974248784841, 1.187294408564638, 2.4496530612244896], [0.4696207597302181, 1.158039674036518, 2.60269387755102], [0.40915225509468384, 1.1334437318575907, 2.755734693877551], [0.350097098833974, 1.112418236187906, 2.9087755102040815], [0.28791113766569776, 1.0941107473275844, 3.061816326530612], [0.19882242239371503, 1.0778678716448364, 3.2148571428571424], [null, 1.063192434036339, 3.367897959183673], [null, 1.0497053583183924, 3.5209387755102037], [null, 1.037115238248312, 3.6739795918367344], [null, 1.0251952812129768, 3.827020408163265], [null, 1.0137662238518648, 3.9800612244897957], [null, 1.0026837803271624, 4.133102040816326], [null, 0.9918293866869335, 4.286142857142857], [null, 0.9811033085042365, 4.439183673469388], [null, 0.9704194118564998, 4.592224489795918], [null, 0.9597011198568037, 4.745265306122449], [null, 0.94887809108189, 4.89830612244898], [null, 0.9378834796244553, 5.05134693877551], [null, 0.9266513942865834, 5.204387755102041], [null, 0.9151144363114359, 5.357428571428572], [null, 0.9032010534192365, 5.510469387755102], [null, 0.8908324588234651, 5.663510204081633], [null, 0.8779187346705583, 5.816551020408164], [null, 0.8643535428998312, 5.969591836734694], [null, 0.8500064849297462, 6.122632653061225], [null, 0.834711369426208, 6.275673469387755], [null, 0.8182470050325147, 6.428714285714285], [null, 0.8003033202541293, 6.581755102040816], [null, 0.7804156746982513, 6.734795918367347], [null, 0.7578197665626552, 6.887836734693877], [null, 0.7310603800841826, 7.040877551020408], [null, 0.696466272079252, 7.193918367346939], [null, 0.602970729910685, 7.346959183673469], [null, 1.376676550535194e-13, 7.5]]}