{"dim": 3, "delta": 0.25, "mu_eff": 10, "dmu_eff": 0.175, "C": -0.8537969888401657, "k_c": 50, "data": [[0.039763755348705354, 0.060520919471850086, 0.001], [0.040011860094907696, 0.060495500856462006, 0.006081632653061225], [0.04027715349290309, 0.06043313857631026, 0.011163265306122449], [0.040544700773848426, 0.060332629585415076, 0.016244897959183675], [0.04083822589807373, 0.06019192227340049, 0.0213265306122449], [0.04117524156602618, 0.06000792431480528, 0.026408163265306126], [0.041574917881496434, 0.059776115357809044, 0.03148979591836735], [0.042062372297418466, 0.05948991774152979, 0.036571428571428574], [0.0426740737107427, 0.05913955685724934, 0.0416530612244898], [0.043467652098070575, 0.05870976205810704, 0.046734693877551026], [0.04454339961721759, 0.058174710475332396, 0.05181632653061225], [0.046101394818187126, 0.05748423270894381, 0.05689795918367348], [0.048647047638657466, 0.05651000070347524, 0.061979591836734696]]}