{"dim": 3, "delta": 5, "mu_eff": 10, "dmu_eff": 2.611111111111111, "C": -0.18109101514056913, "k_c": 50, "data": [[0.3703784016541355, 1.2002886076454027, 0.001], [0.36882465328643, 1.2001325995047385, 0.1030204081632653], [0.3642204231947634, 1.1996696552386086, 0.2050408163265306], [0.35655442806388415, 1.1988970182927092, 0.3070612244897959], [0.3457969673178402, 1.1978100172540016, 0.4090816326530612], [0.33188171296723673, 1.1964019259002698, 0.5111020408163265], [0.3146754078668592, 1.194663753824422, 0.6131224489795918], [0.29392706856320855, 1.1925839506647549, 0.7151428571428571], [0.26917665813361497, 1.190148000060659, 0.8171632653061224], [0.23956957321181072, 1.187337865318653, 0.9191836734693877], [0.2034045317118461, 1.1841312308532659, 1.0212040816326529], [0.1566603391327293, 1.1805004518476234, 1.123224489795918], [0.08381608010709528, 1.1764110733645448, 1.2252448979591835], [null, 1.1718196895887765, 1.3272653061224489], [null, 1.1666707500391393, 1.429285714285714], [null, 1.1608915965988487, 1.5313061224489792], [null, 1.154384343163431, 1.6333265306122446], [null, 1.1470116581069492, 1.73534693877551], [null, 1.1385694805295545, 1.8373673469387752], [null, 1.1287272622278337, 1.9393877551020404], [null, 1.1168658811892145, 2.041408163265306], [null, 1.1013963302101546, 2.1434285714285712], [null, 1.073939288308366, 2.245448979591836], [null, 1.0439619346506632, 2.3474693877551016], [null, 1.016118984939928, 2.449489795918367], [null, 0.990164302641529, 2.5515102040816324], [null, 0.9658738197148, 2.653530612244898], [null, 0.9430441960525062, 2.755551020408163], [null, 0.9214911614816512, 2.857571428571428], [null, 0.9010476571608592, 2.9595918367346936], [null, 0.8815618717816934, 3.0616122448979586], [null, 0.8628952185818561, 3.163632653061224], [null, 0.844920308300435, 3.2656530612244894], [null, 0.8275188975895482, 3.367673469387755], [null, 0.8105798050266732, 3.46969387755102], [null, 0.7939967360839432, 3.571714285714285], [null, 0.7776659237016175, 3.6737346938775506], [null, 0.7614834395051093, 3.775755102040816], [null, 0.7453419356815929, 3.877775510204081], [null, 0.7291264875462128, 3.9797959183673464], [null, 0.7127087486091663, 4.081816326530612], [null, 0.6959385037243269, 4.183836734693878], [null, 0.6786301778592019, 4.285857142857143], [null, 0.6605398126698124, 4.387877551020408], [null, 0.6413219146934523, 4.489897959183673], [null, 0.6204379754966947, 4.591918367346938], [null, 0.5969249760925541, 4.693938775510204], [null, 0.568601022283697, 4.795959183673469], [null, 0.5258426036389827, 4.897979591836735], [null, 1.4264145420384011e-12, 5.0]]}