{"dim": 3, "delta": 10.5, "mu_eff": 10, "dmu_eff": 5.25, "C": -0.021593549162401526, "k_c": 50, "data": [[0.7818428860429328, 2.0580581583999944, 0.001], [0.7769093958225026, 2.0576301092549714, 0.21526530612244898], [0.7622058044621269, 2.0563479125860886, 0.42953061224489797], [0.7377171774027631, 2.054193338562097, 0.643795918367347], [0.7033113134178044, 2.0511345854297223, 0.8580612244897959], [0.6585648226475909, 2.0471238281704425, 1.0723265306122447], [0.6024629774094695, 2.0420931374044344, 1.2865918367346938], [0.5328075617184621, 2.035947830933766, 1.500857142857143], [0.44472678672930016, 2.028555411925356, 1.7151224489795918], [0.3252007066041737, 2.019726228403318, 1.9293877551020406], [0.09324637813372194, 2.009176870964929, 2.1436530612244895], [null, 1.996452065404469, 2.357918367346939], [null, 1.9807222694664661, 2.5721836734693877], [null, 1.9600130244098855, 2.7864489795918366], [null, 1.9244619524086037, 3.000714285714286], [null, 1.8843107412594806, 3.2149795918367348], [null, 1.8474109899572322, 3.4292448979591836], [null, 1.8133284838225017, 3.6435102040816325], [null, 1.7816822579031169, 3.8577755102040814], [null, 1.7521384087562575, 4.072040816326531], [null, 1.7244040867596302, 4.28630612244898], [null, 1.698222153291854, 4.500571428571429], [null, 1.6733663169700888, 4.714836734693878], [null, 1.6496367525883884, 4.929102040816327], [null, 1.6268561550745084, 5.143367346938776], [null, 1.604866239197721, 5.357632653061225], [null, 1.5835245921439036, 5.571897959183674], [null, 1.5627018566790194, 5.786163265306123], [null, 1.5422791751168072, 6.000428571428572], [null, 1.5221458329607667, 6.214693877551021], [null, 1.5021970265132705, 6.42895918367347], [null, 1.4823316900326278, 6.6432244897959185], [null, 1.4624502700316497, 6.857489795918368], [null, 1.442452349672914, 7.071755102040817], [null, 1.4222339559872097, 7.286020408163266], [null, 1.4016843397089993, 7.500285714285715], [null, 1.3806819022550911, 7.714551020408163], [null, 1.3590887611476856, 7.928816326530613], [null, 1.3367431299912975, 8.143081632653061], [null, 1.3134480134933215, 8.35734693877551], [null, 1.2889535825303442, 8.571612244897958], [null, 1.262927777719964, 8.785877551020407], [null, 1.2349034318303538, 9.000142857142857], [null, 1.2041729644863683, 9.214408163265306], [null, 1.1695462252194473, 9.428673469387755], [null, 1.1286496095997842, 9.642938775510205], [null, 1.0746757835909857, 9.857204081632652], [null, 0.9237285304849213, 10.071469387755101], [null, 0.6534268522845412, 10.28573469387755], [null, -4.53859172466764e-13, 10.5]]}