{"dim": 3, "delta": 1.25, "mu_eff": 10, "dmu_eff": 0.8329166666666667, "C": -0.4898160746313178, "k_c": 50, "data": [[0.18541255757732672, 0.3089514568448087, 0.001], [0.18501390557053912, 0.30893185317534955, 0.013616161616161616], [0.18470010626649033, 0.3088783544133277, 0.026232323232323235], [0.18443938076094651, 0.3087907991813489, 0.038848484848484854], [0.18420352512564062, 0.30866892405958396, 0.05146464646464647], [0.1839825509680976, 0.30851235802520915, 0.06408080808080809], [0.1837718877915636, 0.3083206171378773, 0.07669696969696971], [0.18356923435325967, 0.3080930970055654, 0.08931313131313132], [0.18337344992350893, 0.3078290634856946, 0.10192929292929294], [0.18318408235726685, 0.30752764062046667, 0.11454545454545456], [0.18300114450110944, 0.30718779594098766, 0.12716161616161617], [0.18282500389505452, 0.30680832160900035, 0.13977777777777778], [0.18265633190313788, 0.30638780977212915, 0.15239393939393941], [0.18249608773061252, 0.30592463399929537, 0.16501010101010102], [0.18234552742631904, 0.30541689348933687, 0.17762626262626263], [0.18220623318355597, 0.3048623888992002, 0.19024242424242427], [0.18208016296933677, 0.30425855484439707, 0.20285858585858588], [0.18196972294111202, 0.30360239008581313, 0.21547474747474749], [0.18187786850144905, 0.302890362432835, 0.22809090909090912], [0.1818082430567358, 0.30211828539298946, 0.24070707070707073], [0.181765369057069, 0.3012811505700899, 0.25332323232323234], [0.18175491367433852, 0.30037290032467245, 0.265939393939394], [0.1817840643372172, 0.2993861071899004, 0.27855555555555556], [0.1818620709057061, 0.2983115128162095, 0.2911717171717172], [0.1820010482194954, 0.29713733960354183, 0.30378787878787883], [0.1822172034207408, 0.2958482202654644, 0.3164040404040404], [0.18253278055538819, 0.2944234465902829, 0.32902020202020205], [0.18297929052846879, 0.29283391387840174, 0.3416363636363637], [0.18360318777143814, 0.2910363010855744, 0.35425252525252526], [0.1844766099316878, 0.2889605948177527, 0.3668686868686869], [0.1857198014235192, 0.2864779743616911, 0.37948484848484854], [0.18755499589566219, 0.28328667912724304, 0.3921010101010101], [0.1904679507215934, 0.27776313118573803, 0.40471717171717175]]}