{"dim": 3, "delta": 0.5, "mu_eff": 10, "dmu_eff": 0.29444444444444445, "C": -0.6968588790391586, "k_c": 50, "data": [[0.05614138102961283, 0.13345175415683863, 0.001], [0.05598933064056135, 0.13343094191317093, 0.011183673469387756], [0.05558419750042707, 0.13337522939334076, 0.02136734693877551], [0.05492891380322564, 0.13328431703907395, 0.031551020408163266], [0.05402798124660234, 0.13315770887392742, 0.04173469387755102], [0.05288682185002191, 0.13299469889838714, 0.051918367346938776], [0.05150941221456797, 0.13279435125464822, 0.06210204081632653], [0.049881627548206, 0.13255547233576614, 0.07228571428571429], [0.04810116068546497, 0.13227657316678965, 0.08246938775510204], [0.04620843999210266, 0.13195581867166906, 0.0926530612244898], [0.04418941811481837, 0.13159095259063341, 0.10283673469387755], [0.0420321836297965, 0.13117924035438774, 0.1130204081632653], [0.03972772493014992, 0.13071727153679444, 0.12320408163265306], [0.037271158934598474, 0.1302008528736524, 0.13338775510204082], [0.03466331218655794, 0.1296247169534271, 0.14357142857142857], [0.03191245377495655, 0.1289821496390689, 0.15375510204081633], [0.02901927862437547, 0.12826440720319063, 0.16393877551020408], [0.025752456975052282, 0.12745976993439045, 0.17412244897959184], [0.021955683130227846, 0.12655191409847816, 0.1843061224489796], [0.017305828719743614, 0.1255168620543893, 0.19448979591836735], [0.010757595540011804, 0.12431656796466438, 0.2046734693877551], [null, 0.1228828127427317, 0.21485714285714286], [null, 0.12106176564282595, 0.2250408163265306], [null, 0.11799369488190108, 0.23522448979591837], [null, 0.11233388636251966, 0.24540816326530612], [null, 0.10739386845635468, 0.2555918367346939], [null, 0.10304951378992783, 0.26577551020408163], [null, 0.09919792787777583, 0.2759591836734694], [null, 0.09575406947722209, 0.28614285714285714], [null, 0.09264771217403052, 0.2963265306122449], [null, 0.08982078820562732, 0.30651020408163265], [null, 0.08722511970892335, 0.3166938775510204], [null, 0.08482051744043989, 0.32687755102040816], [null, 0.08257319149262024, 0.3370612244897959], [null, 0.08045444451068424, 0.3472448979591837], [null, 0.07843958140033637, 0.35742857142857143], [null, 0.07650699143132554, 0.3676122448979592], [null, 0.0746373547116711, 0.37779591836734694], [null, 0.07281292601774453, 0.3879795918367347], [null, 0.07101684447161219, 0.39816326530612245], [null, 0.0692324047297981, 0.4083469387755102], [null, 0.06744219792026054, 0.41853061224489796], [null, 0.0656269750688618, 0.4287142857142857], [null, 0.06376394772617673, 0.43889795918367347], [null, 0.06182395357599165, 0.4490816326530612], [null, 0.05976611746786981, 0.459265306122449], [null, 0.057526269723285214, 0.46944897959183673], [null, 0.054986185838476316, 0.4796326530612245], [null, 0.051857321292394586, 0.48981632653061224], [null, 2.6712854150900966e-11, 0.5]]}