{"dim": 3, "delta": 4, "mu_eff": 10, "dmu_eff": 2.1777777777777776, "C": -0.2300055717506968, "k_c": 50, "data": [[0.36209122574727454, 0.9860301441402644, 0.001], [0.3609854952978441, 0.9858985861352683, 0.08261224489795918], [0.3577293930998138, 0.9855094299992732, 0.16422448979591836], [0.3523461004505912, 0.9848603530070117, 0.24583673469387754], [0.34487041896736637, 0.983947427225644, 0.3274489795918367], [0.3353429174460793, 0.9827649887430819, 0.40906122448979587], [0.32380102718733716, 0.9813054740531347, 0.4906734693877551], [0.31026619045733095, 0.9795591648217733, 0.5722857142857143], [0.29472561490676713, 0.9775138471104351, 0.6538979591836734], [0.27710613564879566, 0.9751543449201833, 0.7355102040816326], [0.2572351289441634, 0.9724618820883405, 0.8171224489795917], [0.23477636668519572, 0.9694132001252189, 0.898734693877551], [0.20910806856688555, 0.9659793134558655, 0.9803469387755102], [0.1790418372515181, 0.9621237160285175, 1.0619591836734692], [0.14198180150443085, 0.9577997076978035, 1.1435714285714285], [0.08983424084787497, 0.9529462524135337, 1.2251836734693875], [null, 0.9474812272565013, 1.3067959183673468], [null, 0.9412896713783384, 1.388408163265306], [null, 0.9342014376550486, 1.470020408163265], [null, 0.9259429614927674, 1.5516326530612243], [null, 0.9160102436978627, 1.6332448979591834], [null, 0.9031765223353884, 1.7148571428571426], [null, 0.8799035132563324, 1.796469387755102], [null, 0.8515658003115028, 1.878081632653061], [null, 0.8255968026096838, 1.9596938775510202], [null, 0.801705171231136, 2.0413061224489795], [null, 0.779628119148173, 2.1229183673469385], [null, 0.7591301200772095, 2.2045306122448975], [null, 0.7400009374945337, 2.286142857142857], [null, 0.7220532521656423, 2.367755102040816], [null, 0.7051200926730973, 2.449367346938775], [null, 0.6890522137590145, 2.5309795918367346], [null, 0.6737155109751809, 2.6125918367346936], [null, 0.6589885120807031, 2.6942040816326527], [null, 0.6447599454629671, 2.775816326530612], [null, 0.6309263510208882, 2.857428571428571], [null, 0.6173896662552953, 2.9390408163265302], [null, 0.6040546586092931, 3.0206530612244897], [null, 0.5908260586618003, 3.1022653061224488], [null, 0.577605082739547, 3.183877551020408], [null, 0.5642849093544167, 3.265489795918367], [null, 0.5507443003197836, 3.3471020408163263], [null, 0.5368378727812674, 3.4287142857142854], [null, 0.5223799960533276, 3.5103265306122444], [null, 0.5071155606612245, 3.591938775510204], [null, 0.4906604791170576, 3.673551020408163], [null, 0.47235966981903743, 3.755163265306122], [null, 0.4508491806710935, 3.8367755102040815], [null, 0.4217030791410774, 3.9183877551020405], [null, 5.950795411990839e-14, 4.0]]}