{"dim": 3, "delta": 0.25, "mu_eff": 10, "dmu_eff": 0.125, "C": -0.8537969888401657, "k_c": 50, "data": [[0.000867642084339943, 0.06992794583958235, 0.001], [null, 0.06991874704030904, 0.006081632653061225], [null, 0.06989631775987425, 0.011163265306122449], [null, 0.06986058549489005, 0.016244897959183675], [null, 0.0698114336615799, 0.0213265306122449], [null, 0.06974869975500222, 0.026408163265306126], [null, 0.0696721724967649, 0.03148979591836735], [null, 0.06958158844321118, 0.036571428571428574], [null, 0.06947662716011596, 0.0416530612244898], [null, 0.06935690530777854, 0.046734693877551026], [null, 0.06922196904497213, 0.05181632653061225], [null, 0.06907128480188945, 0.05689795918367348], [null, 0.06890422704086875, 0.061979591836734696], [null, 0.06872006335897068, 0.06706122448979593], [null, 0.06851793517771457, 0.07214285714285715], [null, 0.06829683292452474, 0.07722448979591838], [null, 0.06805556355042604, 0.0823061224489796], [null, 0.06779270752375993, 0.08738775510204082], [null, 0.0675065606622921, 0.09246938775510205], [null, 0.06719505376913454, 0.09755102040816327], [null, 0.06685563862796147, 0.1026326530612245], [null, 0.06648512137948032, 0.10771428571428572], [null, 0.06607940841056639, 0.11279591836734695], [null, 0.06563310257918308, 0.11787755102040817], [null, 0.06513881690069588, 0.12295918367346939], [null, 0.06458591778071936, 0.1280408163265306], [null, 0.0639579451761014, 0.13312244897959186], [null, 0.06322635510641506, 0.13820408163265308], [null, 0.06233010713091474, 0.1432857142857143], [null, 0.06099163371111617, 0.1483673469387755], [null, 0.058836406254923805, 0.15344897959183676], [null, 0.05684007470453989, 0.15853061224489798], [null, 0.05498061201218544, 0.1636122448979592], [null, 0.0532388287254837, 0.16869387755102042], [null, 0.051597872242913734, 0.17377551020408163], [null, 0.050042793910119336, 0.17885714285714288], [null, 0.048560166458445436, 0.1839387755102041], [null, 0.04713773579781098, 0.18902040816326532], [null, 0.04576408653507448, 0.19410204081632654], [null, 0.04442830156374593, 0.19918367346938778], [null, 0.043119583770079566, 0.204265306122449], [null, 0.041826792341005885, 0.20934693877551022], [null, 0.04053781232058931, 0.21442857142857144], [null, 0.03923860148228439, 0.21951020408163266], [null, 0.037911588072987, 0.2245918367346939], [null, 0.03653264946486758, 0.22967346938775512], [null, 0.03506455364628514, 0.23475510204081634], [null, 0.03343956563708454, 0.23983673469387756], [null, 0.0314938815421753, 0.24491836734693878], [null, 1.7559287357471476e-12, 0.25]]}