{"dim": 3, "delta": 1, "mu_eff": 10, "dmu_eff": 0.5554444444444444, "C": -0.5401527062406859, "k_c": 50, "data": [[0.09057369441118773, 0.26976782142491684, 0.001], [0.09050261573667502, 0.26975872020967606, 0.011090909090909092], [0.09031298017823773, 0.2697344180334493, 0.021181818181818184], [0.09000501932586372, 0.2696948883878921, 0.03127272727272727], [0.0895791021125437, 0.2696400881783292, 0.041363636363636366], [0.0890357238520521, 0.26956995739812517, 0.05145454545454546], [0.08837549053870136, 0.26948441879835, 0.06154545454545455], [0.08759909788870732, 0.26938337747573554, 0.07163636363636364], [0.08670730437044769, 0.26926672036873694, 0.08172727272727273], [0.08570089737841102, 0.2691343154802563, 0.09181818181818183], [0.08458065125276004, 0.26898601165300184, 0.10190909090909092], [0.08334727579983145, 0.2688216367292789, 0.112], [0.08200135343966827, 0.26864099744003395, 0.1220909090909091], [0.08054326274652791, 0.2684438778684913, 0.13218181818181818], [0.07897308599866946, 0.26823003804909545, 0.14227272727272727], [0.07729049640430066, 0.26799921251562586, 0.15236363636363637], [0.07549462229053949, 0.26775110849656586, 0.16245454545454546], [0.0735838810558036, 0.2674854039477224, 0.17254545454545456], [0.07155577603105116, 0.26720174521800044, 0.18263636363636365], [0.06940664472206723, 0.26689974444338377, 0.19272727272727275], [0.06713134163175734, 0.26657897643750067, 0.20281818181818184], [0.06472282926936834, 0.2662389755258774, 0.2129090909090909], [0.062171635249113316, 0.26587923114193424, 0.223], [0.059465106908304796, 0.2654991835794887, 0.2330909090909091], [0.056586345672426944, 0.26509821857797394, 0.2431818181818182], [0.05351261765340523, 0.2646756611347718, 0.25327272727272726], [0.0502128634475613, 0.2642307684230834, 0.26336363636363636], [0.046643571552061745, 0.2637627212116324, 0.27345454545454545], [0.042741437341338936, 0.26327061359061965, 0.28354545454545454], [0.03840913423826985, 0.2627534420103414, 0.29363636363636364], [0.033483985573250864, 0.26221009024356645, 0.30372727272727273], [0.02765500975072185, 0.26163931255547307, 0.31381818181818183], [0.020157268267049798, 0.2610397131406987, 0.3239090909090909], [0.006773775958701405, 0.26040972051269917, 0.334], [null, 0.2597475563606836, 0.3440909090909091], [null, 0.2590511955395925, 0.3541818181818182], [null, 0.25831831669045513, 0.3642727272727273], [null, 0.2575462378523619, 0.3743636363636364], [null, 0.25673183236235647, 0.3844545454545455], [null, 0.2558714172910371, 0.3945454545454546], [null, 0.2549606017176786, 0.4046363636363637], [null, 0.25399407542686064, 0.4147272727272727], [null, 0.25296530617815993, 0.4248181818181818], [null, 0.25186609075009375, 0.4349090909090909], [null, 0.25068586036761215, 0.445], [null, 0.24941054901197726, 0.4550909090909091], [null, 0.24802061742439888, 0.4651818181818182], [null, 0.24648727780275034, 0.4752727272727273], [null, 0.24476426190094536, 0.4853636363636364], [null, 0.24276568301334892, 0.4954545454545455], [null, 0.2402749476275208, 0.5055454545454545], [null, 0.23605596950132213, 0.5156363636363637], [null, 0.2312769944578946, 0.5257272727272727], [null, 0.22674414182496744, 0.5358181818181819], [null, 0.222438305469604, 0.5459090909090909], [null, 0.21834184801336437, 0.556], [null, 0.2144384972522216, 0.5660909090909091], [null, 0.21071323286452356, 0.5761818181818182], [null, 0.20715219023518994, 0.5862727272727273], [null, 0.20374256388297224, 0.5963636363636364], [null, 0.20047251953425593, 0.6064545454545455], [null, 0.19733111152006183, 0.6165454545454546], [null, 0.19430820560665965, 0.6266363636363637], [null, 0.19139440700618163, 0.6367272727272728], [null, 0.18858099419137306, 0.6468181818181818], [null, 0.18585985593178747, 0.6569090909090909], [null, 0.18322343449387424, 0.667], [null, 0.18066467139701173, 0.6770909090909091], [null, 0.17817695742559078, 0.6871818181818182], [null, 0.17575408579945362, 0.6972727272727273], [null, 0.1733902076713359, 0.7073636363636364], [null, 0.171079790647529, 0.7174545454545455], [null, 0.16881757868425373, 0.7275454545454546], [null, 0.16659855360607098, 0.7376363636363636], [null, 0.1644178977724124, 0.7477272727272728], [null, 0.1622709562932624, 0.7578181818181818], [null, 0.16015320001054736, 0.767909090909091], [null, 0.1580601862470487, 0.778], [null, 0.15598751866296806, 0.7880909090909092], [null, 0.15393080250702668, 0.7981818181818182], [null, 0.15188559854941203, 0.8082727272727274], [null, 0.14984736327272435, 0.8183636363636364], [null, 0.1478113893832375, 0.8284545454545454], [null, 0.14577272677913855, 0.8385454545454546], [null, 0.1437260890701891, 0.8486363636363636], [null, 0.14166573516927136, 0.8587272727272728], [null, 0.13958531688308198, 0.8688181818181818], [null, 0.13747767743439254, 0.878909090909091], [null, 0.13533457688186296, 0.889], [null, 0.13314630826424537, 0.8990909090909092], [null, 0.13090114225681168, 0.9091818181818182], [null, 0.12858449198255997, 0.9192727272727274], [null, 0.12617760129496494, 0.9293636363636364], [null, 0.12365536580162503, 0.9394545454545455], [null, 0.1209824555483877, 0.9495454545454546], [null, 0.11810574150255984, 0.9596363636363637], [null, 0.11493745772624284, 0.9697272727272728], [null, 0.11130941793134941, 0.9798181818181818], [null, 0.10679239361810224, 0.989909090909091], [null, 4.715783319397815e-12, 1.0]]}