{"dim": 3, "delta": 1.5, "mu_eff": 10, "dmu_eff": 0.5005, "C": -0.4487568044094923, "k_c": 50, "data": [[0.4319999966488495, null, 0.001], [0.4319917436746216, null, 0.016141414141414144], [0.43196890672841, null, 0.03128282828282829], [0.43193147461657067, null, 0.04642424242424243], [0.4318794290437723, null, 0.061565656565656574], [0.43181274466929015, null, 0.07670707070707072], [0.43173138867502425, null, 0.09184848484848486], [0.43163532109114777, null, 0.106989898989899], [0.43152449448203384, null, 0.12213131313131315], [0.4313988538961241, null, 0.1372727272727273], [0.4312583367024839, null, 0.15241414141414145], [0.4311028725324327, null, 0.16755555555555557], [0.4309323830162465, null, 0.18269696969696972], [0.43074678153200874, null, 0.19783838383838387], [0.4305459731406293, null, 0.212979797979798], [0.430329854142183, null, 0.22812121212121214], [0.430098312679335, null, 0.2432626262626263], [0.4298512264865279, null, 0.2584040404040404], [0.4295884648196968, null, 0.2735454545454546], [0.42930988629994743, null, 0.2886868686868687], [0.4290153390136678, null, 0.3038282828282829], [0.428704664273629, null, 0.318969696969697], [0.4283776859066378, null, 0.33411111111111114], [0.428034220473972, null, 0.3492525252525253], [0.4276740711515295, null, 0.36439393939393944], [0.4272970284991367, null, 0.37953535353535356], [0.426902869662212, null, 0.39467676767676774], [0.42649135765399526, null, 0.40981818181818186], [0.42606224056264086, null, 0.424959595959596], [0.4256152507903388, null, 0.44010101010101016], [0.42515010395112895, null, 0.4552424242424243], [0.42466649821382174, null, 0.47038383838383846], [0.424164112376186, null, 0.4855252525252526], [0.42364260621266475, null, 0.5006666666666667], [0.42310161686481623, null, 0.5158080808080808], [0.4225407593222113, null, 0.5309494949494951], [0.4219596238550364, null, 0.5460909090909092], [0.42135777432632987, null, 0.5612323232323233], [0.4207347463982026, null, 0.5763737373737374], [0.42009004474204237, null, 0.5915151515151515], [0.41942314114615936, null, 0.6066565656565658], [0.4187334713745868, null, 0.6217979797979799], [0.41802043207625844, null, 0.636939393939394], [0.4172833774818602, null, 0.6520808080808081], [0.41652161512869407, null, 0.6672222222222223], [0.4157344015117555, null, 0.6823636363636364], [0.4149209370928877, null, 0.6975050505050506], [0.41408036046534397, null, 0.7126464646464648], [0.4132117417307406, null, 0.7277878787878789], [0.4123140749288721, null, 0.742929292929293], [0.4113862692564365, null, 0.7580707070707071], [0.41042713906621914, null, 0.7732121212121214], [0.4094353918499022, null, 0.7883535353535355], [0.4084096145399422, null, 0.8034949494949496], [0.4073482570158175, null, 0.8186363636363637], [0.4062496127866205, null, 0.8337777777777778], [0.40511179614067716, null, 0.848919191919192], [0.40393271312908574, null, 0.8640606060606062], [0.40271002846011644, null, 0.8792020202020203], [0.4014411230786169, null, 0.8943434343434344], [0.4001230420188645, null, 0.9094848484848486], [0.3987524290108825, null, 0.9246262626262627], [0.3973254423983991, null, 0.9397676767676769], [0.395837646955027, null, 0.954909090909091], [0.3942838706210559, null, 0.9700505050505052], [0.39265801177427817, null, 0.9851919191919193], [0.3909527734906325, null, 1.0003333333333333], [0.3891592864981223, null, 1.0154747474747474], [0.38726655597356857, null, 1.0306161616161615], [0.3852606153920253, null, 1.0457575757575757], [0.38312316250686956, null, 1.06089898989899], [0.3808292067812503, null, 1.0760404040404041], [0.3783426183097835, null, 1.0911818181818183], [0.375606487810524, null, 1.1063232323232324], [0.37251704883395625, null, 1.1214646464646465], [0.3688083512782681, null, 1.1366060606060606], [0.3635212804446834, null, 1.1517474747474747], [0.3580317331562658, null, 1.1668888888888889], [0.35260688925682965, null, 1.182030303030303], [0.34723861684171986, null, 1.197171717171717], [0.3419185545303431, null, 1.2123131313131315], [0.3366380158473543, null, 1.2274545454545456], [0.33138786839032064, null, 1.2425959595959597], [0.3261583907501273, null, 1.2577373737373738], [0.3209390863128796, null, 1.272878787878788], [0.31571844376154395, null, 1.288020202020202], [0.31048363452934785, null, 1.3031616161616162], [0.30522007063635753, null, 1.3183030303030303], [0.2999108429155329, null, 1.3334444444444444], [0.2945358836623416, null, 1.3485858585858586], [0.28907075275846184, null, 1.3637272727272727], [0.2834847809244213, null, 1.378868686868687], [0.27773809555360396, null, 1.3940101010101011], [0.27177656836645775, null, 1.4091515151515153], [0.2655225518781667, null, 1.4242929292929294], [0.25885605047034094, null, 1.4394343434343435], [0.25157028209339777, null, 1.4545757575757576], [0.24323803252668244, null, 1.4697171717171718], [0.23254206109889106, null, 1.4848585858585859], [-1.0132783501148879e-11, null, 1.5]]}