{"dim": 3, "delta": 1.5, "mu_eff": 10, "dmu_eff": 1.0166666666666666, "C": -0.4487568044094923, "k_c": 50, "data": [[0.22814619963625643, 0.3632172937789346, 0.001], [0.22847460569884082, 0.36319123198297876, 0.016141414141414144], [0.22867899653238427, 0.3631190331481416, 0.03128282828282829], [0.22886194625729472, 0.3630004282709837, 0.04642424242424243], [0.22904367443960702, 0.3628349711699436, 0.061565656565656574], [0.2292332630722369, 0.36262203047687774, 0.07670707070707072], [0.22943671817131947, 0.3623607779752104, 0.09184848484848486], [0.2296590049072257, 0.3620501728166926, 0.106989898989899], [0.22990482317828265, 0.36168894086202125, 0.12213131313131315], [0.23017900311812706, 0.3612755484937634, 0.1372727272727273], [0.23048676832455736, 0.3608081676492211, 0.15241414141414145], [0.23083395881523103, 0.3602846368440429, 0.16755555555555557], [0.23122725760527582, 0.35970240009089305, 0.18269696969696972], [0.23167445086160335, 0.3590584435125878, 0.19783838383838387], [0.2321847483707915, 0.3583492027490054, 0.212979797979798], [0.2327691972957162, 0.3575704448173768, 0.22812121212121214], [0.23344123356329624, 0.35671711311702026, 0.2432626262626263], [0.2342174370502388, 0.35578312013645913, 0.2584040404040404], [0.2351185933303605, 0.3547610527267121, 0.2735454545454546], [0.23617122792317205, 0.35364177184178824, 0.2886868686868687], [0.23740989510723548, 0.35241382059719684, 0.3038282828282829], [0.2388807120371741, 0.351062540804332, 0.318969696969697], [0.240647076493003, 0.3495686907127843, 0.33411111111111114], [0.24279938402421924, 0.34790616807179925, 0.3492525252525253], [0.245472803512609, 0.3460379970370638, 0.36439393939393944], [0.2488827036153928, 0.3439086121261919, 0.37953535353535356], [0.25340496018655534, 0.3414270604065585, 0.39467676767676774], [0.25979628883489947, 0.3384228511310689, 0.40981818181818186], [0.27004533654362284, 0.33448316568524084, 0.424959595959596]]}