{"dim": 3, "delta": 0.5, "mu_eff": 10, "dmu_eff": 0.3277777777777777, "C": -0.6968588790391586, "k_c": 50, "data": [[0.07194574770488782, 0.12692382812299208, 0.001], [0.07151419404508721, 0.1268944157032922, 0.011183673469387756], [0.07100020250332452, 0.1268155550325993, 0.02136734693877551], [0.07053051422209405, 0.12668646877847972, 0.031551020408163266], [0.07006766294005783, 0.12650585064568257, 0.04173469387755102], [0.06959587131732932, 0.12627179924246318, 0.051918367346938776], [0.06910519743163662, 0.12598171530872349, 0.06210204081632653], [0.06858737015281324, 0.12563214810769863, 0.07228571428571429], [0.06803401904932765, 0.12521856778659154, 0.08246938775510204], [0.06743550807587742, 0.12473502331609453, 0.0926530612244898], [0.06677979045228082, 0.12417361512073774, 0.10283673469387755], [0.06605094829529998, 0.1235236476977894, 0.1130204081632653], [0.06522706643777303, 0.12277019621443236, 0.12320408163265306], [0.06427694046323158, 0.12189149554982538, 0.13338775510204082], [0.0631548326479773, 0.12085368909617221, 0.14357142857142857], [0.06179218918297207, 0.11959861664823143, 0.15375510204081633], [0.06008522710805323, 0.11800785186819002, 0.16393877551020408], [0.0578802432163422, 0.11572949867567214, 0.17412244897959184], [0.05496977544124993, 0.1071144544956985, 0.1843061224489796], [0.051140417671370945, 0.09607591363929137, 0.19448979591836735], [0.046315676597025346, 0.08785153251101774, 0.2046734693877551], [0.0407024420427228, 0.0819959865835372, 0.21485714285714286], [0.034726791313104834, 0.07788760166230589, 0.2250408163265306], [0.028812087371137447, 0.07494186255432753, 0.23522448979591837], [0.023249380438540208, 0.07273446581048763, 0.24540816326530612], [0.0181995195349358, 0.07099420615052755, 0.2555918367346939], [0.013717045403951808, 0.0695544649341506, 0.26577551020408163], [0.006762213562487853, 0.06831224436261106, 0.2759591836734694], [null, 0.06720210277296348, 0.28614285714285714], [null, 0.06618102419692719, 0.2963265306122449], [null, 0.0652196355867728, 0.30651020408163265], [null, 0.06429708865510651, 0.3166938775510204], [null, 0.06339797672053234, 0.32687755102040816], [null, 0.06251041697461297, 0.3370612244897959], [null, 0.06162481096952305, 0.3472448979591837], [null, 0.060733003399564306, 0.35742857142857143], [null, 0.059827680105625655, 0.3676122448979592], [null, 0.05890189502268795, 0.37779591836734694], [null, 0.057948659154889205, 0.3879795918367347], [null, 0.05696053154997422, 0.39816326530612245], [null, 0.055929150484171325, 0.4083469387755102], [null, 0.054844624013543904, 0.41853061224489796], [null, 0.05369464727710294, 0.4287142857142857], [null, 0.05246310305044479, 0.43889795918367347], [null, 0.05112762881615285, 0.4490816326530612], [null, 0.049654948875969475, 0.459265306122449], [null, 0.04799064839617158, 0.46944897959183673], [null, 0.046031954551857664, 0.4796326530612245], [null, 0.04352495432665023, 0.48981632653061224], [null, 7.975842208907125e-13, 0.5]]}