{"dim": 3, "delta": 3.5, "mu_eff": 10, "dmu_eff": 2.2944444444444443, "C": -0.2594696251399773, "k_c": 50, "data": [[0.5165020930893185, 0.8015846534548758, 0.001], [0.5165091586036691, 0.8013515310552559, 0.07240816326530612], [0.5165861818492585, 0.8006606158652182, 0.14381632653061224], [0.516766567491877, 0.7994989590935222, 0.21522448979591835], [0.5170961657444396, 0.7978437478624835, 0.2866326530612245], [0.5176354476936277, 0.7956600465328848, 0.3580408163265306], [0.5184677076715487, 0.7928968945610819, 0.4294489795918367], [0.519712686416156, 0.7894806055486921, 0.5008571428571428], [0.5215510046860835, 0.7853028069345155, 0.572265306122449], [0.5242718977728178, 0.7801974981506382, 0.643673469387755], [0.5283773045141794, 0.7738918273757743, 0.7150816326530612], [0.5348475344062521, 0.7658803586986429, 0.7864897959183673], [0.5460174576914464, 0.7549879004802832, 0.8578979591836734]]}