{"dim": 3, "delta": 5.5, "mu_eff": 10, "dmu_eff": 3.3611111111111107, "C": -0.16033315992328445, "k_c": 50, "data": [[0.7448991378391802, 1.204438439111305, 0.001], [0.7404117829542682, 1.2041240222607772, 0.11322448979591836], [0.732956511579325, 1.2031865149323335, 0.2254489795918367], [0.7258583026105918, 1.2016098280271577, 0.33767346938775505], [0.7185162941896696, 1.1993657119823016, 0.4498979591836734], [0.7106257143220395, 1.1964111976087977, 0.5621224489795917], [0.7019360910729961, 1.1926842381153462, 0.6743469387755101], [0.6921833713294075, 1.1880963696244922, 0.7865714285714285], [0.6810540591736031, 1.1825201041053, 0.8987959183673468], [0.6681564158616012, 1.175765323467807, 1.011020408163265], [0.6529943352081583, 1.1675318818086993, 1.1232448979591834], [0.6349496379156666, 1.1572975463681383, 1.2354693877551017], [0.6132910251878949, 1.1439810370432275, 1.34769387755102], [0.5872432091389609, 1.1241906708713707, 1.4599183673469385], [0.5561529665685999, 1.0683444733344063, 1.5721428571428568], [0.5197448277162403, 1.0092752762228367, 1.6843673469387752], [0.47835661659699363, 0.960275119649452, 1.7965918367346936], [0.43298277561569254, 0.9202992179138488, 1.908816326530612], [0.38506635709988973, 0.8878969953671473, 2.02104081632653], [0.3361773108266289, 0.861521681673054, 2.1332653061224485], [0.28775896794509725, 0.8397735027269769, 2.245489795918367], [0.24101118478790645, 0.821507784201053, 2.357714285714285], [0.1961267340769407, 0.8058411129792856, 2.4699387755102036], [0.13347900251789319, 0.7921108951716475, 2.582163265306122], [null, 0.7798249469506195, 2.6943877551020403], [null, 0.768616743728316, 2.8066122448979587], [null, 0.7582107288915672, 2.918836734693877], [null, 0.7483966538962623, 3.0310612244897954], [null, 0.7390111711661959, 3.143285714285714], [null, 0.7299246659498566, 3.255510204081632], [null, 0.7210317901362757, 3.3677346938775505], [null, 0.7122445588217654, 3.479959183673469], [null, 0.7034872058904023, 3.5921836734693873], [null, 0.6946922197444526, 3.7044081632653056], [null, 0.6857971460843706, 3.816632653061224], [null, 0.6767418390368785, 3.9288571428571424], [null, 0.6674658944686905, 4.041081632653061], [null, 0.6579060199244853, 4.15330612244898], [null, 0.6479930205902122, 4.2655306122448975], [null, 0.6376480547025514, 4.377755102040816], [null, 0.6267775252337473, 4.489979591836734], [null, 0.6152655431779898, 4.602204081632653], [null, 0.602962131674707, 4.714428571428571], [null, 0.5896631589419086, 4.82665306122449], [null, 0.5750732466352386, 4.938877551020408], [null, 0.5587289285008409, 5.0511020408163265], [null, 0.5398113051145119, 5.1633265306122444], [null, 0.5165475819594557, 5.275551020408163], [null, 0.4826352503046359, 5.387775510204081], [null, 1.06350483974893e-11, 5.5]]}